ingest_date,ingest_ts,marketplace,category,subcategory,rank,rank_prev_day,asin,product_title,brand,price_inr,mrp_inr,discount_pct,rating,review_count,is_mover_shaker,rank_delta,product_url,image_url,_raw_json
2026-07-07,2026-07-07T16:17:53.591671,in,Dog Food,,1,1,B0CFLRSTY6,Drools Adult Wet Dog Food 0.9kg (150g x 6) Pack of 6 | Real Chicken and Chicken Liver Chunks in Gravy | Healthy Skin and Coat,Drools,192.0,192.0,0,4.3,9482,0,0,https://www.amazon.in/Drools-Adult-Chicken-Chunks-Pouches/dp/B0CFLRSTY6/ref=zg_bs_g_4771395031_d_sccl_1/522-4724523-7365803?psc=1,"https://images-eu.ssl-images-amazon.com/images/I/71t+v5devPL._AC_UL300_SR300,200_.jpg","{""title"": ""Drools Adult Wet Dog Food 0.9kg (150g x 6) Pack of 6 | Real Chicken and Chicken Liver Chunks in Gravy | Healthy Skin and Coat"", ""url"": ""https://www.amazon.in/Drools-Adult-Chicken-Chunks-Pouches/dp/B0CFLRSTY6/ref=zg_bs_g_4771395031_d_sccl_1/522-4724523-7365803?psc=1"", ""category_key"": ""dog_food""}"
2026-07-07,2026-07-07T16:17:53.591671,in,Dog Food,,2,2,B0849982T8,"Pedigree Adult Wet Dog Food, Chicken & Liver Chunks in Gravy, 70 g (Pack of 15), Complete & Balanced Meal for Adult Dogs",Pedigree,660.0,660.0,0,4.4,11602,0,0,https://www.amazon.in/Pedigree-Adult-Chicken-Liver-Chunks/dp/B0849982T8/ref=zg_bs_g_4771395031_d_sccl_2/522-4724523-7365803?psc=1,"https://images-eu.ssl-images-amazon.com/images/I/81sy2ka+J3L._AC_UL300_SR300,200_.jpg","{""title"": ""Pedigree Adult Wet Dog Food, Chicken & Liver Chunks in Gravy, 70 g (Pack of 15), Complete & Balanced Meal for Adult Dogs"", ""url"": ""https://www.amazon.in/Pedigree-Adult-Chicken-Liver-Chunks/dp/B0849982T8/ref=zg_bs_g_4771395031_d_sccl_2/522-4724523-7365803?psc=1"", ""category_key"": ""dog_food""}"
2026-07-07,2026-07-07T16:17:53.591671,in,Dog Food,,3,3,B00LHS8I3A,"Pedigree Adult Dry Dog Food, Chicken & Vegetables, 3 kg, Contains 37 Essential Nutrients, 100% Complete & Balanced Food for A",Pedigree,653.0,653.0,0,4.4,25208,0,0,https://www.amazon.in/Pedigree-Adult-Food-Chicken-Vegetables/dp/B00LHS8I3A/ref=zg_bs_g_4771395031_d_sccl_3/522-4724523-7365803?psc=1,"https://images-eu.ssl-images-amazon.com/images/I/712604bPj2L._AC_UL300_SR300,200_.jpg","{""title"": ""Pedigree Adult Dry Dog Food, Chicken & Vegetables, 3 kg, Contains 37 Essential Nutrients, 100% Complete & Balanced Food for A"", ""url"": ""https://www.amazon.in/Pedigree-Adult-Food-Chicken-Vegetables/dp/B00LHS8I3A/ref=zg_bs_g_4771395031_d_sccl_3/522-4724523-7365803?psc=1"", ""category_key"": ""dog_food""}"
2026-07-07,2026-07-07T16:17:53.591671,in,Dog Food,,4,4,B075WWBTYQ,Meat Up Adult Dry Dog Food 6kg (3kg + 3kg) | Chicken Flavour | Glucosamine for Healthy Joints & Bones | Enriched with Vitamin,Meat,764.0,764.0,0,4.1,19275,0,0,https://www.amazon.in/Meat-Up-Adult-Food-Free/dp/B075WWBTYQ/ref=zg_bs_g_4771395031_d_sccl_4/522-4724523-7365803?psc=1,"https://images-eu.ssl-images-amazon.com/images/I/71kKlDp-ADL._AC_UL300_SR300,200_.jpg","{""title"": ""Meat Up Adult Dry Dog Food 6kg (3kg + 3kg) | Chicken Flavour | Glucosamine for Healthy Joints & Bones | Enriched with Vitamin"", ""url"": ""https://www.amazon.in/Meat-Up-Adult-Food-Free/dp/B075WWBTYQ/ref=zg_bs_g_4771395031_d_sccl_4/522-4724523-7365803?psc=1"", ""category_key"": ""dog_food""}"
2026-07-07,2026-07-07T16:17:53.591671,in,Dog Food,,5,5,B0D5LXLB4N,Drools Adult Dry Dog Food 5kg | Chicken & Egg Flavour | Omega 3 & 6 for Growth | Better Digestibility | Supports Joint Health,Drools,873.0,873.0,0,4.3,15978,0,0,https://www.amazon.in/Drool-Adult-Chicken-Inside-Container/dp/B0D5LXLB4N/ref=zg_bs_g_4771395031_d_sccl_5/522-4724523-7365803?psc=1,"https://images-eu.ssl-images-amazon.com/images/I/81n6YT1OYbL._AC_UL300_SR300,200_.jpg","{""title"": ""Drools Adult Dry Dog Food 5kg | Chicken & Egg Flavour | Omega 3 & 6 for Growth | Better Digestibility | Supports Joint Health"", ""url"": ""https://www.amazon.in/Drool-Adult-Chicken-Inside-Container/dp/B0D5LXLB4N/ref=zg_bs_g_4771395031_d_sccl_5/522-4724523-7365803?psc=1"", ""category_key"": ""dog_food""}"
2026-07-07,2026-07-07T16:17:53.591671,in,Dog Food,,6,6,B079TTTWRX,Purepet Adult Dry Dog Food 10kg | Meat & Rice Flavour | Promotes Health & Vitality | Immune Support | Healthy Digestion | Nut,Purepet,1143.0,1143.0,0,4.2,7348,0,0,https://www.amazon.in/Purepet-Meat-Rice-Adult-10kg/dp/B079TTTWRX/ref=zg_bs_g_4771395031_d_sccl_6/522-4724523-7365803?psc=1,"https://images-eu.ssl-images-amazon.com/images/I/61Qfvv9pM0L._AC_UL300_SR300,200_.jpg","{""title"": ""Purepet Adult Dry Dog Food 10kg | Meat & Rice Flavour | Promotes Health & Vitality | Immune Support | Healthy Digestion | Nut"", ""url"": ""https://www.amazon.in/Purepet-Meat-Rice-Adult-10kg/dp/B079TTTWRX/ref=zg_bs_g_4771395031_d_sccl_6/522-4724523-7365803?psc=1"", ""category_key"": ""dog_food""}"
2026-07-07,2026-07-07T16:17:53.591671,in,Dog Food,,7,7,B019K89WTC,Drools Adult Dry Dog Food 10kg | Chicken Flavour | Optimum Protein & Energy Ratio | High-Grade Protein with Vitamins & Minera,Drools,1281.0,1281.0,0,4.2,8653,0,0,https://www.amazon.in/Drools-Optimum-Performance-Adult-Food/dp/B019K89WTC/ref=zg_bs_g_4771395031_d_sccl_7/522-4724523-7365803?psc=1,"https://images-eu.ssl-images-amazon.com/images/I/716muWbBS5L._AC_UL300_SR300,200_.jpg","{""title"": ""Drools Adult Dry Dog Food 10kg | Chicken Flavour | Optimum Protein & Energy Ratio | High-Grade Protein with Vitamins & Minera"", ""url"": ""https://www.amazon.in/Drools-Optimum-Performance-Adult-Food/dp/B019K89WTC/ref=zg_bs_g_4771395031_d_sccl_7/522-4724523-7365803?psc=1"", ""category_key"": ""dog_food""}"
2026-07-07,2026-07-07T16:17:53.591671,in,Dog Food,,8,8,B0CP61Q4G7,Drools Puppy Wet Dog Food 0.9kg (150g x 6 Packs) | Real Chicken & Chicken Liver Chunks in Gravy | Better Digestibility & Over,Drools,198.0,198.0,0,4.3,5965,0,0,https://www.amazon.in/Drools-Puppy-Chicken-Liver-Chunks/dp/B0CP61Q4G7/ref=zg_bs_g_4771395031_d_sccl_8/522-4724523-7365803?psc=1,"https://images-eu.ssl-images-amazon.com/images/I/71Fc3+zeBhL._AC_UL300_SR300,200_.jpg","{""title"": ""Drools Puppy Wet Dog Food 0.9kg (150g x 6 Packs) | Real Chicken & Chicken Liver Chunks in Gravy | Better Digestibility & Over"", ""url"": ""https://www.amazon.in/Drools-Puppy-Chicken-Liver-Chunks/dp/B0CP61Q4G7/ref=zg_bs_g_4771395031_d_sccl_8/522-4724523-7365803?psc=1"", ""category_key"": ""dog_food""}"
2026-07-07,2026-07-07T16:17:53.591671,in,Dog Food,,9,9,B00LHS8UTW,"Pedigree Adult Dry Dog Food, Meat & Rice, 3 kg, Contains 37 Essential Nutrients, 100% Complete & Balanced Food for Adult Dogs",Pedigree,609.0,609.0,0,4.4,16777,0,0,https://www.amazon.in/Pedigree-Adult-Food-Meat-Rice/dp/B00LHS8UTW/ref=zg_bs_g_4771395031_d_sccl_9/522-4724523-7365803?psc=1,"https://images-eu.ssl-images-amazon.com/images/I/71zbf-M0zAL._AC_UL300_SR300,200_.jpg","{""title"": ""Pedigree Adult Dry Dog Food, Meat & Rice, 3 kg, Contains 37 Essential Nutrients, 100% Complete & Balanced Food for Adult Dogs"", ""url"": ""https://www.amazon.in/Pedigree-Adult-Food-Meat-Rice/dp/B00LHS8UTW/ref=zg_bs_g_4771395031_d_sccl_9/522-4724523-7365803?psc=1"", ""category_key"": ""dog_food""}"
2026-07-07,2026-07-07T16:17:53.591671,in,Dog Food,,10,10,B00LHS8MX6,"Pedigree Puppy Dry Dog Food, Chicken & Milk, 3 kg, Contains 37 Essential Nutrients, 100% Complete & Balanced Food for Puppies",Pedigree,689.0,689.0,0,4.4,23006,0,0,https://www.amazon.in/Pedigree-Puppy-Food-Chicken-Milk/dp/B00LHS8MX6/ref=zg_bs_g_4771395031_d_sccl_11/522-4724523-7365803?psc=1,"https://images-eu.ssl-images-amazon.com/images/I/71sxUT6SUIL._AC_UL300_SR300,200_.jpg","{""title"": ""Pedigree Puppy Dry Dog Food, Chicken & Milk, 3 kg, Contains 37 Essential Nutrients, 100% Complete & Balanced Food for Puppies"", ""url"": ""https://www.amazon.in/Pedigree-Puppy-Food-Chicken-Milk/dp/B00LHS8MX6/ref=zg_bs_g_4771395031_d_sccl_11/522-4724523-7365803?psc=1"", ""category_key"": ""dog_food""}"
2026-07-07,2026-07-07T16:17:53.591671,in,Dog Food,,11,11,B07VXQP56C,Meat Up Adult Dry Dog Food 6kg (3kg + 3kg) | 100% Vegetarian | Supports Healthy Skin & Beautiful Coat | Rich in Antioxidants,Meat,1013.0,1013.0,0,4.2,2140,0,0,https://www.amazon.in/Meat-Up-100-Adult-Food/dp/B07VXQP56C/ref=zg_bs_g_4771395031_d_sccl_12/522-4724523-7365803?psc=1,"https://images-eu.ssl-images-amazon.com/images/I/71tF-9nY0xL._AC_UL300_SR300,200_.jpg","{""title"": ""Meat Up Adult Dry Dog Food 6kg (3kg + 3kg) | 100% Vegetarian | Supports Healthy Skin & Beautiful Coat | Rich in Antioxidants"", ""url"": ""https://www.amazon.in/Meat-Up-100-Adult-Food/dp/B07VXQP56C/ref=zg_bs_g_4771395031_d_sccl_12/522-4724523-7365803?psc=1"", ""category_key"": ""dog_food""}"
2026-07-07,2026-07-07T16:17:53.591671,in,Dog Food,,12,12,B00TIOQRPG,"Chappi Adult (1+ Years) Dry Dog Food, Chicken & Rice, 20 kg, Complete and Balanced Food for Adult Dogs",Chappi,2542.0,2542.0,0,4.3,4067,0,0,https://www.amazon.in/Chappi-Adult-Food-Chicken-Rice/dp/B00TIOQRPG/ref=zg_bs_g_4771395031_d_sccl_13/522-4724523-7365803?psc=1,"https://images-eu.ssl-images-amazon.com/images/I/61znVoIonUL._AC_UL300_SR300,200_.jpg","{""title"": ""Chappi Adult (1+ Years) Dry Dog Food, Chicken & Rice, 20 kg, Complete and Balanced Food for Adult Dogs"", ""url"": ""https://www.amazon.in/Chappi-Adult-Food-Chicken-Rice/dp/B00TIOQRPG/ref=zg_bs_g_4771395031_d_sccl_13/522-4724523-7365803?psc=1"", ""category_key"": ""dog_food""}"
2026-07-07,2026-07-07T16:17:53.591671,in,Dog Food,,13,13,B0F8MNW7Z1,LICKICIOUS Optima Dry Dog Food Adult 10 KG | Chicken & Vegetable | Complete and Balanced Optimum Nutrition for Pedigree Dogs,Pedigree,1118.0,1118.0,0,3.8,516,0,0,https://www.amazon.in/LICKICIOUS-Vegetable-Complete-Nutrition-Digestion/dp/B0F8MNW7Z1/ref=zg_bs_g_4771395031_d_sccl_14/522-4724523-7365803?psc=1,"https://images-eu.ssl-images-amazon.com/images/I/71Edsq9v8sL._AC_UL300_SR300,200_.jpg","{""title"": ""LICKICIOUS Optima Dry Dog Food Adult 10 KG | Chicken & Vegetable | Complete and Balanced Optimum Nutrition for Pedigree Dogs"", ""url"": ""https://www.amazon.in/LICKICIOUS-Vegetable-Complete-Nutrition-Digestion/dp/B0F8MNW7Z1/ref=zg_bs_g_4771395031_d_sccl_14/522-4724523-7365803?psc=1"", ""category_key"": ""dog_food""}"
2026-07-07,2026-07-07T16:17:53.591671,in,Dog Food,,14,14,B08499CRPF,"Pedigree Wet Food for Puppy, Chicken Chunks in Gravy Flavour (Pack of 15 x 70g)",Pedigree,588.0,588.0,0,4.4,7301,0,0,https://www.amazon.in/Pedigree-Puppy-Chicken-Chunks-Gravy/dp/B08499CRPF/ref=zg_bs_g_4771395031_d_sccl_15/522-4724523-7365803?psc=1,"https://images-eu.ssl-images-amazon.com/images/I/81YnLlLye6L._AC_UL300_SR300,200_.jpg","{""title"": ""Pedigree Wet Food for Puppy, Chicken Chunks in Gravy Flavour (Pack of 15 x 70g)"", ""url"": ""https://www.amazon.in/Pedigree-Puppy-Chicken-Chunks-Gravy/dp/B08499CRPF/ref=zg_bs_g_4771395031_d_sccl_15/522-4724523-7365803?psc=1"", ""category_key"": ""dog_food""}"
2026-07-07,2026-07-07T16:17:53.591671,in,Dog Food,,15,15,B07HBFY5VJ,Drools Puppy Dry Dog Food 4.2kg (3kg + 1.2kg Free) | Chicken & Egg Flavour | Supports Active Behaviour | Digestive Health & I,Drools,732.0,732.0,0,4.1,13819,0,0,https://www.amazon.in/Drools-Chicken-Puppy-Food-Free/dp/B07HBFY5VJ/ref=zg_bs_g_4771395031_d_sccl_16/522-4724523-7365803?psc=1,"https://images-eu.ssl-images-amazon.com/images/I/616v6VY8tlL._AC_UL300_SR300,200_.jpg","{""title"": ""Drools Puppy Dry Dog Food 4.2kg (3kg + 1.2kg Free) | Chicken & Egg Flavour | Supports Active Behaviour | Digestive Health & I"", ""url"": ""https://www.amazon.in/Drools-Chicken-Puppy-Food-Free/dp/B07HBFY5VJ/ref=zg_bs_g_4771395031_d_sccl_16/522-4724523-7365803?psc=1"", ""category_key"": ""dog_food""}"
2026-07-07,2026-07-07T16:17:53.591671,in,Dog Food,,16,16,B005ZS7RHG,"Royal Canin Mini Adult Dog Food, Dry Food, Supports Weight Management & Digestive Health, Promotes overall development, 800 G",Royal Canin,792.0,792.0,0,4.4,8622,0,0,https://www.amazon.in/Supports-Weight-Management-Digestive-Health/dp/B005ZS7RHG/ref=zg_bs_g_4771395031_d_sccl_18/522-4724523-7365803?psc=1,"https://images-eu.ssl-images-amazon.com/images/I/61G+GTJDvdL._AC_UL300_SR300,200_.jpg","{""title"": ""Royal Canin Mini Adult Dog Food, Dry Food, Supports Weight Management & Digestive Health, Promotes overall development, 800 G"", ""url"": ""https://www.amazon.in/Supports-Weight-Management-Digestive-Health/dp/B005ZS7RHG/ref=zg_bs_g_4771395031_d_sccl_18/522-4724523-7365803?psc=1"", ""category_key"": ""dog_food""}"
2026-07-07,2026-07-07T16:17:53.591671,in,Dog Food,,17,17,B0C6MKNMDJ,Purepet Puppy Dry Dog Food 1kg | Chicken & Vegetable Flavour | Promotes Health & Vitality | Immune Support | Healthy Digestio,Purepet,165.0,165.0,0,4.4,1260,0,0,https://www.amazon.in/Vegetable-Promotes-Vitality-Digestion-Nutrient/dp/B0C6MKNMDJ/ref=zg_bs_g_4771395031_d_sccl_19/522-4724523-7365803?psc=1,"https://images-eu.ssl-images-amazon.com/images/I/71bJQY-hwUL._AC_UL300_SR300,200_.jpg","{""title"": ""Purepet Puppy Dry Dog Food 1kg | Chicken & Vegetable Flavour | Promotes Health & Vitality | Immune Support | Healthy Digestio"", ""url"": ""https://www.amazon.in/Vegetable-Promotes-Vitality-Digestion-Nutrient/dp/B0C6MKNMDJ/ref=zg_bs_g_4771395031_d_sccl_19/522-4724523-7365803?psc=1"", ""category_key"": ""dog_food""}"
2026-07-07,2026-07-07T16:17:53.591671,in,Dog Food,,18,18,B005ZS7OUG,"Royal Canin Mini Puppy Food, Dry Food, Supports Complex Natural Defence & digestive health, Supports Immune System, 800 Grams",Royal Canin,882.0,882.0,0,4.4,9339,0,0,https://www.amazon.in/Supports-Complex-Natural-Defence-digestive/dp/B005ZS7OUG/ref=zg_bs_g_4771395031_d_sccl_20/522-4724523-7365803?psc=1,"https://images-eu.ssl-images-amazon.com/images/I/61EENt55NSL._AC_UL300_SR300,200_.jpg","{""title"": ""Royal Canin Mini Puppy Food, Dry Food, Supports Complex Natural Defence & digestive health, Supports Immune System, 800 Grams"", ""url"": ""https://www.amazon.in/Supports-Complex-Natural-Defence-digestive/dp/B005ZS7OUG/ref=zg_bs_g_4771395031_d_sccl_20/522-4724523-7365803?psc=1"", ""category_key"": ""dog_food""}"
2026-07-07,2026-07-07T16:17:53.591671,in,Dog Food,,19,19,B09JP53HKQ,"Meat Up Meat and Rice Adult Dry Dog Food, Total 6 kg",Meat,781.0,781.0,0,4.2,2895,0,0,https://www.amazon.in/Meat-Up-Rice-Adult-Food/dp/B09JP53HKQ/ref=zg_bs_g_4771395031_d_sccl_22/522-4724523-7365803?psc=1,"https://images-eu.ssl-images-amazon.com/images/I/71APA8WWBiL._AC_UL300_SR300,200_.jpg","{""title"": ""Meat Up Meat and Rice Adult Dry Dog Food, Total 6 kg"", ""url"": ""https://www.amazon.in/Meat-Up-Rice-Adult-Food/dp/B09JP53HKQ/ref=zg_bs_g_4771395031_d_sccl_22/522-4724523-7365803?psc=1"", ""category_key"": ""dog_food""}"
2026-07-07,2026-07-07T16:17:53.591671,in,Dog Food,,20,20,B0CN38G41Z,Drools Dry Dog Food All Life Stages 3kg | 100% Vegetarian Flavour | Supports Digestive Health | Strong Bones & Teeth | Boosts,Drools,637.0,637.0,0,4.4,1049,0,0,https://www.amazon.in/Drools-Food-Lifestages-100-Vegetable/dp/B0CN38G41Z/ref=zg_bs_g_4771395031_d_sccl_23/522-4724523-7365803?psc=1,"https://images-eu.ssl-images-amazon.com/images/I/71tQN3ZhOdL._AC_UL300_SR300,200_.jpg","{""title"": ""Drools Dry Dog Food All Life Stages 3kg | 100% Vegetarian Flavour | Supports Digestive Health | Strong Bones & Teeth | Boosts"", ""url"": ""https://www.amazon.in/Drools-Food-Lifestages-100-Vegetable/dp/B0CN38G41Z/ref=zg_bs_g_4771395031_d_sccl_23/522-4724523-7365803?psc=1"", ""category_key"": ""dog_food""}"
2026-07-07,2026-07-07T16:17:53.591671,in,Dog Food,,21,21,B075PHPK27,Purepet Adult Dry Dog Food 20kg | Chicken & Vegetable Flavour | Promotes Health & Vitality | Balanced Nutrition | Supports Di,Purepet,2213.0,2213.0,0,4.1,6883,0,0,https://www.amazon.in/Purepet-Adult-Food-Chicken-Vegetable/dp/B075PHPK27/ref=zg_bs_g_4771395031_d_sccl_24/522-4724523-7365803?psc=1,"https://images-eu.ssl-images-amazon.com/images/I/61AvtB-QFYL._AC_UL300_SR300,200_.jpg","{""title"": ""Purepet Adult Dry Dog Food 20kg | Chicken & Vegetable Flavour | Promotes Health & Vitality | Balanced Nutrition | Supports Di"", ""url"": ""https://www.amazon.in/Purepet-Adult-Food-Chicken-Vegetable/dp/B075PHPK27/ref=zg_bs_g_4771395031_d_sccl_24/522-4724523-7365803?psc=1"", ""category_key"": ""dog_food""}"
2026-07-07,2026-07-07T16:17:53.591671,in,Dog Food,,22,22,B09K5VJ7S1,"Pedigree Adult & Puppy Dry Dog Food, 100% Vegetarian, 2.8 kg, Contains 37 Essential Nutrients, 100% Complete & Balanced Food",Pedigree,740.0,740.0,0,4.4,1587,0,0,https://www.amazon.in/Pedigree-Complete-Balanced-Puppy-Vegetarian/dp/B09K5VJ7S1/ref=zg_bs_g_4771395031_d_sccl_25/522-4724523-7365803?psc=1,"https://images-eu.ssl-images-amazon.com/images/I/71M1b3Oh15L._AC_UL300_SR300,200_.jpg","{""title"": ""Pedigree Adult & Puppy Dry Dog Food, 100% Vegetarian, 2.8 kg, Contains 37 Essential Nutrients, 100% Complete & Balanced Food"", ""url"": ""https://www.amazon.in/Pedigree-Complete-Balanced-Puppy-Vegetarian/dp/B09K5VJ7S1/ref=zg_bs_g_4771395031_d_sccl_25/522-4724523-7365803?psc=1"", ""category_key"": ""dog_food""}"
2026-07-07,2026-07-07T16:17:53.591671,in,Dog Food,,23,23,B002G0MSZ2,"Royal Canin Maxi Puppy Food, Dry Food, Supports Immune System & digestive health, Provides Long growth, moderate energy, 4 Kg",Royal Canin,3555.0,3555.0,0,4.4,7306,0,0,https://www.amazon.in/Supports-Immune-digestive-Provides-moderate/dp/B002G0MSZ2/ref=zg_bs_g_4771395031_d_sccl_26/522-4724523-7365803?psc=1,"https://images-eu.ssl-images-amazon.com/images/I/612MYUWBWtL._AC_UL300_SR300,200_.jpg","{""title"": ""Royal Canin Maxi Puppy Food, Dry Food, Supports Immune System & digestive health, Provides Long growth, moderate energy, 4 Kg"", ""url"": ""https://www.amazon.in/Supports-Immune-digestive-Provides-moderate/dp/B002G0MSZ2/ref=zg_bs_g_4771395031_d_sccl_26/522-4724523-7365803?psc=1"", ""category_key"": ""dog_food""}"
2026-07-07,2026-07-07T16:17:53.591671,in,Dog Food,,24,24,B0F5446LN6,Meat Up Adult Wet Dog Food (8 x 70g) 560g + 560g (Free) 1120g| Real Chicken in Gravy | Healthy Digestion | Promotes Health &,Meat,294.0,294.0,0,4.3,302,0,0,https://www.amazon.in/Meat-Up-Chicken-Chunks-Pouches/dp/B0F5446LN6/ref=zg_bs_g_4771395031_d_sccl_27/522-4724523-7365803?psc=1,"https://images-eu.ssl-images-amazon.com/images/I/71D3y4SAyWL._AC_UL300_SR300,200_.jpg","{""title"": ""Meat Up Adult Wet Dog Food (8 x 70g) 560g + 560g (Free) 1120g| Real Chicken in Gravy | Healthy Digestion | Promotes Health &"", ""url"": ""https://www.amazon.in/Meat-Up-Chicken-Chunks-Pouches/dp/B0F5446LN6/ref=zg_bs_g_4771395031_d_sccl_27/522-4724523-7365803?psc=1"", ""category_key"": ""dog_food""}"
2026-07-07,2026-07-07T16:17:53.591671,in,Dog Food,,25,25,B07BWXP7CV,"Pedigree Adult Dry Dog Food, Chicken, Egg & Rice, 3 kg, Contains 37 Essential Nutrients, 100% Complete & Balanced Food for Ad",Pedigree,711.0,711.0,0,4.4,7541,0,0,https://www.amazon.in/Pedigree-Adult-Protein-Variant-Chicken/dp/B07BWXP7CV/ref=zg_bs_g_4771395031_d_sccl_28/522-4724523-7365803?psc=1,"https://images-eu.ssl-images-amazon.com/images/I/71URClZOkQL._AC_UL300_SR300,200_.jpg","{""title"": ""Pedigree Adult Dry Dog Food, Chicken, Egg & Rice, 3 kg, Contains 37 Essential Nutrients, 100% Complete & Balanced Food for Ad"", ""url"": ""https://www.amazon.in/Pedigree-Adult-Protein-Variant-Chicken/dp/B07BWXP7CV/ref=zg_bs_g_4771395031_d_sccl_28/522-4724523-7365803?psc=1"", ""category_key"": ""dog_food""}"
2026-07-07,2026-07-07T16:17:53.591671,in,Dog Food,,26,26,B00197NBMC,"Royal Canin Maxi Adult Dog Food, Dry Food, Supports Digestive Health & Optimal Health, Provides Bone & Joint Support, 4 Kg",Royal Canin,3177.0,3177.0,0,4.3,2506,0,0,https://www.amazon.in/Supports-Digestive-Optimal-Provides-Support/dp/B00197NBMC/ref=zg_bs_g_4771395031_d_sccl_29/522-4724523-7365803?psc=1,"https://images-eu.ssl-images-amazon.com/images/I/61vi8Q36mBL._AC_UL300_SR300,200_.jpg","{""title"": ""Royal Canin Maxi Adult Dog Food, Dry Food, Supports Digestive Health & Optimal Health, Provides Bone & Joint Support, 4 Kg"", ""url"": ""https://www.amazon.in/Supports-Digestive-Optimal-Provides-Support/dp/B00197NBMC/ref=zg_bs_g_4771395031_d_sccl_29/522-4724523-7365803?psc=1"", ""category_key"": ""dog_food""}"
2026-07-07,2026-07-07T16:17:53.591671,in,Dog Food,,27,27,B0GGHC6SGN,"Pedigree Adult Dry Dog Food, New Chicken Biryani Flavour, 1 kg, Protein of 4 Chicken Pieces, Vitamin D3 of 6 Eggs, Calcium of",Pedigree,239.0,239.0,0,4.4,188,0,0,https://www.amazon.in/Pedigree-Chicken-Complete-Balanced-Nutrition/dp/B0GGHC6SGN/ref=zg_bs_g_4771395031_d_sccl_30/522-4724523-7365803?psc=1,"https://images-eu.ssl-images-amazon.com/images/I/61ybWFhWjHL._AC_UL300_SR300,200_.jpg","{""title"": ""Pedigree Adult Dry Dog Food, New Chicken Biryani Flavour, 1 kg, Protein of 4 Chicken Pieces, Vitamin D3 of 6 Eggs, Calcium of"", ""url"": ""https://www.amazon.in/Pedigree-Chicken-Complete-Balanced-Nutrition/dp/B0GGHC6SGN/ref=zg_bs_g_4771395031_d_sccl_30/522-4724523-7365803?psc=1"", ""category_key"": ""dog_food""}"
2026-07-07,2026-07-07T16:17:53.591671,in,Cat Food,,1,1,B0BMGMP4N5,Purepet Adult Dry Cat Food 1kg | Mackerel Flavour | Hairball Protection | Heart Care with Taurine | Skin Health,Purepet,162.0,162.0,0,4.4,4805,0,0,https://www.amazon.in/Purepet-Mackerel-Adult-Dry-Food/dp/B0BMGMP4N5/ref=zg_bs_g_4771382031_d_sccl_2/522-4724523-7365803?psc=1,"https://images-eu.ssl-images-amazon.com/images/I/71VWZVE32iL._AC_UL300_SR300,200_.jpg","{""title"": ""Purepet Adult Dry Cat Food 1kg | Mackerel Flavour | Hairball Protection | Heart Care with Taurine | Skin Health"", ""url"": ""https://www.amazon.in/Purepet-Mackerel-Adult-Dry-Food/dp/B0BMGMP4N5/ref=zg_bs_g_4771382031_d_sccl_2/522-4724523-7365803?psc=1"", ""category_key"": ""cat_food""}"
2026-07-07,2026-07-07T16:17:53.591671,in,Cat Food,,2,2,B0BX3TZTFP,Purepet Adult Dry Cat Food 1kg | Tuna & Salmon Flavour | Hairball Protection | Heart Care with Taurine | Skin Health,Purepet,169.0,169.0,0,4.4,5937,0,0,https://www.amazon.in/Purepet-Tuna-Salmon-Adult-Cat/dp/B0BX3TZTFP/ref=zg_bs_g_4771382031_d_sccl_5/522-4724523-7365803?psc=1,"https://images-eu.ssl-images-amazon.com/images/I/619YgJCkmhL._AC_UL300_SR300,200_.jpg","{""title"": ""Purepet Adult Dry Cat Food 1kg | Tuna & Salmon Flavour | Hairball Protection | Heart Care with Taurine | Skin Health"", ""url"": ""https://www.amazon.in/Purepet-Tuna-Salmon-Adult-Cat/dp/B0BX3TZTFP/ref=zg_bs_g_4771382031_d_sccl_5/522-4724523-7365803?psc=1"", ""category_key"": ""cat_food""}"
2026-07-07,2026-07-07T16:17:53.591671,in,Cat Food,,3,3,B09JGL4CN5,"Whiskas Wet Cat Food for Adult Cats (1+Years), Tuna in Jelly Flavour, 80g (Pack of 14)",Whiskas,574.0,574.0,0,4.3,3074,0,0,https://www.amazon.in/Whiskas-Adult-Years-Flavour-Pouches/dp/B09JGL4CN5/ref=zg_bs_g_4771382031_d_sccl_6/522-4724523-7365803?psc=1,"https://images-eu.ssl-images-amazon.com/images/I/813o99W+iKL._AC_UL300_SR300,200_.jpg","{""title"": ""Whiskas Wet Cat Food for Adult Cats (1+Years), Tuna in Jelly Flavour, 80g (Pack of 14)"", ""url"": ""https://www.amazon.in/Whiskas-Adult-Years-Flavour-Pouches/dp/B09JGL4CN5/ref=zg_bs_g_4771382031_d_sccl_6/522-4724523-7365803?psc=1"", ""category_key"": ""cat_food""}"
2026-07-07,2026-07-07T16:17:53.591671,in,Cat Food,,4,4,B0GHZ59Z9X,"Drools Adult Cat Wet Mousse 80g Pack of 5, 400g | Chicken Flavour | Rich in Protein | Promotes Hydration & Easy to Digest| No",Drools,136.0,136.0,0,4.4,100,0,0,https://www.amazon.in/Drools-Hydration-Artificial-Essential-Antioxidants/dp/B0GHZ59Z9X/ref=zg_bs_g_4771382031_d_sccl_7/522-4724523-7365803?psc=1,"https://images-eu.ssl-images-amazon.com/images/I/619hl-E7WBL._AC_UL300_SR300,200_.jpg","{""title"": ""Drools Adult Cat Wet Mousse 80g Pack of 5, 400g | Chicken Flavour | Rich in Protein | Promotes Hydration & Easy to Digest| No"", ""url"": ""https://www.amazon.in/Drools-Hydration-Artificial-Essential-Antioxidants/dp/B0GHZ59Z9X/ref=zg_bs_g_4771382031_d_sccl_7/522-4724523-7365803?psc=1"", ""category_key"": ""cat_food""}"
2026-07-07,2026-07-07T16:17:53.591671,in,Cat Food,,5,5,B093ZT4QM7,"Whiskas Adult (1+ Years) Wet Cat Food, Chicken in Gravy, 80 g (Pack of 14), Hydrating Food Made With Real Chicken, 100% Compl",Whiskas,595.0,595.0,0,4.3,3432,0,0,https://www.amazon.in/Whiskas-Hydrating-Complete-Balanced-Nutrition/dp/B093ZT4QM7/ref=zg_bs_g_4771382031_d_sccl_8/522-4724523-7365803?psc=1,"https://images-eu.ssl-images-amazon.com/images/I/81izQ04uXHL._AC_UL300_SR300,200_.jpg","{""title"": ""Whiskas Adult (1+ Years) Wet Cat Food, Chicken in Gravy, 80 g (Pack of 14), Hydrating Food Made With Real Chicken, 100% Compl"", ""url"": ""https://www.amazon.in/Whiskas-Hydrating-Complete-Balanced-Nutrition/dp/B093ZT4QM7/ref=zg_bs_g_4771382031_d_sccl_8/522-4724523-7365803?psc=1"", ""category_key"": ""cat_food""}"
2026-07-07,2026-07-07T16:17:53.591671,in,Cat Food,,6,6,B09JGJYLPQ,"Whiskas Junior Kitten (2-12 Months) Wet Cat Food, Chicken in Gravy, 80 g (Pack of 14), Hydrating Food Made With Real Chicken,",Whiskas,600.0,600.0,0,4.4,3140,0,0,https://www.amazon.in/Whiskas-Kittens-Chicken-Flavour-pouches/dp/B09JGJYLPQ/ref=zg_bs_g_4771382031_d_sccl_9/522-4724523-7365803?psc=1,"https://images-eu.ssl-images-amazon.com/images/I/81O3vUMUvgL._AC_UL300_SR300,200_.jpg","{""title"": ""Whiskas Junior Kitten (2-12 Months) Wet Cat Food, Chicken in Gravy, 80 g (Pack of 14), Hydrating Food Made With Real Chicken,"", ""url"": ""https://www.amazon.in/Whiskas-Kittens-Chicken-Flavour-pouches/dp/B09JGJYLPQ/ref=zg_bs_g_4771382031_d_sccl_9/522-4724523-7365803?psc=1"", ""category_key"": ""cat_food""}"
2026-07-07,2026-07-07T16:17:53.591671,in,Cat Food,,7,7,B0GHZCD4JD,"Drools Kitten Wet Mousse 80g Pack of 5, 400g | Salmon Flavour | Rich in Protein | Promotes Hydration & Easy to Digest | No Ar",Drools,136.0,136.0,0,4.1,115,0,0,https://www.amazon.in/Drools-Hydration-Artificial-Essential-Antioxidants/dp/B0GHZCD4JD/ref=zg_bs_g_4771382031_d_sccl_11/522-4724523-7365803?psc=1,"https://images-eu.ssl-images-amazon.com/images/I/61fHy2ZZasL._AC_UL300_SR300,200_.jpg","{""title"": ""Drools Kitten Wet Mousse 80g Pack of 5, 400g | Salmon Flavour | Rich in Protein | Promotes Hydration & Easy to Digest | No Ar"", ""url"": ""https://www.amazon.in/Drools-Hydration-Artificial-Essential-Antioxidants/dp/B0GHZCD4JD/ref=zg_bs_g_4771382031_d_sccl_11/522-4724523-7365803?psc=1"", ""category_key"": ""cat_food""}"
2026-07-07,2026-07-07T16:17:53.591671,in,Cat Food,,8,8,B000T5N94A,"Royal Canin Persian Adult Food, Dry Food, Supports Healthy Growth & Long Hair, Digestive Health, and Reduction in Hairball Fo",Royal Canin,2376.0,2376.0,0,4.5,4259,0,0,https://www.amazon.in/Supports-Digestive-Reduction-Hairball-Formation/dp/B000T5N94A/ref=zg_bs_g_4771382031_d_sccl_14/522-4724523-7365803?psc=1,"https://images-eu.ssl-images-amazon.com/images/I/61sHaP2sqBL._AC_UL300_SR300,200_.jpg","{""title"": ""Royal Canin Persian Adult Food, Dry Food, Supports Healthy Growth & Long Hair, Digestive Health, and Reduction in Hairball Fo"", ""url"": ""https://www.amazon.in/Supports-Digestive-Reduction-Hairball-Formation/dp/B000T5N94A/ref=zg_bs_g_4771382031_d_sccl_14/522-4724523-7365803?psc=1"", ""category_key"": ""cat_food""}"
2026-07-07,2026-07-07T16:17:53.591671,in,Cat Food,,9,9,B079ZLVRTQ,"Sheba Rich Premium Adult (1+ Years) Wet Cat Food, Maguro & Bream Flavour, 35 g Pouch (Pack of 12), High-moisture wet food for",Sheba,543.0,543.0,0,4.5,1432,0,0,https://www.amazon.in/Sheba-Premium-Flavour-High-moisture-hydration/dp/B079ZLVRTQ/ref=zg_bs_g_4771382031_d_sccl_15/522-4724523-7365803?psc=1,"https://images-eu.ssl-images-amazon.com/images/I/719XFvYCy5L._AC_UL300_SR300,200_.jpg","{""title"": ""Sheba Rich Premium Adult (1+ Years) Wet Cat Food, Maguro & Bream Flavour, 35 g Pouch (Pack of 12), High-moisture wet food for"", ""url"": ""https://www.amazon.in/Sheba-Premium-Flavour-High-moisture-hydration/dp/B079ZLVRTQ/ref=zg_bs_g_4771382031_d_sccl_15/522-4724523-7365803?psc=1"", ""category_key"": ""cat_food""}"
2026-07-07,2026-07-07T16:17:53.591671,in,Cat Food,,10,10,B07W5N6N6N,"Let's Bite Active Kitten Dry Cat Food, 400gm + 400gm, Total 800 g Pack",Let's,169.0,169.0,0,4.2,5524,0,0,https://www.amazon.in/Lets-Bite-Active-Kitten-Months/dp/B07W5N6N6N/ref=zg_bs_g_4771382031_d_sccl_16/522-4724523-7365803?psc=1,"https://images-eu.ssl-images-amazon.com/images/I/61m5hSva+GL._AC_UL300_SR300,200_.jpg","{""title"": ""Let's Bite Active Kitten Dry Cat Food, 400gm + 400gm, Total 800 g Pack"", ""url"": ""https://www.amazon.in/Lets-Bite-Active-Kitten-Months/dp/B07W5N6N6N/ref=zg_bs_g_4771382031_d_sccl_16/522-4724523-7365803?psc=1"", ""category_key"": ""cat_food""}"
2026-07-07,2026-07-07T16:17:53.591671,in,Cat Food,,11,11,B005LA8RH2,"Whiskas Adult (1+ Years) Dry Cat Food, Tuna Flavour, 3 kg, Contains 41 Essential Nutrients, Complete & Balanced Nutrition for",Whiskas,978.0,978.0,0,4.5,9284,0,0,https://www.amazon.in/Contains-Essential-Nutrients-Complete-Nutrition/dp/B005LA8RH2/ref=zg_bs_g_4771382031_d_sccl_17/522-4724523-7365803?psc=1,"https://images-eu.ssl-images-amazon.com/images/I/81yapTGwJLL._AC_UL300_SR300,200_.jpg","{""title"": ""Whiskas Adult (1+ Years) Dry Cat Food, Tuna Flavour, 3 kg, Contains 41 Essential Nutrients, Complete & Balanced Nutrition for"", ""url"": ""https://www.amazon.in/Contains-Essential-Nutrients-Complete-Nutrition/dp/B005LA8RH2/ref=zg_bs_g_4771382031_d_sccl_17/522-4724523-7365803?psc=1"", ""category_key"": ""cat_food""}"
2026-07-07,2026-07-07T16:17:53.591671,in,Cat Food,,12,12,B0DHKQHR81,"Maxi Tuna & Salmon Dry Cat Food 1.2Kg,Adult",Maxi,169.0,169.0,0,4.2,1082,0,0,https://www.amazon.in/Maxi-Tuna-Salmon-1-2Kg-Adult/dp/B0DHKQHR81/ref=zg_bs_g_4771382031_d_sccl_18/522-4724523-7365803?psc=1,"https://images-eu.ssl-images-amazon.com/images/I/71CIXDG5gGL._AC_UL300_SR300,200_.jpg","{""title"": ""Maxi Tuna & Salmon Dry Cat Food 1.2Kg,Adult"", ""url"": ""https://www.amazon.in/Maxi-Tuna-Salmon-1-2Kg-Adult/dp/B0DHKQHR81/ref=zg_bs_g_4771382031_d_sccl_18/522-4724523-7365803?psc=1"", ""category_key"": ""cat_food""}"
2026-07-07,2026-07-07T16:17:53.591671,in,Cat Food,,13,13,B0CWPBMNSS,"Drools Kitten Dry Cat Food, Mackerel Flavour 1 kg with Free Container Pack",Drools,265.0,265.0,0,4.2,1378,0,0,https://www.amazon.in/Drools-Kitten-Mackerel-Flavour-Container/dp/B0CWPBMNSS/ref=zg_bs_g_4771382031_d_sccl_19/522-4724523-7365803?psc=1,"https://images-eu.ssl-images-amazon.com/images/I/61QtTmZYaOL._AC_UL300_SR300,200_.jpg","{""title"": ""Drools Kitten Dry Cat Food, Mackerel Flavour 1 kg with Free Container Pack"", ""url"": ""https://www.amazon.in/Drools-Kitten-Mackerel-Flavour-Container/dp/B0CWPBMNSS/ref=zg_bs_g_4771382031_d_sccl_19/522-4724523-7365803?psc=1"", ""category_key"": ""cat_food""}"
2026-07-07,2026-07-07T16:17:53.591671,in,Cat Food,,14,14,B0BMGN18G1,Purepet Adult Dry Cat Food 6kg | Seafood | Taurine for Heart Health | Skin & Coat Care | Controls Urinary pH | Hairball Prote,Purepet,849.0,849.0,0,4.4,3144,0,0,https://www.amazon.in/Purepet-Sea-Food-Adult-Cat/dp/B0BMGN18G1/ref=zg_bs_g_4771382031_d_sccl_22/522-4724523-7365803?psc=1,"https://images-eu.ssl-images-amazon.com/images/I/71sXSnuTbwL._AC_UL300_SR300,200_.jpg","{""title"": ""Purepet Adult Dry Cat Food 6kg | Seafood | Taurine for Heart Health | Skin & Coat Care | Controls Urinary pH | Hairball Prote"", ""url"": ""https://www.amazon.in/Purepet-Sea-Food-Adult-Cat/dp/B0BMGN18G1/ref=zg_bs_g_4771382031_d_sccl_22/522-4724523-7365803?psc=1"", ""category_key"": ""cat_food""}"
2026-07-07,2026-07-07T16:17:53.591671,in,Cat Food,,15,15,B000OLFXRK,"Royal Canin Fit 32 Regular Powder Adult Cat Food, Dry Food, Supports Weight Management & Optimal Nutrient Profile,2 Kg",Royal Canin,1850.0,1850.0,0,4.5,3049,0,0,https://www.amazon.in/Regular-Supports-Management-Optimal-Nutrient/dp/B000OLFXRK/ref=zg_bs_g_4771382031_d_sccl_29/522-4724523-7365803?psc=1,"https://images-eu.ssl-images-amazon.com/images/I/61UhPmozh+L._AC_UL300_SR300,200_.jpg","{""title"": ""Royal Canin Fit 32 Regular Powder Adult Cat Food, Dry Food, Supports Weight Management & Optimal Nutrient Profile,2 Kg"", ""url"": ""https://www.amazon.in/Regular-Supports-Management-Optimal-Nutrient/dp/B000OLFXRK/ref=zg_bs_g_4771382031_d_sccl_29/522-4724523-7365803?psc=1"", ""category_key"": ""cat_food""}"
2026-07-07,2026-07-07T16:17:53.591671,in,Cat Food,,16,16,B002DQ4RKI,"Royal Canin Skin & Hair Care for Adult Cats, Dry Food with Added Amino Acids, Vitamins, and Omega 3 and 6, Supports Healthy S",Royal Canin,468.0,468.0,0,4.6,2061,0,0,https://www.amazon.in/Vitamins-Supports-Healthy-Proven-Results/dp/B002DQ4RKI/ref=zg_bs_g_4771382031_d_sccl_30/522-4724523-7365803?psc=1,"https://images-eu.ssl-images-amazon.com/images/I/51zELrltO8L._AC_UL300_SR300,200_.jpg","{""title"": ""Royal Canin Skin & Hair Care for Adult Cats, Dry Food with Added Amino Acids, Vitamins, and Omega 3 and 6, Supports Healthy S"", ""url"": ""https://www.amazon.in/Vitamins-Supports-Healthy-Proven-Results/dp/B002DQ4RKI/ref=zg_bs_g_4771382031_d_sccl_30/522-4724523-7365803?psc=1"", ""category_key"": ""cat_food""}"
2026-07-07,2026-07-07T16:17:53.591671,in,Dog Toys,,1,1,B0BXLCTRZM,Agirav Tail Dog Toys + Dog Chew Toys + Puppy Teething Toys + Rope Dog Toy + Dog Toys for Small to Medium Dog Toys + Dog Toy P,Agirav,239.0,239.0,0,4.2,3582,0,0,https://www.amazon.in/Agirav-Puppy-Teething-Small-Medium/dp/B0BXLCTRZM/ref=zg_bs_g_4771401031_d_sccl_1/522-4724523-7365803?psc=1,"https://images-eu.ssl-images-amazon.com/images/I/71RM9OOMX-L._AC_UL300_SR300,200_.jpg","{""title"": ""Agirav Tail Dog Toys + Dog Chew Toys + Puppy Teething Toys + Rope Dog Toy + Dog Toys for Small to Medium Dog Toys + Dog Toy P"", ""url"": ""https://www.amazon.in/Agirav-Puppy-Teething-Small-Medium/dp/B0BXLCTRZM/ref=zg_bs_g_4771401031_d_sccl_1/522-4724523-7365803?psc=1"", ""category_key"": ""dog_toys""}"
2026-07-07,2026-07-07T16:17:53.591671,in,Dog Toys,,2,2,B0D67B89DX,"Agirav Dog and Puppy Toy Set - Chew, Teething, Rope, and Tug Toys for Small to Medium Dogs - Washable Cotton Pack of 12",Agirav,299.0,299.0,0,4.4,1113,0,0,https://www.amazon.in/Agirav-Teething-Medium-Washable-Cotton/dp/B0D67B89DX/ref=zg_bs_g_4771401031_d_sccl_2/522-4724523-7365803?psc=1,"https://images-eu.ssl-images-amazon.com/images/I/91S5aESG1QL._AC_UL300_SR300,200_.jpg","{""title"": ""Agirav Dog and Puppy Toy Set - Chew, Teething, Rope, and Tug Toys for Small to Medium Dogs - Washable Cotton Pack of 12"", ""url"": ""https://www.amazon.in/Agirav-Teething-Medium-Washable-Cotton/dp/B0D67B89DX/ref=zg_bs_g_4771401031_d_sccl_2/522-4724523-7365803?psc=1"", ""category_key"": ""dog_toys""}"
2026-07-07,2026-07-07T16:17:53.591671,in,Dog Toys,,3,3,B0F13JYNHL,"YellowCult Interactive Cat Toys Ball – Smart Rolling LED Ball, Automatic & USB Rechargeable Motion Activate for Indoor Kitten",YellowCult,149.0,149.0,0,3.8,130,0,0,https://www.amazon.in/YellowCult-Interactive-Cat-Toys-Ball/dp/B0F13JYNHL/ref=zg_bs_g_4771401031_d_sccl_3/522-4724523-7365803?psc=1,"https://images-eu.ssl-images-amazon.com/images/I/61Lf33ayodL._AC_UL300_SR300,200_.jpg","{""title"": ""YellowCult Interactive Cat Toys Ball \u2013 Smart Rolling LED Ball, Automatic & USB Rechargeable Motion Activate for Indoor Kitten"", ""url"": ""https://www.amazon.in/YellowCult-Interactive-Cat-Toys-Ball/dp/B0F13JYNHL/ref=zg_bs_g_4771401031_d_sccl_3/522-4724523-7365803?psc=1"", ""category_key"": ""dog_toys""}"
2026-07-07,2026-07-07T16:17:53.591671,in,Dog Toys,,4,4,B0B84SH7SN,"Foodie Puppies Latex Rubber Squeaky Dog Chew Ball Toy - (Claw Ball, Small) Durable and Safe Fetch Teething Dog Toy for Puppie",Foodie,149.0,149.0,0,4.1,1933,0,0,https://www.amazon.in/Foodie-Puppies-Squeaky-Prickle-Bone/dp/B0B84SH7SN/ref=zg_bs_g_4771401031_d_sccl_4/522-4724523-7365803?psc=1,"https://images-eu.ssl-images-amazon.com/images/I/617NApD-SoL._AC_UL300_SR300,200_.jpg","{""title"": ""Foodie Puppies Latex Rubber Squeaky Dog Chew Ball Toy - (Claw Ball, Small) Durable and Safe Fetch Teething Dog Toy for Puppie"", ""url"": ""https://www.amazon.in/Foodie-Puppies-Squeaky-Prickle-Bone/dp/B0B84SH7SN/ref=zg_bs_g_4771401031_d_sccl_4/522-4724523-7365803?psc=1"", ""category_key"": ""dog_toys""}"
2026-07-07,2026-07-07T16:17:53.591671,in,Dog Toys,,5,5,B0B63HVL63,"Foodie Puppies Monkey Crinkle Paper Rope Plush Toy for Dogs | Non-Toxic, Soft, Stuffed Interactive Cute Squeaky, Teething Rop",Foodie,399.0,399.0,0,4.5,687,0,0,https://www.amazon.in/Foodie-Puppies-Monkey-Plush-Toy/dp/B0B63HVL63/ref=zg_bs_g_4771401031_d_sccl_6/522-4724523-7365803?psc=1,"https://images-eu.ssl-images-amazon.com/images/I/819CL1wacfL._AC_UL300_SR300,200_.jpg","{""title"": ""Foodie Puppies Monkey Crinkle Paper Rope Plush Toy for Dogs | Non-Toxic, Soft, Stuffed Interactive Cute Squeaky, Teething Rop"", ""url"": ""https://www.amazon.in/Foodie-Puppies-Monkey-Plush-Toy/dp/B0B63HVL63/ref=zg_bs_g_4771401031_d_sccl_6/522-4724523-7365803?psc=1"", ""category_key"": ""dog_toys""}"
2026-07-07,2026-07-07T16:17:53.591671,in,Dog Toys,,6,6,B0CZ74JM7L,amazon basics Interactive Sound Ball Toy for Dogs and Puppies| Fun Squeaky Sounds | Pet-Safe Materials| Suitable for All Dog,amazon,519.0,519.0,0,4.2,631,0,0,https://www.amazon.in/Interactive-Puppies-Pet-Safe-Materials-Suitable/dp/B0CZ74JM7L/ref=zg_bs_g_4771401031_d_sccl_7/522-4724523-7365803?psc=1,"https://images-eu.ssl-images-amazon.com/images/I/613lpZQvnSL._AC_UL300_SR300,200_.jpg","{""title"": ""amazon basics Interactive Sound Ball Toy for Dogs and Puppies| Fun Squeaky Sounds | Pet-Safe Materials| Suitable for All Dog"", ""url"": ""https://www.amazon.in/Interactive-Puppies-Pet-Safe-Materials-Suitable/dp/B0CZ74JM7L/ref=zg_bs_g_4771401031_d_sccl_7/522-4724523-7365803?psc=1"", ""category_key"": ""dog_toys""}"
2026-07-07,2026-07-07T16:17:53.591671,in,Dog Toys,,7,7,B07167PTD2,"Goofy Tails Dog Ball Toy, Hard Squeaky Rubber Ball Toys for Dogs, Dog Chew Toy, Squeaky Toys for Dogs (Blue/Green/Orange)",Goofy,211.0,211.0,0,4.2,1984,0,0,https://www.amazon.in/Goofy-Tails-Squeak-Chain-Green/dp/B07167PTD2/ref=zg_bs_g_4771401031_d_sccl_8/522-4724523-7365803?psc=1,"https://images-eu.ssl-images-amazon.com/images/I/61LRn-FyVNL._AC_UL300_SR300,200_.jpg","{""title"": ""Goofy Tails Dog Ball Toy, Hard Squeaky Rubber Ball Toys for Dogs, Dog Chew Toy, Squeaky Toys for Dogs (Blue/Green/Orange)"", ""url"": ""https://www.amazon.in/Goofy-Tails-Squeak-Chain-Green/dp/B07167PTD2/ref=zg_bs_g_4771401031_d_sccl_8/522-4724523-7365803?psc=1"", ""category_key"": ""dog_toys""}"
2026-07-07,2026-07-07T16:17:53.591671,in,Dog Toys,,8,8,B09PDFPRJW,Foodie Puppies Interactive Durable Cotton Rope Toys for Dog Chew Teething Training Playing Combo Toys for Puppies (Cotton Bal,Foodie,170.0,170.0,0,4.4,117,0,0,https://www.amazon.in/Foodie-Puppies-Interactive-Teething-Training/dp/B09PDFPRJW/ref=zg_bs_g_4771401031_d_sccl_9/522-4724523-7365803?psc=1,"https://images-eu.ssl-images-amazon.com/images/I/71PDSBEm3fL._AC_UL300_SR300,200_.jpg","{""title"": ""Foodie Puppies Interactive Durable Cotton Rope Toys for Dog Chew Teething Training Playing Combo Toys for Puppies (Cotton Bal"", ""url"": ""https://www.amazon.in/Foodie-Puppies-Interactive-Teething-Training/dp/B09PDFPRJW/ref=zg_bs_g_4771401031_d_sccl_9/522-4724523-7365803?psc=1"", ""category_key"": ""dog_toys""}"
2026-07-07,2026-07-07T16:17:53.591671,in,Dog Toys,,9,9,B0F3HZQFX1,HIK FASHION Interactive Electric Automatic Rolling Moving Rechargeable Self Play Stimulation Toy for Cats and Small Dogs - Sm,HIK,128.0,128.0,0,3.7,195,0,0,https://www.amazon.in/HIK-FASHION-Interactive-Rechargeable-Stimulation/dp/B0F3HZQFX1/ref=zg_bs_g_4771401031_d_sccl_10/522-4724523-7365803?psc=1,"https://images-eu.ssl-images-amazon.com/images/I/61SUqplD0UL._AC_UL300_SR300,200_.jpg","{""title"": ""HIK FASHION Interactive Electric Automatic Rolling Moving Rechargeable Self Play Stimulation Toy for Cats and Small Dogs - Sm"", ""url"": ""https://www.amazon.in/HIK-FASHION-Interactive-Rechargeable-Stimulation/dp/B0F3HZQFX1/ref=zg_bs_g_4771401031_d_sccl_10/522-4724523-7365803?psc=1"", ""category_key"": ""dog_toys""}"
2026-07-07,2026-07-07T16:17:53.591671,in,Dog Toys,,10,10,B076DJBKYZ,"Foodie Puppies Natural Rubber Spike Ball - 2.8inch/ 7cm | Suitable for Small to Medium Dogs and Puppies | Chewing, Teething,",Foodie,140.0,140.0,0,4.3,1744,0,0,https://www.amazon.in/Foodie-Puppies-Rubber-Spike-Medium/dp/B076DJBKYZ/ref=zg_bs_g_4771401031_d_sccl_11/522-4724523-7365803?psc=1,"https://images-eu.ssl-images-amazon.com/images/I/817UzL+QmSL._AC_UL300_SR300,200_.jpg","{""title"": ""Foodie Puppies Natural Rubber Spike Ball - 2.8inch/ 7cm | Suitable for Small to Medium Dogs and Puppies | Chewing, Teething,"", ""url"": ""https://www.amazon.in/Foodie-Puppies-Rubber-Spike-Medium/dp/B076DJBKYZ/ref=zg_bs_g_4771401031_d_sccl_11/522-4724523-7365803?psc=1"", ""category_key"": ""dog_toys""}"
2026-07-07,2026-07-07T16:17:53.591671,in,Dog Toys,,11,11,B0B6RMG8QV,"Foodie Puppies Interactive Latex Squeaky Chew Dog Toy - (Green Monkey, 20cm) | Small to Medium Dogs & Puppies | Durable, Rubb",Foodie,260.0,260.0,0,4.3,900,0,0,https://www.amazon.in/Foodie-Puppies-Squeaky-Green-Monkey/dp/B0B6RMG8QV/ref=zg_bs_g_4771401031_d_sccl_12/522-4724523-7365803?psc=1,"https://images-eu.ssl-images-amazon.com/images/I/61K34JMHgmL._AC_UL300_SR300,200_.jpg","{""title"": ""Foodie Puppies Interactive Latex Squeaky Chew Dog Toy - (Green Monkey, 20cm) | Small to Medium Dogs & Puppies | Durable, Rubb"", ""url"": ""https://www.amazon.in/Foodie-Puppies-Squeaky-Green-Monkey/dp/B0B6RMG8QV/ref=zg_bs_g_4771401031_d_sccl_12/522-4724523-7365803?psc=1"", ""category_key"": ""dog_toys""}"
2026-07-07,2026-07-07T16:17:53.591671,in,Dog Toys,,12,12,B07YY9M6HJ,"BarkButler Aly The Gator Plush Dog Toy - Soft & Squeaky Toys for Dogs, Dog Toys for Large Dogs (5-30kgs) - Green",BarkButler,719.0,719.0,0,4.2,1918,0,0,https://www.amazon.in/BarkButler-Aly-Gator-Reinforced-Non-Toxic/dp/B07YY9M6HJ/ref=zg_bs_g_4771401031_d_sccl_14/522-4724523-7365803?psc=1,"https://images-eu.ssl-images-amazon.com/images/I/81th9m7QvrL._AC_UL300_SR300,200_.jpg","{""title"": ""BarkButler Aly The Gator Plush Dog Toy - Soft & Squeaky Toys for Dogs, Dog Toys for Large Dogs (5-30kgs) - Green"", ""url"": ""https://www.amazon.in/BarkButler-Aly-Gator-Reinforced-Non-Toxic/dp/B07YY9M6HJ/ref=zg_bs_g_4771401031_d_sccl_14/522-4724523-7365803?psc=1"", ""category_key"": ""dog_toys""}"
2026-07-07,2026-07-07T16:17:53.591671,in,Dog Toys,,13,13,B0871V9RD4,"Joansan Dog Puzzle Toys, Interactive Treat Dispenser for Puppy and Cats Training and Playing, Slow Feeder to Aid Pets Digesti",Joansan,258.0,258.0,0,3.8,5541,0,0,https://www.amazon.in/Joansan-Interactive-Dispenser-Training-Digestion/dp/B0871V9RD4/ref=zg_bs_g_4771401031_d_sccl_15/522-4724523-7365803?psc=1,"https://images-eu.ssl-images-amazon.com/images/I/616oqwwS34L._AC_UL300_SR300,200_.jpg","{""title"": ""Joansan Dog Puzzle Toys, Interactive Treat Dispenser for Puppy and Cats Training and Playing, Slow Feeder to Aid Pets Digesti"", ""url"": ""https://www.amazon.in/Joansan-Interactive-Dispenser-Training-Digestion/dp/B0871V9RD4/ref=zg_bs_g_4771401031_d_sccl_15/522-4724523-7365803?psc=1"", ""category_key"": ""dog_toys""}"
2026-07-07,2026-07-07T16:17:53.591671,in,Dog Toys,,14,14,B0BG5FZL7L,"Goofy Tails Coffee Wood Dog Chew Toy | Splinter-Free, Caffeine-Free Natural Dog Dental Stick | Safe Puppy Toy | Chew Toys for",Goofy,264.0,264.0,0,3.6,428,0,0,https://www.amazon.in/Goofy-Tails-Coffee-Wood-Aggressive/dp/B0BG5FZL7L/ref=zg_bs_g_4771401031_d_sccl_16/522-4724523-7365803?psc=1,"https://images-eu.ssl-images-amazon.com/images/I/61tMcr+bd6L._AC_UL300_SR300,200_.jpg","{""title"": ""Goofy Tails Coffee Wood Dog Chew Toy | Splinter-Free, Caffeine-Free Natural Dog Dental Stick | Safe Puppy Toy | Chew Toys for"", ""url"": ""https://www.amazon.in/Goofy-Tails-Coffee-Wood-Aggressive/dp/B0BG5FZL7L/ref=zg_bs_g_4771401031_d_sccl_16/522-4724523-7365803?psc=1"", ""category_key"": ""dog_toys""}"
2026-07-07,2026-07-07T16:17:53.591671,in,Dog Toys,,15,15,B0G1MSF42G,Petbabas Squeaky Rubber Chicken Dog Toy | Durable Funny Interactive Chew Toy | Loud Squeaky Sound and Stress Relief for Dogs,Petbabas,114.0,114.0,0,3.4,68,0,0,https://www.amazon.in/Petbabas-Squeaky-Interactive-Training-Teething/dp/B0G1MSF42G/ref=zg_bs_g_4771401031_d_sccl_17/522-4724523-7365803?psc=1,"https://images-eu.ssl-images-amazon.com/images/I/61Y2bTBw-YL._AC_UL300_SR300,200_.jpg","{""title"": ""Petbabas Squeaky Rubber Chicken Dog Toy | Durable Funny Interactive Chew Toy | Loud Squeaky Sound and Stress Relief for Dogs"", ""url"": ""https://www.amazon.in/Petbabas-Squeaky-Interactive-Training-Teething/dp/B0G1MSF42G/ref=zg_bs_g_4771401031_d_sccl_17/522-4724523-7365803?psc=1"", ""category_key"": ""dog_toys""}"
2026-07-07,2026-07-07T16:17:53.591671,in,Dog Toys,,16,16,B0BX9Z12MN,"Goofy Tails Food Buddies Sandwich Plush Dog Toy | Light Chewers | Plush Toy | Soft Dog Toys for Puppy | Crinkle, Squeaky, Sof",Goofy,281.0,281.0,0,4.4,229,0,0,https://www.amazon.in/Goofy-Tails-Buddies-Sandwich-Crinkle/dp/B0BX9Z12MN/ref=zg_bs_g_4771401031_d_sccl_18/522-4724523-7365803?psc=1,"https://images-eu.ssl-images-amazon.com/images/I/618kHJwPjEL._AC_UL300_SR300,200_.jpg","{""title"": ""Goofy Tails Food Buddies Sandwich Plush Dog Toy | Light Chewers | Plush Toy | Soft Dog Toys for Puppy | Crinkle, Squeaky, Sof"", ""url"": ""https://www.amazon.in/Goofy-Tails-Buddies-Sandwich-Crinkle/dp/B0BX9Z12MN/ref=zg_bs_g_4771401031_d_sccl_18/522-4724523-7365803?psc=1"", ""category_key"": ""dog_toys""}"
2026-07-07,2026-07-07T16:17:53.591671,in,Dog Toys,,17,17,B0CLY2379K,"Foodie Puppies Latex Squeaky Dog Toys Combo - (Purple Elephant and Blue Duck) Animal Design, Fetch & Chew Safe Play Toy | Sui",Foodie,470.0,470.0,0,4.4,375,0,0,https://www.amazon.in/Foodie-Puppies-Natural-Rubber-Squeaky/dp/B0CLY2379K/ref=zg_bs_g_4771401031_d_sccl_19/522-4724523-7365803?psc=1,"https://images-eu.ssl-images-amazon.com/images/I/71MirRTXtQL._AC_UL300_SR300,200_.jpg","{""title"": ""Foodie Puppies Latex Squeaky Dog Toys Combo - (Purple Elephant and Blue Duck) Animal Design, Fetch & Chew Safe Play Toy | Sui"", ""url"": ""https://www.amazon.in/Foodie-Puppies-Natural-Rubber-Squeaky/dp/B0CLY2379K/ref=zg_bs_g_4771401031_d_sccl_19/522-4724523-7365803?psc=1"", ""category_key"": ""dog_toys""}"
2026-07-07,2026-07-07T16:17:53.591671,in,Dog Toys,,18,18,B0DT1CG6WS,"Foodie Puppies Interactive Dog Squeaky Plush Toy - (Blue Swan) | Durable Crinkle Papered, Cotton Stuffed Chew Toy for Teethin",Foodie,280.0,280.0,0,4.4,96,0,0,https://www.amazon.in/Foodie-Puppies-Interactive-Plush-Toy/dp/B0DT1CG6WS/ref=zg_bs_g_4771401031_d_sccl_20/522-4724523-7365803?psc=1,"https://images-eu.ssl-images-amazon.com/images/I/71v28+inJWL._AC_UL300_SR300,200_.jpg","{""title"": ""Foodie Puppies Interactive Dog Squeaky Plush Toy - (Blue Swan) | Durable Crinkle Papered, Cotton Stuffed Chew Toy for Teethin"", ""url"": ""https://www.amazon.in/Foodie-Puppies-Interactive-Plush-Toy/dp/B0DT1CG6WS/ref=zg_bs_g_4771401031_d_sccl_20/522-4724523-7365803?psc=1"", ""category_key"": ""dog_toys""}"
2026-07-07,2026-07-07T16:17:53.591671,in,Dog Toys,,19,19,B09FQ5Q846,PSK PET MART Large Dog Rope Toys for Aggressive Chewers - Cotton Rope Dog Chew Toys for Tug of War and Training,PSK,198.0,198.0,0,4.3,758,0,0,https://www.amazon.in/PSK-PET-MART-Aggressive-Interactive/dp/B09FQ5Q846/ref=zg_bs_g_4771401031_d_sccl_21/522-4724523-7365803?psc=1,"https://images-eu.ssl-images-amazon.com/images/I/61t009wfLWL._AC_UL300_SR300,200_.jpg","{""title"": ""PSK PET MART Large Dog Rope Toys for Aggressive Chewers - Cotton Rope Dog Chew Toys for Tug of War and Training"", ""url"": ""https://www.amazon.in/PSK-PET-MART-Aggressive-Interactive/dp/B09FQ5Q846/ref=zg_bs_g_4771401031_d_sccl_21/522-4724523-7365803?psc=1"", ""category_key"": ""dog_toys""}"
2026-07-07,2026-07-07T16:17:53.591671,in,Dog Toys,,20,20,B0F67BZ64G,"CTN Enterprise Cat Toys Ball – Smart Rolling LED Ball, Automatic & USB Rechargeable Motion Activate for Indoor Kitten Puppy D",CTN,259.0,259.0,0,3.4,176,0,0,https://www.amazon.in/CTN-Enterprise-Cat-Toys-Ball/dp/B0F67BZ64G/ref=zg_bs_g_4771401031_d_sccl_22/522-4724523-7365803?psc=1,"https://images-eu.ssl-images-amazon.com/images/I/61LMiBQqlPL._AC_UL300_SR300,200_.jpg","{""title"": ""CTN Enterprise Cat Toys Ball \u2013 Smart Rolling LED Ball, Automatic & USB Rechargeable Motion Activate for Indoor Kitten Puppy D"", ""url"": ""https://www.amazon.in/CTN-Enterprise-Cat-Toys-Ball/dp/B0F67BZ64G/ref=zg_bs_g_4771401031_d_sccl_22/522-4724523-7365803?psc=1"", ""category_key"": ""dog_toys""}"
2026-07-07,2026-07-07T16:17:53.591671,in,Dog Toys,,21,21,B09H4VJN6Y,"Agirav Dog Rope Toys + Chew Toys, Combo Pack of 7 (Color May Vary)",Agirav,239.0,239.0,0,4.3,1701,0,0,https://www.amazon.in/Puppy-Spike-Cotton-Combo-Color/dp/B09H4VJN6Y/ref=zg_bs_g_4771401031_d_sccl_23/522-4724523-7365803?psc=1,"https://images-eu.ssl-images-amazon.com/images/I/71EwM691FXL._AC_UL300_SR300,200_.jpg","{""title"": ""Agirav Dog Rope Toys + Chew Toys, Combo Pack of 7 (Color May Vary)"", ""url"": ""https://www.amazon.in/Puppy-Spike-Cotton-Combo-Color/dp/B09H4VJN6Y/ref=zg_bs_g_4771401031_d_sccl_23/522-4724523-7365803?psc=1"", ""category_key"": ""dog_toys""}"
2026-07-07,2026-07-07T16:17:53.591671,in,Dog Toys,,22,22,B0CNZVK8N5,Foodie Puppies 2in1 Combo of Latex Squeaky Sound Chew Toy - (Blue Bull and Claw Ball) for Small Dogs & Puppies | Interactive,Foodie,370.0,370.0,0,4.4,484,0,0,https://www.amazon.in/Foodie-Puppies-Combo-Ball-Elephant/dp/B0CNZVK8N5/ref=zg_bs_g_4771401031_d_sccl_24/522-4724523-7365803?psc=1,"https://images-eu.ssl-images-amazon.com/images/I/61JVAZtRPCL._AC_UL300_SR300,200_.jpg","{""title"": ""Foodie Puppies 2in1 Combo of Latex Squeaky Sound Chew Toy - (Blue Bull and Claw Ball) for Small Dogs & Puppies | Interactive"", ""url"": ""https://www.amazon.in/Foodie-Puppies-Combo-Ball-Elephant/dp/B0CNZVK8N5/ref=zg_bs_g_4771401031_d_sccl_24/522-4724523-7365803?psc=1"", ""category_key"": ""dog_toys""}"
2026-07-07,2026-07-07T16:17:53.591671,in,Dog Toys,,23,23,B0CLZT4DTZ,"Agirav Dog Toy Set - Tail, Chew, Puppy Teething, Rope, Squeaky Toys for Small to Medium Dogs (Pack of 6)",Agirav,239.0,239.0,0,4.2,371,0,0,https://www.amazon.in/Agirav-Puppy-Teething-Medium-Squeaky/dp/B0CLZT4DTZ/ref=zg_bs_g_4771401031_d_sccl_25/522-4724523-7365803?psc=1,"https://images-eu.ssl-images-amazon.com/images/I/71pMlUwe9aL._AC_UL300_SR300,200_.jpg","{""title"": ""Agirav Dog Toy Set - Tail, Chew, Puppy Teething, Rope, Squeaky Toys for Small to Medium Dogs (Pack of 6)"", ""url"": ""https://www.amazon.in/Agirav-Puppy-Teething-Medium-Squeaky/dp/B0CLZT4DTZ/ref=zg_bs_g_4771401031_d_sccl_25/522-4724523-7365803?psc=1"", ""category_key"": ""dog_toys""}"
2026-07-07,2026-07-07T16:17:53.591671,in,Dog Toys,,24,24,B0D5RGK2P4,Agirav Tail Dog Toys + Dog Chew Toys + Puppy Teething Toys + Rope Dog Toy + Dog Toys for Small to Medium Dog Toys + Dog Toy P,Agirav,399.0,399.0,0,4.2,381,0,0,https://www.amazon.in/Agirav-Teething-Medium-Washable-Cotton/dp/B0D5RGK2P4/ref=zg_bs_g_4771401031_d_sccl_26/522-4724523-7365803?psc=1,"https://images-eu.ssl-images-amazon.com/images/I/81Ajjmz3RAL._AC_UL300_SR300,200_.jpg","{""title"": ""Agirav Tail Dog Toys + Dog Chew Toys + Puppy Teething Toys + Rope Dog Toy + Dog Toys for Small to Medium Dog Toys + Dog Toy P"", ""url"": ""https://www.amazon.in/Agirav-Teething-Medium-Washable-Cotton/dp/B0D5RGK2P4/ref=zg_bs_g_4771401031_d_sccl_26/522-4724523-7365803?psc=1"", ""category_key"": ""dog_toys""}"
2026-07-07,2026-07-07T16:17:53.591671,in,Dog Toys,,25,25,B08978YWDQ,"Goofy Tails Dog Toys, Veggie Series Carrot Squeaky Chew Toys for Dogs & Puppies, Squeaky Toys for Dogs, Small & Medium Breeds",Goofy,233.0,233.0,0,4.2,411,0,0,https://www.amazon.in/Goofy-Tails-Veggie-Bites-Carrot-Squeaky/dp/B08978YWDQ/ref=zg_bs_g_4771401031_d_sccl_27/522-4724523-7365803?psc=1,"https://images-eu.ssl-images-amazon.com/images/I/61WXO+uqjyL._AC_UL300_SR300,200_.jpg","{""title"": ""Goofy Tails Dog Toys, Veggie Series Carrot Squeaky Chew Toys for Dogs & Puppies, Squeaky Toys for Dogs, Small & Medium Breeds"", ""url"": ""https://www.amazon.in/Goofy-Tails-Veggie-Bites-Carrot-Squeaky/dp/B08978YWDQ/ref=zg_bs_g_4771401031_d_sccl_27/522-4724523-7365803?psc=1"", ""category_key"": ""dog_toys""}"
2026-07-07,2026-07-07T16:17:53.591671,in,Dog Toys,,26,26,B07YYMMNDZ,"Foodie Puppies Interactive Latex Squeaky Chew Toy for Small to Medium Dogs (Teeth Rugby - Large) | Durable, Non-Toxic, Soft,",Foodie,349.0,349.0,0,4.3,900,0,0,https://www.amazon.in/Foodie-Puppies-Non-Toxic-Interactive-Training/dp/B07YYMMNDZ/ref=zg_bs_g_4771401031_d_sccl_29/522-4724523-7365803?psc=1,"https://images-eu.ssl-images-amazon.com/images/I/71jwoFx3FVL._AC_UL300_SR300,200_.jpg","{""title"": ""Foodie Puppies Interactive Latex Squeaky Chew Toy for Small to Medium Dogs (Teeth Rugby - Large) | Durable, Non-Toxic, Soft,"", ""url"": ""https://www.amazon.in/Foodie-Puppies-Non-Toxic-Interactive-Training/dp/B07YYMMNDZ/ref=zg_bs_g_4771401031_d_sccl_29/522-4724523-7365803?psc=1"", ""category_key"": ""dog_toys""}"
2026-07-07,2026-07-07T16:17:53.591671,in,Dog Toys,,27,27,B0B6RFQ7BB,"Foodie Puppies Natural Latex Rubber Squeaky Chew Toy - (Purple Elephant, 12cm), Suitable for Puppy, X-Small to Small Dogs | D",Foodie,249.0,249.0,0,4.2,1037,0,0,https://www.amazon.in/Foodie-Puppies-Squeaky-Toy-Separation/dp/B0B6RFQ7BB/ref=zg_bs_g_4771401031_d_sccl_30/522-4724523-7365803?psc=1,"https://images-eu.ssl-images-amazon.com/images/I/618k2QpZjeL._AC_UL300_SR300,200_.jpg","{""title"": ""Foodie Puppies Natural Latex Rubber Squeaky Chew Toy - (Purple Elephant, 12cm), Suitable for Puppy, X-Small to Small Dogs | D"", ""url"": ""https://www.amazon.in/Foodie-Puppies-Squeaky-Toy-Separation/dp/B0B6RFQ7BB/ref=zg_bs_g_4771401031_d_sccl_30/522-4724523-7365803?psc=1"", ""category_key"": ""dog_toys""}"
2026-07-07,2026-07-07T16:17:53.591671,in,Cat Toys,,1,1,B0DWLM8KYB,"Agirav Tails Cat Toys,Agile Moving Ball with Elastic Mesh Tail,Interactive Cat Toy for Indoor Cats,Motion Activated,Ultra-Fas",Agirav,189.0,189.0,0,3.4,302,0,0,https://www.amazon.in/Agirav-Elastic-Interactive-Activated-Ultra-Fast/dp/B0DWLM8KYB/ref=zg_bs_g_4771387031_d_sccl_1/522-4724523-7365803?psc=1,"https://images-eu.ssl-images-amazon.com/images/I/31WBAa7bh5L._AC_UL300_SR300,200_.jpg","{""title"": ""Agirav Tails Cat Toys,Agile Moving Ball with Elastic Mesh Tail,Interactive Cat Toy for Indoor Cats,Motion Activated,Ultra-Fas"", ""url"": ""https://www.amazon.in/Agirav-Elastic-Interactive-Activated-Ultra-Fast/dp/B0DWLM8KYB/ref=zg_bs_g_4771387031_d_sccl_1/522-4724523-7365803?psc=1"", ""category_key"": ""cat_toys""}"
2026-07-07,2026-07-07T16:17:53.591671,in,Cat Toys,,2,2,B07YTTHSFV,"Foodie Puppies Cat Teaser Playing Stick Wooden Cat Wand Toy for Cats and Kittens - (Mouse-Bell - 40cm), Interactive Feather T",Foodie,149.0,149.0,0,4.0,1427,0,0,https://www.amazon.in/Foodie-Puppies-Playing-Feather-Interactive/dp/B07YTTHSFV/ref=zg_bs_g_4771387031_d_sccl_3/522-4724523-7365803?psc=1,"https://images-eu.ssl-images-amazon.com/images/I/61uS1ezu43L._AC_UL300_SR300,200_.jpg","{""title"": ""Foodie Puppies Cat Teaser Playing Stick Wooden Cat Wand Toy for Cats and Kittens - (Mouse-Bell - 40cm), Interactive Feather T"", ""url"": ""https://www.amazon.in/Foodie-Puppies-Playing-Feather-Interactive/dp/B07YTTHSFV/ref=zg_bs_g_4771387031_d_sccl_3/522-4724523-7365803?psc=1"", ""category_key"": ""cat_toys""}"
2026-07-07,2026-07-07T16:17:53.591671,in,Cat Toys,,3,3,B07X2WNZ8W,"Pawzone Interactive Cat Toys Roller, Spring Cat Toys with Catnip, Kitten Tracks, Pet Toy with Moving Balls Teaser Mouse Exerc",Pawzone,263.0,263.0,0,4.0,8920,0,0,https://www.amazon.in/Pawzone-Interactive-Roller-Spring-Exercise/dp/B07X2WNZ8W/ref=zg_bs_g_4771387031_d_sccl_4/522-4724523-7365803?psc=1,"https://images-eu.ssl-images-amazon.com/images/I/71C2Gt6x38L._AC_UL300_SR300,200_.jpg","{""title"": ""Pawzone Interactive Cat Toys Roller, Spring Cat Toys with Catnip, Kitten Tracks, Pet Toy with Moving Balls Teaser Mouse Exerc"", ""url"": ""https://www.amazon.in/Pawzone-Interactive-Roller-Spring-Exercise/dp/B07X2WNZ8W/ref=zg_bs_g_4771387031_d_sccl_4/522-4724523-7365803?psc=1"", ""category_key"": ""cat_toys""}"
2026-07-07,2026-07-07T16:17:53.591671,in,Cat Toys,,4,4,B0D3VBB7P5,Foodie Puppies 3 in 1 USB Laser Pointer Cat Teasing Toy with 5 Adjustable Patterns I Pet Chaser Tease Stick Pointer Toys for,Foodie,451.0,451.0,0,4.2,314,0,0,https://www.amazon.in/Foodie-Puppies-Toy-Laser-Light/dp/B0D3VBB7P5/ref=zg_bs_g_4771387031_d_sccl_6/522-4724523-7365803?psc=1,"https://images-eu.ssl-images-amazon.com/images/I/61YP5yytwtL._AC_UL300_SR300,200_.jpg","{""title"": ""Foodie Puppies 3 in 1 USB Laser Pointer Cat Teasing Toy with 5 Adjustable Patterns I Pet Chaser Tease Stick Pointer Toys for"", ""url"": ""https://www.amazon.in/Foodie-Puppies-Toy-Laser-Light/dp/B0D3VBB7P5/ref=zg_bs_g_4771387031_d_sccl_6/522-4724523-7365803?psc=1"", ""category_key"": ""cat_toys""}"
2026-07-07,2026-07-07T16:17:53.591671,in,Cat Toys,,5,5,B07HRV7HKM,"JIARON Feather Teaser Cat Toy, 2PCS Retractable Wand & 10PCS Replacement Feathers, Interactive Cat Catcher & Exercise for Kit",JIARON,399.0,399.0,0,4.5,13986,0,0,https://www.amazon.in/Feather-Retractable-Refills-Interactive-Exercise/dp/B07HRV7HKM/ref=zg_bs_g_4771387031_d_sccl_7/522-4724523-7365803?psc=1,"https://images-eu.ssl-images-amazon.com/images/I/61YvOkRTp5L._AC_UL300_SR300,200_.jpg","{""title"": ""JIARON Feather Teaser Cat Toy, 2PCS Retractable Wand & 10PCS Replacement Feathers, Interactive Cat Catcher & Exercise for Kit"", ""url"": ""https://www.amazon.in/Feather-Retractable-Refills-Interactive-Exercise/dp/B07HRV7HKM/ref=zg_bs_g_4771387031_d_sccl_7/522-4724523-7365803?psc=1"", ""category_key"": ""cat_toys""}"
2026-07-07,2026-07-07T16:17:53.591671,in,Cat Toys,,6,6,B08957MT2B,Foodie Puppies Cat Happy Circle with Ball Bell and Feather Mouse Attached for Cats and Kittens (Color May Vary) | Interactive,Foodie,270.0,270.0,0,4.0,1454,0,0,https://www.amazon.in/Foodie-Puppies-Exercises-Satisfy-Instinct/dp/B08957MT2B/ref=zg_bs_g_4771387031_d_sccl_8/522-4724523-7365803?psc=1,"https://images-eu.ssl-images-amazon.com/images/I/61eLykKOMmL._AC_UL300_SR300,200_.jpg","{""title"": ""Foodie Puppies Cat Happy Circle with Ball Bell and Feather Mouse Attached for Cats and Kittens (Color May Vary) | Interactive"", ""url"": ""https://www.amazon.in/Foodie-Puppies-Exercises-Satisfy-Instinct/dp/B08957MT2B/ref=zg_bs_g_4771387031_d_sccl_8/522-4724523-7365803?psc=1"", ""category_key"": ""cat_toys""}"
2026-07-07,2026-07-07T16:17:53.591671,in,Cat Toys,,7,7,B08W34HMF7,"Foodie Puppies Interactive Lightweight Foldable T-Shape Tube Hiding Tunnel with Hanging Ball - Perfect for Small Cats, Kitten",Foodie,499.0,499.0,0,4.4,328,0,0,https://www.amazon.in/Foodie-Puppies-Interactive-Foldable-Hanging/dp/B08W34HMF7/ref=zg_bs_g_4771387031_d_sccl_9/522-4724523-7365803?psc=1,"https://images-eu.ssl-images-amazon.com/images/I/71aPwXyE28L._AC_UL300_SR300,200_.jpg","{""title"": ""Foodie Puppies Interactive Lightweight Foldable T-Shape Tube Hiding Tunnel with Hanging Ball - Perfect for Small Cats, Kitten"", ""url"": ""https://www.amazon.in/Foodie-Puppies-Interactive-Foldable-Hanging/dp/B08W34HMF7/ref=zg_bs_g_4771387031_d_sccl_9/522-4724523-7365803?psc=1"", ""category_key"": ""cat_toys""}"
2026-07-07,2026-07-07T16:17:53.591671,in,Cat Toys,,8,8,B0GXDPLT3F,Pawbabas Cat Ball Launcher | Launcher with Soft Plush Balls Silent Smart Play Toy Shooting Toy Funny Interactive Cat Toys for,Pawbabas,299.0,299.0,0,5.0,4,0,0,https://www.amazon.in/Pawbabas-Launcher-Shooting-Interactive-Training/dp/B0GXDPLT3F/ref=zg_bs_g_4771387031_d_sccl_10/522-4724523-7365803?psc=1,"https://images-eu.ssl-images-amazon.com/images/I/71mOxph8LJL._AC_UL300_SR300,200_.jpg","{""title"": ""Pawbabas Cat Ball Launcher | Launcher with Soft Plush Balls Silent Smart Play Toy Shooting Toy Funny Interactive Cat Toys for"", ""url"": ""https://www.amazon.in/Pawbabas-Launcher-Shooting-Interactive-Training/dp/B0GXDPLT3F/ref=zg_bs_g_4771387031_d_sccl_10/522-4724523-7365803?psc=1"", ""category_key"": ""cat_toys""}"
2026-07-07,2026-07-07T16:17:53.591671,in,Cat Toys,,9,9,B0BQBDD7ZB,RvPaws Mouse Toy - 6 Pieces Cats Mouse Plush Cat Toys Realistic Cute Kitten Mice Filled Polyfill Rat for Cat,RvPaws,262.0,262.0,0,4.0,508,0,0,https://www.amazon.in/RvPaws-Mouse-Toy-Realistic-Polyfill/dp/B0BQBDD7ZB/ref=zg_bs_g_4771387031_d_sccl_11/522-4724523-7365803?psc=1,"https://images-eu.ssl-images-amazon.com/images/I/71jajvVicTL._AC_UL300_SR300,200_.jpg","{""title"": ""RvPaws Mouse Toy - 6 Pieces Cats Mouse Plush Cat Toys Realistic Cute Kitten Mice Filled Polyfill Rat for Cat"", ""url"": ""https://www.amazon.in/RvPaws-Mouse-Toy-Realistic-Polyfill/dp/B0BQBDD7ZB/ref=zg_bs_g_4771387031_d_sccl_11/522-4724523-7365803?psc=1"", ""category_key"": ""cat_toys""}"
2026-07-07,2026-07-07T16:17:53.591671,in,Cat Toys,,10,10,B0CCXG2LCL,"Qpets® Cat Toys for Persian Cat, Interactive Cats Teaser Wand Toys for Kitten with Bell & Feather, Sticky Suction Cup Base El",Qpets®,257.0,257.0,0,3.9,915,0,0,https://www.amazon.in/Fixable-Interactive-Suction-Elastic-Kittens/dp/B0CCXG2LCL/ref=zg_bs_g_4771387031_d_sccl_12/522-4724523-7365803?psc=1,"https://images-eu.ssl-images-amazon.com/images/I/51mTv4RO3kL._AC_UL300_SR300,200_.jpg","{""title"": ""Qpets\u00ae Cat Toys for Persian Cat, Interactive Cats Teaser Wand Toys for Kitten with Bell & Feather, Sticky Suction Cup Base El"", ""url"": ""https://www.amazon.in/Fixable-Interactive-Suction-Elastic-Kittens/dp/B0CCXG2LCL/ref=zg_bs_g_4771387031_d_sccl_12/522-4724523-7365803?psc=1"", ""category_key"": ""cat_toys""}"
2026-07-07,2026-07-07T16:17:53.591671,in,Cat Toys,,11,11,B0BL74JZWF,"Qpets® Cat Teaser Toy,11 Pcs Cats Toys Set with 2 Retractable Teaser Wand & 5 Feather Teaser & 4 Worm Teaser for Kitten to Pl",Qpets®,524.0,524.0,0,4.3,118,0,0,https://www.amazon.in/Qpets%C2%AE-Retractable-Feather-Interactive-Exercise/dp/B0BL74JZWF/ref=zg_bs_g_4771387031_d_sccl_13/522-4724523-7365803?psc=1,"https://images-eu.ssl-images-amazon.com/images/I/61VX2hT1NOL._AC_UL300_SR300,200_.jpg","{""title"": ""Qpets\u00ae Cat Teaser Toy,11 Pcs Cats Toys Set with 2 Retractable Teaser Wand & 5 Feather Teaser & 4 Worm Teaser for Kitten to Pl"", ""url"": ""https://www.amazon.in/Qpets%C2%AE-Retractable-Feather-Interactive-Exercise/dp/B0BL74JZWF/ref=zg_bs_g_4771387031_d_sccl_13/522-4724523-7365803?psc=1"", ""category_key"": ""cat_toys""}"
2026-07-07,2026-07-07T16:17:53.591671,in,Cat Toys,,12,12,B0FX9ZHS2R,Foodie Puppies Colorful Cat Tunnel Toy for Indoor Cats (Slither Tunnel) | Foldable Interactive Play Tunnel with Peek Hole & H,Foodie,490.0,490.0,0,4.7,7,0,0,https://www.amazon.in/Foodie-Puppies-Cat-Tunnel-Slither/dp/B0FX9ZHS2R/ref=zg_bs_g_4771387031_d_sccl_15/522-4724523-7365803?psc=1,"https://images-eu.ssl-images-amazon.com/images/I/71X7ypHMwxL._AC_UL300_SR300,200_.jpg","{""title"": ""Foodie Puppies Colorful Cat Tunnel Toy for Indoor Cats (Slither Tunnel) | Foldable Interactive Play Tunnel with Peek Hole & H"", ""url"": ""https://www.amazon.in/Foodie-Puppies-Cat-Tunnel-Slither/dp/B0FX9ZHS2R/ref=zg_bs_g_4771387031_d_sccl_15/522-4724523-7365803?psc=1"", ""category_key"": ""cat_toys""}"
2026-07-07,2026-07-07T16:17:53.591671,in,Cat Toys,,13,13,B09X29KMWB,Sunkizzrs® Cat Toys - Interactive Toy Set with Retractable Teaser Wands and Feather Toys - Activity Toys to Exercise Cats and,Sunkizzrs®,299.0,299.0,0,4.1,171,0,0,https://www.amazon.in/Sunkizzrs%C2%AE-Cat-Toys-Interactive-Retractable/dp/B09X29KMWB/ref=zg_bs_g_4771387031_d_sccl_16/522-4724523-7365803?psc=1,"https://images-eu.ssl-images-amazon.com/images/I/71qhW3MptBL._AC_UL300_SR300,200_.jpg","{""title"": ""Sunkizzrs\u00ae Cat Toys - Interactive Toy Set with Retractable Teaser Wands and Feather Toys - Activity Toys to Exercise Cats and"", ""url"": ""https://www.amazon.in/Sunkizzrs%C2%AE-Cat-Toys-Interactive-Retractable/dp/B09X29KMWB/ref=zg_bs_g_4771387031_d_sccl_16/522-4724523-7365803?psc=1"", ""category_key"": ""cat_toys""}"
2026-07-07,2026-07-07T16:17:53.591671,in,Cat Toys,,14,14,B0CZTWK5T3,BarkButler x FOFOS Retractable Cat Worm Teaser - Interactive Cat Toys with Catnip - Cat Teaser Toy Set - Multicoloured,BarkButler,330.0,330.0,0,4.2,733,0,0,https://www.amazon.in/BarkButler-FOFOS-Cat-Toys-Accessories/dp/B0CZTWK5T3/ref=zg_bs_g_4771387031_d_sccl_18/522-4724523-7365803?psc=1,"https://images-eu.ssl-images-amazon.com/images/I/71W9h5S6ivL._AC_UL300_SR300,200_.jpg","{""title"": ""BarkButler x FOFOS Retractable Cat Worm Teaser - Interactive Cat Toys with Catnip - Cat Teaser Toy Set - Multicoloured"", ""url"": ""https://www.amazon.in/BarkButler-FOFOS-Cat-Toys-Accessories/dp/B0CZTWK5T3/ref=zg_bs_g_4771387031_d_sccl_18/522-4724523-7365803?psc=1"", ""category_key"": ""cat_toys""}"
2026-07-07,2026-07-07T16:17:53.591671,in,Cat Toys,,15,15,B09ZFRZ7LW,"Qpets® Cat Chasing Toy, USB Laser Pointer for Chasing Interactive Cat Toy 3 in 1 Laser Pen Checking Cat Skin/White Light Illu",Qpets®,458.0,458.0,0,4.2,595,0,0,https://www.amazon.in/Chasing-Interactive-Checking-Illumination-Patterns/dp/B09ZFRZ7LW/ref=zg_bs_g_4771387031_d_sccl_19/522-4724523-7365803?psc=1,"https://images-eu.ssl-images-amazon.com/images/I/51M026isFkL._AC_UL300_SR300,200_.jpg","{""title"": ""Qpets\u00ae Cat Chasing Toy, USB Laser Pointer for Chasing Interactive Cat Toy 3 in 1 Laser Pen Checking Cat Skin/White Light Illu"", ""url"": ""https://www.amazon.in/Chasing-Interactive-Checking-Illumination-Patterns/dp/B09ZFRZ7LW/ref=zg_bs_g_4771387031_d_sccl_19/522-4724523-7365803?psc=1"", ""category_key"": ""cat_toys""}"
2026-07-07,2026-07-07T16:17:53.591671,in,Cat Toys,,16,16,B0CVV3DXPL,Foodie Puppies Interactive Cat Teasing Wand - (Rattle Ball Teaser) for Cats and Kittens | Wooden Teaser with Stringed Feather,Foodie,150.0,150.0,0,4.2,331,0,0,https://www.amazon.in/Foodie-Puppies-Interactive-Cat-Teasing/dp/B0CVV3DXPL/ref=zg_bs_g_4771387031_d_sccl_20/522-4724523-7365803?psc=1,"https://images-eu.ssl-images-amazon.com/images/I/719matslUUL._AC_UL300_SR300,200_.jpg","{""title"": ""Foodie Puppies Interactive Cat Teasing Wand - (Rattle Ball Teaser) for Cats and Kittens | Wooden Teaser with Stringed Feather"", ""url"": ""https://www.amazon.in/Foodie-Puppies-Interactive-Cat-Teasing/dp/B0CVV3DXPL/ref=zg_bs_g_4771387031_d_sccl_20/522-4724523-7365803?psc=1"", ""category_key"": ""cat_toys""}"
2026-07-07,2026-07-07T16:17:53.591671,in,Cat Toys,,17,17,B0FP2CFJY9,"Aeenioy Cat Toys, Hanging Spring Toys for Cats, Interactive Cat Playing Toy with Feathers and Crinkle Paper, Kitten Toys for",Aeenioy,299.0,299.0,0,4.0,34,0,0,https://www.amazon.in/Aeenioy-Hanging-Interactive-Playing-Feathers/dp/B0FP2CFJY9/ref=zg_bs_g_4771387031_d_sccl_21/522-4724523-7365803?psc=1,"https://images-eu.ssl-images-amazon.com/images/I/61DcyU9AsFL._AC_UL300_SR300,200_.jpg","{""title"": ""Aeenioy Cat Toys, Hanging Spring Toys for Cats, Interactive Cat Playing Toy with Feathers and Crinkle Paper, Kitten Toys for"", ""url"": ""https://www.amazon.in/Aeenioy-Hanging-Interactive-Playing-Feathers/dp/B0FP2CFJY9/ref=zg_bs_g_4771387031_d_sccl_21/522-4724523-7365803?psc=1"", ""category_key"": ""cat_toys""}"
2026-07-07,2026-07-07T16:17:53.591671,in,Cat Toys,,18,18,B0FX523DS6,"Foodie Puppies Interactive Plastic Coil Spring Cat Toys (Pack of 5) for Cats & Kittens | Colorful, Flexible Toys for Indoor P",Foodie,99.0,99.0,0,3.6,87,0,0,https://www.amazon.in/Foodie-Puppies-Interactive-Spring-Colorful/dp/B0FX523DS6/ref=zg_bs_g_4771387031_d_sccl_22/522-4724523-7365803?psc=1,"https://images-eu.ssl-images-amazon.com/images/I/81eWrd0T92L._AC_UL300_SR300,200_.jpg","{""title"": ""Foodie Puppies Interactive Plastic Coil Spring Cat Toys (Pack of 5) for Cats & Kittens | Colorful, Flexible Toys for Indoor P"", ""url"": ""https://www.amazon.in/Foodie-Puppies-Interactive-Spring-Colorful/dp/B0FX523DS6/ref=zg_bs_g_4771387031_d_sccl_22/522-4724523-7365803?psc=1"", ""category_key"": ""cat_toys""}"
2026-07-07,2026-07-07T16:17:53.591671,in,Cat Toys,,19,19,B0DX6Z4MRD,"MDM HUB Interactive Cat Ball Toy with Rope Tail, Smart Rolling Ball for Indoor Cats and Dogs (Multicolor)",MDM,129.0,129.0,0,3.8,121,0,0,https://www.amazon.in/MDM-HUB-Interactive-Rolling-Multicolor/dp/B0DX6Z4MRD/ref=zg_bs_g_4771387031_d_sccl_23/522-4724523-7365803?psc=1,"https://images-eu.ssl-images-amazon.com/images/I/61MuKq3GQCL._AC_UL300_SR300,200_.jpg","{""title"": ""MDM HUB Interactive Cat Ball Toy with Rope Tail, Smart Rolling Ball for Indoor Cats and Dogs (Multicolor)"", ""url"": ""https://www.amazon.in/MDM-HUB-Interactive-Rolling-Multicolor/dp/B0DX6Z4MRD/ref=zg_bs_g_4771387031_d_sccl_23/522-4724523-7365803?psc=1"", ""category_key"": ""cat_toys""}"
2026-07-07,2026-07-07T16:17:53.591671,in,Cat Toys,,20,20,B0GY99F8TT,Sunkizzrs® Silvervine Stick 3-Pcs (Φ1 x 21cm) with Sisal Rope & Gall Fruit & Raffia Palm —Matatabi Stick for Cat Teeth Cleani,Sunkizzrs®,299.0,299.0,0,4.0,125,0,0,https://www.amazon.in/Sunkizzrs%C2%AE-Silvervine-Stick-Matatabi-Interactive/dp/B0GY99F8TT/ref=zg_bs_g_4771387031_d_sccl_24/522-4724523-7365803?psc=1,"https://images-eu.ssl-images-amazon.com/images/I/71xvtqzz68L._AC_UL300_SR300,200_.jpg","{""title"": ""Sunkizzrs\u00ae Silvervine Stick 3-Pcs (\u03a61 x 21cm) with Sisal Rope & Gall Fruit & Raffia Palm \u2014Matatabi Stick for Cat Teeth Cleani"", ""url"": ""https://www.amazon.in/Sunkizzrs%C2%AE-Silvervine-Stick-Matatabi-Interactive/dp/B0GY99F8TT/ref=zg_bs_g_4771387031_d_sccl_24/522-4724523-7365803?psc=1"", ""category_key"": ""cat_toys""}"
2026-07-07,2026-07-07T16:17:53.591671,in,Cat Toys,,21,21,B0GLNYGXRV,"Kapiance Rolings Toy, Interactives Toy Electric 360° Smart Automatic Rollings Pet Balls Interactives Rollings for Cat and Dog",Kapiance,205.0,205.0,0,5.0,6,0,0,https://www.amazon.in/Kapiance-Toy-Interactives-Automatic-Pet/dp/B0GLNYGXRV/ref=zg_bs_g_4771387031_d_sccl_25/522-4724523-7365803?psc=1,"https://images-eu.ssl-images-amazon.com/images/I/61kY9EygIdL._AC_UL300_SR300,200_.jpg","{""title"": ""Kapiance Rolings Toy, Interactives Toy Electric 360\u00b0 Smart Automatic Rollings Pet Balls Interactives Rollings for Cat and Dog"", ""url"": ""https://www.amazon.in/Kapiance-Toy-Interactives-Automatic-Pet/dp/B0GLNYGXRV/ref=zg_bs_g_4771387031_d_sccl_25/522-4724523-7365803?psc=1"", ""category_key"": ""cat_toys""}"
2026-07-07,2026-07-07T16:17:53.591671,in,Cat Toys,,22,22,B0FHH3MY6Z,"Kipenzi Cat Kicker Plush Toy Set for Cats & Kittens | Soft, Colorful & Lightweight Toys with Catnip fillable Pocket | Non-Squ",Kipenzi,376.0,376.0,0,4.1,18,0,0,https://www.amazon.in/Kipenzi-Colorful-Lightweight-fillable-Non-Squeaky/dp/B0FHH3MY6Z/ref=zg_bs_g_4771387031_d_sccl_26/522-4724523-7365803?psc=1,"https://images-eu.ssl-images-amazon.com/images/I/61DWAhYIplL._AC_UL300_SR300,200_.jpg","{""title"": ""Kipenzi Cat Kicker Plush Toy Set for Cats & Kittens | Soft, Colorful & Lightweight Toys with Catnip fillable Pocket | Non-Squ"", ""url"": ""https://www.amazon.in/Kipenzi-Colorful-Lightweight-fillable-Non-Squeaky/dp/B0FHH3MY6Z/ref=zg_bs_g_4771387031_d_sccl_26/522-4724523-7365803?psc=1"", ""category_key"": ""cat_toys""}"
2026-07-07,2026-07-07T16:17:53.591671,in,Cat Toys,,23,23,B0GVS76CLW,HIK FASHION Interactive Cat Toy for Indoor Cats | Automatic Moving Mouse Toy with Light-Up Tail | Smart Electric Chasing Toy,HIK,218.0,218.0,0,3.7,195,0,0,https://www.amazon.in/HIK-FASHION-Interactive-Automatic-Light-Up/dp/B0GVS76CLW/ref=zg_bs_g_4771387031_d_sccl_27/522-4724523-7365803?psc=1,"https://images-eu.ssl-images-amazon.com/images/I/51HTQsf31VL._AC_UL300_SR300,200_.jpg","{""title"": ""HIK FASHION Interactive Cat Toy for Indoor Cats | Automatic Moving Mouse Toy with Light-Up Tail | Smart Electric Chasing Toy"", ""url"": ""https://www.amazon.in/HIK-FASHION-Interactive-Automatic-Light-Up/dp/B0GVS76CLW/ref=zg_bs_g_4771387031_d_sccl_27/522-4724523-7365803?psc=1"", ""category_key"": ""cat_toys""}"
2026-07-07,2026-07-07T16:17:53.591671,in,Cat Toys,,24,24,B0FH1FCHT1,"Qpets® USB Cat Toy Electric Jumping Colorful Caterpillar Feather Teaser Toy, Detachable Door Hanging with Self Adhesive Backi",Qpets®,632.0,632.0,0,3.4,19,0,0,https://www.amazon.in/Electric-Colorful-Caterpillar-Detachable-Adhesive/dp/B0FH1FCHT1/ref=zg_bs_g_4771387031_d_sccl_28/522-4724523-7365803?psc=1,"https://images-eu.ssl-images-amazon.com/images/I/51lOs9yhYVL._AC_UL300_SR300,200_.jpg","{""title"": ""Qpets\u00ae USB Cat Toy Electric Jumping Colorful Caterpillar Feather Teaser Toy, Detachable Door Hanging with Self Adhesive Backi"", ""url"": ""https://www.amazon.in/Electric-Colorful-Caterpillar-Detachable-Adhesive/dp/B0FH1FCHT1/ref=zg_bs_g_4771387031_d_sccl_28/522-4724523-7365803?psc=1"", ""category_key"": ""cat_toys""}"
2026-07-07,2026-07-07T16:17:53.591671,in,Cat Toys,,25,25,B0FCVXYL7X,Interactive Cat Toy – Smart Toys for Cats & Kittens – Toy for Indoor Play – Pet Toy for Exercise (Orange),Interactive,279.0,279.0,0,4.0,78,0,0,https://www.amazon.in/Interactive-Cat-Toy-Ball-Rechargeable/dp/B0FCVXYL7X/ref=zg_bs_g_4771387031_d_sccl_29/522-4724523-7365803?psc=1,"https://images-eu.ssl-images-amazon.com/images/I/61kIXP6zi6L._AC_UL300_SR300,200_.jpg","{""title"": ""Interactive Cat Toy \u2013 Smart Toys for Cats & Kittens \u2013 Toy for Indoor Play \u2013 Pet Toy for Exercise (Orange)"", ""url"": ""https://www.amazon.in/Interactive-Cat-Toy-Ball-Rechargeable/dp/B0FCVXYL7X/ref=zg_bs_g_4771387031_d_sccl_29/522-4724523-7365803?psc=1"", ""category_key"": ""cat_toys""}"
2026-07-07,2026-07-07T16:17:53.591671,in,Pet Grooming,,1,1,B073RVF88P,Himalaya Erina-EP Shampoo | 200 ml | Tick & Flea Control for Dogs & Cats | with Neem & Eucalyptus for Skin Health & Hygiene,Himalaya,235.0,235.0,0,4.4,4893,0,0,https://www.amazon.in/Himalaya-Improves-Irritation-Eucalyptus-Effective/dp/B073RVF88P/ref=zg_bs_g_4771396031_d_sccl_1/522-4724523-7365803?psc=1,"https://images-eu.ssl-images-amazon.com/images/I/51UYPTXkUhL._AC_UL300_SR300,200_.jpg","{""title"": ""Himalaya Erina-EP Shampoo | 200 ml | Tick & Flea Control for Dogs & Cats | with Neem & Eucalyptus for Skin Health & Hygiene"", ""url"": ""https://www.amazon.in/Himalaya-Improves-Irritation-Eucalyptus-Effective/dp/B073RVF88P/ref=zg_bs_g_4771396031_d_sccl_1/522-4724523-7365803?psc=1"", ""category_key"": ""grooming""}"
2026-07-07,2026-07-07T16:17:53.591671,in,Pet Grooming,,2,2,B0DBHWMFVW,"P for PET Grooming Wet Wipes 300 Count(Pack of 3) for Dogs, Cats & All Pets | Purified Water, Glycerin |Anti-Bacterial|Cleans",P,273.0,273.0,0,4.4,910,0,0,https://www.amazon.in/PET-Grooming-Anti-Bacterial-Cleansing-Deodorising/dp/B0DBHWMFVW/ref=zg_bs_g_4771396031_d_sccl_2/522-4724523-7365803?psc=1,"https://images-eu.ssl-images-amazon.com/images/I/81xU7fjrNcL._AC_UL300_SR300,200_.jpg","{""title"": ""P for PET Grooming Wet Wipes 300 Count(Pack of 3) for Dogs, Cats & All Pets | Purified Water, Glycerin |Anti-Bacterial|Cleans"", ""url"": ""https://www.amazon.in/PET-Grooming-Anti-Bacterial-Cleansing-Deodorising/dp/B0DBHWMFVW/ref=zg_bs_g_4771396031_d_sccl_2/522-4724523-7365803?psc=1"", ""category_key"": ""grooming""}"
2026-07-07,2026-07-07T16:17:53.591671,in,Pet Grooming,,3,3,B0CBX4MPG5,"Pil Neem Plus Herbal Pet Shampoo 1000ml | Puppy Safe | Anti-Fungal, Anti-Ticks and Fleas, Antibacterial, Antiseptic & pH Bala",Pil,439.0,439.0,0,4.2,2821,0,0,https://www.amazon.in/Anti-Fungal-Antibacterial-Antiseptic-Balanced-Cleansing/dp/B0CBX4MPG5/ref=zg_bs_g_4771396031_d_sccl_3/522-4724523-7365803?psc=1,"https://images-eu.ssl-images-amazon.com/images/I/61Isgz9RKoL._AC_UL300_SR300,200_.jpg","{""title"": ""Pil Neem Plus Herbal Pet Shampoo 1000ml | Puppy Safe | Anti-Fungal, Anti-Ticks and Fleas, Antibacterial, Antiseptic & pH Bala"", ""url"": ""https://www.amazon.in/Anti-Fungal-Antibacterial-Antiseptic-Balanced-Cleansing/dp/B0CBX4MPG5/ref=zg_bs_g_4771396031_d_sccl_3/522-4724523-7365803?psc=1"", ""category_key"": ""grooming""}"
2026-07-07,2026-07-07T16:17:53.591671,in,Pet Grooming,,4,4,B0B6SQX234,"Foodie Puppies Pet Hair Remover Lint Roller with Handle and 4 Refills (300 Sheets), Hair Remover for Dogs and Cats, Ideal for",Foodie,299.0,299.0,0,4.4,1816,0,0,https://www.amazon.in/Foodie-Puppies-Lint-Roller-Furniture/dp/B0B6SQX234/ref=zg_bs_g_4771396031_d_sccl_4/522-4724523-7365803?psc=1,"https://images-eu.ssl-images-amazon.com/images/I/81rIyUb9UAL._AC_UL300_SR300,200_.jpg","{""title"": ""Foodie Puppies Pet Hair Remover Lint Roller with Handle and 4 Refills (300 Sheets), Hair Remover for Dogs and Cats, Ideal for"", ""url"": ""https://www.amazon.in/Foodie-Puppies-Lint-Roller-Furniture/dp/B0B6SQX234/ref=zg_bs_g_4771396031_d_sccl_4/522-4724523-7365803?psc=1"", ""category_key"": ""grooming""}"
2026-07-07,2026-07-07T16:17:53.591671,in,Pet Grooming,,5,5,B0B34TC2ZM,"PUPPEE Wipe ME 100% Biodegradable 96 Count (Pack of 2) Wet Wipes for Dogs, Cats & All Pets | Lavender Essential, Vitamin E &",PUPPEE,189.0,189.0,0,4.5,3008,0,0,https://www.amazon.in/PUPPEE-Biodegradable-Anti-Bacterial-Hypoallergic-Deodorising/dp/B0B34TC2ZM/ref=zg_bs_g_4771396031_d_sccl_5/522-4724523-7365803?psc=1,"https://images-eu.ssl-images-amazon.com/images/I/71dDrG6kN-L._AC_UL300_SR300,200_.jpg","{""title"": ""PUPPEE Wipe ME 100% Biodegradable 96 Count (Pack of 2) Wet Wipes for Dogs, Cats & All Pets | Lavender Essential, Vitamin E &"", ""url"": ""https://www.amazon.in/PUPPEE-Biodegradable-Anti-Bacterial-Hypoallergic-Deodorising/dp/B0B34TC2ZM/ref=zg_bs_g_4771396031_d_sccl_5/522-4724523-7365803?psc=1"", ""category_key"": ""grooming""}"
2026-07-07,2026-07-07T16:17:53.591671,in,Pet Grooming,,6,6,B0CV55MWXK,Amazon Basics Self Cleaning Slicker Pet Grooming Brush | Dogs and Cats | Rectangular Shape | Blue,Amazon,239.0,239.0,0,4.1,1950,0,0,https://www.amazon.in/Cleaning-Slicker-Grooming-Suitable-Rectangular/dp/B0CV55MWXK/ref=zg_bs_g_4771396031_d_sccl_6/522-4724523-7365803?psc=1,"https://images-eu.ssl-images-amazon.com/images/I/71iWJiqLLLL._AC_UL300_SR300,200_.jpg","{""title"": ""Amazon Basics Self Cleaning Slicker Pet Grooming Brush | Dogs and Cats | Rectangular Shape | Blue"", ""url"": ""https://www.amazon.in/Cleaning-Slicker-Grooming-Suitable-Rectangular/dp/B0CV55MWXK/ref=zg_bs_g_4771396031_d_sccl_6/522-4724523-7365803?psc=1"", ""category_key"": ""grooming""}"
2026-07-07,2026-07-07T16:17:53.591671,in,Pet Grooming,,7,7,B08FJ655HL,"Depets Self Cleaning Slicker Brush, Pet Grooming Shedding Brush for Dogs and Cats - Easy to Remove Loose Undercoat, Pet Massa",Depets,149.0,149.0,0,4.3,20680,0,0,https://www.amazon.in/Depets-Cleaning-Slicker-Grooming-Shedding/dp/B08FJ655HL/ref=zg_bs_g_4771396031_d_sccl_7/522-4724523-7365803?psc=1,"https://images-eu.ssl-images-amazon.com/images/I/61qjyzM3+BL._AC_UL300_SR300,200_.jpg","{""title"": ""Depets Self Cleaning Slicker Brush, Pet Grooming Shedding Brush for Dogs and Cats - Easy to Remove Loose Undercoat, Pet Massa"", ""url"": ""https://www.amazon.in/Depets-Cleaning-Slicker-Grooming-Shedding/dp/B08FJ655HL/ref=zg_bs_g_4771396031_d_sccl_7/522-4724523-7365803?psc=1"", ""category_key"": ""grooming""}"
2026-07-07,2026-07-07T16:17:53.591671,in,Pet Grooming,,8,8,B0CVXSS7H5,"Bscly Neem Dog Shampoo 1000ml | Anti Tick & Flea Shampoo for Dogs | Neem, Aloe & Coconut Oil | Dog Shampoo for Itchy Skin, Ha",Bscly,388.0,388.0,0,4.2,1022,0,0,https://www.amazon.in/Bscly-Neem-Herbal-Shampoo-1000Ml/dp/B0CVXSS7H5/ref=zg_bs_g_4771396031_d_sccl_9/522-4724523-7365803?psc=1,"https://images-eu.ssl-images-amazon.com/images/I/51pEe4CvsUL._AC_UL300_SR300,200_.jpg","{""title"": ""Bscly Neem Dog Shampoo 1000ml | Anti Tick & Flea Shampoo for Dogs | Neem, Aloe & Coconut Oil | Dog Shampoo for Itchy Skin, Ha"", ""url"": ""https://www.amazon.in/Bscly-Neem-Herbal-Shampoo-1000Ml/dp/B0CVXSS7H5/ref=zg_bs_g_4771396031_d_sccl_9/522-4724523-7365803?psc=1"", ""category_key"": ""grooming""}"
2026-07-07,2026-07-07T16:17:53.591671,in,Pet Grooming,,9,9,B09XMWR6TH,"SOFTSPUN Microfiber Pet Towel 60x120 cms 1pcs 380gsm Grey! Ultra-Soft, Ultra-Absorbent for Drying Small & Medium Dogs & Cats",SOFTSPUN,299.0,299.0,0,4.5,834,0,0,https://www.amazon.in/SOFTSPUN-Microfiber-Ultra-Soft-Ultra-Absorbent-Quickly/dp/B09XMWR6TH/ref=zg_bs_g_4771396031_d_sccl_10/522-4724523-7365803?psc=1,"https://images-eu.ssl-images-amazon.com/images/I/71H5Z7R5ErL._AC_UL300_SR300,200_.jpg","{""title"": ""SOFTSPUN Microfiber Pet Towel 60x120 cms 1pcs 380gsm Grey! Ultra-Soft, Ultra-Absorbent for Drying Small & Medium Dogs & Cats"", ""url"": ""https://www.amazon.in/SOFTSPUN-Microfiber-Ultra-Soft-Ultra-Absorbent-Quickly/dp/B09XMWR6TH/ref=zg_bs_g_4771396031_d_sccl_10/522-4724523-7365803?psc=1"", ""category_key"": ""grooming""}"
2026-07-07,2026-07-07T16:17:53.591671,in,Pet Grooming,,10,10,B088PWQ9XB,"Foodie Puppies Anti-Bacterial 200 Pulls Pet Wet Wipes (Fresh Apple) - 100 Wipes (Pack of 2) | Grooming Wipes for Dogs, Puppie",Foodie,249.0,249.0,0,4.3,3412,0,0,https://www.amazon.in/Foodie-Puppies-Wipes-Fresh-Apple/dp/B088PWQ9XB/ref=zg_bs_g_4771396031_d_sccl_11/522-4724523-7365803?psc=1,"https://images-eu.ssl-images-amazon.com/images/I/71yoToG61DL._AC_UL300_SR300,200_.jpg","{""title"": ""Foodie Puppies Anti-Bacterial 200 Pulls Pet Wet Wipes (Fresh Apple) - 100 Wipes (Pack of 2) | Grooming Wipes for Dogs, Puppie"", ""url"": ""https://www.amazon.in/Foodie-Puppies-Wipes-Fresh-Apple/dp/B088PWQ9XB/ref=zg_bs_g_4771396031_d_sccl_11/522-4724523-7365803?psc=1"", ""category_key"": ""grooming""}"
2026-07-07,2026-07-07T16:17:53.591671,in,Pet Grooming,,11,11,B00P7PR4F2,Himalaya Erina Coat Cleanser | 450 ml | Routine Bathing & Skin Hygiene | With Neem for Dandruff & Itch Relief,Himalaya,407.0,407.0,0,4.3,3114,0,0,https://www.amazon.in/Himalaya-Erina-Coat-Cleanser-450/dp/B00P7PR4F2/ref=zg_bs_g_4771396031_d_sccl_12/522-4724523-7365803?psc=1,"https://images-eu.ssl-images-amazon.com/images/I/41c1RwLGEDL._AC_UL300_SR300,200_.jpg","{""title"": ""Himalaya Erina Coat Cleanser | 450 ml | Routine Bathing & Skin Hygiene | With Neem for Dandruff & Itch Relief"", ""url"": ""https://www.amazon.in/Himalaya-Erina-Coat-Cleanser-450/dp/B00P7PR4F2/ref=zg_bs_g_4771396031_d_sccl_12/522-4724523-7365803?psc=1"", ""category_key"": ""grooming""}"
2026-07-07,2026-07-07T16:17:53.591671,in,Pet Grooming,,12,12,B08CRT4H12,"Foodie Puppies Professional Animal Nail Cutter Clipper Trimmer Filer (Nail Clipper - Large) for Small, Medium, and Large Dogs",Foodie,220.0,220.0,0,4.2,3438,0,0,https://www.amazon.in/Foodie-Puppies-Professional-Clipper-Grooming/dp/B08CRT4H12/ref=zg_bs_g_4771396031_d_sccl_13/522-4724523-7365803?psc=1,"https://images-eu.ssl-images-amazon.com/images/I/71qWU0WwbLL._AC_UL300_SR300,200_.jpg","{""title"": ""Foodie Puppies Professional Animal Nail Cutter Clipper Trimmer Filer (Nail Clipper - Large) for Small, Medium, and Large Dogs"", ""url"": ""https://www.amazon.in/Foodie-Puppies-Professional-Clipper-Grooming/dp/B08CRT4H12/ref=zg_bs_g_4771396031_d_sccl_13/522-4724523-7365803?psc=1"", ""category_key"": ""grooming""}"
2026-07-07,2026-07-07T16:17:53.591671,in,Pet Grooming,,13,13,B075GQFB2M,Himalaya Erina-EP Shampoo | 450 ml | Tick & Flea Control for Dogs & Cats | With Neem & Eucalyptus for Skin Health & Hygiene,Himalaya,468.0,468.0,0,4.3,3214,0,0,https://www.amazon.in/Himalaya-Erina-EP-Shampoo-500-ml/dp/B075GQFB2M/ref=zg_bs_g_4771396031_d_sccl_14/522-4724523-7365803?psc=1,"https://images-eu.ssl-images-amazon.com/images/I/51zri3uL0WL._AC_UL300_SR300,200_.jpg","{""title"": ""Himalaya Erina-EP Shampoo | 450 ml | Tick & Flea Control for Dogs & Cats | With Neem & Eucalyptus for Skin Health & Hygiene"", ""url"": ""https://www.amazon.in/Himalaya-Erina-EP-Shampoo-500-ml/dp/B075GQFB2M/ref=zg_bs_g_4771396031_d_sccl_14/522-4724523-7365803?psc=1"", ""category_key"": ""grooming""}"
2026-07-07,2026-07-07T16:17:53.591671,in,Pet Grooming,,14,14,B0B1X2XGTP,"Foodie Puppies Self Cleaning Slicker, Pet Grooming Shedding Brush for Dogs and Cats (Push to Clean Slicker, Oval) - Easy to R",Foodie,145.0,145.0,0,4.2,681,0,0,https://www.amazon.in/Foodie-Puppies-Cleaning-Slicker-Grooming/dp/B0B1X2XGTP/ref=zg_bs_g_4771396031_d_sccl_15/522-4724523-7365803?psc=1,"https://images-eu.ssl-images-amazon.com/images/I/61HJSSdQNOL._AC_UL300_SR300,200_.jpg","{""title"": ""Foodie Puppies Self Cleaning Slicker, Pet Grooming Shedding Brush for Dogs and Cats (Push to Clean Slicker, Oval) - Easy to R"", ""url"": ""https://www.amazon.in/Foodie-Puppies-Cleaning-Slicker-Grooming/dp/B0B1X2XGTP/ref=zg_bs_g_4771396031_d_sccl_15/522-4724523-7365803?psc=1"", ""category_key"": ""grooming""}"
2026-07-07,2026-07-07T16:17:53.591671,in,Pet Grooming,,15,15,B09D3F52F1,"AMORITE Anti-Bacterial 160 Count Pet Wipes with Fresh Apple Scent for Dogs, Puppies & Pets (Pack of 2) Suitable for All Types",AMORITE,187.0,187.0,0,4.4,1000,0,0,https://www.amazon.in/AMORITE-Anti-Bacterial-Count-Wipes-Puppies/dp/B09D3F52F1/ref=zg_bs_g_4771396031_d_sccl_16/522-4724523-7365803?psc=1,"https://images-eu.ssl-images-amazon.com/images/I/714+F1Nxq1L._AC_UL300_SR300,200_.jpg","{""title"": ""AMORITE Anti-Bacterial 160 Count Pet Wipes with Fresh Apple Scent for Dogs, Puppies & Pets (Pack of 2) Suitable for All Types"", ""url"": ""https://www.amazon.in/AMORITE-Anti-Bacterial-Count-Wipes-Puppies/dp/B09D3F52F1/ref=zg_bs_g_4771396031_d_sccl_16/522-4724523-7365803?psc=1"", ""category_key"": ""grooming""}"
2026-07-07,2026-07-07T16:17:53.591671,in,Pet Grooming,,16,16,B0DFM6F221,"Mcbazel Pet Razor, Waterproof Paw Hair Trimmer, Cat Clipper, Low Noise Dog Shaver, Rechargeable Paw Cutter with LED Light for",Mcbazel,383.0,383.0,0,4.4,2611,0,0,https://www.amazon.in/Mcbazel-Waterproof-Trimmer-Clipper-Rechargeable/dp/B0DFM6F221/ref=zg_bs_g_4771396031_d_sccl_17/522-4724523-7365803?psc=1,"https://images-eu.ssl-images-amazon.com/images/I/61Cs8agXLuL._AC_UL300_SR300,200_.jpg","{""title"": ""Mcbazel Pet Razor, Waterproof Paw Hair Trimmer, Cat Clipper, Low Noise Dog Shaver, Rechargeable Paw Cutter with LED Light for"", ""url"": ""https://www.amazon.in/Mcbazel-Waterproof-Trimmer-Clipper-Rechargeable/dp/B0DFM6F221/ref=zg_bs_g_4771396031_d_sccl_17/522-4724523-7365803?psc=1"", ""category_key"": ""grooming""}"
2026-07-07,2026-07-07T16:17:53.591671,in,Pet Grooming,,17,17,B08FSPMSKB,"MalsiPree Pet Grooming Brush For Dogs/Cats,2 In 1 Deshedding Tool & Undercoat Rake Dematting Comb For Mats,Reduces Shedding B",MalsiPree,490.0,490.0,0,4.4,9008,0,0,https://www.amazon.in/Grooming-Deshedding-Undercoat-Dematting-Removing/dp/B08FSPMSKB/ref=zg_bs_g_4771396031_d_sccl_18/522-4724523-7365803?psc=1,"https://images-eu.ssl-images-amazon.com/images/I/81Sc7-abS+L._AC_UL300_SR300,200_.jpg","{""title"": ""MalsiPree Pet Grooming Brush For Dogs/Cats,2 In 1 Deshedding Tool & Undercoat Rake Dematting Comb For Mats,Reduces Shedding B"", ""url"": ""https://www.amazon.in/Grooming-Deshedding-Undercoat-Dematting-Removing/dp/B08FSPMSKB/ref=zg_bs_g_4771396031_d_sccl_18/522-4724523-7365803?psc=1"", ""category_key"": ""grooming""}"
2026-07-07,2026-07-07T16:17:53.591671,in,Pet Grooming,,18,18,B0C5RW4WQ3,"JUDEE Dematting Comb for Dog and Cat, Pet Grooming Rake and Brushes for Small, Medium Large Hair Double Sided Deshedding Tool",JUDEE,279.0,279.0,0,4.4,366,0,0,https://www.amazon.in/Dematting-Comb-Pet-Hair-Deshedding/dp/B0C5RW4WQ3/ref=zg_bs_g_4771396031_d_sccl_19/522-4724523-7365803?psc=1,"https://images-eu.ssl-images-amazon.com/images/I/71hNrybzE4L._AC_UL300_SR300,200_.jpg","{""title"": ""JUDEE Dematting Comb for Dog and Cat, Pet Grooming Rake and Brushes for Small, Medium Large Hair Double Sided Deshedding Tool"", ""url"": ""https://www.amazon.in/Dematting-Comb-Pet-Hair-Deshedding/dp/B0C5RW4WQ3/ref=zg_bs_g_4771396031_d_sccl_19/522-4724523-7365803?psc=1"", ""category_key"": ""grooming""}"
2026-07-07,2026-07-07T16:17:53.591671,in,Pet Grooming,,19,19,B0BVMRR6CL,"Pil Tick & Flea Dog Shampoo 1000ml | Ditch to Itch Dog Shampoo for Pomeranian, Puppy, Rottweiler Adult, German Shepherd, Labr",Pil,472.0,472.0,0,4.3,1289,0,0,https://www.amazon.in/Pomeranian-Rottweiler-Shepherd-Retriever-Medicated/dp/B0BVMRR6CL/ref=zg_bs_g_4771396031_d_sccl_20/522-4724523-7365803?psc=1,"https://images-eu.ssl-images-amazon.com/images/I/61LvEw61QYL._AC_UL300_SR300,200_.jpg","{""title"": ""Pil Tick & Flea Dog Shampoo 1000ml | Ditch to Itch Dog Shampoo for Pomeranian, Puppy, Rottweiler Adult, German Shepherd, Labr"", ""url"": ""https://www.amazon.in/Pomeranian-Rottweiler-Shepherd-Retriever-Medicated/dp/B0BVMRR6CL/ref=zg_bs_g_4771396031_d_sccl_20/522-4724523-7365803?psc=1"", ""category_key"": ""grooming""}"
2026-07-07,2026-07-07T16:17:53.591671,in,Pet Grooming,,20,20,B0CG1T8J5B,Foodie Puppies Dog Bath Brush Body Scrubber Shampoo Dispenser Tick Remover - (Silicone Dispenser Brush) for Shower Bathing an,Foodie,111.0,111.0,0,3.9,630,0,0,https://www.amazon.in/Foodie-Puppies-Brush-Scrubber-Dispenser/dp/B0CG1T8J5B/ref=zg_bs_g_4771396031_d_sccl_22/522-4724523-7365803?psc=1,"https://images-eu.ssl-images-amazon.com/images/I/61f3dfO3naL._AC_UL300_SR300,200_.jpg","{""title"": ""Foodie Puppies Dog Bath Brush Body Scrubber Shampoo Dispenser Tick Remover - (Silicone Dispenser Brush) for Shower Bathing an"", ""url"": ""https://www.amazon.in/Foodie-Puppies-Brush-Scrubber-Dispenser/dp/B0CG1T8J5B/ref=zg_bs_g_4771396031_d_sccl_22/522-4724523-7365803?psc=1"", ""category_key"": ""grooming""}"
2026-07-07,2026-07-07T16:17:53.591671,in,Pet Grooming,,21,21,B0CK6ZVYT2,"Agirav Professional Animal Nail Cutter Clipper Trimmer Filer (Large) for Small, Medium and Large Dogs, Puppies, Cats and Kitt",Agirav,169.0,169.0,0,4.1,1029,0,0,https://www.amazon.in/Agirav-Professional-Clipper-Trimmer-Grooming/dp/B0CK6ZVYT2/ref=zg_bs_g_4771396031_d_sccl_23/522-4724523-7365803?psc=1,"https://images-eu.ssl-images-amazon.com/images/I/61oJ7Q+BOaL._AC_UL300_SR300,200_.jpg","{""title"": ""Agirav Professional Animal Nail Cutter Clipper Trimmer Filer (Large) for Small, Medium and Large Dogs, Puppies, Cats and Kitt"", ""url"": ""https://www.amazon.in/Agirav-Professional-Clipper-Trimmer-Grooming/dp/B0CK6ZVYT2/ref=zg_bs_g_4771396031_d_sccl_23/522-4724523-7365803?psc=1"", ""category_key"": ""grooming""}"
2026-07-07,2026-07-07T16:17:53.591671,in,Pet Grooming,,22,22,B0FNML66D9,"Electrostatic Pet Hair Remover Glove for Dogs & Cats – Reusable Fur Remover Brush for Furniture, Clothes, Sofas, Car Seats &",Electrostatic,312.0,312.0,0,4.3,93,0,0,https://www.amazon.in/Electrostatic-Hair-Remover-Glove-Dogs/dp/B0FNML66D9/ref=zg_bs_g_4771396031_d_sccl_25/522-4724523-7365803?psc=1,"https://images-eu.ssl-images-amazon.com/images/I/81lTyN-nG3L._AC_UL300_SR300,200_.jpg","{""title"": ""Electrostatic Pet Hair Remover Glove for Dogs & Cats \u2013 Reusable Fur Remover Brush for Furniture, Clothes, Sofas, Car Seats &"", ""url"": ""https://www.amazon.in/Electrostatic-Hair-Remover-Glove-Dogs/dp/B0FNML66D9/ref=zg_bs_g_4771396031_d_sccl_25/522-4724523-7365803?psc=1"", ""category_key"": ""grooming""}"
2026-07-07,2026-07-07T16:17:53.591671,in,Pet Grooming,,23,23,B09D2ZC8FJ,"Himalaya Erina Puppy Shampoo & Conditioner | 200 ml | Gentle 2-in-1 Cleansing & Conditioning for Puppies – with Oats, Reetha",Himalaya,250.0,250.0,0,4.2,761,0,0,https://www.amazon.in/Pampered-Petz-Himalaya-Shampoo-Conditioner/dp/B09D2ZC8FJ/ref=zg_bs_g_4771396031_d_sccl_26/522-4724523-7365803?psc=1,"https://images-eu.ssl-images-amazon.com/images/I/51h1RfHfvuL._AC_UL300_SR300,200_.jpg","{""title"": ""Himalaya Erina Puppy Shampoo & Conditioner | 200 ml | Gentle 2-in-1 Cleansing & Conditioning for Puppies \u2013 with Oats, Reetha"", ""url"": ""https://www.amazon.in/Pampered-Petz-Himalaya-Shampoo-Conditioner/dp/B09D2ZC8FJ/ref=zg_bs_g_4771396031_d_sccl_26/522-4724523-7365803?psc=1"", ""category_key"": ""grooming""}"
2026-07-07,2026-07-07T16:17:53.591671,in,Pet Grooming,,24,24,B0825PCMHG,'NWOUIIAY Pet hair trimmer GUDDIES professional pet electric clipper set wireless rechargeable cat and dog shaver IPX7 waterp,'NWOUIIAY,432.0,432.0,0,3.6,4875,0,0,https://www.amazon.in/NWOUIIAY-professional-electric-rechargeable-waterproof/dp/B0825PCMHG/ref=zg_bs_g_4771396031_d_sccl_27/522-4724523-7365803?psc=1,"https://images-eu.ssl-images-amazon.com/images/I/71ExDhO3ukL._AC_UL300_SR300,200_.jpg","{""title"": ""'NWOUIIAY Pet hair trimmer GUDDIES professional pet electric clipper set wireless rechargeable cat and dog shaver IPX7 waterp"", ""url"": ""https://www.amazon.in/NWOUIIAY-professional-electric-rechargeable-waterproof/dp/B0825PCMHG/ref=zg_bs_g_4771396031_d_sccl_27/522-4724523-7365803?psc=1"", ""category_key"": ""grooming""}"
2026-07-07,2026-07-07T16:17:53.591671,in,Pet Grooming,,25,25,B07ZS1PF3N,"HANK Deshedding Brush for Dogs & Cats | 6mm Stainless Steel Pet Grooming Tool | Dog Hair Remover Brush for Short, Medium & Lo",HANK,699.0,699.0,0,4.2,2670,0,0,https://www.amazon.in/HANK-Grooming-Brush-Deshedding-Effectively-Shedding/dp/B07ZS1PF3N/ref=zg_bs_g_4771396031_d_sccl_28/522-4724523-7365803?psc=1,"https://images-eu.ssl-images-amazon.com/images/I/61HXCWRsTIL._AC_UL300_SR300,200_.jpg","{""title"": ""HANK Deshedding Brush for Dogs & Cats | 6mm Stainless Steel Pet Grooming Tool | Dog Hair Remover Brush for Short, Medium & Lo"", ""url"": ""https://www.amazon.in/HANK-Grooming-Brush-Deshedding-Effectively-Shedding/dp/B07ZS1PF3N/ref=zg_bs_g_4771396031_d_sccl_28/522-4724523-7365803?psc=1"", ""category_key"": ""grooming""}"
2026-07-07,2026-07-07T16:17:53.591671,in,Pet Grooming,,26,26,B0CL9H59FJ,"Moe Puppy Natural Paw Balm for Dogs & Cats | Lick Safe Paw Balm for Cracked & Dry Paws and Nose | Heals, Repairs & Moisturize",Moe,267.0,267.0,0,4.4,383,0,0,https://www.amazon.in/Moe-Moisturising-enriched-Vitamin-Moisturises/dp/B0CL9H59FJ/ref=zg_bs_g_4771396031_d_sccl_30/522-4724523-7365803?psc=1,"https://images-eu.ssl-images-amazon.com/images/I/419LsHmiyvL._AC_UL300_SR300,200_.jpg","{""title"": ""Moe Puppy Natural Paw Balm for Dogs & Cats | Lick Safe Paw Balm for Cracked & Dry Paws and Nose | Heals, Repairs & Moisturize"", ""url"": ""https://www.amazon.in/Moe-Moisturising-enriched-Vitamin-Moisturises/dp/B0CL9H59FJ/ref=zg_bs_g_4771396031_d_sccl_30/522-4724523-7365803?psc=1"", ""category_key"": ""grooming""}"
2026-07-07,2026-07-07T16:17:53.591671,in,Pet Grooming,,1,1,B0FHHRMLL3,Yuppy Puppy Nail Clipper for Cats - Gentle Round Hole Trimmer with Dust Storage | Adjustable Size & Hidden Nail File | Pet Gr,Yuppy,333.0,333.0,0,4.4,186,0,0,https://www.amazon.in/Yuppy-Puppy-Nail-Clipper-Cats/dp/B0FHHRMLL3/ref=zg_bs_g_4771383031_d_sccl_2/522-4724523-7365803?psc=1,"https://images-eu.ssl-images-amazon.com/images/I/61PaTeYL6EL._AC_UL300_SR300,200_.jpg","{""title"": ""Yuppy Puppy Nail Clipper for Cats - Gentle Round Hole Trimmer with Dust Storage | Adjustable Size & Hidden Nail File | Pet Gr"", ""url"": ""https://www.amazon.in/Yuppy-Puppy-Nail-Clipper-Cats/dp/B0FHHRMLL3/ref=zg_bs_g_4771383031_d_sccl_2/522-4724523-7365803?psc=1"", ""category_key"": ""grooming""}"
2026-07-07,2026-07-07T16:17:53.591671,in,Pet Grooming,,2,2,B0D7MWXTSM,"SETON Unisex Pet Clippers Set for Dogs and Cats, Low Noise Electric Trimmer with LED Light, Rechargeable and Stainless Steel",SETON,589.0,589.0,0,4.3,147,0,0,https://www.amazon.in/SETON-Pet-Clippers-Dogs-Cats/dp/B0D7MWXTSM/ref=zg_bs_g_4771383031_d_sccl_3/522-4724523-7365803?psc=1,"https://images-eu.ssl-images-amazon.com/images/I/61nNu6gm-YL._AC_UL300_SR300,200_.jpg","{""title"": ""SETON Unisex Pet Clippers Set for Dogs and Cats, Low Noise Electric Trimmer with LED Light, Rechargeable and Stainless Steel"", ""url"": ""https://www.amazon.in/SETON-Pet-Clippers-Dogs-Cats/dp/B0D7MWXTSM/ref=zg_bs_g_4771383031_d_sccl_3/522-4724523-7365803?psc=1"", ""category_key"": ""grooming""}"
2026-07-07,2026-07-07T16:17:53.591671,in,Pet Grooming,,3,3,B07W6VV753,"Natural Remedies Fresh Me Up Mild Waterless Foam Cleanser Dry Shampoo for Dogs, Cats and Pups of All Breeds, Moisturizer & Co",Natural,269.0,269.0,0,4.4,1014,0,0,https://www.amazon.in/Natural-Remedies-Fresh-Wateless-Dog-Shampoo-Spray-Foam-Cleanser/dp/B07W6VV753/ref=zg_bs_g_4771383031_d_sccl_4/522-4724523-7365803?psc=1,"https://images-eu.ssl-images-amazon.com/images/I/61j7zKGugZL._AC_UL300_SR300,200_.jpg","{""title"": ""Natural Remedies Fresh Me Up Mild Waterless Foam Cleanser Dry Shampoo for Dogs, Cats and Pups of All Breeds, Moisturizer & Co"", ""url"": ""https://www.amazon.in/Natural-Remedies-Fresh-Wateless-Dog-Shampoo-Spray-Foam-Cleanser/dp/B07W6VV753/ref=zg_bs_g_4771383031_d_sccl_4/522-4724523-7365803?psc=1"", ""category_key"": ""grooming""}"
2026-07-07,2026-07-07T16:17:53.591671,in,Pet Grooming,,4,4,B07Z63VVNQ,"PetVogue Dog Nail Cutter Clipper and filer,Claw & Nails Clippers Grinder Grooming Trimmer for Small, Medium, Large dogs and c",PetVogue,205.0,205.0,0,4.2,8504,0,0,https://www.amazon.in/PetVogue-Clipper-Clippers-Grinder-Trimmer/dp/B07Z63VVNQ/ref=zg_bs_g_4771383031_d_sccl_5/522-4724523-7365803?psc=1,"https://images-eu.ssl-images-amazon.com/images/I/51XIj8cJG-L._AC_UL300_SR300,200_.jpg","{""title"": ""PetVogue Dog Nail Cutter Clipper and filer,Claw & Nails Clippers Grinder Grooming Trimmer for Small, Medium, Large dogs and c"", ""url"": ""https://www.amazon.in/PetVogue-Clipper-Clippers-Grinder-Trimmer/dp/B07Z63VVNQ/ref=zg_bs_g_4771383031_d_sccl_5/522-4724523-7365803?psc=1"", ""category_key"": ""grooming""}"
2026-07-07,2026-07-07T16:17:53.591671,in,Pet Grooming,,5,5,B09SBBRBBV,ZOIVANE 5 in 1 Extra White Cat Shampoo with Conditioner (200ml) | Reduces Hair Fall | Enhances Coat Brightness | Ideal for Pe,ZOIVANE,222.0,222.0,0,4.2,1450,0,0,https://www.amazon.in/ZOIVANE-Cat-Shampoo-Conditioner-Accessories/dp/B09SBBRBBV/ref=zg_bs_g_4771383031_d_sccl_7/522-4724523-7365803?psc=1,"https://images-eu.ssl-images-amazon.com/images/I/51vw+XqzCDL._AC_UL300_SR300,200_.jpg","{""title"": ""ZOIVANE 5 in 1 Extra White Cat Shampoo with Conditioner (200ml) | Reduces Hair Fall | Enhances Coat Brightness | Ideal for Pe"", ""url"": ""https://www.amazon.in/ZOIVANE-Cat-Shampoo-Conditioner-Accessories/dp/B09SBBRBBV/ref=zg_bs_g_4771383031_d_sccl_7/522-4724523-7365803?psc=1"", ""category_key"": ""grooming""}"
2026-07-07,2026-07-07T16:17:53.591671,in,Pet Grooming,,6,6,B0C6KMKGRL,"Himalaya FreshCoat No Rinse Spray for Dogs & Cats | Quick Freshness & Skin Hygiene | with Lemon, Vetiver & Holy Basil | 200 m",Himalaya,258.0,258.0,0,3.9,977,0,0,https://www.amazon.in/Himalaya-Fresh-Coat-200-ML/dp/B0C6KMKGRL/ref=zg_bs_g_4771383031_d_sccl_8/522-4724523-7365803?psc=1,"https://images-eu.ssl-images-amazon.com/images/I/51+6FP6Z8YL._AC_UL300_SR300,200_.jpg","{""title"": ""Himalaya FreshCoat No Rinse Spray for Dogs & Cats | Quick Freshness & Skin Hygiene | with Lemon, Vetiver & Holy Basil | 200 m"", ""url"": ""https://www.amazon.in/Himalaya-Fresh-Coat-200-ML/dp/B0C6KMKGRL/ref=zg_bs_g_4771383031_d_sccl_8/522-4724523-7365803?psc=1"", ""category_key"": ""grooming""}"
2026-07-07,2026-07-07T16:17:53.591671,in,Pet Grooming,,7,7,B09VZ668G2,ZOIVANE Smooth & Shine Cat Shampoo (200ml) | Nourishing Hair and Shiny Body Wash | Suitable for All Cat Types (Pack of 1),ZOIVANE,176.0,176.0,0,4.2,284,0,0,https://www.amazon.in/ZOIVANE-Cat-Shampoo-Smooth-Shine/dp/B09VZ668G2/ref=zg_bs_g_4771383031_d_sccl_9/522-4724523-7365803?psc=1,"https://images-eu.ssl-images-amazon.com/images/I/61vy+GZq97L._AC_UL300_SR300,200_.jpg","{""title"": ""ZOIVANE Smooth & Shine Cat Shampoo (200ml) | Nourishing Hair and Shiny Body Wash | Suitable for All Cat Types (Pack of 1)"", ""url"": ""https://www.amazon.in/ZOIVANE-Cat-Shampoo-Smooth-Shine/dp/B09VZ668G2/ref=zg_bs_g_4771383031_d_sccl_9/522-4724523-7365803?psc=1"", ""category_key"": ""grooming""}"
2026-07-07,2026-07-07T16:17:53.591671,in,Pet Grooming,,8,8,B07H24H71C,"Ceenwes Unisex Low Noise Pet Clippers - Rechargeable Dog Trimmer, Cordless Grooming Tool With Comb Guides, Scissors, Nail Kit",Ceenwes,999.0,999.0,0,4.3,22612,0,0,https://www.amazon.in/Ceenwes-Clippers-Rechargeable-Cordless-Professional/dp/B07H24H71C/ref=zg_bs_g_4771383031_d_sccl_10/522-4724523-7365803?psc=1,"https://images-eu.ssl-images-amazon.com/images/I/71+hZAxEIQL._AC_UL300_SR300,200_.jpg","{""title"": ""Ceenwes Unisex Low Noise Pet Clippers - Rechargeable Dog Trimmer, Cordless Grooming Tool With Comb Guides, Scissors, Nail Kit"", ""url"": ""https://www.amazon.in/Ceenwes-Clippers-Rechargeable-Cordless-Professional/dp/B07H24H71C/ref=zg_bs_g_4771383031_d_sccl_10/522-4724523-7365803?psc=1"", ""category_key"": ""grooming""}"
2026-07-07,2026-07-07T16:17:53.591671,in,Pet Grooming,,9,9,B0B9H49J72,"Qpets® Professional Electric Dog Nail Grinder with 2 LED Light, Dog Nail Trimmer for Cat Dog, Low Noise Pet Nail Trimmer Pet",Qpets®,1584.0,1584.0,0,4.3,282,0,0,https://www.amazon.in/Professional-Electric-Grinder-Trimmer-Clippers/dp/B0B9H49J72/ref=zg_bs_g_4771383031_d_sccl_11/522-4724523-7365803?psc=1,"https://images-eu.ssl-images-amazon.com/images/I/51CN7lPlkvL._AC_UL300_SR300,200_.jpg","{""title"": ""Qpets\u00ae Professional Electric Dog Nail Grinder with 2 LED Light, Dog Nail Trimmer for Cat Dog, Low Noise Pet Nail Trimmer Pet"", ""url"": ""https://www.amazon.in/Professional-Electric-Grinder-Trimmer-Clippers/dp/B0B9H49J72/ref=zg_bs_g_4771383031_d_sccl_11/522-4724523-7365803?psc=1"", ""category_key"": ""grooming""}"
2026-07-07,2026-07-07T16:17:53.591671,in,Pet Grooming,,10,10,B0CM3HLYY6,Yuppy Puppy Self Cleaning Slicker Brush Pet Hair Grooming Comb Pet Massaging Tool and Shedding Brush for Long or Medium Haire,Yuppy,307.0,307.0,0,4.4,178,0,0,https://www.amazon.in/Yuppy-Puppy-Cleaning-Slicker-Brush/dp/B0CM3HLYY6/ref=zg_bs_g_4771383031_d_sccl_13/522-4724523-7365803?psc=1,"https://images-eu.ssl-images-amazon.com/images/I/71OqOFJM66L._AC_UL300_SR300,200_.jpg","{""title"": ""Yuppy Puppy Self Cleaning Slicker Brush Pet Hair Grooming Comb Pet Massaging Tool and Shedding Brush for Long or Medium Haire"", ""url"": ""https://www.amazon.in/Yuppy-Puppy-Cleaning-Slicker-Brush/dp/B0CM3HLYY6/ref=zg_bs_g_4771383031_d_sccl_13/522-4724523-7365803?psc=1"", ""category_key"": ""grooming""}"
2026-07-07,2026-07-07T16:17:53.591671,in,Pet Grooming,,11,11,B0DNQPNXND,"Boltz 4 in 1 Dog & Cat Hair & Paw Trimmer with Nail Grinder – Silent Cordless Grooming Kit for Pets – USB Rechargeable, IPX7",Boltz,2497.0,2497.0,0,3.9,196,0,0,https://www.amazon.in/Boltz-Hair-Trimmer-Nail-Grinder/dp/B0DNQPNXND/ref=zg_bs_g_4771383031_d_sccl_14/522-4724523-7365803?psc=1,"https://images-eu.ssl-images-amazon.com/images/I/61a4yUXbVuL._AC_UL300_SR300,200_.jpg","{""title"": ""Boltz 4 in 1 Dog & Cat Hair & Paw Trimmer with Nail Grinder \u2013 Silent Cordless Grooming Kit for Pets \u2013 USB Rechargeable, IPX7"", ""url"": ""https://www.amazon.in/Boltz-Hair-Trimmer-Nail-Grinder/dp/B0DNQPNXND/ref=zg_bs_g_4771383031_d_sccl_14/522-4724523-7365803?psc=1"", ""category_key"": ""grooming""}"
2026-07-07,2026-07-07T16:17:53.591671,in,Pet Grooming,,12,12,B0BWR1GP4G,"Spray Cat Brush for Shedding, Remove Static Flying Hair Pet Grooming Brush Self Cleaning Dog Brush Suitable for Long and Shor",Spray,469.0,469.0,0,4.2,980,0,0,https://www.amazon.in/Shedding-Grooming-Cleaning-Suitable-Tangled/dp/B0BWR1GP4G/ref=zg_bs_g_4771383031_d_sccl_15/522-4724523-7365803?psc=1,"https://images-eu.ssl-images-amazon.com/images/I/71Tb4TViEJL._AC_UL300_SR300,200_.jpg","{""title"": ""Spray Cat Brush for Shedding, Remove Static Flying Hair Pet Grooming Brush Self Cleaning Dog Brush Suitable for Long and Shor"", ""url"": ""https://www.amazon.in/Shedding-Grooming-Cleaning-Suitable-Tangled/dp/B0BWR1GP4G/ref=zg_bs_g_4771383031_d_sccl_15/522-4724523-7365803?psc=1"", ""category_key"": ""grooming""}"
2026-07-07,2026-07-07T16:17:53.591671,in,Pet Grooming,,13,13,B0BXL9Z3DY,"Qpets® Cat Bathing Bag Anti-Scratch Cat Grooming Mesh Bag for Bathing, Nail Trimming, Medicine Taking, Injection, Adjustable",Qpets®,298.0,298.0,0,3.7,203,0,0,https://www.amazon.in/Anti-Scratch-Injection-Adjustable-Multifunctional-Breathable/dp/B0BXL9Z3DY/ref=zg_bs_g_4771383031_d_sccl_16/522-4724523-7365803?psc=1,"https://images-eu.ssl-images-amazon.com/images/I/711aX1s9WPL._AC_UL300_SR300,200_.jpg","{""title"": ""Qpets\u00ae Cat Bathing Bag Anti-Scratch Cat Grooming Mesh Bag for Bathing, Nail Trimming, Medicine Taking, Injection, Adjustable"", ""url"": ""https://www.amazon.in/Anti-Scratch-Injection-Adjustable-Multifunctional-Breathable/dp/B0BXL9Z3DY/ref=zg_bs_g_4771383031_d_sccl_16/522-4724523-7365803?psc=1"", ""category_key"": ""grooming""}"
2026-07-07,2026-07-07T16:17:53.591671,in,Pet Grooming,,14,14,B0BM3QLX78,"PETOLOGY Unisex Professional Automatic Rechargeable Pet Hair Trimmer for Dogs & Cats Grooming Machine Wireless, Grey",PETOLOGY,2199.0,2199.0,0,3.7,176,0,0,https://www.amazon.in/Petology-Professional-Automatic-Rechargeable-Grooming/dp/B0BM3QLX78/ref=zg_bs_g_4771383031_d_sccl_17/522-4724523-7365803?psc=1,"https://images-eu.ssl-images-amazon.com/images/I/71eCkEKL5jL._AC_UL300_SR300,200_.jpg","{""title"": ""PETOLOGY Unisex Professional Automatic Rechargeable Pet Hair Trimmer for Dogs & Cats Grooming Machine Wireless, Grey"", ""url"": ""https://www.amazon.in/Petology-Professional-Automatic-Rechargeable-Grooming/dp/B0BM3QLX78/ref=zg_bs_g_4771383031_d_sccl_17/522-4724523-7365803?psc=1"", ""category_key"": ""grooming""}"
2026-07-07,2026-07-07T16:17:53.591671,in,Pet Grooming,,15,15,B0CH3LVJSC,"Dog Trust Professional Stainless Steel Scissor Tool Nail Clipper Cutter for Cat & Dog (Medium), Multicolor",Dog,208.0,208.0,0,4.1,114,0,0,https://www.amazon.in/Dog-Trust-Nail-Clippers-Professional/dp/B0CH3LVJSC/ref=zg_bs_g_4771383031_d_sccl_19/522-4724523-7365803?psc=1,"https://images-eu.ssl-images-amazon.com/images/I/41caOK5Gr8L._AC_UL300_SR300,200_.jpg","{""title"": ""Dog Trust Professional Stainless Steel Scissor Tool Nail Clipper Cutter for Cat & Dog (Medium), Multicolor"", ""url"": ""https://www.amazon.in/Dog-Trust-Nail-Clippers-Professional/dp/B0CH3LVJSC/ref=zg_bs_g_4771383031_d_sccl_19/522-4724523-7365803?psc=1"", ""category_key"": ""grooming""}"
2026-07-07,2026-07-07T16:17:53.591671,in,Pet Grooming,,16,16,B0FCFQBLZY,"Inralimot Pet Hair Removal Tool, Electrostatic Pet Hair Remover,Static Removal Gloves for Pet Hair, Dog and Cat Hair Remover",Inralimot,179.0,179.0,0,4.0,150,0,0,https://www.amazon.in/Inralimot-Removal-Electrostatic-Remover-Furniture/dp/B0FCFQBLZY/ref=zg_bs_g_4771383031_d_sccl_20/522-4724523-7365803?psc=1,"https://images-eu.ssl-images-amazon.com/images/I/81F1Zh8OVnL._AC_UL300_SR300,200_.jpg","{""title"": ""Inralimot Pet Hair Removal Tool, Electrostatic Pet Hair Remover,Static Removal Gloves for Pet Hair, Dog and Cat Hair Remover"", ""url"": ""https://www.amazon.in/Inralimot-Removal-Electrostatic-Remover-Furniture/dp/B0FCFQBLZY/ref=zg_bs_g_4771383031_d_sccl_20/522-4724523-7365803?psc=1"", ""category_key"": ""grooming""}"
2026-07-07,2026-07-07T16:17:53.591671,in,Pet Grooming,,17,17,B01EZ7UOCM,Pat Your Pet Wide Pet Dematting Comb - Dual Sided 9+17 Grooming Rake for Cats & Dogs | Safe and Easy Mats & Tangles Remover |,Pat,278.0,278.0,0,4.6,37751,0,0,https://www.amazon.in/Wide-Pet-Dematting-Comb-Grooming/dp/B01EZ7UOCM/ref=zg_bs_g_4771383031_d_sccl_21/522-4724523-7365803?psc=1,"https://images-eu.ssl-images-amazon.com/images/I/8127AKlirLL._AC_UL300_SR300,200_.jpg","{""title"": ""Pat Your Pet Wide Pet Dematting Comb - Dual Sided 9+17 Grooming Rake for Cats & Dogs | Safe and Easy Mats & Tangles Remover |"", ""url"": ""https://www.amazon.in/Wide-Pet-Dematting-Comb-Grooming/dp/B01EZ7UOCM/ref=zg_bs_g_4771383031_d_sccl_21/522-4724523-7365803?psc=1"", ""category_key"": ""grooming""}"
2026-07-07,2026-07-07T16:17:53.591671,in,Pet Grooming,,18,18,B0G64NS3X5,"2 Pack Black Catnip Wall Massage Corner Brush for Long & Short Fur Cats and Kittens,C-at Self Groomer Scratcher, Soft Comb Ca",2,274.0,274.0,0,4.7,5,0,0,https://www.amazon.in/Massage-Kittens-Groomer-Scratcher-Mounted/dp/B0G64NS3X5/ref=zg_bs_g_4771383031_d_sccl_22/522-4724523-7365803?psc=1,"https://images-eu.ssl-images-amazon.com/images/I/71rmchiNs1L._AC_UL300_SR300,200_.jpg","{""title"": ""2 Pack Black Catnip Wall Massage Corner Brush for Long & Short Fur Cats and Kittens,C-at Self Groomer Scratcher, Soft Comb Ca"", ""url"": ""https://www.amazon.in/Massage-Kittens-Groomer-Scratcher-Mounted/dp/B0G64NS3X5/ref=zg_bs_g_4771383031_d_sccl_22/522-4724523-7365803?psc=1"", ""category_key"": ""grooming""}"
2026-07-07,2026-07-07T16:17:53.591671,in,Pet Grooming,,19,19,B0H6JV2XBT,"Professional Dog Trimmer & Pet Grooming Kit for Dogs and Cats, Cordless Rechargeable Low-Noise Clipper with Titanium-Ceramic",Professional,599.0,599.0,0,2.0,2,0,0,https://www.amazon.in/Professional-Rechargeable-Low-Noise-Titanium-Ceramic-Adjustment/dp/B0H6JV2XBT/ref=zg_bs_g_4771383031_d_sccl_23/522-4724523-7365803?psc=1,"https://images-eu.ssl-images-amazon.com/images/I/61+kmyt4zsL._AC_UL300_SR300,200_.jpg","{""title"": ""Professional Dog Trimmer & Pet Grooming Kit for Dogs and Cats, Cordless Rechargeable Low-Noise Clipper with Titanium-Ceramic"", ""url"": ""https://www.amazon.in/Professional-Rechargeable-Low-Noise-Titanium-Ceramic-Adjustment/dp/B0H6JV2XBT/ref=zg_bs_g_4771383031_d_sccl_23/522-4724523-7365803?psc=1"", ""category_key"": ""grooming""}"
2026-07-07,2026-07-07T16:17:53.591671,in,Pet Grooming,,20,20,B0FMYP96F5,"Emily Pets Pet Nail Clippers for Dogs & Cats – Razor-Sharp Blades, Anti-Slip Grip, Burr-Free Claw Trimmer – Safe & Easy Groom",Emily,129.0,129.0,0,5.0,5,0,0,https://www.amazon.in/Emily-Pets-Nail-Clippers-Dogs/dp/B0FMYP96F5/ref=zg_bs_g_4771383031_d_sccl_24/522-4724523-7365803?psc=1,"https://images-eu.ssl-images-amazon.com/images/I/61DAI2i30yL._AC_UL300_SR300,200_.jpg","{""title"": ""Emily Pets Pet Nail Clippers for Dogs & Cats \u2013 Razor-Sharp Blades, Anti-Slip Grip, Burr-Free Claw Trimmer \u2013 Safe & Easy Groom"", ""url"": ""https://www.amazon.in/Emily-Pets-Nail-Clippers-Dogs/dp/B0FMYP96F5/ref=zg_bs_g_4771383031_d_sccl_24/522-4724523-7365803?psc=1"", ""category_key"": ""grooming""}"
2026-07-07,2026-07-07T16:17:53.591671,in,Pet Grooming,,21,21,B0DNK7JBBW,"Persian Cat & All Cat Types 5 in 1 Shampoo with Conditioner | Anti-fungal, Flea and Tick, Conditioning, Anti-Bacterial, Laven",Persian,200.0,200.0,0,3.7,56,0,0,https://www.amazon.in/Conditioner-Anti-fungal-Conditioning-Anti-Bacterial-200/dp/B0DNK7JBBW/ref=zg_bs_g_4771383031_d_sccl_26/522-4724523-7365803?psc=1,"https://images-eu.ssl-images-amazon.com/images/I/61Uibn5NZjL._AC_UL300_SR300,200_.jpg","{""title"": ""Persian Cat & All Cat Types 5 in 1 Shampoo with Conditioner | Anti-fungal, Flea and Tick, Conditioning, Anti-Bacterial, Laven"", ""url"": ""https://www.amazon.in/Conditioner-Anti-fungal-Conditioning-Anti-Bacterial-200/dp/B0DNK7JBBW/ref=zg_bs_g_4771383031_d_sccl_26/522-4724523-7365803?psc=1"", ""category_key"": ""grooming""}"
2026-07-07,2026-07-07T16:17:53.591671,in,Pet Grooming,,22,22,B0B294GWDC,"Qpets® Electric Dog Nail Trimmer with LED Light, Dog Nail Grinder Rechargable Cat Nail Trimmer, 2 Adjustable Speed Dog Nail C",Qpets®,731.0,731.0,0,3.6,420,0,0,https://www.amazon.in/Electric-Trimmer-Grinder-Rechargable-Adjustable/dp/B0B294GWDC/ref=zg_bs_g_4771383031_d_sccl_27/522-4724523-7365803?psc=1,"https://images-eu.ssl-images-amazon.com/images/I/41n6QoDw-JL._AC_UL300_SR300,200_.jpg","{""title"": ""Qpets\u00ae Electric Dog Nail Trimmer with LED Light, Dog Nail Grinder Rechargable Cat Nail Trimmer, 2 Adjustable Speed Dog Nail C"", ""url"": ""https://www.amazon.in/Electric-Trimmer-Grinder-Rechargable-Adjustable/dp/B0B294GWDC/ref=zg_bs_g_4771383031_d_sccl_27/522-4724523-7365803?psc=1"", ""category_key"": ""grooming""}"
2026-07-07,2026-07-07T16:17:53.591671,in,Pet Grooming,,23,23,B091YT4SWR,Petroyale 2-in-1 Shampoo + Conditioner for Cats - Anti-Tick & Flea - Dandruff Control - Itch Relief - Cat Shampoo with Coconu,Petroyale,328.0,328.0,0,4.3,193,0,0,https://www.amazon.in/Royale-Shampoo-Conditioner-Persian-Dandruff/dp/B091YT4SWR/ref=zg_bs_g_4771383031_d_sccl_28/522-4724523-7365803?psc=1,"https://images-eu.ssl-images-amazon.com/images/I/71xU1pxlqcL._AC_UL300_SR300,200_.jpg","{""title"": ""Petroyale 2-in-1 Shampoo + Conditioner for Cats - Anti-Tick & Flea - Dandruff Control - Itch Relief - Cat Shampoo with Coconu"", ""url"": ""https://www.amazon.in/Royale-Shampoo-Conditioner-Persian-Dandruff/dp/B091YT4SWR/ref=zg_bs_g_4771383031_d_sccl_28/522-4724523-7365803?psc=1"", ""category_key"": ""grooming""}"
2026-07-07,2026-07-07T16:17:53.591671,in,Pet Grooming,,24,24,B0FJS1JGFC,"2-Pack Pet Hair Remover Gloves - Reusable Grooming Gloves for Dogs & Cats, Static Electricity Fur Removal Mitts for Furniture",2-Pack,179.0,179.0,0,4.2,511,0,0,https://www.amazon.in/2-Pack-Pet-Hair-Remover-Gloves/dp/B0FJS1JGFC/ref=zg_bs_g_4771383031_d_sccl_29/522-4724523-7365803?psc=1,"https://images-eu.ssl-images-amazon.com/images/I/81XLEf4nobL._AC_UL300_SR300,200_.jpg","{""title"": ""2-Pack Pet Hair Remover Gloves - Reusable Grooming Gloves for Dogs & Cats, Static Electricity Fur Removal Mitts for Furniture"", ""url"": ""https://www.amazon.in/2-Pack-Pet-Hair-Remover-Gloves/dp/B0FJS1JGFC/ref=zg_bs_g_4771383031_d_sccl_29/522-4724523-7365803?psc=1"", ""category_key"": ""grooming""}"
2026-07-07,2026-07-07T16:17:53.591671,in,Pet Grooming,,25,25,B01MG758NL,"ENJOY PET Dog Clippers Cat Shaver, Professional Hair Grooming Clippers Detachable Blades Cordless Rechargeable, Pet Clipper K",ENJOY,839.16,839.16,0,3.9,3224,0,0,https://www.amazon.in/Clippers-Professional-Grooming-Detachable-Rechargeable/dp/B01MG758NL/ref=zg_bs_g_4771383031_d_sccl_30/522-4724523-7365803?psc=1,"https://images-eu.ssl-images-amazon.com/images/I/712lEO2TvHL._AC_UL300_SR300,200_.jpg","{""title"": ""ENJOY PET Dog Clippers Cat Shaver, Professional Hair Grooming Clippers Detachable Blades Cordless Rechargeable, Pet Clipper K"", ""url"": ""https://www.amazon.in/Clippers-Professional-Grooming-Detachable-Rechargeable/dp/B01MG758NL/ref=zg_bs_g_4771383031_d_sccl_30/522-4724523-7365803?psc=1"", ""category_key"": ""grooming""}"
2026-07-07,2026-07-07T16:17:53.591671,in,Beds & Accessories,,1,1,B0937CKTRR,"Amorite Waterproof Reusable Washable Pee Pads for Dogs (Medium, Dark Blue)",Amorite,299.0,299.0,0,4.0,2336,0,0,https://www.amazon.in/Amorite%C2%AE-Waterproof-Reusable-Washable-Protector/dp/B0937CKTRR/ref=zg_bs_g_4771390031_d_sccl_1/522-4724523-7365803?psc=1,"https://images-eu.ssl-images-amazon.com/images/I/71FIXeVbd3L._AC_UL300_SR300,200_.jpg","{""title"": ""Amorite Waterproof Reusable Washable Pee Pads for Dogs (Medium, Dark Blue)"", ""url"": ""https://www.amazon.in/Amorite%C2%AE-Waterproof-Reusable-Washable-Protector/dp/B0937CKTRR/ref=zg_bs_g_4771390031_d_sccl_1/522-4724523-7365803?psc=1"", ""category_key"": ""beds_accessories""}"
2026-07-07,2026-07-07T16:17:53.591671,in,Beds & Accessories,,2,2,B0FCRXH45J,"Amazon Basics Faux Fur Donut Pet Bed |Small (50 x 50 x 12 cm) | Color -Brown | Reversible, Washable, Cozy Mat for Cats & Dogs",Amazon,399.0,399.0,0,4.2,1792,0,0,https://www.amazon.in/amazon-basics-Brown-Reversible-Washable/dp/B0FCRXH45J/ref=zg_bs_g_4771390031_d_sccl_2/522-4724523-7365803?psc=1,"https://images-eu.ssl-images-amazon.com/images/I/61G04u3YxjL._AC_UL300_SR300,200_.jpg","{""title"": ""Amazon Basics Faux Fur Donut Pet Bed |Small (50 x 50 x 12 cm) | Color -Brown | Reversible, Washable, Cozy Mat for Cats & Dogs"", ""url"": ""https://www.amazon.in/amazon-basics-Brown-Reversible-Washable/dp/B0FCRXH45J/ref=zg_bs_g_4771390031_d_sccl_2/522-4724523-7365803?psc=1"", ""category_key"": ""beds_accessories""}"
2026-07-07,2026-07-07T16:17:53.591671,in,Beds & Accessories,,3,3,B0C5XLK1TZ,"Amazon Basics Premium Soft Velvet Pet Hut House | For Cats, Kittens and Small Dogs | With Reversible Cushion | Washable Cozy",Amazon,769.0,769.0,0,4.0,1455,0,0,https://www.amazon.in/AmazonBasics-Premium-Velvet-Kittens-House/dp/B0C5XLK1TZ/ref=zg_bs_g_4771390031_d_sccl_3/522-4724523-7365803?psc=1,"https://images-eu.ssl-images-amazon.com/images/I/81ldRIBMPiL._AC_UL300_SR300,200_.jpg","{""title"": ""Amazon Basics Premium Soft Velvet Pet Hut House | For Cats, Kittens and Small Dogs | With Reversible Cushion | Washable Cozy"", ""url"": ""https://www.amazon.in/AmazonBasics-Premium-Velvet-Kittens-House/dp/B0C5XLK1TZ/ref=zg_bs_g_4771390031_d_sccl_3/522-4724523-7365803?psc=1"", ""category_key"": ""beds_accessories""}"
2026-07-07,2026-07-07T16:17:53.591671,in,Beds & Accessories,,4,4,B0D8GSDQ1B,"ZEXSAZONE Round Donut Pet Bed for Cats and Puppies Dogs mat, Cozy and Plush, Raised Bedside Support, Both Sides Use Like 2 in",ZEXSAZONE,853.0,853.0,0,4.3,711,0,0,https://www.amazon.in/ZEXSAZONE-Puppies-Bedside-Support-Washable/dp/B0D8GSDQ1B/ref=zg_bs_g_4771390031_d_sccl_4/522-4724523-7365803?psc=1,"https://images-eu.ssl-images-amazon.com/images/I/81coJXdfF+L._AC_UL300_SR300,200_.jpg","{""title"": ""ZEXSAZONE Round Donut Pet Bed for Cats and Puppies Dogs mat, Cozy and Plush, Raised Bedside Support, Both Sides Use Like 2 in"", ""url"": ""https://www.amazon.in/ZEXSAZONE-Puppies-Bedside-Support-Washable/dp/B0D8GSDQ1B/ref=zg_bs_g_4771390031_d_sccl_4/522-4724523-7365803?psc=1"", ""category_key"": ""beds_accessories""}"
2026-07-07,2026-07-07T16:17:53.591671,in,Beds & Accessories,,5,5,B0CS9BW45R,ZEXSAZONE Summer Comfortable Durable Both Sides usable and Washable Pet Bed | Cat Bed | Puppy Bed | Dog Bed | Medium Dog Bed,ZEXSAZONE,430.0,430.0,0,4.3,246,0,0,https://www.amazon.in/ZEXSAZONE-flexible-Perfect-Puppies-Weather/dp/B0CS9BW45R/ref=zg_bs_g_4771390031_d_sccl_5/522-4724523-7365803?psc=1,"https://images-eu.ssl-images-amazon.com/images/I/61uAf52uJDL._AC_UL300_SR300,200_.jpg","{""title"": ""ZEXSAZONE Summer Comfortable Durable Both Sides usable and Washable Pet Bed | Cat Bed | Puppy Bed | Dog Bed | Medium Dog Bed"", ""url"": ""https://www.amazon.in/ZEXSAZONE-flexible-Perfect-Puppies-Weather/dp/B0CS9BW45R/ref=zg_bs_g_4771390031_d_sccl_5/522-4724523-7365803?psc=1"", ""category_key"": ""beds_accessories""}"
2026-07-07,2026-07-07T16:17:53.591671,in,Beds & Accessories,,6,6,B076VSDH8Y,"amazon basics Large Elevated Cooling Mesh Fabric Pet Dog Cot Bed - 51 X 31 X 8 Inches, Green",amazon,2099.0,2099.0,0,4.4,9711,0,0,https://www.amazon.in/AmazonBasics-Elevated-Cooling-Pet-Large/dp/B076VSDH8Y/ref=zg_bs_g_4771390031_d_sccl_6/522-4724523-7365803?psc=1,"https://images-eu.ssl-images-amazon.com/images/I/71iVF47Q5sS._AC_UL300_SR300,200_.jpg","{""title"": ""amazon basics Large Elevated Cooling Mesh Fabric Pet Dog Cot Bed - 51 X 31 X 8 Inches, Green"", ""url"": ""https://www.amazon.in/AmazonBasics-Elevated-Cooling-Pet-Large/dp/B076VSDH8Y/ref=zg_bs_g_4771390031_d_sccl_6/522-4724523-7365803?psc=1"", ""category_key"": ""beds_accessories""}"
2026-07-07,2026-07-07T16:17:53.591671,in,Beds & Accessories,,7,7,B0C5XKH9HB,Amazon Basics Premium Reversible Super Soft Velvet Round Cat Dog Pet Bed | Medium 72 x 72 x 16 cm | Blue,Amazon,799.0,799.0,0,4.1,670,0,0,https://www.amazon.in/amazon-basics-Reversible-Velvet-Diameter/dp/B0C5XKH9HB/ref=zg_bs_g_4771390031_d_sccl_7/522-4724523-7365803?psc=1,"https://images-eu.ssl-images-amazon.com/images/I/91z90Srl2pL._AC_UL300_SR300,200_.jpg","{""title"": ""Amazon Basics Premium Reversible Super Soft Velvet Round Cat Dog Pet Bed | Medium 72 x 72 x 16 cm | Blue"", ""url"": ""https://www.amazon.in/amazon-basics-Reversible-Velvet-Diameter/dp/B0C5XKH9HB/ref=zg_bs_g_4771390031_d_sccl_7/522-4724523-7365803?psc=1"", ""category_key"": ""beds_accessories""}"
2026-07-07,2026-07-07T16:17:53.591671,in,Beds & Accessories,,8,8,B0H589BXST,"ZENIPUP Premium Fur 4XL Dog Bed for Large Dogs | Orthopedic Washable Pet Bed with Fiber Filling, Anti-Slip Bottom & Calming S",ZENIPUP,0.0,0.0,0,5.0,5,0,0,https://www.amazon.in/ZENIPUP-Orthopedic-Washable-Anti-Slip-Mattress/dp/B0H589BXST/ref=zg_bs_g_4771390031_d_sccl_8/522-4724523-7365803?psc=1,"https://images-eu.ssl-images-amazon.com/images/I/61slVPbsX-L._AC_UL300_SR300,200_.jpg","{""title"": ""ZENIPUP Premium Fur 4XL Dog Bed for Large Dogs | Orthopedic Washable Pet Bed with Fiber Filling, Anti-Slip Bottom & Calming S"", ""url"": ""https://www.amazon.in/ZENIPUP-Orthopedic-Washable-Anti-Slip-Mattress/dp/B0H589BXST/ref=zg_bs_g_4771390031_d_sccl_8/522-4724523-7365803?psc=1"", ""category_key"": ""beds_accessories""}"
2026-07-07,2026-07-07T16:17:53.591671,in,Beds & Accessories,,9,9,B0FJYPTSHY,"Cutepups Orthopedic Dog Bed Comfortable Dog Mattress for Sleeping, Washable pet Bed for Dogs (Only Black, S)",Cutepups,710.0,710.0,0,3.9,169,0,0,https://www.amazon.in/Cutepups-Orthopedic-Comfortable-Mattress-Sleeping/dp/B0FJYPTSHY/ref=zg_bs_g_4771390031_d_sccl_9/522-4724523-7365803?psc=1,"https://images-eu.ssl-images-amazon.com/images/I/61--xUlgSiL._AC_UL300_SR300,200_.jpg","{""title"": ""Cutepups Orthopedic Dog Bed Comfortable Dog Mattress for Sleeping, Washable pet Bed for Dogs (Only Black, S)"", ""url"": ""https://www.amazon.in/Cutepups-Orthopedic-Comfortable-Mattress-Sleeping/dp/B0FJYPTSHY/ref=zg_bs_g_4771390031_d_sccl_9/522-4724523-7365803?psc=1"", ""category_key"": ""beds_accessories""}"
2026-07-07,2026-07-07T16:17:53.591671,in,Beds & Accessories,,10,10,B09ZP97GHD,"AAZEEM Soft Light Weight Mat for Dogs,Cats & Pets, (Size-M),Black",AAZEEM,171.0,171.0,0,4.0,452,0,0,https://www.amazon.in/AAZEEM-Light-Weight-Mat-Size-M/dp/B09ZP97GHD/ref=zg_bs_g_4771390031_d_sccl_10/522-4724523-7365803?psc=1,"https://images-eu.ssl-images-amazon.com/images/I/61PyaDHkNXL._AC_UL300_SR300,200_.jpg","{""title"": ""AAZEEM Soft Light Weight Mat for Dogs,Cats & Pets, (Size-M),Black"", ""url"": ""https://www.amazon.in/AAZEEM-Light-Weight-Mat-Size-M/dp/B09ZP97GHD/ref=zg_bs_g_4771390031_d_sccl_10/522-4724523-7365803?psc=1"", ""category_key"": ""beds_accessories""}"
2026-07-07,2026-07-07T16:17:53.591671,in,Beds & Accessories,,11,11,B0F5MPP1S7,"WUFSIE Dog Bed Large 70x100cm | Reversible Premium Velvet Black & Grey Pet Bed | Soft, Washable & Durable Bed for Dog and Cat",WUFSIE,1029.0,1029.0,0,3.6,114,0,0,https://www.amazon.in/WUFSIE-Rectangular-Reversible-Large-Size/dp/B0F5MPP1S7/ref=zg_bs_g_4771390031_d_sccl_11/522-4724523-7365803?psc=1,"https://images-eu.ssl-images-amazon.com/images/I/71QhzyGvkjL._AC_UL300_SR300,200_.jpg","{""title"": ""WUFSIE Dog Bed Large 70x100cm | Reversible Premium Velvet Black & Grey Pet Bed | Soft, Washable & Durable Bed for Dog and Cat"", ""url"": ""https://www.amazon.in/WUFSIE-Rectangular-Reversible-Large-Size/dp/B0F5MPP1S7/ref=zg_bs_g_4771390031_d_sccl_11/522-4724523-7365803?psc=1"", ""category_key"": ""beds_accessories""}"
2026-07-07,2026-07-07T16:17:53.591671,in,Beds & Accessories,,12,12,B0FMDXPM6S,Amazon Basics Leg Fold Dog Pet Bed | Durable Nylon Niwar | 42 × 36 × 12 Inch | Multi-Color,Amazon,1689.0,1689.0,0,4.0,76,0,0,https://www.amazon.in/Amazon-Basics-Durable-Nylon-Multi-Color/dp/B0FMDXPM6S/ref=zg_bs_g_4771390031_d_sccl_12/522-4724523-7365803?psc=1,"https://images-eu.ssl-images-amazon.com/images/I/61r5I+vaAPL._AC_UL300_SR300,200_.jpg","{""title"": ""Amazon Basics Leg Fold Dog Pet Bed | Durable Nylon Niwar | 42 \u00d7 36 \u00d7 12 Inch | Multi-Color"", ""url"": ""https://www.amazon.in/Amazon-Basics-Durable-Nylon-Multi-Color/dp/B0FMDXPM6S/ref=zg_bs_g_4771390031_d_sccl_12/522-4724523-7365803?psc=1"", ""category_key"": ""beds_accessories""}"
2026-07-07,2026-07-07T16:17:53.591671,in,Beds & Accessories,,13,13,B0GW31K1S3,"ZEXSAZONE Folding Elevated Dog Bed 50x50x17 cm | Cooling Pet Cot for Small Dogs & Cats | Breathable Canvas Fabric, SS 302 Fra",ZEXSAZONE,0.0,0.0,0,4.5,25,0,0,https://www.amazon.in/ZEXSAZONE-Elevated-50x50x17-Breathable-Anti-Slip/dp/B0GW31K1S3/ref=zg_bs_g_4771390031_d_sccl_13/522-4724523-7365803?psc=1,"https://images-eu.ssl-images-amazon.com/images/I/714b81xQv3L._AC_UL300_SR300,200_.jpg","{""title"": ""ZEXSAZONE Folding Elevated Dog Bed 50x50x17 cm | Cooling Pet Cot for Small Dogs & Cats | Breathable Canvas Fabric, SS 302 Fra"", ""url"": ""https://www.amazon.in/ZEXSAZONE-Elevated-50x50x17-Breathable-Anti-Slip/dp/B0GW31K1S3/ref=zg_bs_g_4771390031_d_sccl_13/522-4724523-7365803?psc=1"", ""category_key"": ""beds_accessories""}"
2026-07-07,2026-07-07T16:17:53.591671,in,Beds & Accessories,,14,14,B0C5XHT99T,Amazon Basics Premium Soft Velvet Cave House Bed for Toy Breed Dogs and Cats |Medium 59 x 56 x 48 cm,Amazon,1249.0,1249.0,0,4.5,780,0,0,https://www.amazon.in/amazon-basics-Velvet-Length-Height/dp/B0C5XHT99T/ref=zg_bs_g_4771390031_d_sccl_14/522-4724523-7365803?psc=1,"https://images-eu.ssl-images-amazon.com/images/I/818848PvqNL._AC_UL300_SR300,200_.jpg","{""title"": ""Amazon Basics Premium Soft Velvet Cave House Bed for Toy Breed Dogs and Cats |Medium 59 x 56 x 48 cm"", ""url"": ""https://www.amazon.in/amazon-basics-Velvet-Length-Height/dp/B0C5XHT99T/ref=zg_bs_g_4771390031_d_sccl_14/522-4724523-7365803?psc=1"", ""category_key"": ""beds_accessories""}"
2026-07-07,2026-07-07T16:17:53.591671,in,Beds & Accessories,,15,15,B0G6DCQW6L,"Amazon Basics Pet Bed | Medium| Reversible Premium Velvet Pet Bed for Cats & Small/Medium Dogs (Pug, Beagle, French Bulldog)",Amazon,699.0,699.0,0,3.8,953,0,0,https://www.amazon.in/Amazon-Reversible-Premium-Bulldog-Durable/dp/B0G6DCQW6L/ref=zg_bs_g_4771390031_d_sccl_15/522-4724523-7365803?psc=1,"https://images-eu.ssl-images-amazon.com/images/I/61Zt5MLFRhL._AC_UL300_SR300,200_.jpg","{""title"": ""Amazon Basics Pet Bed | Medium| Reversible Premium Velvet Pet Bed for Cats & Small/Medium Dogs (Pug, Beagle, French Bulldog)"", ""url"": ""https://www.amazon.in/Amazon-Reversible-Premium-Bulldog-Durable/dp/B0G6DCQW6L/ref=zg_bs_g_4771390031_d_sccl_15/522-4724523-7365803?psc=1"", ""category_key"": ""beds_accessories""}"
2026-07-07,2026-07-07T16:17:53.591671,in,Beds & Accessories,,16,16,B0H58K335C,"ZENIPUP Premium Dog Bed with Free Blanket for Small, Medium & Large Dogs | Soft Fur Orthopedic Washable Pet Bed with Fiber Fi",ZENIPUP,0.0,0.0,0,5.0,9,0,0,https://www.amazon.in/ZENIPUP-Premium-Orthopedic-Washable-Mattress/dp/B0H58K335C/ref=zg_bs_g_4771390031_d_sccl_16/522-4724523-7365803?psc=1,"https://images-eu.ssl-images-amazon.com/images/I/51GLu60naLL._AC_UL300_SR300,200_.jpg","{""title"": ""ZENIPUP Premium Dog Bed with Free Blanket for Small, Medium & Large Dogs | Soft Fur Orthopedic Washable Pet Bed with Fiber Fi"", ""url"": ""https://www.amazon.in/ZENIPUP-Premium-Orthopedic-Washable-Mattress/dp/B0H58K335C/ref=zg_bs_g_4771390031_d_sccl_16/522-4724523-7365803?psc=1"", ""category_key"": ""beds_accessories""}"
2026-07-07,2026-07-07T16:17:53.591671,in,Beds & Accessories,,17,17,B0CLDHF7M1,"MUDDY PAWS Premium Reversible Oval Dog Bed – Large – Washable Anti-Skid Pet Bed with Toy Pillows, Soft Polyester Dog Cushion",MUDDY,1499.0,1499.0,0,3.6,175,0,0,https://www.amazon.in/MUDDY-PAWS-Anti-Skid-Washable-Reversible/dp/B0CLDHF7M1/ref=zg_bs_g_4771390031_d_sccl_17/522-4724523-7365803?psc=1,"https://images-eu.ssl-images-amazon.com/images/I/51MOZegGYxL._AC_UL300_SR300,200_.jpg","{""title"": ""MUDDY PAWS Premium Reversible Oval Dog Bed \u2013 Large \u2013 Washable Anti-Skid Pet Bed with Toy Pillows, Soft Polyester Dog Cushion"", ""url"": ""https://www.amazon.in/MUDDY-PAWS-Anti-Skid-Washable-Reversible/dp/B0CLDHF7M1/ref=zg_bs_g_4771390031_d_sccl_17/522-4724523-7365803?psc=1"", ""category_key"": ""beds_accessories""}"
2026-07-07,2026-07-07T16:17:53.591671,in,Beds & Accessories,,18,18,B0BWNJRRXY,"ZEXSAZONE Summer Round Donut Pet Bed for Cats and Puppies, Dogs, Cozy and Plush, Raised Bedside Support, Both Sides Use Like",ZEXSAZONE,431.0,431.0,0,4.2,805,0,0,https://www.amazon.in/ZEXSAZONE-Perfect-Indoor-Puppies-Winter/dp/B0BWNJRRXY/ref=zg_bs_g_4771390031_d_sccl_18/522-4724523-7365803?psc=1,"https://images-eu.ssl-images-amazon.com/images/I/61RPz+wyvpL._AC_UL300_SR300,200_.jpg","{""title"": ""ZEXSAZONE Summer Round Donut Pet Bed for Cats and Puppies, Dogs, Cozy and Plush, Raised Bedside Support, Both Sides Use Like"", ""url"": ""https://www.amazon.in/ZEXSAZONE-Perfect-Indoor-Puppies-Winter/dp/B0BWNJRRXY/ref=zg_bs_g_4771390031_d_sccl_18/522-4724523-7365803?psc=1"", ""category_key"": ""beds_accessories""}"
2026-07-07,2026-07-07T16:17:53.591671,in,Beds & Accessories,,19,19,B076VXVB2L,"amazon basics Large Elevated Cooling Pet Dog Cot Fabric Bed - 51 x 31 x 8 Inches, Grey",amazon,2099.0,2099.0,0,4.4,24058,0,0,https://www.amazon.in/AmazonBasics-Elevated-Cooling-Pet-Grey/dp/B076VXVB2L/ref=zg_bs_g_4771390031_d_sccl_19/522-4724523-7365803?psc=1,"https://images-eu.ssl-images-amazon.com/images/I/71gw2oWnStS._AC_UL300_SR300,200_.jpg","{""title"": ""amazon basics Large Elevated Cooling Pet Dog Cot Fabric Bed - 51 x 31 x 8 Inches, Grey"", ""url"": ""https://www.amazon.in/AmazonBasics-Elevated-Cooling-Pet-Grey/dp/B076VXVB2L/ref=zg_bs_g_4771390031_d_sccl_19/522-4724523-7365803?psc=1"", ""category_key"": ""beds_accessories""}"
2026-07-07,2026-07-07T16:17:53.591671,in,Beds & Accessories,,20,20,B0BSSCBYP8,"PetLux Velvet Dog Bed Washable Cat Beds for Indoor Cats and Puppy,Grey Dog Bed Sofa for Dogs,Gift for Dogs and Cats,Round Bed",PetLux,854.0,854.0,0,3.9,140,0,0,https://www.amazon.in/Pet-Smile-Washable-Indoor-Puppy/dp/B0BSSCBYP8/ref=zg_bs_g_4771390031_d_sccl_20/522-4724523-7365803?psc=1,"https://images-eu.ssl-images-amazon.com/images/I/51txsUw2QbL._AC_UL300_SR300,200_.jpg","{""title"": ""PetLux Velvet Dog Bed Washable Cat Beds for Indoor Cats and Puppy,Grey Dog Bed Sofa for Dogs,Gift for Dogs and Cats,Round Bed"", ""url"": ""https://www.amazon.in/Pet-Smile-Washable-Indoor-Puppy/dp/B0BSSCBYP8/ref=zg_bs_g_4771390031_d_sccl_20/522-4724523-7365803?psc=1"", ""category_key"": ""beds_accessories""}"
2026-07-07,2026-07-07T16:17:53.591671,in,Beds & Accessories,,21,21,B0G9Z5FQW1,LexCouch Velvet Premium Extra Large Dog Bed for Extra Large Dogs Washable Big Dog Beds Slip-Resistant Bottom-Grey -95 X 73 X,LexCouch,999.0,999.0,0,3.0,1,0,0,https://www.amazon.in/LexCouch-Washable-Slip-Resistant-Bottom-Grey-Centimeters/dp/B0G9Z5FQW1/ref=zg_bs_g_4771390031_d_sccl_21/522-4724523-7365803?psc=1,"https://images-eu.ssl-images-amazon.com/images/I/51squ4X7rYL._AC_UL300_SR300,200_.jpg","{""title"": ""LexCouch Velvet Premium Extra Large Dog Bed for Extra Large Dogs Washable Big Dog Beds Slip-Resistant Bottom-Grey -95 X 73 X"", ""url"": ""https://www.amazon.in/LexCouch-Washable-Slip-Resistant-Bottom-Grey-Centimeters/dp/B0G9Z5FQW1/ref=zg_bs_g_4771390031_d_sccl_21/522-4724523-7365803?psc=1"", ""category_key"": ""beds_accessories""}"
2026-07-07,2026-07-07T16:17:53.591671,in,Beds & Accessories,,22,22,B0DWS7CWYS,Amazon Basics Soft Pet Kennel (Large) | Pet Habitat - Multi-Color Printed | Dog | 60L x 60Wx 62H Centimeters,Amazon,1399.0,1399.0,0,4.2,1436,0,0,https://www.amazon.in/Amazon-Basics-Kennel-Large-Habitat/dp/B0DWS7CWYS/ref=zg_bs_g_4771390031_d_sccl_22/522-4724523-7365803?psc=1,"https://images-eu.ssl-images-amazon.com/images/I/712opkC2lXL._AC_UL300_SR300,200_.jpg","{""title"": ""Amazon Basics Soft Pet Kennel (Large) | Pet Habitat - Multi-Color Printed | Dog | 60L x 60Wx 62H Centimeters"", ""url"": ""https://www.amazon.in/Amazon-Basics-Kennel-Large-Habitat/dp/B0DWS7CWYS/ref=zg_bs_g_4771390031_d_sccl_22/522-4724523-7365803?psc=1"", ""category_key"": ""beds_accessories""}"
2026-07-07,2026-07-07T16:17:53.591671,in,Beds & Accessories,,23,23,B0FDKQQG1Y,UNIQUE PET COLLECTION Polyester Pet Bed Dog And Cat Gaddi Soft And Cozy Pet Pillow For All Seasons For Indoor And Outdoor Use,UNIQUE,0.0,0.0,0,5.0,7,0,0,https://www.amazon.in/UNIQUE-PET-COLLECTION-Polyester-Washable/dp/B0FDKQQG1Y/ref=zg_bs_g_4771390031_d_sccl_25/522-4724523-7365803?psc=1,"https://images-eu.ssl-images-amazon.com/images/I/61Y5fPafF+L._AC_UL300_SR300,200_.jpg","{""title"": ""UNIQUE PET COLLECTION Polyester Pet Bed Dog And Cat Gaddi Soft And Cozy Pet Pillow For All Seasons For Indoor And Outdoor Use"", ""url"": ""https://www.amazon.in/UNIQUE-PET-COLLECTION-Polyester-Washable/dp/B0FDKQQG1Y/ref=zg_bs_g_4771390031_d_sccl_25/522-4724523-7365803?psc=1"", ""category_key"": ""beds_accessories""}"
2026-07-07,2026-07-07T16:17:53.591671,in,Beds & Accessories,,24,24,B0D6F56W1G,"CWAWZ Dog Beds for Large Dogs, Orthopedic Dog Bed with Cooling Gel Memory Foam, Waterproof Large Dog Bed with Removable Washa",CWAWZ,2299.0,2299.0,0,4.5,3402,0,0,https://www.amazon.in/CWAWZ-Orthopedic-Waterproof-Removable-Washable/dp/B0D6F56W1G/ref=zg_bs_g_4771390031_d_sccl_26/522-4724523-7365803?psc=1,"https://images-eu.ssl-images-amazon.com/images/I/71hSmLEHQvL._AC_UL300_SR300,200_.jpg","{""title"": ""CWAWZ Dog Beds for Large Dogs, Orthopedic Dog Bed with Cooling Gel Memory Foam, Waterproof Large Dog Bed with Removable Washa"", ""url"": ""https://www.amazon.in/CWAWZ-Orthopedic-Waterproof-Removable-Washable/dp/B0D6F56W1G/ref=zg_bs_g_4771390031_d_sccl_26/522-4724523-7365803?psc=1"", ""category_key"": ""beds_accessories""}"
2026-07-07,2026-07-07T16:17:53.591671,in,Beds & Accessories,,25,25,B0GF7JM897,SITSNOOZE Printed Pet Blanket for Dogs & Cats | Quilted Cotton | Mild Winter Soft & Warm Pet Blanket (Turquoise Green),SITSNOOZE,379.0,379.0,0,3.8,11,0,0,https://www.amazon.in/SITSNOOZE-Printed-Blanket-Quilted-Turquoise/dp/B0GF7JM897/ref=zg_bs_g_4771390031_d_sccl_27/522-4724523-7365803?psc=1,"https://images-eu.ssl-images-amazon.com/images/I/61gUqxQbg2L._AC_UL300_SR300,200_.jpg","{""title"": ""SITSNOOZE Printed Pet Blanket for Dogs & Cats | Quilted Cotton | Mild Winter Soft & Warm Pet Blanket (Turquoise Green)"", ""url"": ""https://www.amazon.in/SITSNOOZE-Printed-Blanket-Quilted-Turquoise/dp/B0GF7JM897/ref=zg_bs_g_4771390031_d_sccl_27/522-4724523-7365803?psc=1"", ""category_key"": ""beds_accessories""}"
2026-07-07,2026-07-07T16:17:53.591671,in,Beds & Accessories,,26,26,B0G2C64MK9,"Zigly Lifestyle Golden Hour Snooze Nest Pet Mat for Dogs & Cats | Ultra-Soft NS Butter Polyester | Water-Repellent, Anti-Skid",Zigly,999.0,999.0,0,5.0,15,0,0,https://www.amazon.in/Zigly-Lifestyle-Golden-Washable-Anti-Skid/dp/B0G2C64MK9/ref=zg_bs_g_4771390031_d_sccl_28/522-4724523-7365803?psc=1,"https://images-eu.ssl-images-amazon.com/images/I/61D2VQ6PzkL._AC_UL300_SR300,200_.jpg","{""title"": ""Zigly Lifestyle Golden Hour Snooze Nest Pet Mat for Dogs & Cats | Ultra-Soft NS Butter Polyester | Water-Repellent, Anti-Skid"", ""url"": ""https://www.amazon.in/Zigly-Lifestyle-Golden-Washable-Anti-Skid/dp/B0G2C64MK9/ref=zg_bs_g_4771390031_d_sccl_28/522-4724523-7365803?psc=1"", ""category_key"": ""beds_accessories""}"
2026-07-07,2026-07-07T16:17:53.591671,in,Beds & Accessories,,27,27,B0GNTG6C2L,"Heritage Dog Bed Reversible Premium Velvet Black & Grey Pet Bed | Soft, Washable & Durable Bed for Dog and Cat for Everyday C",Heritage,499.0,499.0,0,3.3,8,0,0,https://www.amazon.in/Heritage-Reversible-Washable-Everyday-Relaxation/dp/B0GNTG6C2L/ref=zg_bs_g_4771390031_d_sccl_29/522-4724523-7365803?psc=1,"https://images-eu.ssl-images-amazon.com/images/I/51XiD8gXSeL._AC_UL300_SR300,200_.jpg","{""title"": ""Heritage Dog Bed Reversible Premium Velvet Black & Grey Pet Bed | Soft, Washable & Durable Bed for Dog and Cat for Everyday C"", ""url"": ""https://www.amazon.in/Heritage-Reversible-Washable-Everyday-Relaxation/dp/B0GNTG6C2L/ref=zg_bs_g_4771390031_d_sccl_29/522-4724523-7365803?psc=1"", ""category_key"": ""beds_accessories""}"
2026-07-07,2026-07-07T16:17:53.591671,in,Beds & Accessories,,28,28,B0CK2RWZZ7,"MUDDY PAWS Reversible Sofa Style Dog Bed – XXL (95 x 73 x 22 cm) – Plush Fur Surface, Removable Cushion & Anti-Skid Base – Bl",MUDDY,1999.0,1999.0,0,3.8,113,0,0,https://www.amazon.in/MUDDY-PAWS-Anti-Skid-Washable-Reversible/dp/B0CK2RWZZ7/ref=zg_bs_g_4771390031_d_sccl_30/522-4724523-7365803?psc=1,"https://images-eu.ssl-images-amazon.com/images/I/71A7VG3MX5L._AC_UL300_SR300,200_.jpg","{""title"": ""MUDDY PAWS Reversible Sofa Style Dog Bed \u2013 XXL (95 x 73 x 22 cm) \u2013 Plush Fur Surface, Removable Cushion & Anti-Skid Base \u2013 Bl"", ""url"": ""https://www.amazon.in/MUDDY-PAWS-Anti-Skid-Washable-Reversible/dp/B0CK2RWZZ7/ref=zg_bs_g_4771390031_d_sccl_30/522-4724523-7365803?psc=1"", ""category_key"": ""beds_accessories""}"
2026-07-07,2026-07-07T16:17:53.591671,in,Beds & Accessories,,1,1,B09HTXK5VK,Emily Pets Cat Scratcher Cardboard 2 in 1 Reversible Scratching Pad Recyclable Corrugated Scratch Toy with Wave Shape & 10ML,Emily,276.0,276.0,0,4.1,1191,0,0,https://www.amazon.in/Cat-Scratcher-With-Catnip/dp/B09HTXK5VK/ref=zg_bs_g_4771375031_d_sccl_1/522-4724523-7365803?psc=1,"https://images-eu.ssl-images-amazon.com/images/I/714BJl77PGL._AC_UL300_SR300,200_.jpg","{""title"": ""Emily Pets Cat Scratcher Cardboard 2 in 1 Reversible Scratching Pad Recyclable Corrugated Scratch Toy with Wave Shape & 10ML"", ""url"": ""https://www.amazon.in/Cat-Scratcher-With-Catnip/dp/B09HTXK5VK/ref=zg_bs_g_4771375031_d_sccl_1/522-4724523-7365803?psc=1"", ""category_key"": ""beds_accessories""}"
2026-07-07,2026-07-07T16:17:53.591671,in,Beds & Accessories,,2,2,B0BMT528FS,"Foodie Puppies 2-in-1 Reversible Cat Scratcher Pad with Catnip for Cats & Kittens, (Couch, 43.5 x 23 x 6 cm) | Durable Corrug",Foodie,299.0,299.0,0,4.3,598,0,0,https://www.amazon.in/Foodie-Puppies-Couch-Cat-Scratcher/dp/B0BMT528FS/ref=zg_bs_g_4771375031_d_sccl_2/522-4724523-7365803?psc=1,"https://images-eu.ssl-images-amazon.com/images/I/71vh2Fn6NnL._AC_UL300_SR300,200_.jpg","{""title"": ""Foodie Puppies 2-in-1 Reversible Cat Scratcher Pad with Catnip for Cats & Kittens, (Couch, 43.5 x 23 x 6 cm) | Durable Corrug"", ""url"": ""https://www.amazon.in/Foodie-Puppies-Couch-Cat-Scratcher/dp/B0BMT528FS/ref=zg_bs_g_4771375031_d_sccl_2/522-4724523-7365803?psc=1"", ""category_key"": ""beds_accessories""}"
2026-07-07,2026-07-07T16:17:53.591671,in,Beds & Accessories,,3,3,B0DZCV18T2,"Amazon Basics Plush Fur Fabic Multistory Cat Tree with Condos, Perches and Sctraching Post Furry Hanging Ball, Dark Beige wit",Amazon,4069.0,4069.0,0,4.3,2064,0,0,https://www.amazon.in/Amazon-Multistory-Perches-Sctraching-Hanging/dp/B0DZCV18T2/ref=zg_bs_g_4771375031_d_sccl_3/522-4724523-7365803?psc=1,"https://images-eu.ssl-images-amazon.com/images/I/71kG0KRofQL._AC_UL300_SR300,200_.jpg","{""title"": ""Amazon Basics Plush Fur Fabic Multistory Cat Tree with Condos, Perches and Sctraching Post Furry Hanging Ball, Dark Beige wit"", ""url"": ""https://www.amazon.in/Amazon-Multistory-Perches-Sctraching-Hanging/dp/B0DZCV18T2/ref=zg_bs_g_4771375031_d_sccl_3/522-4724523-7365803?psc=1"", ""category_key"": ""beds_accessories""}"
2026-07-07,2026-07-07T16:17:53.591671,in,Beds & Accessories,,4,4,B0DXFGR681,"Qpets® Cat Scratch Pad, Scratching Pad for Cats, Wall Cat Scratcher Mat, Cuttable Adhesive Pet Scratching Mat for Wall, Cabin",Qpets®,598.0,598.0,0,3.5,222,0,0,https://www.amazon.in/Scratching-Scratcher-Cuttable-Adhesive-40x100cm/dp/B0DXFGR681/ref=zg_bs_g_4771375031_d_sccl_4/522-4724523-7365803?psc=1,"https://images-eu.ssl-images-amazon.com/images/I/71YNBdyX1mL._AC_UL300_SR300,200_.jpg","{""title"": ""Qpets\u00ae Cat Scratch Pad, Scratching Pad for Cats, Wall Cat Scratcher Mat, Cuttable Adhesive Pet Scratching Mat for Wall, Cabin"", ""url"": ""https://www.amazon.in/Scratching-Scratcher-Cuttable-Adhesive-40x100cm/dp/B0DXFGR681/ref=zg_bs_g_4771375031_d_sccl_4/522-4724523-7365803?psc=1"", ""category_key"": ""beds_accessories""}"
2026-07-07,2026-07-07T16:17:53.591671,in,Beds & Accessories,,5,5,B0F6V71LXT,"Amazon Basics Cat Scratching Pole and Lounge Bed, with Hanging Star and Ball, Natural Jute, Sturdy Wooden Base, 50cm (S)",Amazon,869.0,869.0,0,3.9,1927,0,0,https://www.amazon.in/Amazon-Basics-Scratching-Hanging-Natural/dp/B0F6V71LXT/ref=zg_bs_g_4771375031_d_sccl_5/522-4724523-7365803?psc=1,"https://images-eu.ssl-images-amazon.com/images/I/71L5ydwojOL._AC_UL300_SR300,200_.jpg","{""title"": ""Amazon Basics Cat Scratching Pole and Lounge Bed, with Hanging Star and Ball, Natural Jute, Sturdy Wooden Base, 50cm (S)"", ""url"": ""https://www.amazon.in/Amazon-Basics-Scratching-Hanging-Natural/dp/B0F6V71LXT/ref=zg_bs_g_4771375031_d_sccl_5/522-4724523-7365803?psc=1"", ""category_key"": ""beds_accessories""}"
2026-07-07,2026-07-07T16:17:53.591671,in,Beds & Accessories,,6,6,B0CD29LBTJ,Goofy Tails Cat Scratch Pad with Catnip | Recycled Paper Corrugated Scratch Pad for Cats and Kittens| Scratcher for Cats and,Goofy,258.0,258.0,0,4.2,99,0,0,https://www.amazon.in/Goofy-Tails-Recycled-Corrugated-Scratcher/dp/B0CD29LBTJ/ref=zg_bs_g_4771375031_d_sccl_7/522-4724523-7365803?psc=1,"https://images-eu.ssl-images-amazon.com/images/I/81EszSTlL0L._AC_UL300_SR300,200_.jpg","{""title"": ""Goofy Tails Cat Scratch Pad with Catnip | Recycled Paper Corrugated Scratch Pad for Cats and Kittens| Scratcher for Cats and"", ""url"": ""https://www.amazon.in/Goofy-Tails-Recycled-Corrugated-Scratcher/dp/B0CD29LBTJ/ref=zg_bs_g_4771375031_d_sccl_7/522-4724523-7365803?psc=1"", ""category_key"": ""beds_accessories""}"
2026-07-07,2026-07-07T16:17:53.591671,in,Beds & Accessories,,7,7,B0FLPVTH24,FURRLOVERS Condo Fur Fabric Activity Kitten Cat Tree | Hammock | Hanging Ball | Scratching Posts | Jute Rope (Height 55 Inch),FURRLOVERS,3989.0,3989.0,0,4.3,197,0,0,https://www.amazon.in/FURRLOVERS-Activity-Hammock-Hanging-Scratching/dp/B0FLPVTH24/ref=zg_bs_g_4771375031_d_sccl_8/522-4724523-7365803?psc=1,"https://images-eu.ssl-images-amazon.com/images/I/61mKf8+9ewL._AC_UL300_SR300,200_.jpg","{""title"": ""FURRLOVERS Condo Fur Fabric Activity Kitten Cat Tree | Hammock | Hanging Ball | Scratching Posts | Jute Rope (Height 55 Inch)"", ""url"": ""https://www.amazon.in/FURRLOVERS-Activity-Hammock-Hanging-Scratching/dp/B0FLPVTH24/ref=zg_bs_g_4771375031_d_sccl_8/522-4724523-7365803?psc=1"", ""category_key"": ""beds_accessories""}"
2026-07-07,2026-07-07T16:17:53.591671,in,Beds & Accessories,,8,8,B078RL114X,PETS EMPIRE Cat Scratcher Cardboard (Curved Shape),PETS,233.0,233.0,0,3.3,148,0,0,https://www.amazon.in/Pets-Empire-Scratcher-Curved-Wave/dp/B078RL114X/ref=zg_bs_g_4771375031_d_sccl_9/522-4724523-7365803?psc=1,"https://images-eu.ssl-images-amazon.com/images/I/81C0HLGvsHL._AC_UL300_SR300,200_.jpg","{""title"": ""PETS EMPIRE Cat Scratcher Cardboard (Curved Shape)"", ""url"": ""https://www.amazon.in/Pets-Empire-Scratcher-Curved-Wave/dp/B078RL114X/ref=zg_bs_g_4771375031_d_sccl_9/522-4724523-7365803?psc=1"", ""category_key"": ""beds_accessories""}"
2026-07-07,2026-07-07T16:17:53.591671,in,Beds & Accessories,,9,9,B0BVYWXLKB,Amazon Basics Round Cozy Cat Tree | 43.6 X 49 CM | Beige | Natural Jute Fiber Cat Tower | Rope Scratching Posts with Hanging,Amazon,1039.0,1039.0,0,4.3,203,0,0,https://www.amazon.in/Natural-Scratching-Hanging-Long-lasting-Quality/dp/B0BVYWXLKB/ref=zg_bs_g_4771375031_d_sccl_10/522-4724523-7365803?psc=1,"https://images-eu.ssl-images-amazon.com/images/I/91MGyy+-S4L._AC_UL300_SR300,200_.jpg","{""title"": ""Amazon Basics Round Cozy Cat Tree | 43.6 X 49 CM | Beige | Natural Jute Fiber Cat Tower | Rope Scratching Posts with Hanging"", ""url"": ""https://www.amazon.in/Natural-Scratching-Hanging-Long-lasting-Quality/dp/B0BVYWXLKB/ref=zg_bs_g_4771375031_d_sccl_10/522-4724523-7365803?psc=1"", ""category_key"": ""beds_accessories""}"
2026-07-07,2026-07-07T16:17:53.591671,in,Beds & Accessories,,10,10,B06X6J3L65,"AmazonBasics Cat Activity Tree with Scratching Posts, Large (Beige)",AmazonBasics,2069.0,2069.0,0,4.1,19033,0,0,https://www.amazon.in/AmazonBasics-Activity-Scratching-Posts-Large/dp/B06X6J3L65/ref=zg_bs_g_4771375031_d_sccl_11/522-4724523-7365803?psc=1,"https://images-eu.ssl-images-amazon.com/images/I/71oeawcwU7L._AC_UL300_SR300,200_.jpg","{""title"": ""AmazonBasics Cat Activity Tree with Scratching Posts, Large (Beige)"", ""url"": ""https://www.amazon.in/AmazonBasics-Activity-Scratching-Posts-Large/dp/B06X6J3L65/ref=zg_bs_g_4771375031_d_sccl_11/522-4724523-7365803?psc=1"", ""category_key"": ""beds_accessories""}"
2026-07-07,2026-07-07T16:17:53.591671,in,Beds & Accessories,,11,11,B0DV8Z38KY,Foodie Puppies Cat Scratcher Pad with Catnip for Cats & Kittens - (Sofa 52 x 26 x 15 cm) | Durable Modern Longue Corrugated C,Foodie,699.0,699.0,0,4.4,81,0,0,https://www.amazon.in/Foodie-Puppies-Scratcher-Catnip-Kittens/dp/B0DV8Z38KY/ref=zg_bs_g_4771375031_d_sccl_12/522-4724523-7365803?psc=1,"https://images-eu.ssl-images-amazon.com/images/I/51nrI6Uu4XL._AC_UL300_SR300,200_.jpg","{""title"": ""Foodie Puppies Cat Scratcher Pad with Catnip for Cats & Kittens - (Sofa 52 x 26 x 15 cm) | Durable Modern Longue Corrugated C"", ""url"": ""https://www.amazon.in/Foodie-Puppies-Scratcher-Catnip-Kittens/dp/B0DV8Z38KY/ref=zg_bs_g_4771375031_d_sccl_12/522-4724523-7365803?psc=1"", ""category_key"": ""beds_accessories""}"
2026-07-07,2026-07-07T16:17:53.591671,in,Beds & Accessories,,12,12,B07FW5RFZG,"AmazonBasics Cat Scratching Post, Beige",AmazonBasics,717.0,717.0,0,4.0,2972,0,0,https://www.amazon.in/AmazonBasics-Cat-Scratching-Post-Beige/dp/B07FW5RFZG/ref=zg_bs_g_4771375031_d_sccl_13/522-4724523-7365803?psc=1,"https://images-eu.ssl-images-amazon.com/images/I/513droclz0L._AC_UL300_SR300,200_.jpg","{""title"": ""AmazonBasics Cat Scratching Post, Beige"", ""url"": ""https://www.amazon.in/AmazonBasics-Cat-Scratching-Post-Beige/dp/B07FW5RFZG/ref=zg_bs_g_4771375031_d_sccl_13/522-4724523-7365803?psc=1"", ""category_key"": ""beds_accessories""}"
2026-07-07,2026-07-07T16:17:53.591671,in,Beds & Accessories,,13,13,B0GHYH88HG,"Emily Pets Cat Scratcher (Pack of 3) with Toys – Cardboard Scratch Pad, Feather Wand, and Plush Toy, Durable and Anti-Slip fo",Emily,187.0,187.0,0,4.0,4,0,0,https://www.amazon.in/Emily-Pets-Cat-Scratcher-Pack/dp/B0GHYH88HG/ref=zg_bs_g_4771375031_d_sccl_14/522-4724523-7365803?psc=1,"https://images-eu.ssl-images-amazon.com/images/I/71z-DYZQ84L._AC_UL300_SR300,200_.jpg","{""title"": ""Emily Pets Cat Scratcher (Pack of 3) with Toys \u2013 Cardboard Scratch Pad, Feather Wand, and Plush Toy, Durable and Anti-Slip fo"", ""url"": ""https://www.amazon.in/Emily-Pets-Cat-Scratcher-Pack/dp/B0GHYH88HG/ref=zg_bs_g_4771375031_d_sccl_14/522-4724523-7365803?psc=1"", ""category_key"": ""beds_accessories""}"
2026-07-07,2026-07-07T16:17:53.591671,in,Beds & Accessories,,14,14,B0D1C9JPMZ,"Qpets® Cat Scratch Pad, Scratch Pad for Cats, Cut-to-Fit Cat Scratcher Mat Self Adhesive Pets Cat Scratcher Cardboard Mat Wal",Qpets®,399.0,399.0,0,3.8,141,0,0,https://www.amazon.in/Scratcher-Adhesive-Cardboard-Furniture-Protection/dp/B0D1C9JPMZ/ref=zg_bs_g_4771375031_d_sccl_15/522-4724523-7365803?psc=1,"https://images-eu.ssl-images-amazon.com/images/I/71ykBhTKDPL._AC_UL300_SR300,200_.jpg","{""title"": ""Qpets\u00ae Cat Scratch Pad, Scratch Pad for Cats, Cut-to-Fit Cat Scratcher Mat Self Adhesive Pets Cat Scratcher Cardboard Mat Wal"", ""url"": ""https://www.amazon.in/Scratcher-Adhesive-Cardboard-Furniture-Protection/dp/B0D1C9JPMZ/ref=zg_bs_g_4771375031_d_sccl_15/522-4724523-7365803?psc=1"", ""category_key"": ""beds_accessories""}"
2026-07-07,2026-07-07T16:17:53.591671,in,Beds & Accessories,,15,15,B0DMVW8YWP,FURRLOVERS Multi-Level Cat Tree with Scratching Posts and Platforms (Green - FURR-11),FURRLOVERS,1899.0,1899.0,0,4.3,103,0,0,https://www.amazon.in/FURRLOVERS-Multi-Level-Scratching-Posts-Platforms/dp/B0DMVW8YWP/ref=zg_bs_g_4771375031_d_sccl_16/522-4724523-7365803?psc=1,"https://images-eu.ssl-images-amazon.com/images/I/71s7Tt1B0IL._AC_UL300_SR300,200_.jpg","{""title"": ""FURRLOVERS Multi-Level Cat Tree with Scratching Posts and Platforms (Green - FURR-11)"", ""url"": ""https://www.amazon.in/FURRLOVERS-Multi-Level-Scratching-Posts-Platforms/dp/B0DMVW8YWP/ref=zg_bs_g_4771375031_d_sccl_16/522-4724523-7365803?psc=1"", ""category_key"": ""beds_accessories""}"
2026-07-07,2026-07-07T16:17:53.591671,in,Beds & Accessories,,16,16,B0G71VMCFQ,"PETS EMPIRE Soft Cozy Pet Hut Bed for Cats, Kittens & Puppies – Comfortable Fabric, Indoor Sleeping Bed, White & Black Stripe",PETS,0.0,0.0,0,4.3,47,0,0,https://www.amazon.in/PETS-EMPIRE-Soft-Kittens-Puppies/dp/B0G71VMCFQ/ref=zg_bs_g_4771375031_d_sccl_18/522-4724523-7365803?psc=1,"https://images-eu.ssl-images-amazon.com/images/I/51H8XrijmTL._AC_UL300_SR300,200_.jpg","{""title"": ""PETS EMPIRE Soft Cozy Pet Hut Bed for Cats, Kittens & Puppies \u2013 Comfortable Fabric, Indoor Sleeping Bed, White & Black Stripe"", ""url"": ""https://www.amazon.in/PETS-EMPIRE-Soft-Kittens-Puppies/dp/B0G71VMCFQ/ref=zg_bs_g_4771375031_d_sccl_18/522-4724523-7365803?psc=1"", ""category_key"": ""beds_accessories""}"
2026-07-07,2026-07-07T16:17:53.591671,in,Beds & Accessories,,17,17,B0CN6HPRDK,Foodie Puppies Scratching Pad with Catnip for Cats and Kittens - (Delta Scratcher) | Corrugated Cat Scratcher Cardboard for I,Foodie,599.0,599.0,0,4.4,237,0,0,https://www.amazon.in/Foodie-Puppies-Scratching-Scratcher-Cat/dp/B0CN6HPRDK/ref=zg_bs_g_4771375031_d_sccl_19/522-4724523-7365803?psc=1,"https://images-eu.ssl-images-amazon.com/images/I/81Bgw6J0OxL._AC_UL300_SR300,200_.jpg","{""title"": ""Foodie Puppies Scratching Pad with Catnip for Cats and Kittens - (Delta Scratcher) | Corrugated Cat Scratcher Cardboard for I"", ""url"": ""https://www.amazon.in/Foodie-Puppies-Scratching-Scratcher-Cat/dp/B0CN6HPRDK/ref=zg_bs_g_4771375031_d_sccl_19/522-4724523-7365803?psc=1"", ""category_key"": ""beds_accessories""}"
2026-07-07,2026-07-07T16:17:53.591671,in,Beds & Accessories,,18,18,B0DJMR286Z,"Dog Trust Extra Large Cat Scratcher Cardboard, Scratch Pad with Cat Scratcher Box, Reversible Cardboard Refill Pad",Dog,540.0,540.0,0,4.4,48,0,0,https://www.amazon.in/Dog-Trust-Cat-Scratcher-Reversible/dp/B0DJMR286Z/ref=zg_bs_g_4771375031_d_sccl_20/522-4724523-7365803?psc=1,"https://images-eu.ssl-images-amazon.com/images/I/51S79BT+vXL._AC_UL300_SR300,200_.jpg","{""title"": ""Dog Trust Extra Large Cat Scratcher Cardboard, Scratch Pad with Cat Scratcher Box, Reversible Cardboard Refill Pad"", ""url"": ""https://www.amazon.in/Dog-Trust-Cat-Scratcher-Reversible/dp/B0DJMR286Z/ref=zg_bs_g_4771375031_d_sccl_20/522-4724523-7365803?psc=1"", ""category_key"": ""beds_accessories""}"
2026-07-07,2026-07-07T16:17:53.591671,in,Beds & Accessories,,19,19,B0GP6NT8ZZ,"Amazon Basics Cat Scratch Pad | Adhesive Scratching Mat for Cats | Protects Furniture, Walls & Sofa | Cuttable Design with Fi",Amazon,439.0,439.0,0,4.7,1326,0,0,https://www.amazon.in/Adhesive-Scratching-Protects-Furniture-Cuttable/dp/B0GP6NT8ZZ/ref=zg_bs_g_4771375031_d_sccl_21/522-4724523-7365803?psc=1,"https://images-eu.ssl-images-amazon.com/images/I/71V0rS0s67L._AC_UL300_SR300,200_.jpg","{""title"": ""Amazon Basics Cat Scratch Pad | Adhesive Scratching Mat for Cats | Protects Furniture, Walls & Sofa | Cuttable Design with Fi"", ""url"": ""https://www.amazon.in/Adhesive-Scratching-Protects-Furniture-Cuttable/dp/B0GP6NT8ZZ/ref=zg_bs_g_4771375031_d_sccl_21/522-4724523-7365803?psc=1"", ""category_key"": ""beds_accessories""}"
2026-07-07,2026-07-07T16:17:53.591671,in,Beds & Accessories,,20,20,B0DWSMZYJL,"Agirav Cat Scratch Pad Cardboard cat scratchers for Indoor Cats Reversible Large Wide Corrugated with Catnip (Standard, Strai",Agirav,229.0,229.0,0,3.7,93,0,0,https://www.amazon.in/Agirav-Cardboard-scratchers-Reversible-Corrugated/dp/B0DWSMZYJL/ref=zg_bs_g_4771375031_d_sccl_22/522-4724523-7365803?psc=1,"https://images-eu.ssl-images-amazon.com/images/I/71aUm5mm3hL._AC_UL300_SR300,200_.jpg","{""title"": ""Agirav Cat Scratch Pad Cardboard cat scratchers for Indoor Cats Reversible Large Wide Corrugated with Catnip (Standard, Strai"", ""url"": ""https://www.amazon.in/Agirav-Cardboard-scratchers-Reversible-Corrugated/dp/B0DWSMZYJL/ref=zg_bs_g_4771375031_d_sccl_22/522-4724523-7365803?psc=1"", ""category_key"": ""beds_accessories""}"
2026-07-07,2026-07-07T16:17:53.591671,in,Beds & Accessories,,21,21,B0FQCJTDVV,Wudyhub Cat Tree Indoor Climbing Activity Tower with Scratching Posts | Cat-02-Grey | 30x40x66 cm,Wudyhub,0.0,0.0,0,4.2,64,0,0,https://www.amazon.in/Wudyhub-Climbing-Activity-Scratching-Cat-02-Grey/dp/B0FQCJTDVV/ref=zg_bs_g_4771375031_d_sccl_23/522-4724523-7365803?psc=1,"https://images-eu.ssl-images-amazon.com/images/I/61SJmOOJUGL._AC_UL300_SR300,200_.jpg","{""title"": ""Wudyhub Cat Tree Indoor Climbing Activity Tower with Scratching Posts | Cat-02-Grey | 30x40x66 cm"", ""url"": ""https://www.amazon.in/Wudyhub-Climbing-Activity-Scratching-Cat-02-Grey/dp/B0FQCJTDVV/ref=zg_bs_g_4771375031_d_sccl_23/522-4724523-7365803?psc=1"", ""category_key"": ""beds_accessories""}"
2026-07-07,2026-07-07T16:17:53.591671,in,Beds & Accessories,,22,22,B0CSSRPTLT,"FUKUMARU Cat Scratcher Mat, 23.6 X 15.7 Inch Natural Sisal Cat Scratch Mats, Horizontal Cat Floor Scratching Pad Rug with Sti",FUKUMARU,895.0,895.0,0,4.3,20715,0,0,https://www.amazon.in/FUKUMARU-Scratcher-Natural-Horizontal-Scratching/dp/B0CSSRPTLT/ref=zg_bs_g_4771375031_d_sccl_24/522-4724523-7365803?psc=1,"https://images-eu.ssl-images-amazon.com/images/I/71RqPxMK7lL._AC_UL300_SR300,200_.jpg","{""title"": ""FUKUMARU Cat Scratcher Mat, 23.6 X 15.7 Inch Natural Sisal Cat Scratch Mats, Horizontal Cat Floor Scratching Pad Rug with Sti"", ""url"": ""https://www.amazon.in/FUKUMARU-Scratcher-Natural-Horizontal-Scratching/dp/B0CSSRPTLT/ref=zg_bs_g_4771375031_d_sccl_24/522-4724523-7365803?psc=1"", ""category_key"": ""beds_accessories""}"
2026-07-07,2026-07-07T16:17:53.591671,in,Beds & Accessories,,23,23,B07G3GVBVF,"AmazonBasics Cat Tree with Platform, Grey ,1 Piece,X-Large",AmazonBasics,2849.0,2849.0,0,4.0,2705,0,0,https://www.amazon.in/amazon-basics-Platform-Piece-X-Large/dp/B07G3GVBVF/ref=zg_bs_g_4771375031_d_sccl_25/522-4724523-7365803?psc=1,"https://images-eu.ssl-images-amazon.com/images/I/71ggmM4GxkS._AC_UL300_SR300,200_.jpg","{""title"": ""AmazonBasics Cat Tree with Platform, Grey ,1 Piece,X-Large"", ""url"": ""https://www.amazon.in/amazon-basics-Platform-Piece-X-Large/dp/B07G3GVBVF/ref=zg_bs_g_4771375031_d_sccl_25/522-4724523-7365803?psc=1"", ""category_key"": ""beds_accessories""}"
2026-07-07,2026-07-07T16:17:53.591671,in,Beds & Accessories,,24,24,B0FQCG4VVG,Wudyhub Cat Tree Indoor Climbing Activity Tower with Scratching Posts | Cat-37-Brown | 40x30x80 cm,Wudyhub,0.0,0.0,0,4.1,63,0,0,https://www.amazon.in/Wudyhub-Climbing-Activity-Scratching-Cat-37-Brown/dp/B0FQCG4VVG/ref=zg_bs_g_4771375031_d_sccl_26/522-4724523-7365803?psc=1,"https://images-eu.ssl-images-amazon.com/images/I/610HVufFIvL._AC_UL300_SR300,200_.jpg","{""title"": ""Wudyhub Cat Tree Indoor Climbing Activity Tower with Scratching Posts | Cat-37-Brown | 40x30x80 cm"", ""url"": ""https://www.amazon.in/Wudyhub-Climbing-Activity-Scratching-Cat-37-Brown/dp/B0FQCG4VVG/ref=zg_bs_g_4771375031_d_sccl_26/522-4724523-7365803?psc=1"", ""category_key"": ""beds_accessories""}"
2026-07-07,2026-07-07T16:17:53.591671,in,Beds & Accessories,,25,25,B0F3X6XFGM,"Natural Cotton Rope Scratch Pad, 15.7'' Round Horizontal Floor Scratching Mat for Indoor Cats, Furniture Protector for Wall,",Natural,281.0,281.0,0,4.4,12,0,0,https://www.amazon.in/Natural-Horizontal-Scratching-Furniture-Protector/dp/B0F3X6XFGM/ref=zg_bs_g_4771375031_d_sccl_27/522-4724523-7365803?psc=1,"https://images-eu.ssl-images-amazon.com/images/I/810sslw2LJL._AC_UL300_SR300,200_.jpg","{""title"": ""Natural Cotton Rope Scratch Pad, 15.7'' Round Horizontal Floor Scratching Mat for Indoor Cats, Furniture Protector for Wall,"", ""url"": ""https://www.amazon.in/Natural-Horizontal-Scratching-Furniture-Protector/dp/B0F3X6XFGM/ref=zg_bs_g_4771375031_d_sccl_27/522-4724523-7365803?psc=1"", ""category_key"": ""beds_accessories""}"
2026-07-07,2026-07-07T16:17:53.591671,in,Beds & Accessories,,26,26,B0G44GKQ33,Pawptails Cat Scratcher with Organic Catnip| Corrugated Cardboard Cat Scratch Pad for Indoor Cats & Kittens |Durable Scratche,Pawptails,209.0,209.0,0,4.2,3,0,0,https://www.amazon.in/Pawptails-Scratcher-Corrugated-Cardboard-Protection/dp/B0G44GKQ33/ref=zg_bs_g_4771375031_d_sccl_28/522-4724523-7365803?psc=1,"https://images-eu.ssl-images-amazon.com/images/I/61FhGV22FfL._AC_UL300_SR300,200_.jpg","{""title"": ""Pawptails Cat Scratcher with Organic Catnip| Corrugated Cardboard Cat Scratch Pad for Indoor Cats & Kittens |Durable Scratche"", ""url"": ""https://www.amazon.in/Pawptails-Scratcher-Corrugated-Cardboard-Protection/dp/B0G44GKQ33/ref=zg_bs_g_4771375031_d_sccl_28/522-4724523-7365803?psc=1"", ""category_key"": ""beds_accessories""}"
2026-07-07,2026-07-07T16:17:53.591671,in,Beds & Accessories,,27,27,B0GK1NHXZJ,"FURRLOVERS Wall-Mounted Cat Climber, Multi-Level Cat Tree with Jute Scratching Posts, Grey Plush Platforms, Space-Saving Corn",FURRLOVERS,1899.0,1899.0,0,4.4,9,0,0,https://www.amazon.in/FURRLOVERS-Wall-Mounted-Multi-Level-Scratching-Space-Saving/dp/B0GK1NHXZJ/ref=zg_bs_g_4771375031_d_sccl_29/522-4724523-7365803?psc=1,"https://images-eu.ssl-images-amazon.com/images/I/71--+SOcMBL._AC_UL300_SR300,200_.jpg","{""title"": ""FURRLOVERS Wall-Mounted Cat Climber, Multi-Level Cat Tree with Jute Scratching Posts, Grey Plush Platforms, Space-Saving Corn"", ""url"": ""https://www.amazon.in/FURRLOVERS-Wall-Mounted-Multi-Level-Scratching-Space-Saving/dp/B0GK1NHXZJ/ref=zg_bs_g_4771375031_d_sccl_29/522-4724523-7365803?psc=1"", ""category_key"": ""beds_accessories""}"
2026-07-07,2026-07-07T16:17:53.591671,in,Beds & Accessories,,28,28,B0G42PW1K9,"Zexsazone Summer Cat House, Portable Cat Bed with Removable Cushion, 2-in-1 Washable Cozy Puppy Bed Hut Cat Cave, Foldable Wa",Zexsazone,928.0,928.0,0,4.5,63,0,0,https://www.amazon.in/Zexsazone-Portable-Removable-Washable-Foldable/dp/B0G42PW1K9/ref=zg_bs_g_4771375031_d_sccl_30/522-4724523-7365803?psc=1,"https://images-eu.ssl-images-amazon.com/images/I/61OIRBDEtCL._AC_UL300_SR300,200_.jpg","{""title"": ""Zexsazone Summer Cat House, Portable Cat Bed with Removable Cushion, 2-in-1 Washable Cozy Puppy Bed Hut Cat Cave, Foldable Wa"", ""url"": ""https://www.amazon.in/Zexsazone-Portable-Removable-Washable-Foldable/dp/B0G42PW1K9/ref=zg_bs_g_4771375031_d_sccl_30/522-4724523-7365803?psc=1"", ""category_key"": ""beds_accessories""}"
2026-07-07,2026-07-07T16:17:53.591671,in,Health & Wellness,,1,1,B0DPXJF3N7,"Absolut Pet Dog Supplement for Gut Health, Probiotics for Dogs That Reduces Scratching & Paw-Licking (30 Chews)",Absolut,699.0,699.0,0,4.1,572,0,0,https://www.amazon.in/Absolut-Supplement-Probiotics-Scratching-Paw-Licking/dp/B0DPXJF3N7/ref=zg_bs_g_4771397031_d_sccl_1/522-4724523-7365803?psc=1,"https://images-eu.ssl-images-amazon.com/images/I/516FzD1Z-AL._AC_UL300_SR300,200_.jpg","{""title"": ""Absolut Pet Dog Supplement for Gut Health, Probiotics for Dogs That Reduces Scratching & Paw-Licking (30 Chews)"", ""url"": ""https://www.amazon.in/Absolut-Supplement-Probiotics-Scratching-Paw-Licking/dp/B0DPXJF3N7/ref=zg_bs_g_4771397031_d_sccl_1/522-4724523-7365803?psc=1"", ""category_key"": ""health_wellness""}"
2026-07-07,2026-07-07T16:17:53.591671,in,Health & Wellness,,2,2,B01BBXRK7K,"Pedigree Dentastix Oral Care Dog Treat, Adult Medium Breed (10-25 kg), 720 g, Recommended by Vets, Supports Gum Health, Reduc",Pedigree,624.0,624.0,0,4.5,9077,0,0,https://www.amazon.in/Pedigree-Dentastix-Medium-10-25kg-Monthly/dp/B01BBXRK7K/ref=zg_bs_g_4771397031_d_sccl_2/522-4724523-7365803?psc=1,"https://images-eu.ssl-images-amazon.com/images/I/71xgVTxZQiL._AC_UL300_SR300,200_.jpg","{""title"": ""Pedigree Dentastix Oral Care Dog Treat, Adult Medium Breed (10-25 kg), 720 g, Recommended by Vets, Supports Gum Health, Reduc"", ""url"": ""https://www.amazon.in/Pedigree-Dentastix-Medium-10-25kg-Monthly/dp/B01BBXRK7K/ref=zg_bs_g_4771397031_d_sccl_2/522-4724523-7365803?psc=1"", ""category_key"": ""health_wellness""}"
2026-07-07,2026-07-07T16:17:53.591671,in,Health & Wellness,,3,3,B0DWX243RY,"Absolut Pet Hip and Joint-Supplements for Dogs Chews that Improve Mobility & Bone Strength with Glucosamine, Chondroitin & Co",Absolut,999.0,999.0,0,4.0,89,0,0,https://www.amazon.in/Joint-Supplements-Mobility-Strength-Glucosamine-Chondroitin/dp/B0DWX243RY/ref=zg_bs_g_4771397031_d_sccl_4/522-4724523-7365803?psc=1,"https://images-eu.ssl-images-amazon.com/images/I/5112RijP1rL._AC_UL300_SR300,200_.jpg","{""title"": ""Absolut Pet Hip and Joint-Supplements for Dogs Chews that Improve Mobility & Bone Strength with Glucosamine, Chondroitin & Co"", ""url"": ""https://www.amazon.in/Joint-Supplements-Mobility-Strength-Glucosamine-Chondroitin/dp/B0DWX243RY/ref=zg_bs_g_4771397031_d_sccl_4/522-4724523-7365803?psc=1"", ""category_key"": ""health_wellness""}"
2026-07-07,2026-07-07T16:17:53.591671,in,Health & Wellness,,4,4,B01BBXRICM,"Pedigree Dentastix Oral Care Dog Treat, Adult Small Breed (5-10 kg), 440 g, Recommended by Vets, Supports Gum Health, Reduces",Pedigree,519.0,519.0,0,4.4,4282,0,0,https://www.amazon.in/Pedigree-Dentastix-Value-Monthly-Sticks/dp/B01BBXRICM/ref=zg_bs_g_4771397031_d_sccl_5/522-4724523-7365803?psc=1,"https://images-eu.ssl-images-amazon.com/images/I/71C7OcYaC1L._AC_UL300_SR300,200_.jpg","{""title"": ""Pedigree Dentastix Oral Care Dog Treat, Adult Small Breed (5-10 kg), 440 g, Recommended by Vets, Supports Gum Health, Reduces"", ""url"": ""https://www.amazon.in/Pedigree-Dentastix-Value-Monthly-Sticks/dp/B01BBXRICM/ref=zg_bs_g_4771397031_d_sccl_5/522-4724523-7365803?psc=1"", ""category_key"": ""health_wellness""}"
2026-07-07,2026-07-07T16:17:53.591671,in,Health & Wellness,,5,5,B01BBXRC5U,"Pedigree Dentastix Oral Care Dog Treat, Adult Large Breed (25+ kg), 1.08 kg, Recommended by Vets, Supports Gum Health, Reduce",Pedigree,998.0,998.0,0,4.5,2747,0,0,https://www.amazon.in/Pedigree-Dentastix-Value-Monthly-Sticks/dp/B01BBXRC5U/ref=zg_bs_g_4771397031_d_sccl_6/522-4724523-7365803?psc=1,"https://images-eu.ssl-images-amazon.com/images/I/715mwkGd-hL._AC_UL300_SR300,200_.jpg","{""title"": ""Pedigree Dentastix Oral Care Dog Treat, Adult Large Breed (25+ kg), 1.08 kg, Recommended by Vets, Supports Gum Health, Reduce"", ""url"": ""https://www.amazon.in/Pedigree-Dentastix-Value-Monthly-Sticks/dp/B01BBXRC5U/ref=zg_bs_g_4771397031_d_sccl_6/522-4724523-7365803?psc=1"", ""category_key"": ""health_wellness""}"
2026-07-07,2026-07-07T16:17:53.591671,in,Health & Wellness,,6,6,B01IEXX5HE,"Drools Absolute Dog Supplement Tablet, Skin+ Coat 400g 110 Pieces Jar | Turmeric Flavour | Supports Skin& Food Sensitivity |",Drools,446.0,446.0,0,4.2,6393,0,0,https://www.amazon.in/Drools-Absolute-Skin-Tablet-Supplement/dp/B01IEXX5HE/ref=zg_bs_g_4771397031_d_sccl_7/522-4724523-7365803?psc=1,"https://images-eu.ssl-images-amazon.com/images/I/61s337s6ShL._AC_UL300_SR300,200_.jpg","{""title"": ""Drools Absolute Dog Supplement Tablet, Skin+ Coat 400g 110 Pieces Jar | Turmeric Flavour | Supports Skin& Food Sensitivity |"", ""url"": ""https://www.amazon.in/Drools-Absolute-Skin-Tablet-Supplement/dp/B01IEXX5HE/ref=zg_bs_g_4771397031_d_sccl_7/522-4724523-7365803?psc=1"", ""category_key"": ""health_wellness""}"
2026-07-07,2026-07-07T16:17:53.591671,in,Health & Wellness,,7,7,B01IEXX5M4,"Drools Absolute Dog Supplement Tablets 400g, 110 Pieces Jar | Vitamin Flavour | Supports Growth | Maintains Healthy Body Cond",Drools,446.0,446.0,0,4.4,4910,0,0,https://www.amazon.in/Drools-Absolute-Vitamin-Tablet-Supplement/dp/B01IEXX5M4/ref=zg_bs_g_4771397031_d_sccl_8/522-4724523-7365803?psc=1,"https://images-eu.ssl-images-amazon.com/images/I/61gngaiA2jL._AC_UL300_SR300,200_.jpg","{""title"": ""Drools Absolute Dog Supplement Tablets 400g, 110 Pieces Jar | Vitamin Flavour | Supports Growth | Maintains Healthy Body Cond"", ""url"": ""https://www.amazon.in/Drools-Absolute-Vitamin-Tablet-Supplement/dp/B01IEXX5M4/ref=zg_bs_g_4771397031_d_sccl_8/522-4724523-7365803?psc=1"", ""category_key"": ""health_wellness""}"
2026-07-07,2026-07-07T16:17:53.591671,in,Health & Wellness,,8,8,B0BWYGG8HH,"Goofy Tails Active Seaweed Dental Stick 220g, Dog Treats Vegetarian, Dental Sticks for Dogs, Chew Sticks for Dogs, Dog Chew S",Goofy,338.0,338.0,0,4.2,473,0,0,https://www.amazon.in/Goofy-Tails-Vegetarian-Puppies-Seaweed/dp/B0BWYGG8HH/ref=zg_bs_g_4771397031_d_sccl_9/522-4724523-7365803?psc=1,"https://images-eu.ssl-images-amazon.com/images/I/618aYF5QntL._AC_UL300_SR300,200_.jpg","{""title"": ""Goofy Tails Active Seaweed Dental Stick 220g, Dog Treats Vegetarian, Dental Sticks for Dogs, Chew Sticks for Dogs, Dog Chew S"", ""url"": ""https://www.amazon.in/Goofy-Tails-Vegetarian-Puppies-Seaweed/dp/B0BWYGG8HH/ref=zg_bs_g_4771397031_d_sccl_9/522-4724523-7365803?psc=1"", ""category_key"": ""health_wellness""}"
2026-07-07,2026-07-07T16:17:53.591671,in,Health & Wellness,,9,9,B014PCY54U,"Pedigree Dentastix Oral Care Dog Treat, Adult Large Breed (25+ kg), 270 g, Recommended by Vets, Supports Gum Health, Reduces",Pedigree,224.0,224.0,0,4.5,2161,0,0,https://www.amazon.in/Pedigree-Dentastix-Treat-Adult-Large/dp/B014PCY54U/ref=zg_bs_g_4771397031_d_sccl_10/522-4724523-7365803?psc=1,"https://images-eu.ssl-images-amazon.com/images/I/613YeXGNn6L._AC_UL300_SR300,200_.jpg","{""title"": ""Pedigree Dentastix Oral Care Dog Treat, Adult Large Breed (25+ kg), 270 g, Recommended by Vets, Supports Gum Health, Reduces"", ""url"": ""https://www.amazon.in/Pedigree-Dentastix-Treat-Adult-Large/dp/B014PCY54U/ref=zg_bs_g_4771397031_d_sccl_10/522-4724523-7365803?psc=1"", ""category_key"": ""health_wellness""}"
2026-07-07,2026-07-07T16:17:53.591671,in,Health & Wellness,,10,10,B0FFT8NK8P,"Absolut Pet Dog Supplement for Skin & Coat, Chews for Reduced Shedding, Healthy Skin & with Omega, Collagen & Biotin (Probiot",Absolut,998.0,998.0,0,4.0,287,0,0,https://www.amazon.in/Absolut-Supplement-Shedding-Collagen-Probiotic/dp/B0FFT8NK8P/ref=zg_bs_g_4771397031_d_sccl_11/522-4724523-7365803?psc=1,"https://images-eu.ssl-images-amazon.com/images/I/61X2w0s-ZvL._AC_UL300_SR300,200_.jpg","{""title"": ""Absolut Pet Dog Supplement for Skin & Coat, Chews for Reduced Shedding, Healthy Skin & with Omega, Collagen & Biotin (Probiot"", ""url"": ""https://www.amazon.in/Absolut-Supplement-Shedding-Collagen-Probiotic/dp/B0FFT8NK8P/ref=zg_bs_g_4771397031_d_sccl_11/522-4724523-7365803?psc=1"", ""category_key"": ""health_wellness""}"
2026-07-07,2026-07-07T16:17:53.591671,in,Health & Wellness,,11,11,B01IEXX362,"Drools Absolute Dog Supplement Tablets 400g, 110 Pieces Jar | Calcium Flavour | Promotes Better Joint Health | Healthy Skelet",Drools,431.0,431.0,0,4.3,6372,0,0,https://www.amazon.in/Drools-Absolute-Calcium-Tablet-Supplement/dp/B01IEXX362/ref=zg_bs_g_4771397031_d_sccl_12/522-4724523-7365803?psc=1,"https://images-eu.ssl-images-amazon.com/images/I/61MLQdQeXRL._AC_UL300_SR300,200_.jpg","{""title"": ""Drools Absolute Dog Supplement Tablets 400g, 110 Pieces Jar | Calcium Flavour | Promotes Better Joint Health | Healthy Skelet"", ""url"": ""https://www.amazon.in/Drools-Absolute-Calcium-Tablet-Supplement/dp/B01IEXX362/ref=zg_bs_g_4771397031_d_sccl_12/522-4724523-7365803?psc=1"", ""category_key"": ""health_wellness""}"
2026-07-07,2026-07-07T16:17:53.591671,in,Health & Wellness,,12,12,B0CN2JZS1F,Humane & Hound Velvet Skin & Coat Tonic with Omega 3 6 9 for Dogs & Cats (300 ML),Humane,654.0,654.0,0,4.4,1036,0,0,https://www.amazon.in/Velvet-Skin-Coat-Tonic-Omega/dp/B0CN2JZS1F/ref=zg_bs_g_4771397031_d_sccl_13/522-4724523-7365803?psc=1,"https://images-eu.ssl-images-amazon.com/images/I/51+oRHavLPL._AC_UL300_SR300,200_.jpg","{""title"": ""Humane & Hound Velvet Skin & Coat Tonic with Omega 3 6 9 for Dogs & Cats (300 ML)"", ""url"": ""https://www.amazon.in/Velvet-Skin-Coat-Tonic-Omega/dp/B0CN2JZS1F/ref=zg_bs_g_4771397031_d_sccl_13/522-4724523-7365803?psc=1"", ""category_key"": ""health_wellness""}"
2026-07-07,2026-07-07T16:17:53.591671,in,Health & Wellness,,13,13,B0BHTBZTL3,Medfly Healthcare Defender Pro Deworming Tablet for Dogs of All Life Stages (Pack of 1) | Natural & Herbal Ingredients | Effe,Medfly,329.0,329.0,0,4.2,1401,0,0,https://www.amazon.in/Medfly-Healthcare-Defender-Dewormer-Stages/dp/B0BHTBZTL3/ref=zg_bs_g_4771397031_d_sccl_15/522-4724523-7365803?psc=1,"https://images-eu.ssl-images-amazon.com/images/I/71m6run0ItL._AC_UL300_SR300,200_.jpg","{""title"": ""Medfly Healthcare Defender Pro Deworming Tablet for Dogs of All Life Stages (Pack of 1) | Natural & Herbal Ingredients | Effe"", ""url"": ""https://www.amazon.in/Medfly-Healthcare-Defender-Dewormer-Stages/dp/B0BHTBZTL3/ref=zg_bs_g_4771397031_d_sccl_15/522-4724523-7365803?psc=1"", ""category_key"": ""health_wellness""}"
2026-07-07,2026-07-07T16:17:53.591671,in,Health & Wellness,,14,14,B01C72NYE2,"Vivaldis Endewor Dewormer for Dogs and Cats, Natural Enzyme and Probiotic Based Supplements for Gut Health to Kill & Expels P",Vivaldis,216.0,216.0,0,4.0,2820,0,0,https://www.amazon.in/Vivaldis-Endewor-Natural-Deworming-Supplement/dp/B01C72NYE2/ref=zg_bs_g_4771397031_d_sccl_16/522-4724523-7365803?psc=1,"https://images-eu.ssl-images-amazon.com/images/I/614+STg+yfL._AC_UL300_SR300,200_.jpg","{""title"": ""Vivaldis Endewor Dewormer for Dogs and Cats, Natural Enzyme and Probiotic Based Supplements for Gut Health to Kill & Expels P"", ""url"": ""https://www.amazon.in/Vivaldis-Endewor-Natural-Deworming-Supplement/dp/B01C72NYE2/ref=zg_bs_g_4771397031_d_sccl_16/522-4724523-7365803?psc=1"", ""category_key"": ""health_wellness""}"
2026-07-07,2026-07-07T16:17:53.591671,in,Health & Wellness,,15,15,B0BRJG1BRL,"FUR BALL STORY Eczo Pet Anti Fungal & Anti Bacterial Cream|Itchy Skin Treatment for Dogs & Cats | Helps with Eczema, Ringworm",FUR,163.0,163.0,0,4.1,633,0,0,https://www.amazon.in/Ayurvedic-Bacterial-Vet-Approved-Dermatitis-Applications/dp/B0BRJG1BRL/ref=zg_bs_g_4771397031_d_sccl_17/522-4724523-7365803?psc=1,"https://images-eu.ssl-images-amazon.com/images/I/61WvskuayrL._AC_UL300_SR300,200_.jpg","{""title"": ""FUR BALL STORY Eczo Pet Anti Fungal & Anti Bacterial Cream|Itchy Skin Treatment for Dogs & Cats | Helps with Eczema, Ringworm"", ""url"": ""https://www.amazon.in/Ayurvedic-Bacterial-Vet-Approved-Dermatitis-Applications/dp/B0BRJG1BRL/ref=zg_bs_g_4771397031_d_sccl_17/522-4724523-7365803?psc=1"", ""category_key"": ""health_wellness""}"
2026-07-07,2026-07-07T16:17:53.591671,in,Health & Wellness,,16,16,B0DV3S2F37,BARK OUT LOUD - Dental Treats | Brush Shape Dog Chews | Removes Plaque/Tartar | Fresh Smell | Oral Care Gluten Free| Chicken,BARK,227.0,227.0,0,4.4,429,0,0,https://www.amazon.in/BARK-OUT-LOUD-Removes-Chicken/dp/B0DV3S2F37/ref=zg_bs_g_4771397031_d_sccl_18/522-4724523-7365803?psc=1,"https://images-eu.ssl-images-amazon.com/images/I/6178qIV7s6L._AC_UL300_SR300,200_.jpg","{""title"": ""BARK OUT LOUD - Dental Treats | Brush Shape Dog Chews | Removes Plaque/Tartar | Fresh Smell | Oral Care Gluten Free| Chicken"", ""url"": ""https://www.amazon.in/BARK-OUT-LOUD-Removes-Chicken/dp/B0DV3S2F37/ref=zg_bs_g_4771397031_d_sccl_18/522-4724523-7365803?psc=1"", ""category_key"": ""health_wellness""}"
2026-07-07,2026-07-07T16:17:53.591671,in,Health & Wellness,,17,17,B079TTTV6Z,Drools Absolute Dog Supplement Sausages 32 Pieces Jar | Calcium Flavour | Healthy Skeletal System | Maintain Strong Teeth,Drools,899.0,899.0,0,4.2,556,0,0,https://www.amazon.in/Drools-Absolute-Calcium-Sausage-Supplement/dp/B079TTTV6Z/ref=zg_bs_g_4771397031_d_sccl_19/522-4724523-7365803?psc=1,"https://images-eu.ssl-images-amazon.com/images/I/51GKdEltXKL._AC_UL300_SR300,200_.jpg","{""title"": ""Drools Absolute Dog Supplement Sausages 32 Pieces Jar | Calcium Flavour | Healthy Skeletal System | Maintain Strong Teeth"", ""url"": ""https://www.amazon.in/Drools-Absolute-Calcium-Sausage-Supplement/dp/B079TTTV6Z/ref=zg_bs_g_4771397031_d_sccl_19/522-4724523-7365803?psc=1"", ""category_key"": ""health_wellness""}"
2026-07-07,2026-07-07T16:17:53.591671,in,Health & Wellness,,18,18,B07N8VXPYM,"Virbac Nutrich Tablets 60 Pieces Minerals and Vitamins Supplement for Dog & Cat, 60 Count",Virbac,397.0,397.0,0,4.6,647,0,0,https://www.amazon.in/Virbac-Nutrich-Minerals-Vitamins-Supplement/dp/B07N8VXPYM/ref=zg_bs_g_4771397031_d_sccl_20/522-4724523-7365803?psc=1,"https://images-eu.ssl-images-amazon.com/images/I/6197+lkgGwL._AC_UL300_SR300,200_.jpg","{""title"": ""Virbac Nutrich Tablets 60 Pieces Minerals and Vitamins Supplement for Dog & Cat, 60 Count"", ""url"": ""https://www.amazon.in/Virbac-Nutrich-Minerals-Vitamins-Supplement/dp/B07N8VXPYM/ref=zg_bs_g_4771397031_d_sccl_20/522-4724523-7365803?psc=1"", ""category_key"": ""health_wellness""}"
2026-07-07,2026-07-07T16:17:53.591671,in,Health & Wellness,,19,19,B0CGJ7W9ZJ,"Bakson Veterinary Derm Aid Pet Skin Drop for Animals 30ML | Dogs & Cats Skin Infection Treatment & Allergy Relief | Itching,",Bakson,208.0,208.0,0,4.2,596,0,0,https://www.amazon.in/Bakson-Veterinary-Derm-Aid-Drops/dp/B0CGJ7W9ZJ/ref=zg_bs_g_4771397031_d_sccl_21/522-4724523-7365803?psc=1,"https://images-eu.ssl-images-amazon.com/images/I/81ys3VQjLeL._AC_UL300_SR300,200_.jpg","{""title"": ""Bakson Veterinary Derm Aid Pet Skin Drop for Animals 30ML | Dogs & Cats Skin Infection Treatment & Allergy Relief | Itching,"", ""url"": ""https://www.amazon.in/Bakson-Veterinary-Derm-Aid-Drops/dp/B0CGJ7W9ZJ/ref=zg_bs_g_4771397031_d_sccl_21/522-4724523-7365803?psc=1"", ""category_key"": ""health_wellness""}"
2026-07-07,2026-07-07T16:17:53.591671,in,Health & Wellness,,20,20,B0DKP3KX86,PET360 Omega 3+6+9 for Dogs | Blend of Salmon & Flax Seed Oils with Fur & Coat Protectives | Reduced Shedding | Shiny Coat |,PET360,361.0,361.0,0,4.2,334,0,0,https://www.amazon.in/PET360-Protectives-Shedding-Nutritional-Supplement/dp/B0DKP3KX86/ref=zg_bs_g_4771397031_d_sccl_22/522-4724523-7365803?psc=1,"https://images-eu.ssl-images-amazon.com/images/I/71A3t6JkQbL._AC_UL300_SR300,200_.jpg","{""title"": ""PET360 Omega 3+6+9 for Dogs | Blend of Salmon & Flax Seed Oils with Fur & Coat Protectives | Reduced Shedding | Shiny Coat |"", ""url"": ""https://www.amazon.in/PET360-Protectives-Shedding-Nutritional-Supplement/dp/B0DKP3KX86/ref=zg_bs_g_4771397031_d_sccl_22/522-4724523-7365803?psc=1"", ""category_key"": ""health_wellness""}"
2026-07-07,2026-07-07T16:17:53.591671,in,Health & Wellness,,21,21,B0F91FJBGB,"Absolut Pet Dog Supplements Probiotic, Hip & Joint, Skin & Coat Chews for Gut Health, Reduced Shedding & Improved Mobility wi",Absolut,1499.0,1499.0,0,4.1,77,0,0,https://www.amazon.in/Supplements-Probiotic-Shedding-Improved-Glucosamine/dp/B0F91FJBGB/ref=zg_bs_g_4771397031_d_sccl_24/522-4724523-7365803?psc=1,"https://images-eu.ssl-images-amazon.com/images/I/611gbnaeL8L._AC_UL300_SR300,200_.jpg","{""title"": ""Absolut Pet Dog Supplements Probiotic, Hip & Joint, Skin & Coat Chews for Gut Health, Reduced Shedding & Improved Mobility wi"", ""url"": ""https://www.amazon.in/Supplements-Probiotic-Shedding-Improved-Glucosamine/dp/B0F91FJBGB/ref=zg_bs_g_4771397031_d_sccl_24/522-4724523-7365803?psc=1"", ""category_key"": ""health_wellness""}"
2026-07-07,2026-07-07T16:17:53.591671,in,Health & Wellness,,22,22,B00P7PRCXG,Himalaya Furglow Skin & Coat Tonic Liquid For Dogs & Cats | Daily Supplement forSshiny and Healthy Coat | 400ml,Himalaya,435.0,435.0,0,4.2,2443,0,0,https://www.amazon.in/Himalaya-Furglow-Oral-Coat-Conditioner/dp/B00P7PRCXG/ref=zg_bs_g_4771397031_d_sccl_27/522-4724523-7365803?psc=1,"https://images-eu.ssl-images-amazon.com/images/I/71fzIyjLAxL._AC_UL300_SR300,200_.jpg","{""title"": ""Himalaya Furglow Skin & Coat Tonic Liquid For Dogs & Cats | Daily Supplement forSshiny and Healthy Coat | 400ml"", ""url"": ""https://www.amazon.in/Himalaya-Furglow-Oral-Coat-Conditioner/dp/B00P7PRCXG/ref=zg_bs_g_4771397031_d_sccl_27/522-4724523-7365803?psc=1"", ""category_key"": ""health_wellness""}"
2026-07-07,2026-07-07T16:17:53.591671,in,Health & Wellness,,23,23,B0CVV7CGRD,Pooch Harbor Calciur Calcium Syrup for Adult Dogs & Young Puppies - 200 ML (Pack of 03),Pooch,516.0,516.0,0,4.3,257,0,0,https://www.amazon.in/Calciur-Calcium-Syrup-Adult-Puppies/dp/B0CVV7CGRD/ref=zg_bs_g_4771397031_d_sccl_28/522-4724523-7365803?psc=1,"https://images-eu.ssl-images-amazon.com/images/I/61TOpRdknDL._AC_UL300_SR300,200_.jpg","{""title"": ""Pooch Harbor Calciur Calcium Syrup for Adult Dogs & Young Puppies - 200 ML (Pack of 03)"", ""url"": ""https://www.amazon.in/Calciur-Calcium-Syrup-Adult-Puppies/dp/B0CVV7CGRD/ref=zg_bs_g_4771397031_d_sccl_28/522-4724523-7365803?psc=1"", ""category_key"": ""health_wellness""}"
2026-07-07,2026-07-07T16:17:53.591671,in,Health & Wellness,,24,24,B000WFDTSI,"Trixie Dog Toothpaste with Mint, Oral Care,100g",Trixie,216.0,216.0,0,4.2,3057,0,0,https://www.amazon.in/Trixie-Dog-Toothpaste-Mint-100g/dp/B000WFDTSI/ref=zg_bs_g_4771397031_d_sccl_29/522-4724523-7365803?psc=1,"https://images-eu.ssl-images-amazon.com/images/I/61Kr1-evHfL._AC_UL300_SR300,200_.jpg","{""title"": ""Trixie Dog Toothpaste with Mint, Oral Care,100g"", ""url"": ""https://www.amazon.in/Trixie-Dog-Toothpaste-Mint-100g/dp/B000WFDTSI/ref=zg_bs_g_4771397031_d_sccl_29/522-4724523-7365803?psc=1"", ""category_key"": ""health_wellness""}"
2026-07-07,2026-07-07T16:17:53.591671,in,Health & Wellness,,25,25,B0GFDM897S,"Absolut Pet Dog Supplement for Oral Care, Dental Chews for Dogs that Reduces Plaque & Tartar | Freshens Breath & Supports Gum",Absolut,699.0,699.0,0,4.2,28,0,0,https://www.amazon.in/Absolut-Supplement-Reduces-Freshens-Supports/dp/B0GFDM897S/ref=zg_bs_g_4771397031_d_sccl_30/522-4724523-7365803?psc=1,"https://images-eu.ssl-images-amazon.com/images/I/51BzBYBru4L._AC_UL300_SR300,200_.jpg","{""title"": ""Absolut Pet Dog Supplement for Oral Care, Dental Chews for Dogs that Reduces Plaque & Tartar | Freshens Breath & Supports Gum"", ""url"": ""https://www.amazon.in/Absolut-Supplement-Reduces-Freshens-Supports/dp/B0GFDM897S/ref=zg_bs_g_4771397031_d_sccl_30/522-4724523-7365803?psc=1"", ""category_key"": ""health_wellness""}"
2026-07-07,2026-07-07T16:17:53.591671,in,Health & Wellness,,1,1,B0C3D1T71J,Pet Clean Primrose Oil Eye & Ear Pads - Gentle Care for Dogs & Cats - 50 Count (Pack of 1),Pet,279.0,279.0,0,4.4,427,0,0,https://www.amazon.in/Pet-Clean-Primrose-Oil-Pads/dp/B0C3D1T71J/ref=zg_bs_g_4771384031_d_sccl_1/522-4724523-7365803?psc=1,"https://images-eu.ssl-images-amazon.com/images/I/41bZHG50S-L._AC_UL300_SR300,200_.jpg","{""title"": ""Pet Clean Primrose Oil Eye & Ear Pads - Gentle Care for Dogs & Cats - 50 Count (Pack of 1)"", ""url"": ""https://www.amazon.in/Pet-Clean-Primrose-Oil-Pads/dp/B0C3D1T71J/ref=zg_bs_g_4771384031_d_sccl_1/522-4724523-7365803?psc=1"", ""category_key"": ""health_wellness""}"
2026-07-07,2026-07-07T16:17:53.591671,in,Health & Wellness,,2,2,B0041TN666,Royal Canin Urinary Adult Feline (Cat) Powder 1.5 Kg,Royal Canin,1900.0,1900.0,0,4.6,1762,0,0,https://www.amazon.in/Royal-Canin-Urinary-Feline-Cat/dp/B0041TN666/ref=zg_bs_g_4771384031_d_sccl_2/522-4724523-7365803?psc=1,"https://images-eu.ssl-images-amazon.com/images/I/41AHmvGxX1L._AC_UL300_SR300,200_.jpg","{""title"": ""Royal Canin Urinary Adult Feline (Cat) Powder 1.5 Kg"", ""url"": ""https://www.amazon.in/Royal-Canin-Urinary-Feline-Cat/dp/B0041TN666/ref=zg_bs_g_4771384031_d_sccl_2/522-4724523-7365803?psc=1"", ""category_key"": ""health_wellness""}"
2026-07-07,2026-07-07T16:17:53.591671,in,Health & Wellness,,3,3,B08L33TR9Q,"ProDen PlaqueOff Powder Supports Normal, Healthy Teeth, Gums, and Breath Odour in Dogs 20 gm",ProDen,1119.0,1119.0,0,3.9,225,0,0,https://www.amazon.in/ProDen-PlaqueOff-Powder-Supports-Healthy/dp/B08L33TR9Q/ref=zg_bs_g_4771384031_d_sccl_3/522-4724523-7365803?psc=1,"https://images-eu.ssl-images-amazon.com/images/I/61VBz0ZTbYL._AC_UL300_SR300,200_.jpg","{""title"": ""ProDen PlaqueOff Powder Supports Normal, Healthy Teeth, Gums, and Breath Odour in Dogs 20 gm"", ""url"": ""https://www.amazon.in/ProDen-PlaqueOff-Powder-Supports-Healthy/dp/B08L33TR9Q/ref=zg_bs_g_4771384031_d_sccl_3/522-4724523-7365803?psc=1"", ""category_key"": ""health_wellness""}"
2026-07-07,2026-07-07T16:17:53.591671,in,Health & Wellness,,4,4,B0CQ1TL64W,"SmileDenX Teeth Cleaning Wipes for Dogs & Cats, Dog Finger Toothbrush Wipes, Dog Dental Care Finger Wipes, Dog Tooth Brushing",SmileDenX,249.0,249.0,0,4.2,2144,0,0,https://www.amazon.in/SmileDenX-Dental-Care-Finger-Wipes/dp/B0CQ1TL64W/ref=zg_bs_g_4771384031_d_sccl_4/522-4724523-7365803?psc=1,"https://images-eu.ssl-images-amazon.com/images/I/71eqt0l1a1L._AC_UL300_SR300,200_.jpg","{""title"": ""SmileDenX Teeth Cleaning Wipes for Dogs & Cats, Dog Finger Toothbrush Wipes, Dog Dental Care Finger Wipes, Dog Tooth Brushing"", ""url"": ""https://www.amazon.in/SmileDenX-Dental-Care-Finger-Wipes/dp/B0CQ1TL64W/ref=zg_bs_g_4771384031_d_sccl_4/522-4724523-7365803?psc=1"", ""category_key"": ""health_wellness""}"
2026-07-07,2026-07-07T16:17:53.591671,in,Health & Wellness,,5,5,B0GXB2XY9D,"Venky's VentriPro Kitten Feed Supplement, Enriched with Omega 3 & 6 Fatty Acids, 200 g",Venky's,349.0,349.0,0,3.6,7,0,0,https://www.amazon.in/Venkys-VentriPro-Kitten-Supplement-Enriched/dp/B0GXB2XY9D/ref=zg_bs_g_4771384031_d_sccl_5/522-4724523-7365803?psc=1,"https://images-eu.ssl-images-amazon.com/images/I/31TKlmhbrGL._AC_UL300_SR300,200_.jpg","{""title"": ""Venky's VentriPro Kitten Feed Supplement, Enriched with Omega 3 & 6 Fatty Acids, 200 g"", ""url"": ""https://www.amazon.in/Venkys-VentriPro-Kitten-Supplement-Enriched/dp/B0GXB2XY9D/ref=zg_bs_g_4771384031_d_sccl_5/522-4724523-7365803?psc=1"", ""category_key"": ""health_wellness""}"
2026-07-07,2026-07-07T16:17:53.591671,in,Health & Wellness,,6,6,B09TKYC9QD,Fifozone Sky Ec Cat Star Multivitamin Syrup for Cats - 100 Ml by Jolly and Cutie Pets by Fifozone,Fifozone,245.0,245.0,0,4.2,81,0,0,https://www.amazon.in/Sky-Star-Multivitamin-Syrup-Cats/dp/B09TKYC9QD/ref=zg_bs_g_4771384031_d_sccl_6/522-4724523-7365803?psc=1,"https://images-eu.ssl-images-amazon.com/images/I/61CNJLSF64L._AC_UL300_SR300,200_.jpg","{""title"": ""Fifozone Sky Ec Cat Star Multivitamin Syrup for Cats - 100 Ml by Jolly and Cutie Pets by Fifozone"", ""url"": ""https://www.amazon.in/Sky-Star-Multivitamin-Syrup-Cats/dp/B09TKYC9QD/ref=zg_bs_g_4771384031_d_sccl_6/522-4724523-7365803?psc=1"", ""category_key"": ""health_wellness""}"
2026-07-07,2026-07-07T16:17:53.591671,in,Health & Wellness,,7,7,B0BQFG1WQ5,Defender Nex Pro Deworming Tablet for Cats & Kittens of Over 6 Weeks Old (Pack of 1) | Natural & Herbal Ingredients | Effecti,Defender,295.0,295.0,0,4.2,107,0,0,https://www.amazon.in/Deworming-Spot-Cats-Pack-Cat/dp/B0BQFG1WQ5/ref=zg_bs_g_4771384031_d_sccl_7/522-4724523-7365803?psc=1,"https://images-eu.ssl-images-amazon.com/images/I/71nNyr-sWHL._AC_UL300_SR300,200_.jpg","{""title"": ""Defender Nex Pro Deworming Tablet for Cats & Kittens of Over 6 Weeks Old (Pack of 1) | Natural & Herbal Ingredients | Effecti"", ""url"": ""https://www.amazon.in/Deworming-Spot-Cats-Pack-Cat/dp/B0BQFG1WQ5/ref=zg_bs_g_4771384031_d_sccl_7/522-4724523-7365803?psc=1"", ""category_key"": ""health_wellness""}"
2026-07-07,2026-07-07T16:17:53.591671,in,Health & Wellness,,8,8,B0CNXX8JZL,Vetina Cardio Support Tablets for Cardiac Care for Dogs & Cats 30 Tablets,Vetina,543.0,543.0,0,4.8,24,0,0,https://www.amazon.in/Vetina-Cardio-Support-Tablets-Cardiac/dp/B0CNXX8JZL/ref=zg_bs_g_4771384031_d_sccl_8/522-4724523-7365803?psc=1,"https://images-eu.ssl-images-amazon.com/images/I/31o8dwsVonL._AC_UL300_SR300,200_.jpg","{""title"": ""Vetina Cardio Support Tablets for Cardiac Care for Dogs & Cats 30 Tablets"", ""url"": ""https://www.amazon.in/Vetina-Cardio-Support-Tablets-Cardiac/dp/B0CNXX8JZL/ref=zg_bs_g_4771384031_d_sccl_8/522-4724523-7365803?psc=1"", ""category_key"": ""health_wellness""}"
2026-07-07,2026-07-07T16:17:53.591671,in,Health & Wellness,,9,9,B005VD0JXY,"Beaphar Tooth Gel in Liver Flavour for Dog & Cat, 100 Gram",Beaphar,730.0,730.0,0,4.3,3093,0,0,https://www.amazon.in/Beaphar-Tooth-Gel-Cats-Dogs/dp/B005VD0JXY/ref=zg_bs_g_4771384031_d_sccl_9/522-4724523-7365803?psc=1,"https://images-eu.ssl-images-amazon.com/images/I/51bNWllaX5L._AC_UL300_SR300,200_.jpg","{""title"": ""Beaphar Tooth Gel in Liver Flavour for Dog & Cat, 100 Gram"", ""url"": ""https://www.amazon.in/Beaphar-Tooth-Gel-Cats-Dogs/dp/B005VD0JXY/ref=zg_bs_g_4771384031_d_sccl_9/522-4724523-7365803?psc=1"", ""category_key"": ""health_wellness""}"
2026-07-07,2026-07-07T16:17:53.591671,in,Health & Wellness,,10,10,B0CD7BW9HM,"Trixie Cat Grass Seeds with Plastic Planter for Kittens and All Cats, Soft, Vitamin-Rich, Easy Grow, Nutritious & Natural, Su",Trixie,337.5,337.5,0,3.4,108,0,0,https://www.amazon.in/Planter-Vitamin-Rich-Nutritious-Supports-Digestion/dp/B0CD7BW9HM/ref=zg_bs_g_4771384031_d_sccl_10/522-4724523-7365803?psc=1,"https://images-eu.ssl-images-amazon.com/images/I/71B9qEG-T+L._AC_UL300_SR300,200_.jpg","{""title"": ""Trixie Cat Grass Seeds with Plastic Planter for Kittens and All Cats, Soft, Vitamin-Rich, Easy Grow, Nutritious & Natural, Su"", ""url"": ""https://www.amazon.in/Planter-Vitamin-Rich-Nutritious-Supports-Digestion/dp/B0CD7BW9HM/ref=zg_bs_g_4771384031_d_sccl_10/522-4724523-7365803?psc=1"", ""category_key"": ""health_wellness""}"
2026-07-07,2026-07-07T16:17:53.591671,in,Health & Wellness,,11,11,B0B45MJ5X8,"Fifozone Feed Supplement Mother Milk Replacement for Young Kittens 200GM, Tablet",Fifozone,425.0,425.0,0,4.5,49,0,0,https://www.amazon.in/Fifozone-Supplement-Mother-Replacement-Kittens/dp/B0B45MJ5X8/ref=zg_bs_g_4771384031_d_sccl_11/522-4724523-7365803?psc=1,"https://images-eu.ssl-images-amazon.com/images/I/31sun-NXrqL._AC_UL300_SR300,200_.jpg","{""title"": ""Fifozone Feed Supplement Mother Milk Replacement for Young Kittens 200GM, Tablet"", ""url"": ""https://www.amazon.in/Fifozone-Supplement-Mother-Replacement-Kittens/dp/B0B45MJ5X8/ref=zg_bs_g_4771384031_d_sccl_11/522-4724523-7365803?psc=1"", ""category_key"": ""health_wellness""}"
2026-07-07,2026-07-07T16:17:53.591671,in,Health & Wellness,,12,12,B0G4RRB547,"TAIL TOWN Pet Teeth Cleaning Finger Wipes for Dogs & Cats | 50 Count | Fresh Breath, Plaque & Tartar Removal (Cleaning Finger",TAIL,331.0,331.0,0,4.6,17,0,0,https://www.amazon.in/TAIL-TOWN-Cleaning-Removal-Hygiene/dp/B0G4RRB547/ref=zg_bs_g_4771384031_d_sccl_12/522-4724523-7365803?psc=1,"https://images-eu.ssl-images-amazon.com/images/I/51CC38ogEyL._AC_UL300_SR300,200_.jpg","{""title"": ""TAIL TOWN Pet Teeth Cleaning Finger Wipes for Dogs & Cats | 50 Count | Fresh Breath, Plaque & Tartar Removal (Cleaning Finger"", ""url"": ""https://www.amazon.in/TAIL-TOWN-Cleaning-Removal-Hygiene/dp/B0G4RRB547/ref=zg_bs_g_4771384031_d_sccl_12/522-4724523-7365803?psc=1"", ""category_key"": ""health_wellness""}"
2026-07-07,2026-07-07T16:17:53.591671,in,Health & Wellness,,13,13,B0FRZCX7PP,Berlin's Adjustable Cat Cone for Kitten Size 3 Small Plastic E-Collar Protective Collar After Surgery Anti-Bite Lick Wound He,Berlin's,189.0,189.0,0,3.8,27,0,0,https://www.amazon.in/Berlins-Adjustable-Cat-Protective-Anti-Bite/dp/B0FRZCX7PP/ref=zg_bs_g_4771384031_d_sccl_13/522-4724523-7365803?psc=1,"https://images-eu.ssl-images-amazon.com/images/I/612OxkXbb4L._AC_UL300_SR300,200_.jpg","{""title"": ""Berlin's Adjustable Cat Cone for Kitten Size 3 Small Plastic E-Collar Protective Collar After Surgery Anti-Bite Lick Wound He"", ""url"": ""https://www.amazon.in/Berlins-Adjustable-Cat-Protective-Anti-Bite/dp/B0FRZCX7PP/ref=zg_bs_g_4771384031_d_sccl_13/522-4724523-7365803?psc=1"", ""category_key"": ""health_wellness""}"
2026-07-07,2026-07-07T16:17:53.591671,in,Health & Wellness,,14,14,B0C3W2NZZ6,Petroyale Cat Digestive Probiotics - Cat Prebiotics & Probiotics Supplement - Prevents Diarrhea & Improves Gut Health - Cats,Petroyale,439.0,439.0,0,4.0,47,0,0,https://www.amazon.in/Petroyale-Digestive-Probiotics-Enzymes-Supplement/dp/B0C3W2NZZ6/ref=zg_bs_g_4771384031_d_sccl_14/522-4724523-7365803?psc=1,"https://images-eu.ssl-images-amazon.com/images/I/81lcfYb7cZL._AC_UL300_SR300,200_.jpg","{""title"": ""Petroyale Cat Digestive Probiotics - Cat Prebiotics & Probiotics Supplement - Prevents Diarrhea & Improves Gut Health - Cats"", ""url"": ""https://www.amazon.in/Petroyale-Digestive-Probiotics-Enzymes-Supplement/dp/B0C3W2NZZ6/ref=zg_bs_g_4771384031_d_sccl_14/522-4724523-7365803?psc=1"", ""category_key"": ""health_wellness""}"
2026-07-07,2026-07-07T16:17:53.591671,in,Health & Wellness,,15,15,B0B68KLNY7,"Basil Purrfect Cat Dental Sticks | Tuna & Cranberry Dental Sticks for Cats, Cat Treats | Cats Oral Hygiene & Helps Control Ha",Basil,156.0,156.0,0,3.8,231,0,0,https://www.amazon.in/Purrfect-Dental-Sticks-Cranberry-Treats/dp/B0B68KLNY7/ref=zg_bs_g_4771384031_d_sccl_15/522-4724523-7365803?psc=1,"https://images-eu.ssl-images-amazon.com/images/I/517JfhkAzWL._AC_UL300_SR300,200_.jpg","{""title"": ""Basil Purrfect Cat Dental Sticks | Tuna & Cranberry Dental Sticks for Cats, Cat Treats | Cats Oral Hygiene & Helps Control Ha"", ""url"": ""https://www.amazon.in/Purrfect-Dental-Sticks-Cranberry-Treats/dp/B0B68KLNY7/ref=zg_bs_g_4771384031_d_sccl_15/522-4724523-7365803?psc=1"", ""category_key"": ""health_wellness""}"
2026-07-07,2026-07-07T16:17:53.591671,in,Health & Wellness,,16,16,B0FBN8YCFQ,PetFunda Fresh Mint Dental Spray for Dogs & Cats| Enriched with Mint & Clove Extract | Reduces Plaque & Tarter | Paraben-Free,PetFunda,279.0,279.0,0,3.8,33,0,0,https://www.amazon.in/PetFunda-Enriched-Extract-Reduces-Paraben-Free/dp/B0FBN8YCFQ/ref=zg_bs_g_4771384031_d_sccl_16/522-4724523-7365803?psc=1,"https://images-eu.ssl-images-amazon.com/images/I/51ivvybk--L._AC_UL300_SR300,200_.jpg","{""title"": ""PetFunda Fresh Mint Dental Spray for Dogs & Cats| Enriched with Mint & Clove Extract | Reduces Plaque & Tarter | Paraben-Free"", ""url"": ""https://www.amazon.in/PetFunda-Enriched-Extract-Reduces-Paraben-Free/dp/B0FBN8YCFQ/ref=zg_bs_g_4771384031_d_sccl_16/522-4724523-7365803?psc=1"", ""category_key"": ""health_wellness""}"
2026-07-07,2026-07-07T16:17:53.591671,in,Health & Wellness,,17,17,B08291HDV4,Trixie Cats Dental Hygiene Set - Cat Toothbrush and Toothpaste,Trixie,445.5,445.5,0,3.7,197,0,0,https://www.amazon.in/Trixie-Cats-Dental-Hygiene-Set/dp/B08291HDV4/ref=zg_bs_g_4771384031_d_sccl_17/522-4724523-7365803?psc=1,"https://images-eu.ssl-images-amazon.com/images/I/61jbL3gw9ML._AC_UL300_SR300,200_.jpg","{""title"": ""Trixie Cats Dental Hygiene Set - Cat Toothbrush and Toothpaste"", ""url"": ""https://www.amazon.in/Trixie-Cats-Dental-Hygiene-Set/dp/B08291HDV4/ref=zg_bs_g_4771384031_d_sccl_17/522-4724523-7365803?psc=1"", ""category_key"": ""health_wellness""}"
2026-07-07,2026-07-07T16:17:53.591671,in,Health & Wellness,,18,18,B0CGJJ16CH,"Bakson Veterinary V61 Blood Purifier Drops 30ML | Homeopathic Blood Cleanser for Pets, Dogs & Cats | Supports Clear Skin, All",Meo,150.0,150.0,0,4.1,17,0,0,https://www.amazon.in/Bakson-Veterinary-Blood-Purifed-Drops/dp/B0CGJJ16CH/ref=zg_bs_g_4771384031_d_sccl_18/522-4724523-7365803?psc=1,"https://images-eu.ssl-images-amazon.com/images/I/71jZ8iyF1eL._AC_UL300_SR300,200_.jpg","{""title"": ""Bakson Veterinary V61 Blood Purifier Drops 30ML | Homeopathic Blood Cleanser for Pets, Dogs & Cats | Supports Clear Skin, All"", ""url"": ""https://www.amazon.in/Bakson-Veterinary-Blood-Purifed-Drops/dp/B0CGJJ16CH/ref=zg_bs_g_4771384031_d_sccl_18/522-4724523-7365803?psc=1"", ""category_key"": ""health_wellness""}"
2026-07-07,2026-07-07T16:17:53.591671,in,Health & Wellness,,19,19,B0GXPQD2KC,"Chompz Taurine Supplement for Cats | 50g Powder | Supports Heart, Vision & Immunity | Unflavoured & Pure | Mixes into Any Mea",Chompz,499.0,499.0,0,4.5,2,0,0,https://www.amazon.in/Chompz-Supplement-Supports-Immunity-Unflavoured/dp/B0GXPQD2KC/ref=zg_bs_g_4771384031_d_sccl_20/522-4724523-7365803?psc=1,"https://images-eu.ssl-images-amazon.com/images/I/613ynsuFjlL._AC_UL300_SR300,200_.jpg","{""title"": ""Chompz Taurine Supplement for Cats | 50g Powder | Supports Heart, Vision & Immunity | Unflavoured & Pure | Mixes into Any Mea"", ""url"": ""https://www.amazon.in/Chompz-Supplement-Supports-Immunity-Unflavoured/dp/B0GXPQD2KC/ref=zg_bs_g_4771384031_d_sccl_20/522-4724523-7365803?psc=1"", ""category_key"": ""health_wellness""}"
2026-07-07,2026-07-07T16:17:53.591671,in,Health & Wellness,,20,20,B0DJVWJHHJ,"BuddyCheer Dog Teeth Cleaning Wipes, Pet Dental Finger Wipes for Dogs, No-Rinse Finger Toothbrush Wipes to Reduce Plaque & Ta",BuddyCheer,239.0,239.0,0,4.0,42,0,0,https://www.amazon.in/BuddyCheer-Wipes-Dental-Dogs-Cats/dp/B0DJVWJHHJ/ref=zg_bs_g_4771384031_d_sccl_21/522-4724523-7365803?psc=1,"https://images-eu.ssl-images-amazon.com/images/I/71XE9FMiSsL._AC_UL300_SR300,200_.jpg","{""title"": ""BuddyCheer Dog Teeth Cleaning Wipes, Pet Dental Finger Wipes for Dogs, No-Rinse Finger Toothbrush Wipes to Reduce Plaque & Ta"", ""url"": ""https://www.amazon.in/BuddyCheer-Wipes-Dental-Dogs-Cats/dp/B0DJVWJHHJ/ref=zg_bs_g_4771384031_d_sccl_21/522-4724523-7365803?psc=1"", ""category_key"": ""health_wellness""}"
2026-07-07,2026-07-07T16:17:53.591671,in,Health & Wellness,,21,21,B01KD7Q91I,"Arm & Hammer, Advanced Care Dental Rinse/Water Additive for Cats",Arm,340.0,340.0,0,4.2,2507,0,0,https://www.amazon.in/Arm-Hammer-Advanced-Dental-Additive/dp/B01KD7Q91I/ref=zg_bs_g_4771384031_d_sccl_22/522-4724523-7365803?psc=1,"https://images-eu.ssl-images-amazon.com/images/I/61s3szSVh4L._AC_UL300_SR300,200_.jpg","{""title"": ""Arm & Hammer, Advanced Care Dental Rinse/Water Additive for Cats"", ""url"": ""https://www.amazon.in/Arm-Hammer-Advanced-Dental-Additive/dp/B01KD7Q91I/ref=zg_bs_g_4771384031_d_sccl_22/522-4724523-7365803?psc=1"", ""category_key"": ""health_wellness""}"
2026-07-07,2026-07-07T16:17:53.591671,in,Health & Wellness,,22,22,B0G48NG41R,"Wuuff&Meow GimCat Premium Cat Multi-Vitamin Paste with 13 Vitamins, Oils, Zinc, Biotin, L-Carnitine for Immunity Support, Ski",Meo,846.0,846.0,0,4.7,9,0,0,https://www.amazon.in/Wuuff-Meow-Multi-Vitamin-Vitamins-L-Carnitine/dp/B0G48NG41R/ref=zg_bs_g_4771384031_d_sccl_23/522-4724523-7365803?psc=1,"https://images-eu.ssl-images-amazon.com/images/I/71YuSM-bvmL._AC_UL300_SR300,200_.jpg","{""title"": ""Wuuff&Meow GimCat Premium Cat Multi-Vitamin Paste with 13 Vitamins, Oils, Zinc, Biotin, L-Carnitine for Immunity Support, Ski"", ""url"": ""https://www.amazon.in/Wuuff-Meow-Multi-Vitamin-Vitamins-L-Carnitine/dp/B0G48NG41R/ref=zg_bs_g_4771384031_d_sccl_23/522-4724523-7365803?psc=1"", ""category_key"": ""health_wellness""}"
2026-07-07,2026-07-07T16:17:53.591671,in,Health & Wellness,,23,23,B0FS78PLDZ,"Cat Collar, Cat Neck Collar for Small Cats and Dogs, Soft E Collar for Cats Post Surgery, Comfortable Cat Cone Collar with Be",Cat,669.0,669.0,0,3.8,15,0,0,https://www.amazon.in/Collar-Surgery-Comfortable-Design-Circumference/dp/B0FS78PLDZ/ref=zg_bs_g_4771384031_d_sccl_24/522-4724523-7365803?psc=1,"https://images-eu.ssl-images-amazon.com/images/I/61QnKt6Y9jL._AC_UL300_SR300,200_.jpg","{""title"": ""Cat Collar, Cat Neck Collar for Small Cats and Dogs, Soft E Collar for Cats Post Surgery, Comfortable Cat Cone Collar with Be"", ""url"": ""https://www.amazon.in/Collar-Surgery-Comfortable-Design-Circumference/dp/B0FS78PLDZ/ref=zg_bs_g_4771384031_d_sccl_24/522-4724523-7365803?psc=1"", ""category_key"": ""health_wellness""}"
2026-07-07,2026-07-07T16:17:53.591671,in,Health & Wellness,,24,24,B00C37XFNC,"Palamountains My Beau for Cats – Omega 3 & 6, Essential Vitamins – Enhances Skin, Coat, Immunity, Digestion & Reduces Fur Bal",Palamountains,1300.0,1300.0,0,4.3,346,0,0,https://www.amazon.in/Palamountains-Beau-Cats-Essential-Absorption/dp/B00C37XFNC/ref=zg_bs_g_4771384031_d_sccl_25/522-4724523-7365803?psc=1,"https://images-eu.ssl-images-amazon.com/images/I/712KhaHLHGL._AC_UL300_SR300,200_.jpg","{""title"": ""Palamountains My Beau for Cats \u2013 Omega 3 & 6, Essential Vitamins \u2013 Enhances Skin, Coat, Immunity, Digestion & Reduces Fur Bal"", ""url"": ""https://www.amazon.in/Palamountains-Beau-Cats-Essential-Absorption/dp/B00C37XFNC/ref=zg_bs_g_4771384031_d_sccl_25/522-4724523-7365803?psc=1"", ""category_key"": ""health_wellness""}"
2026-07-07,2026-07-07T16:17:53.591671,in,Health & Wellness,,25,25,B0FBGBS845,"Goofy Tails Feline Vitality+(100Mlx1Pack) Liquid Immunity Booster for Cats, Cat Coat Supplement, Gut Supplement, Boosted with",Goofy,169.0,169.0,0,4.2,20,0,0,https://www.amazon.in/Goofy-Tails-Feline-Vitality-Curcuminoids/dp/B0FBGBS845/ref=zg_bs_g_4771384031_d_sccl_26/522-4724523-7365803?psc=1,"https://images-eu.ssl-images-amazon.com/images/I/61J0mjj14IL._AC_UL300_SR300,200_.jpg","{""title"": ""Goofy Tails Feline Vitality+(100Mlx1Pack) Liquid Immunity Booster for Cats, Cat Coat Supplement, Gut Supplement, Boosted with"", ""url"": ""https://www.amazon.in/Goofy-Tails-Feline-Vitality-Curcuminoids/dp/B0FBGBS845/ref=zg_bs_g_4771384031_d_sccl_26/522-4724523-7365803?psc=1"", ""category_key"": ""health_wellness""}"
2026-07-07,2026-07-07T16:17:53.591671,in,Health & Wellness,,26,26,B0CW1NRHBL,Petroyale Multivitamin Chews for Cats - Cat Multivitamin Tablets - Cat Health Supplement - Daily Supplements for Cats - for G,Petroyale,478.0,478.0,0,4.2,5,0,0,https://www.amazon.in/Petroyale-Multivitamin-Chews-Cats-Supplements/dp/B0CW1NRHBL/ref=zg_bs_g_4771384031_d_sccl_27/522-4724523-7365803?psc=1,"https://images-eu.ssl-images-amazon.com/images/I/71E+7tGqCJL._AC_UL300_SR300,200_.jpg","{""title"": ""Petroyale Multivitamin Chews for Cats - Cat Multivitamin Tablets - Cat Health Supplement - Daily Supplements for Cats - for G"", ""url"": ""https://www.amazon.in/Petroyale-Multivitamin-Chews-Cats-Supplements/dp/B0CW1NRHBL/ref=zg_bs_g_4771384031_d_sccl_27/522-4724523-7365803?psc=1"", ""category_key"": ""health_wellness""}"
2026-07-07,2026-07-07T16:17:53.591671,in,Health & Wellness,,27,27,B0DKBHLX3W,"Biotin and Taurine, 75 Tablets for Dogs & Cats, for Healthy Skin & Hairs.",Biotin,335.0,335.0,0,3.8,19,0,0,https://www.amazon.in/Biotin-Taurine-Tablets-Healthy-Hairs/dp/B0DKBHLX3W/ref=zg_bs_g_4771384031_d_sccl_28/522-4724523-7365803?psc=1,"https://images-eu.ssl-images-amazon.com/images/I/51sE6tEMcjL._AC_UL300_SR300,200_.jpg","{""title"": ""Biotin and Taurine, 75 Tablets for Dogs & Cats, for Healthy Skin & Hairs."", ""url"": ""https://www.amazon.in/Biotin-Taurine-Tablets-Healthy-Hairs/dp/B0DKBHLX3W/ref=zg_bs_g_4771384031_d_sccl_28/522-4724523-7365803?psc=1"", ""category_key"": ""health_wellness""}"
2026-07-07,2026-07-07T16:17:53.591671,in,Health & Wellness,,28,28,B0FDLGCHFZ,(OG) DD Presents KIWOFF Easy Chews for Cats and Kittens,(OG),449.0,449.0,0,4.7,11,0,0,https://www.amazon.in/DD-Presents-KIWOFF-Chews-Kittens/dp/B0FDLGCHFZ/ref=zg_bs_g_4771384031_d_sccl_29/522-4724523-7365803?psc=1,"https://images-eu.ssl-images-amazon.com/images/I/61th8qO464L._AC_UL300_SR300,200_.jpg","{""title"": ""(OG) DD Presents KIWOFF Easy Chews for Cats and Kittens"", ""url"": ""https://www.amazon.in/DD-Presents-KIWOFF-Chews-Kittens/dp/B0FDLGCHFZ/ref=zg_bs_g_4771384031_d_sccl_29/522-4724523-7365803?psc=1"", ""category_key"": ""health_wellness""}"
2026-07-07,2026-07-07T16:17:53.591671,in,"Collars, Leashes & Harnesses",,1,1,B0CY9LRRDX,Agirav No Pull Dog Harness - Step in Dog Harness and Leash for Small Medium Large Dog - Escape Proof Adjustable Soft Leash Co,Agirav,174.0,174.0,0,3.8,1709,0,0,https://www.amazon.in/Agirav-Pull-Dog-Harness-Adjustable/dp/B0CY9LRRDX/ref=zg_bs_g_4771392031_d_sccl_1/522-4724523-7365803?psc=1,"https://images-eu.ssl-images-amazon.com/images/I/51ez5oWoCSL._AC_UL300_SR300,200_.jpg","{""title"": ""Agirav No Pull Dog Harness - Step in Dog Harness and Leash for Small Medium Large Dog - Escape Proof Adjustable Soft Leash Co"", ""url"": ""https://www.amazon.in/Agirav-Pull-Dog-Harness-Adjustable/dp/B0CY9LRRDX/ref=zg_bs_g_4771392031_d_sccl_1/522-4724523-7365803?psc=1"", ""category_key"": ""collars_leashes""}"
2026-07-07,2026-07-07T16:17:53.591671,in,"Collars, Leashes & Harnesses",,2,2,B0BT4VLWHP,Wooflix Heavy Duty Nylon Dog Leash | Anti Slip Padded Handle Long Dog Leash | Highly Reflective Leash for Dogs | Dog Rope for,Wooflix,379.0,379.0,0,4.4,715,0,0,https://www.amazon.in/Wooflix-Leash-Medium-Harness-Reflective/dp/B0BT4VLWHP/ref=zg_bs_g_4771392031_d_sccl_2/522-4724523-7365803?psc=1,"https://images-eu.ssl-images-amazon.com/images/I/71mv7oAPiaL._AC_UL300_SR300,200_.jpg","{""title"": ""Wooflix Heavy Duty Nylon Dog Leash | Anti Slip Padded Handle Long Dog Leash | Highly Reflective Leash for Dogs | Dog Rope for"", ""url"": ""https://www.amazon.in/Wooflix-Leash-Medium-Harness-Reflective/dp/B0BT4VLWHP/ref=zg_bs_g_4771392031_d_sccl_2/522-4724523-7365803?psc=1"", ""category_key"": ""collars_leashes""}"
2026-07-07,2026-07-07T16:17:53.591671,in,"Collars, Leashes & Harnesses",,3,3,B0DSG7G27R,"Pawpro Adjustable Nylon Dog Collar with Secure D-Ring from Small - Medium to Large Breeds (Brown, Large)",Pawpro,199.0,199.0,0,4.1,840,0,0,https://www.amazon.in/Pawpro-Adjustable-Collar-Secure-D-Ring/dp/B0DSG7G27R/ref=zg_bs_g_4771392031_d_sccl_3/522-4724523-7365803?psc=1,"https://images-eu.ssl-images-amazon.com/images/I/71JDZ1uGD2L._AC_UL300_SR300,200_.jpg","{""title"": ""Pawpro Adjustable Nylon Dog Collar with Secure D-Ring from Small - Medium to Large Breeds (Brown, Large)"", ""url"": ""https://www.amazon.in/Pawpro-Adjustable-Collar-Secure-D-Ring/dp/B0DSG7G27R/ref=zg_bs_g_4771392031_d_sccl_3/522-4724523-7365803?psc=1"", ""category_key"": ""collars_leashes""}"
2026-07-07,2026-07-07T16:17:53.591671,in,"Collars, Leashes & Harnesses",,4,4,B0D6B7BT3M,"Buraq Premium Reflective Dog Harness with 5FT Leash, No-Pull Adjustable Belt Vest for Small, Medium & Large Dogs, Escape-Proo",Buraq,975.0,975.0,0,4.2,210,0,0,https://www.amazon.in/Buraq-Reflective-No-Pull-Harness-Leash/dp/B0D6B7BT3M/ref=zg_bs_g_4771392031_d_sccl_4/522-4724523-7365803?psc=1,"https://images-eu.ssl-images-amazon.com/images/I/816yoA-iJFL._AC_UL300_SR300,200_.jpg","{""title"": ""Buraq Premium Reflective Dog Harness with 5FT Leash, No-Pull Adjustable Belt Vest for Small, Medium & Large Dogs, Escape-Proo"", ""url"": ""https://www.amazon.in/Buraq-Reflective-No-Pull-Harness-Leash/dp/B0D6B7BT3M/ref=zg_bs_g_4771392031_d_sccl_4/522-4724523-7365803?psc=1"", ""category_key"": ""collars_leashes""}"
2026-07-07,2026-07-07T16:17:53.591671,in,"Collars, Leashes & Harnesses",,5,5,B0FNMN55GZ,Agirav No Pull Dog Harness - Step in and Leash for Small Medium Large Dog - Escape Proof Adjustable Soft Dog Harness Leash Co,Agirav,174.0,174.0,0,4.0,1573,0,0,https://www.amazon.in/Agirav-Pull-Dog-Harness-Adjustable/dp/B0FNMN55GZ/ref=zg_bs_g_4771392031_d_sccl_5/522-4724523-7365803?psc=1,"https://images-eu.ssl-images-amazon.com/images/I/71GsQJ9VYqL._AC_UL300_SR300,200_.jpg","{""title"": ""Agirav No Pull Dog Harness - Step in and Leash for Small Medium Large Dog - Escape Proof Adjustable Soft Dog Harness Leash Co"", ""url"": ""https://www.amazon.in/Agirav-Pull-Dog-Harness-Adjustable/dp/B0FNMN55GZ/ref=zg_bs_g_4771392031_d_sccl_5/522-4724523-7365803?psc=1"", ""category_key"": ""collars_leashes""}"
2026-07-07,2026-07-07T16:17:53.591671,in,"Collars, Leashes & Harnesses",,6,6,B071Y3YRZ3,Amazon Basics Tie-Out Cable/ Leash for Dogs Up to 57 kg | 30 Feet | Red | Large Size | Durable Metal Clips for Quick and Easy,Amazon,399.0,399.0,0,4.3,28352,0,0,https://www.amazon.in/AmazonBasics-Tie-Out-Cable-Leash-Dogs/dp/B071Y3YRZ3/ref=zg_bs_g_4771392031_d_sccl_6/522-4724523-7365803?psc=1,"https://images-eu.ssl-images-amazon.com/images/I/71174zxkimL._AC_UL300_SR300,200_.jpg","{""title"": ""Amazon Basics Tie-Out Cable/ Leash for Dogs Up to 57 kg | 30 Feet | Red | Large Size | Durable Metal Clips for Quick and Easy"", ""url"": ""https://www.amazon.in/AmazonBasics-Tie-Out-Cable-Leash-Dogs/dp/B071Y3YRZ3/ref=zg_bs_g_4771392031_d_sccl_6/522-4724523-7365803?psc=1"", ""category_key"": ""collars_leashes""}"
2026-07-07,2026-07-07T16:17:53.591671,in,"Collars, Leashes & Harnesses",,7,7,B0DSG59VD3,PAWPRO HANDMADE Reflective Yellow Nylon Dog Collar with Custom Engraved Bone ID Tag- Adjustable for Medium Dogs (15-21 inch),PAWPRO,199.0,199.0,0,4.1,282,0,0,https://www.amazon.in/PawPro-Reflective-Yellow-Engraved-Adjustable/dp/B0DSG59VD3/ref=zg_bs_g_4771392031_d_sccl_7/522-4724523-7365803?psc=1,"https://images-eu.ssl-images-amazon.com/images/I/6109gRRNhSL._AC_UL300_SR300,200_.jpg","{""title"": ""PAWPRO HANDMADE Reflective Yellow Nylon Dog Collar with Custom Engraved Bone ID Tag- Adjustable for Medium Dogs (15-21 inch)"", ""url"": ""https://www.amazon.in/PawPro-Reflective-Yellow-Engraved-Adjustable/dp/B0DSG59VD3/ref=zg_bs_g_4771392031_d_sccl_7/522-4724523-7365803?psc=1"", ""category_key"": ""collars_leashes""}"
2026-07-07,2026-07-07T16:17:53.591671,in,"Collars, Leashes & Harnesses",,8,8,B0CQTRZSLQ,"WOOFLIX Dog Harness for Small Dogs, Puppies and Cats | Suitable for Small Size Dogs, Cats & Puppies of 2.5kg -4.5kg | Reflect",WOOFLIX,649.0,649.0,0,4.0,434,0,0,https://www.amazon.in/WOOFLIX-Dog-Harness-Small-Dogs/dp/B0CQTRZSLQ/ref=zg_bs_g_4771392031_d_sccl_8/522-4724523-7365803?psc=1,"https://images-eu.ssl-images-amazon.com/images/I/81UzWL2RXlL._AC_UL300_SR300,200_.jpg","{""title"": ""WOOFLIX Dog Harness for Small Dogs, Puppies and Cats | Suitable for Small Size Dogs, Cats & Puppies of 2.5kg -4.5kg | Reflect"", ""url"": ""https://www.amazon.in/WOOFLIX-Dog-Harness-Small-Dogs/dp/B0CQTRZSLQ/ref=zg_bs_g_4771392031_d_sccl_8/522-4724523-7365803?psc=1"", ""category_key"": ""collars_leashes""}"
2026-07-07,2026-07-07T16:17:53.591671,in,"Collars, Leashes & Harnesses",,9,9,B09H6636YY,"MS PET HOUSE Padded Dog Training Lead Dog Leash 10 Feet Long Leash for Dogs (1"" Wide by 10 Ft Long Red Colour)",MS,299.0,299.0,0,4.3,1360,0,0,https://www.amazon.in/MS-PET-HOUSE-Training-10/dp/B09H6636YY/ref=zg_bs_g_4771392031_d_sccl_9/522-4724523-7365803?psc=1,"https://images-eu.ssl-images-amazon.com/images/I/7174awAq0wL._AC_UL300_SR300,200_.jpg","{""title"": ""MS PET HOUSE Padded Dog Training Lead Dog Leash 10 Feet Long Leash for Dogs (1\"" Wide by 10 Ft Long Red Colour)"", ""url"": ""https://www.amazon.in/MS-PET-HOUSE-Training-10/dp/B09H6636YY/ref=zg_bs_g_4771392031_d_sccl_9/522-4724523-7365803?psc=1"", ""category_key"": ""collars_leashes""}"
2026-07-07,2026-07-07T16:17:53.591671,in,"Collars, Leashes & Harnesses",,10,10,B0C5TLNYTV,"PAWPRO HANDMADE Customized Pet ID Tag Personalize Black Engraved Name Collar Tag with Breed face for Your Loving Pet Dog, Cat",PAWPRO,189.0,189.0,0,4.4,1155,0,0,https://www.amazon.in/PAWPRO-HANDMADE-Customized-Personalize-Engraved/dp/B0C5TLNYTV/ref=zg_bs_g_4771392031_d_sccl_10/522-4724523-7365803?psc=1,"https://images-eu.ssl-images-amazon.com/images/I/51thhblqZ1L._AC_UL300_SR300,200_.jpg","{""title"": ""PAWPRO HANDMADE Customized Pet ID Tag Personalize Black Engraved Name Collar Tag with Breed face for Your Loving Pet Dog, Cat"", ""url"": ""https://www.amazon.in/PAWPRO-HANDMADE-Customized-Personalize-Engraved/dp/B0C5TLNYTV/ref=zg_bs_g_4771392031_d_sccl_10/522-4724523-7365803?psc=1"", ""category_key"": ""collars_leashes""}"
2026-07-07,2026-07-07T16:17:53.591671,in,"Collars, Leashes & Harnesses",,11,11,B0GFWYGR7M,"Lyrovo Adjustable No-Pull Dog Harness with Leash Set for Small, Medium & Large Dogs – Reflective, Breathable, Comfortable Ves",Lyrovo,849.0,849.0,0,4.1,113,0,0,https://www.amazon.in/Lyrovo-Adjustable-No-Pull-Harness-Medium/dp/B0GFWYGR7M/ref=zg_bs_g_4771392031_d_sccl_12/522-4724523-7365803?psc=1,"https://images-eu.ssl-images-amazon.com/images/I/71bRCC3rr4L._AC_UL300_SR300,200_.jpg","{""title"": ""Lyrovo Adjustable No-Pull Dog Harness with Leash Set for Small, Medium & Large Dogs \u2013 Reflective, Breathable, Comfortable Ves"", ""url"": ""https://www.amazon.in/Lyrovo-Adjustable-No-Pull-Harness-Medium/dp/B0GFWYGR7M/ref=zg_bs_g_4771392031_d_sccl_12/522-4724523-7365803?psc=1"", ""category_key"": ""collars_leashes""}"
2026-07-07,2026-07-07T16:17:53.591671,in,"Collars, Leashes & Harnesses",,12,12,B0DZ2GVP3B,"Berlin's PET ACCESSORIES Personalized Dog Harness with Pet Name & Phone Number, No Pull Dog Vest,Escape Proof Reflective Dog",Berlin's,454.0,454.0,0,3.9,148,0,0,https://www.amazon.in/Berlins-PET-ACCESSORIES-Personalized-Harness/dp/B0DZ2GVP3B/ref=zg_bs_g_4771392031_d_sccl_13/522-4724523-7365803?psc=1,"https://images-eu.ssl-images-amazon.com/images/I/61hY6s4rnOL._AC_UL300_SR300,200_.jpg","{""title"": ""Berlin's PET ACCESSORIES Personalized Dog Harness with Pet Name & Phone Number, No Pull Dog Vest,Escape Proof Reflective Dog"", ""url"": ""https://www.amazon.in/Berlins-PET-ACCESSORIES-Personalized-Harness/dp/B0DZ2GVP3B/ref=zg_bs_g_4771392031_d_sccl_13/522-4724523-7365803?psc=1"", ""category_key"": ""collars_leashes""}"
2026-07-07,2026-07-07T16:17:53.591671,in,"Collars, Leashes & Harnesses",,13,13,B089CVGV56,"Sage Square Adjustable Strap Muzzle - Ensure Pet Safety & Comfort, Prevent Biting - Perfect for Medium-Sized Dogs, Ideal for",Sage,166.0,166.0,0,3.4,2877,0,0,https://www.amazon.in/Sage-Square-Adjustable-Safety-Muzzle/dp/B089CVGV56/ref=zg_bs_g_4771392031_d_sccl_14/522-4724523-7365803?psc=1,"https://images-eu.ssl-images-amazon.com/images/I/617d+dhlEGS._AC_UL300_SR300,200_.jpg","{""title"": ""Sage Square Adjustable Strap Muzzle - Ensure Pet Safety & Comfort, Prevent Biting - Perfect for Medium-Sized Dogs, Ideal for"", ""url"": ""https://www.amazon.in/Sage-Square-Adjustable-Safety-Muzzle/dp/B089CVGV56/ref=zg_bs_g_4771392031_d_sccl_14/522-4724523-7365803?psc=1"", ""category_key"": ""collars_leashes""}"
2026-07-07,2026-07-07T16:17:53.591671,in,"Collars, Leashes & Harnesses",,14,14,B0BGGPNNR1,RvPaws Dog Mouth Cover Muzzle/Bite Guard with Adjustable Strap Size (Medium No.- 4),RvPaws,198.0,198.0,0,3.6,305,0,0,https://www.amazon.in/RvPaws-Mouth-Muzzle-Adjustable-Medium/dp/B0BGGPNNR1/ref=zg_bs_g_4771392031_d_sccl_15/522-4724523-7365803?psc=1,"https://images-eu.ssl-images-amazon.com/images/I/71-QE+jlzOL._AC_UL300_SR300,200_.jpg","{""title"": ""RvPaws Dog Mouth Cover Muzzle/Bite Guard with Adjustable Strap Size (Medium No.- 4)"", ""url"": ""https://www.amazon.in/RvPaws-Mouth-Muzzle-Adjustable-Medium/dp/B0BGGPNNR1/ref=zg_bs_g_4771392031_d_sccl_15/522-4724523-7365803?psc=1"", ""category_key"": ""collars_leashes""}"
2026-07-07,2026-07-07T16:17:53.591671,in,"Collars, Leashes & Harnesses",,15,15,B08GHB163G,Foodie Puppies Dog Training Walking Leash Rope - (Nylon Leash - 18mm) Dog Cord Leash for Medium to Large-Sized Dogs with Hook,Foodie,199.0,199.0,0,4.0,2054,0,0,https://www.amazon.in/Foodie-Puppies-Stylish-Training-Strong/dp/B08GHB163G/ref=zg_bs_g_4771392031_d_sccl_16/522-4724523-7365803?psc=1,"https://images-eu.ssl-images-amazon.com/images/I/71ms1P70B+L._AC_UL300_SR300,200_.jpg","{""title"": ""Foodie Puppies Dog Training Walking Leash Rope - (Nylon Leash - 18mm) Dog Cord Leash for Medium to Large-Sized Dogs with Hook"", ""url"": ""https://www.amazon.in/Foodie-Puppies-Stylish-Training-Strong/dp/B08GHB163G/ref=zg_bs_g_4771392031_d_sccl_16/522-4724523-7365803?psc=1"", ""category_key"": ""collars_leashes""}"
2026-07-07,2026-07-07T16:17:53.591671,in,"Collars, Leashes & Harnesses",,16,16,B0DMLYWBX2,Doggo Bite Premium Reflective Dog Vest Harness| Soft Breathable| Padded Handle| Adjustable Straps & Dual Lock Buckle| No-Chok,Doggo,1424.0,1424.0,0,3.9,186,0,0,https://www.amazon.in/Reflective-Breathable-Adjustable-No-Choke-Leash-22mm/dp/B0DMLYWBX2/ref=zg_bs_g_4771392031_d_sccl_17/522-4724523-7365803?psc=1,"https://images-eu.ssl-images-amazon.com/images/I/61PJSqSWn7L._AC_UL300_SR300,200_.jpg","{""title"": ""Doggo Bite Premium Reflective Dog Vest Harness| Soft Breathable| Padded Handle| Adjustable Straps & Dual Lock Buckle| No-Chok"", ""url"": ""https://www.amazon.in/Reflective-Breathable-Adjustable-No-Choke-Leash-22mm/dp/B0DMLYWBX2/ref=zg_bs_g_4771392031_d_sccl_17/522-4724523-7365803?psc=1"", ""category_key"": ""collars_leashes""}"
2026-07-07,2026-07-07T16:17:53.591671,in,"Collars, Leashes & Harnesses",,17,17,B0D2L57FJ6,"Dog-O-Bow Cotton Blue and Red Heart Martingale Dog Collar, Durable, Comfortable & Adjustable Training Collar (Extra Large)",Dog-O-Bow,585.0,585.0,0,4.3,186,0,0,https://www.amazon.in/Dog-Heart-Martingale-Collar-Large/dp/B0D2L57FJ6/ref=zg_bs_g_4771392031_d_sccl_18/522-4724523-7365803?psc=1,"https://images-eu.ssl-images-amazon.com/images/I/71pD1UCRcEL._AC_UL300_SR300,200_.jpg","{""title"": ""Dog-O-Bow Cotton Blue and Red Heart Martingale Dog Collar, Durable, Comfortable & Adjustable Training Collar (Extra Large)"", ""url"": ""https://www.amazon.in/Dog-Heart-Martingale-Collar-Large/dp/B0D2L57FJ6/ref=zg_bs_g_4771392031_d_sccl_18/522-4724523-7365803?psc=1"", ""category_key"": ""collars_leashes""}"
2026-07-07,2026-07-07T16:17:53.591671,in,"Collars, Leashes & Harnesses",,18,18,B0FHFRPVJR,"Petology Dog Leash 4FT Long, 1cm Thick Reflective Heavy Duty Rope with Anti-Slip Padded Handle for Small Dogs",Petology,175.0,175.0,0,4.1,744,0,0,https://www.amazon.in/Petology-Reflective-Anti-Slip-Padded-Handle/dp/B0FHFRPVJR/ref=zg_bs_g_4771392031_d_sccl_20/522-4724523-7365803?psc=1,"https://images-eu.ssl-images-amazon.com/images/I/716PfHm0gxL._AC_UL300_SR300,200_.jpg","{""title"": ""Petology Dog Leash 4FT Long, 1cm Thick Reflective Heavy Duty Rope with Anti-Slip Padded Handle for Small Dogs"", ""url"": ""https://www.amazon.in/Petology-Reflective-Anti-Slip-Padded-Handle/dp/B0FHFRPVJR/ref=zg_bs_g_4771392031_d_sccl_20/522-4724523-7365803?psc=1"", ""category_key"": ""collars_leashes""}"
2026-07-07,2026-07-07T16:17:53.591671,in,"Collars, Leashes & Harnesses",,19,19,B0CVMYW12F,"KIKA Pets Personalized Dog Harness|Dog Harness For Shih Tzu With Name|Customized Dog Vest Harness,Small Size (For 5-12 Kg Dog",KIKA,840.0,840.0,0,4.3,444,0,0,https://www.amazon.in/KIKA-Personalized-Dog-Harness-Customized/dp/B0CVMYW12F/ref=zg_bs_g_4771392031_d_sccl_21/522-4724523-7365803?psc=1,"https://images-eu.ssl-images-amazon.com/images/I/71Nj+GB1zsL._AC_UL300_SR300,200_.jpg","{""title"": ""KIKA Pets Personalized Dog Harness|Dog Harness For Shih Tzu With Name|Customized Dog Vest Harness,Small Size (For 5-12 Kg Dog"", ""url"": ""https://www.amazon.in/KIKA-Personalized-Dog-Harness-Customized/dp/B0CVMYW12F/ref=zg_bs_g_4771392031_d_sccl_21/522-4724523-7365803?psc=1"", ""category_key"": ""collars_leashes""}"
2026-07-07,2026-07-07T16:17:53.591671,in,"Collars, Leashes & Harnesses",,20,20,B0F2N4XTCX,"Amazon Basics Retractable Dog Leash | 5 Meter | for Large Dogs Up to 50 Kg | Heavy Duty Leash for Pets | Strong Nylon Tape, A",Amazon,659.0,659.0,0,4.2,93,0,0,https://www.amazon.in/Amazon-Basics-Retractable-Anti-Slip-One-Click/dp/B0F2N4XTCX/ref=zg_bs_g_4771392031_d_sccl_22/522-4724523-7365803?psc=1,"https://images-eu.ssl-images-amazon.com/images/I/61iDQqE1kGL._AC_UL300_SR300,200_.jpg","{""title"": ""Amazon Basics Retractable Dog Leash | 5 Meter | for Large Dogs Up to 50 Kg | Heavy Duty Leash for Pets | Strong Nylon Tape, A"", ""url"": ""https://www.amazon.in/Amazon-Basics-Retractable-Anti-Slip-One-Click/dp/B0F2N4XTCX/ref=zg_bs_g_4771392031_d_sccl_22/522-4724523-7365803?psc=1"", ""category_key"": ""collars_leashes""}"
2026-07-07,2026-07-07T16:17:53.591671,in,"Collars, Leashes & Harnesses",,21,21,B0DRJBT3SD,"Buraq Tactical Dog Collar, Military-Grade Nylon, Reinforced Buckle & Control Handle, Adjustable & Heavy Duty Training Belt fo",Buraq,299.0,299.0,0,3.6,187,0,0,https://www.amazon.in/BURAQ-Tactical-Dog-Collar-Military-Grade/dp/B0DRJBT3SD/ref=zg_bs_g_4771392031_d_sccl_23/522-4724523-7365803?psc=1,"https://images-eu.ssl-images-amazon.com/images/I/710TdIA8wFL._AC_UL300_SR300,200_.jpg","{""title"": ""Buraq Tactical Dog Collar, Military-Grade Nylon, Reinforced Buckle & Control Handle, Adjustable & Heavy Duty Training Belt fo"", ""url"": ""https://www.amazon.in/BURAQ-Tactical-Dog-Collar-Military-Grade/dp/B0DRJBT3SD/ref=zg_bs_g_4771392031_d_sccl_23/522-4724523-7365803?psc=1"", ""category_key"": ""collars_leashes""}"
2026-07-07,2026-07-07T16:17:53.591671,in,"Collars, Leashes & Harnesses",,22,22,B0CY9L768J,"Agirav Dog Combo Pack of Harness, Neck Collar Belt and Rope Set (Black, Medium, Waterproof, Rope Size 1.5M-2M) (Black)",Agirav,169.0,169.0,0,4.1,60,0,0,https://www.amazon.in/Agirav-Harness-Collar-Waterproof-1-5M-2M/dp/B0CY9L768J/ref=zg_bs_g_4771392031_d_sccl_24/522-4724523-7365803?psc=1,"https://images-eu.ssl-images-amazon.com/images/I/71smvN5z9eL._AC_UL300_SR300,200_.jpg","{""title"": ""Agirav Dog Combo Pack of Harness, Neck Collar Belt and Rope Set (Black, Medium, Waterproof, Rope Size 1.5M-2M) (Black)"", ""url"": ""https://www.amazon.in/Agirav-Harness-Collar-Waterproof-1-5M-2M/dp/B0CY9L768J/ref=zg_bs_g_4771392031_d_sccl_24/522-4724523-7365803?psc=1"", ""category_key"": ""collars_leashes""}"
2026-07-07,2026-07-07T16:17:53.591671,in,"Collars, Leashes & Harnesses",,23,23,B09QYYYVMR,RvPaws Combo Nylon Dog Belt - 1 Inch Collar with Heavy Dog Chain 63 Inch Lengthy Dog Collar Chain Adjustable (Collar Neck Siz,RvPaws,284.0,284.0,0,4.1,1397,0,0,https://www.amazon.in/RvPaws-Combo-Collar-Lengthy-Golden/dp/B09QYYYVMR/ref=zg_bs_g_4771392031_d_sccl_26/522-4724523-7365803?psc=1,"https://images-eu.ssl-images-amazon.com/images/I/81xyT8NBEdL._AC_UL300_SR300,200_.jpg","{""title"": ""RvPaws Combo Nylon Dog Belt - 1 Inch Collar with Heavy Dog Chain 63 Inch Lengthy Dog Collar Chain Adjustable (Collar Neck Siz"", ""url"": ""https://www.amazon.in/RvPaws-Combo-Collar-Lengthy-Golden/dp/B09QYYYVMR/ref=zg_bs_g_4771392031_d_sccl_26/522-4724523-7365803?psc=1"", ""category_key"": ""collars_leashes""}"
2026-07-07,2026-07-07T16:17:53.591671,in,"Collars, Leashes & Harnesses",,24,24,B0GZ86M78L,"Cuddly Beans Dog Harness with Leash | No Pull Adjustable Pet Harness for Dogs | Comfortable, Breathable & Reflective | Heavy",Cuddly,999.0,999.0,0,4.2,35,0,0,https://www.amazon.in/Cuddly-Beans-Adjustable-Comfortable-Breathable/dp/B0GZ86M78L/ref=zg_bs_g_4771392031_d_sccl_27/522-4724523-7365803?psc=1,"https://images-eu.ssl-images-amazon.com/images/I/61BnCyQjdDL._AC_UL300_SR300,200_.jpg","{""title"": ""Cuddly Beans Dog Harness with Leash | No Pull Adjustable Pet Harness for Dogs | Comfortable, Breathable & Reflective | Heavy"", ""url"": ""https://www.amazon.in/Cuddly-Beans-Adjustable-Comfortable-Breathable/dp/B0GZ86M78L/ref=zg_bs_g_4771392031_d_sccl_27/522-4724523-7365803?psc=1"", ""category_key"": ""collars_leashes""}"
2026-07-07,2026-07-07T16:17:53.591671,in,"Collars, Leashes & Harnesses",,25,25,B0GHLBB3G5,"CottonCat Dog Harness – No Pull, Anti-Choke with Reflective Leash, Adjustable Breathable Dog Belt for Walking & Training – Sm",CottonCat,789.57,789.57,0,4.1,41,0,0,https://www.amazon.in/CottonCat-Dog-Harness-Anti-Choke-Reflective/dp/B0GHLBB3G5/ref=zg_bs_g_4771392031_d_sccl_28/522-4724523-7365803?psc=1,"https://images-eu.ssl-images-amazon.com/images/I/81JFChdqSbL._AC_UL300_SR300,200_.jpg","{""title"": ""CottonCat Dog Harness \u2013 No Pull, Anti-Choke with Reflective Leash, Adjustable Breathable Dog Belt for Walking & Training \u2013 Sm"", ""url"": ""https://www.amazon.in/CottonCat-Dog-Harness-Anti-Choke-Reflective/dp/B0GHLBB3G5/ref=zg_bs_g_4771392031_d_sccl_28/522-4724523-7365803?psc=1"", ""category_key"": ""collars_leashes""}"
2026-07-07,2026-07-07T16:17:53.591671,in,"Collars, Leashes & Harnesses",,26,26,B07P621LMH,PSK PET MART Dog Chain Silver Grind No.8 Heavy Weight Dogs Leash Heavy Duty Dog Chain with Heavy Hook (L - 60 Inch) for Large,PSK,229.0,229.0,0,4.0,1572,0,0,https://www.amazon.in/PSK-Chain-Silver-Grind-No-8/dp/B07P621LMH/ref=zg_bs_g_4771392031_d_sccl_29/522-4724523-7365803?psc=1,"https://images-eu.ssl-images-amazon.com/images/I/71Z8zCU95-L._AC_UL300_SR300,200_.jpg","{""title"": ""PSK PET MART Dog Chain Silver Grind No.8 Heavy Weight Dogs Leash Heavy Duty Dog Chain with Heavy Hook (L - 60 Inch) for Large"", ""url"": ""https://www.amazon.in/PSK-Chain-Silver-Grind-No-8/dp/B07P621LMH/ref=zg_bs_g_4771392031_d_sccl_29/522-4724523-7365803?psc=1"", ""category_key"": ""collars_leashes""}"
2026-07-07,2026-07-07T16:17:53.591671,in,"Collars, Leashes & Harnesses",,27,27,B0DHZYD6XX,Zigly Lifestyle Classic Adjustable Padded Dog Collar for Dogs & Puppies | Soft Comfortable Durable Everyday Walking Neck Coll,Zigly,269.0,269.0,0,4.2,223,0,0,https://www.amazon.in/Zigly-Lifestyle-Classic-Adjustable-Collar/dp/B0DHZYD6XX/ref=zg_bs_g_4771392031_d_sccl_30/522-4724523-7365803?psc=1,"https://images-eu.ssl-images-amazon.com/images/I/61gHyz1wS5L._AC_UL300_SR300,200_.jpg","{""title"": ""Zigly Lifestyle Classic Adjustable Padded Dog Collar for Dogs & Puppies | Soft Comfortable Durable Everyday Walking Neck Coll"", ""url"": ""https://www.amazon.in/Zigly-Lifestyle-Classic-Adjustable-Collar/dp/B0DHZYD6XX/ref=zg_bs_g_4771392031_d_sccl_30/522-4724523-7365803?psc=1"", ""category_key"": ""collars_leashes""}"
2026-07-07,2026-07-07T16:17:53.591671,in,"Collars, Leashes & Harnesses",,1,1,B0F7LNQXGC,"Buraq No Pull Cat Harness with Leash, Escape Proof, Ultra-Light Weight, Air Mesh Fabric, Aesthetic Design Adjustable Cat Leas",Buraq,359.0,359.0,0,4.0,1315,0,0,https://www.amazon.in/Harness-Escape-Ultra-Light-Aesthetic-Adjustable/dp/B0F7LNQXGC/ref=zg_bs_g_4771379031_d_sccl_1/522-4724523-7365803?psc=1,"https://images-eu.ssl-images-amazon.com/images/I/719xjPAItDL._AC_UL300_SR300,200_.jpg","{""title"": ""Buraq No Pull Cat Harness with Leash, Escape Proof, Ultra-Light Weight, Air Mesh Fabric, Aesthetic Design Adjustable Cat Leas"", ""url"": ""https://www.amazon.in/Harness-Escape-Ultra-Light-Aesthetic-Adjustable/dp/B0F7LNQXGC/ref=zg_bs_g_4771379031_d_sccl_1/522-4724523-7365803?psc=1"", ""category_key"": ""collars_leashes""}"
2026-07-07,2026-07-07T16:17:53.591671,in,"Collars, Leashes & Harnesses",,2,2,B0G5LNYPG4,PAWPRO HANDMADE Reflective Pet Collar with Custom ID Tag – Adjustable Collar with Bell for Cats & Small Dogs – Personalized N,PAWPRO,189.0,189.0,0,4.1,206,0,0,https://www.amazon.in/PAWPRO-HANDMADE-Reflective-Collar-Custom/dp/B0G5LNYPG4/ref=zg_bs_g_4771379031_d_sccl_2/522-4724523-7365803?psc=1,"https://images-eu.ssl-images-amazon.com/images/I/51W0z6fTiYL._AC_UL300_SR300,200_.jpg","{""title"": ""PAWPRO HANDMADE Reflective Pet Collar with Custom ID Tag \u2013 Adjustable Collar with Bell for Cats & Small Dogs \u2013 Personalized N"", ""url"": ""https://www.amazon.in/PAWPRO-HANDMADE-Reflective-Collar-Custom/dp/B0G5LNYPG4/ref=zg_bs_g_4771379031_d_sccl_2/522-4724523-7365803?psc=1"", ""category_key"": ""collars_leashes""}"
2026-07-07,2026-07-07T16:17:53.591671,in,"Collars, Leashes & Harnesses",,3,3,B0DW42X1YX,"Qpets® Cat Harness with Leash for Kittens with Quick Release Buckle, Escape-Proof Cute Flower Cat Belt for Outdoor Walking &",Qpets®,258.0,258.0,0,4.2,326,0,0,https://www.amazon.in/Harness-Kittens-Release-Escape-Proof-Outdoor/dp/B0DW42X1YX/ref=zg_bs_g_4771379031_d_sccl_3/522-4724523-7365803?psc=1,"https://images-eu.ssl-images-amazon.com/images/I/51hhSgAil2L._AC_UL300_SR300,200_.jpg","{""title"": ""Qpets\u00ae Cat Harness with Leash for Kittens with Quick Release Buckle, Escape-Proof Cute Flower Cat Belt for Outdoor Walking &"", ""url"": ""https://www.amazon.in/Harness-Kittens-Release-Escape-Proof-Outdoor/dp/B0DW42X1YX/ref=zg_bs_g_4771379031_d_sccl_3/522-4724523-7365803?psc=1"", ""category_key"": ""collars_leashes""}"
2026-07-07,2026-07-07T16:17:53.591671,in,"Collars, Leashes & Harnesses",,4,4,B0FHKW1KWJ,Yuppy Puppy Cat Harness with Leash - Adjustable Floral Vest Belt for Persian Cats & Small Pets - Soft Padded Escape Proof Cat,Yuppy,323.0,323.0,0,4.1,48,0,0,https://www.amazon.in/Yuppy-Puppy-Cat-Harness-Leash/dp/B0FHKW1KWJ/ref=zg_bs_g_4771379031_d_sccl_4/522-4724523-7365803?psc=1,"https://images-eu.ssl-images-amazon.com/images/I/71ViwAKB8hL._AC_UL300_SR300,200_.jpg","{""title"": ""Yuppy Puppy Cat Harness with Leash - Adjustable Floral Vest Belt for Persian Cats & Small Pets - Soft Padded Escape Proof Cat"", ""url"": ""https://www.amazon.in/Yuppy-Puppy-Cat-Harness-Leash/dp/B0FHKW1KWJ/ref=zg_bs_g_4771379031_d_sccl_4/522-4724523-7365803?psc=1"", ""category_key"": ""collars_leashes""}"
2026-07-07,2026-07-07T16:17:53.591671,in,"Collars, Leashes & Harnesses",,5,5,B0D6YZ186D,"Buraq 4 Pcs Perfect Plain Cat Collar for Indoor & Outdoor Use, Strong Cat Belt, Adjustable & Durable, Accessories for Cats -",Buraq,199.0,199.0,0,4.1,396,0,0,https://www.amazon.in/Cat-Collar-Breakaway-Adjustable-Accessories/dp/B0D6YZ186D/ref=zg_bs_g_4771379031_d_sccl_5/522-4724523-7365803?psc=1,"https://images-eu.ssl-images-amazon.com/images/I/71M-pOTawUL._AC_UL300_SR300,200_.jpg","{""title"": ""Buraq 4 Pcs Perfect Plain Cat Collar for Indoor & Outdoor Use, Strong Cat Belt, Adjustable & Durable, Accessories for Cats -"", ""url"": ""https://www.amazon.in/Cat-Collar-Breakaway-Adjustable-Accessories/dp/B0D6YZ186D/ref=zg_bs_g_4771379031_d_sccl_5/522-4724523-7365803?psc=1"", ""category_key"": ""collars_leashes""}"
2026-07-07,2026-07-07T16:17:53.591671,in,"Collars, Leashes & Harnesses",,6,6,B0CQS7JHTV,"Qpets® Cat Collar - Cute Pink Flower Cat Collar with Bell, Quick Release Adjustable Soft Plush Collar",Qpets®,211.0,211.0,0,4.3,215,0,0,https://www.amazon.in/Qpets%C2%AE-Collar-Flower-Release-Adjustable/dp/B0CQS7JHTV/ref=zg_bs_g_4771379031_d_sccl_6/522-4724523-7365803?psc=1,"https://images-eu.ssl-images-amazon.com/images/I/51Qa2KvbQnL._AC_UL300_SR300,200_.jpg","{""title"": ""Qpets\u00ae Cat Collar - Cute Pink Flower Cat Collar with Bell, Quick Release Adjustable Soft Plush Collar"", ""url"": ""https://www.amazon.in/Qpets%C2%AE-Collar-Flower-Release-Adjustable/dp/B0CQS7JHTV/ref=zg_bs_g_4771379031_d_sccl_6/522-4724523-7365803?psc=1"", ""category_key"": ""collars_leashes""}"
2026-07-07,2026-07-07T16:17:53.591671,in,"Collars, Leashes & Harnesses",,7,7,B07P1RW182,"HASTHIP® Adjustable Cat Belt, Strong Breakaway Buckle, Cat Collar With Bell, Velvet Neck Strap for Small and medium-sized Cat",HASTHIP®,197.0,197.0,0,3.9,2173,0,0,https://www.amazon.in/HASTHIP%C2%AE-Adjustable-Buckle-Velvet-13-8inch/dp/B07P1RW182/ref=zg_bs_g_4771379031_d_sccl_7/522-4724523-7365803?psc=1,"https://images-eu.ssl-images-amazon.com/images/I/51pybFOifvL._AC_UL300_SR300,200_.jpg","{""title"": ""HASTHIP\u00ae Adjustable Cat Belt, Strong Breakaway Buckle, Cat Collar With Bell, Velvet Neck Strap for Small and medium-sized Cat"", ""url"": ""https://www.amazon.in/HASTHIP%C2%AE-Adjustable-Buckle-Velvet-13-8inch/dp/B07P1RW182/ref=zg_bs_g_4771379031_d_sccl_7/522-4724523-7365803?psc=1"", ""category_key"": ""collars_leashes""}"
2026-07-07,2026-07-07T16:17:53.591671,in,"Collars, Leashes & Harnesses",,8,8,B0FPMNR6ZV,"CottonCat Set of 3 Adjustable Paw Cat Collar with Bell for Kittens, Cats & Small Pets | Soft, Safe Pet Collar | Lightweight,",CottonCat,173.0,173.0,0,3.9,88,0,0,https://www.amazon.in/PhotoWalaa-Adjustable-Kittens-Lightweight-Comfortable/dp/B0FPMNR6ZV/ref=zg_bs_g_4771379031_d_sccl_8/522-4724523-7365803?psc=1,"https://images-eu.ssl-images-amazon.com/images/I/319IBPJmPxL._AC_UL300_SR300,200_.jpg","{""title"": ""CottonCat Set of 3 Adjustable Paw Cat Collar with Bell for Kittens, Cats & Small Pets | Soft, Safe Pet Collar | Lightweight,"", ""url"": ""https://www.amazon.in/PhotoWalaa-Adjustable-Kittens-Lightweight-Comfortable/dp/B0FPMNR6ZV/ref=zg_bs_g_4771379031_d_sccl_8/522-4724523-7365803?psc=1"", ""category_key"": ""collars_leashes""}"
2026-07-07,2026-07-07T16:17:53.591671,in,"Collars, Leashes & Harnesses",,9,9,B0FVT5YCRN,"Berlin's Cat Harness with Leash for Outdoor, Walking, Escape Proof, Air Mesh Fabric, Easy Control, Adjustable & Durable Cat L",Berlin's,275.0,275.0,0,3.7,169,0,0,https://www.amazon.in/Berlins-Cat-Harness-Adjustable-Black-Printed/dp/B0FVT5YCRN/ref=zg_bs_g_4771379031_d_sccl_9/522-4724523-7365803?psc=1,"https://images-eu.ssl-images-amazon.com/images/I/514fUBQhlYL._AC_UL300_SR300,200_.jpg","{""title"": ""Berlin's Cat Harness with Leash for Outdoor, Walking, Escape Proof, Air Mesh Fabric, Easy Control, Adjustable & Durable Cat L"", ""url"": ""https://www.amazon.in/Berlins-Cat-Harness-Adjustable-Black-Printed/dp/B0FVT5YCRN/ref=zg_bs_g_4771379031_d_sccl_9/522-4724523-7365803?psc=1"", ""category_key"": ""collars_leashes""}"
2026-07-07,2026-07-07T16:17:53.591671,in,"Collars, Leashes & Harnesses",,10,10,B0B867FSX5,"Buraq 4 Pcs Perfect Plain Cat Collar for Indoor & Outdoor Use, Strong Cat Belt, Adjustable & Durable, Accessories for Cats -",Buraq,175.0,175.0,0,4.1,924,0,0,https://www.amazon.in/BURAQ-Breakaway-Adjustable-Accessories-Cats-Color/dp/B0B867FSX5/ref=zg_bs_g_4771379031_d_sccl_11/522-4724523-7365803?psc=1,"https://images-eu.ssl-images-amazon.com/images/I/71H1cxz+c2L._AC_UL300_SR300,200_.jpg","{""title"": ""Buraq 4 Pcs Perfect Plain Cat Collar for Indoor & Outdoor Use, Strong Cat Belt, Adjustable & Durable, Accessories for Cats -"", ""url"": ""https://www.amazon.in/BURAQ-Breakaway-Adjustable-Accessories-Cats-Color/dp/B0B867FSX5/ref=zg_bs_g_4771379031_d_sccl_11/522-4724523-7365803?psc=1"", ""category_key"": ""collars_leashes""}"
2026-07-07,2026-07-07T16:17:53.591671,in,"Collars, Leashes & Harnesses",,11,11,B0B7P52KJL,"YellowCult Pet Collar - Adjustable [8-11 inch], with Bell, Fast Release Buckle, Neck Collar for Kitten, Cat, Small Dogs & Pup",YellowCult,165.0,165.0,0,4.1,872,0,0,https://www.amazon.in/YellowCult-Pet-Collar-Adjustable-Release/dp/B0B7P52KJL/ref=zg_bs_g_4771379031_d_sccl_12/522-4724523-7365803?psc=1,"https://images-eu.ssl-images-amazon.com/images/I/5108fYXrxqL._AC_UL300_SR300,200_.jpg","{""title"": ""YellowCult Pet Collar - Adjustable [8-11 inch], with Bell, Fast Release Buckle, Neck Collar for Kitten, Cat, Small Dogs & Pup"", ""url"": ""https://www.amazon.in/YellowCult-Pet-Collar-Adjustable-Release/dp/B0B7P52KJL/ref=zg_bs_g_4771379031_d_sccl_12/522-4724523-7365803?psc=1"", ""category_key"": ""collars_leashes""}"
2026-07-07,2026-07-07T16:17:53.591671,in,"Collars, Leashes & Harnesses",,12,12,B07PWY6VNH,PetWale Cat Collar | Adjustable | Durable | Safety Collar | Pet Supplies | Cat Accessories | Cat Collar | Cat Belt | Soft and,PetWale,235.0,235.0,0,4.4,467,0,0,https://www.amazon.in/PetWale-Cat-Collar-Red-Corduroy/dp/B07PWY6VNH/ref=zg_bs_g_4771379031_d_sccl_14/522-4724523-7365803?psc=1,"https://images-eu.ssl-images-amazon.com/images/I/71nY9AHqJ5L._AC_UL300_SR300,200_.jpg","{""title"": ""PetWale Cat Collar | Adjustable | Durable | Safety Collar | Pet Supplies | Cat Accessories | Cat Collar | Cat Belt | Soft and"", ""url"": ""https://www.amazon.in/PetWale-Cat-Collar-Red-Corduroy/dp/B07PWY6VNH/ref=zg_bs_g_4771379031_d_sccl_14/522-4724523-7365803?psc=1"", ""category_key"": ""collars_leashes""}"
2026-07-07,2026-07-07T16:17:53.591671,in,"Collars, Leashes & Harnesses",,13,13,B0GKMTV7GF,Tinyfingers Puppy Cotton Reflective Padded Harness & Leash Set for Small Dogs & Cats Adjustable no Pull Harness Set with Owl,Tinyfingers,469.0,469.0,0,4.2,19,0,0,https://www.amazon.in/Tinyfingers-Reflective-Harness-Adjustable-Avilable/dp/B0GKMTV7GF/ref=zg_bs_g_4771379031_d_sccl_15/522-4724523-7365803?psc=1,"https://images-eu.ssl-images-amazon.com/images/I/51n1yDrr7EL._AC_UL300_SR300,200_.jpg","{""title"": ""Tinyfingers Puppy Cotton Reflective Padded Harness & Leash Set for Small Dogs & Cats Adjustable no Pull Harness Set with Owl"", ""url"": ""https://www.amazon.in/Tinyfingers-Reflective-Harness-Adjustable-Avilable/dp/B0GKMTV7GF/ref=zg_bs_g_4771379031_d_sccl_15/522-4724523-7365803?psc=1"", ""category_key"": ""collars_leashes""}"
2026-07-07,2026-07-07T16:17:53.591671,in,"Collars, Leashes & Harnesses",,14,14,B0BTHKTWSH,Qpets® Cat Vest Harness with 1.5m Leash Adjustable Size Pet Vest Harness Breathable Suede Fabric with Safety Reflective Strip,Qpets®,420.0,420.0,0,4.0,780,0,0,https://www.amazon.in/Qpets%C2%AE-Harness-Walking-Adjustable-Reflective/dp/B0BTHKTWSH/ref=zg_bs_g_4771379031_d_sccl_17/522-4724523-7365803?psc=1,"https://images-eu.ssl-images-amazon.com/images/I/61W+G2Y3QDL._AC_UL300_SR300,200_.jpg","{""title"": ""Qpets\u00ae Cat Vest Harness with 1.5m Leash Adjustable Size Pet Vest Harness Breathable Suede Fabric with Safety Reflective Strip"", ""url"": ""https://www.amazon.in/Qpets%C2%AE-Harness-Walking-Adjustable-Reflective/dp/B0BTHKTWSH/ref=zg_bs_g_4771379031_d_sccl_17/522-4724523-7365803?psc=1"", ""category_key"": ""collars_leashes""}"
2026-07-07,2026-07-07T16:17:53.591671,in,"Collars, Leashes & Harnesses",,15,15,B0FHHS5SCB,"No Pull Cat Harness and Leash Set for Walking – Escape Proof, Soft Air Mesh, Adjustable Vest Harness for Kittens, Cats, Puppy",No,299.0,299.0,0,3.9,46,0,0,https://www.amazon.in/Pull-Cat-Harness-Leash-Walking/dp/B0FHHS5SCB/ref=zg_bs_g_4771379031_d_sccl_19/522-4724523-7365803?psc=1,"https://images-eu.ssl-images-amazon.com/images/I/61p2XLxZdgL._AC_UL300_SR300,200_.jpg","{""title"": ""No Pull Cat Harness and Leash Set for Walking \u2013 Escape Proof, Soft Air Mesh, Adjustable Vest Harness for Kittens, Cats, Puppy"", ""url"": ""https://www.amazon.in/Pull-Cat-Harness-Leash-Walking/dp/B0FHHS5SCB/ref=zg_bs_g_4771379031_d_sccl_19/522-4724523-7365803?psc=1"", ""category_key"": ""collars_leashes""}"
2026-07-07,2026-07-07T16:17:53.591671,in,"Collars, Leashes & Harnesses",,16,16,B0FP4MFXDX,"Cybersnc Cotton Breakaway Cat Collar, White Heart Shaped Pendant, Cute Kitten Cat Collar with Bell (Light Green, XS)",Cybersnc,263.0,263.0,0,4.5,70,0,0,https://www.amazon.in/Cybersnc-Cotton-Breakaway-Collar-Pendant/dp/B0FP4MFXDX/ref=zg_bs_g_4771379031_d_sccl_20/522-4724523-7365803?psc=1,"https://images-eu.ssl-images-amazon.com/images/I/61MLdMVZI2L._AC_UL300_SR300,200_.jpg","{""title"": ""Cybersnc Cotton Breakaway Cat Collar, White Heart Shaped Pendant, Cute Kitten Cat Collar with Bell (Light Green, XS)"", ""url"": ""https://www.amazon.in/Cybersnc-Cotton-Breakaway-Collar-Pendant/dp/B0FP4MFXDX/ref=zg_bs_g_4771379031_d_sccl_20/522-4724523-7365803?psc=1"", ""category_key"": ""collars_leashes""}"
2026-07-07,2026-07-07T16:17:53.591671,in,"Collars, Leashes & Harnesses",,17,17,B07MZ55CYV,"Newlly Adjustable Pet Kitten Cat Safety Collar Bell Buckle Neck (Red), Velvet, (Pack Of 1),27 Cm",Newlly,269.0,269.0,0,3.9,1288,0,0,https://www.amazon.in/Newlly-Textile-Adjustable-Kitten-Safety/dp/B07MZ55CYV/ref=zg_bs_g_4771379031_d_sccl_21/522-4724523-7365803?psc=1,"https://images-eu.ssl-images-amazon.com/images/I/61YFyoBVPuL._AC_UL300_SR300,200_.jpg","{""title"": ""Newlly Adjustable Pet Kitten Cat Safety Collar Bell Buckle Neck (Red), Velvet, (Pack Of 1),27 Cm"", ""url"": ""https://www.amazon.in/Newlly-Textile-Adjustable-Kitten-Safety/dp/B07MZ55CYV/ref=zg_bs_g_4771379031_d_sccl_21/522-4724523-7365803?psc=1"", ""category_key"": ""collars_leashes""}"
2026-07-07,2026-07-07T16:17:53.591671,in,"Collars, Leashes & Harnesses",,18,18,B0GWFDSDB8,"CottonCat Cat Harness with Leash – Escape Proof, Adjustable Soft Mesh Vest for Cats, Breathable Lightweight Kitten Harness wi",CottonCat,349.0,349.0,0,4.5,2,0,0,https://www.amazon.in/CottonCat-Cat-Harness-Leash-Lightweight/dp/B0GWFDSDB8/ref=zg_bs_g_4771379031_d_sccl_22/522-4724523-7365803?psc=1,"https://images-eu.ssl-images-amazon.com/images/I/81c9XZjpblL._AC_UL300_SR300,200_.jpg","{""title"": ""CottonCat Cat Harness with Leash \u2013 Escape Proof, Adjustable Soft Mesh Vest for Cats, Breathable Lightweight Kitten Harness wi"", ""url"": ""https://www.amazon.in/CottonCat-Cat-Harness-Leash-Lightweight/dp/B0GWFDSDB8/ref=zg_bs_g_4771379031_d_sccl_22/522-4724523-7365803?psc=1"", ""category_key"": ""collars_leashes""}"
2026-07-07,2026-07-07T16:17:53.591671,in,"Collars, Leashes & Harnesses",,19,19,B0BLZN7GRH,"The Pets Company Cat Harness Leash Set for Cats & Kittens, 45 Inches Black",The,185.0,185.0,0,3.6,621,0,0,https://www.amazon.in/Pets-Company-Harness-Kittens-Inches/dp/B0BLZN7GRH/ref=zg_bs_g_4771379031_d_sccl_23/522-4724523-7365803?psc=1,"https://images-eu.ssl-images-amazon.com/images/I/61Tv+ih9X6L._AC_UL300_SR300,200_.jpg","{""title"": ""The Pets Company Cat Harness Leash Set for Cats & Kittens, 45 Inches Black"", ""url"": ""https://www.amazon.in/Pets-Company-Harness-Kittens-Inches/dp/B0BLZN7GRH/ref=zg_bs_g_4771379031_d_sccl_23/522-4724523-7365803?psc=1"", ""category_key"": ""collars_leashes""}"
2026-07-07,2026-07-07T16:17:53.591671,in,"Collars, Leashes & Harnesses",,20,20,B0BLNYPHB6,"LitVibes Paw Cat Collar With Bell,Kitten And Small Dogs Soft Adjustable Collar,Safe,Breakaway For Cats And Puppies-Red,?14 cm",LitVibes,165.0,165.0,0,4.2,237,0,0,https://www.amazon.in/Litvibes-Collar-Adjustable-Breakaway-Puppies/dp/B0BLNYPHB6/ref=zg_bs_g_4771379031_d_sccl_24/522-4724523-7365803?psc=1,"https://images-eu.ssl-images-amazon.com/images/I/41xg2kiwPEL._AC_UL300_SR300,200_.jpg","{""title"": ""LitVibes Paw Cat Collar With Bell,Kitten And Small Dogs Soft Adjustable Collar,Safe,Breakaway For Cats And Puppies-Red,?14 cm"", ""url"": ""https://www.amazon.in/Litvibes-Collar-Adjustable-Breakaway-Puppies/dp/B0BLNYPHB6/ref=zg_bs_g_4771379031_d_sccl_24/522-4724523-7365803?psc=1"", ""category_key"": ""collars_leashes""}"
2026-07-07,2026-07-07T16:17:53.591671,in,"Collars, Leashes & Harnesses",,21,21,B09QY8TSWS,"Qpets® Cat Cone Collar Comfy & Soft Stuffed PP Cotton Adjustable Size Machine Washable, After Surgery for Anti-Licking Dog E",Qpets®,494.0,494.0,0,4.1,384,0,0,https://www.amazon.in/Stuffed-Adjustable-Washable-Anti-Licking-Recovery/dp/B09QY8TSWS/ref=zg_bs_g_4771379031_d_sccl_25/522-4724523-7365803?psc=1,"https://images-eu.ssl-images-amazon.com/images/I/61cSo4LVGVL._AC_UL300_SR300,200_.jpg","{""title"": ""Qpets\u00ae Cat Cone Collar Comfy & Soft Stuffed PP Cotton Adjustable Size Machine Washable, After Surgery for Anti-Licking Dog E"", ""url"": ""https://www.amazon.in/Stuffed-Adjustable-Washable-Anti-Licking-Recovery/dp/B09QY8TSWS/ref=zg_bs_g_4771379031_d_sccl_25/522-4724523-7365803?psc=1"", ""category_key"": ""collars_leashes""}"
2026-07-07,2026-07-07T16:17:53.591671,in,"Collars, Leashes & Harnesses",,22,22,B0FSDP1YTH,"Berlin's Cat Harness and Leash Set – Escape Proof, No Pull, Lightweight Breathable Air Mesh, Adjustable & Comfortable Cat Ves",Berlin's,256.0,256.0,0,3.1,47,0,0,https://www.amazon.in/Berlins-Cat-Harness-Leash-Set/dp/B0FSDP1YTH/ref=zg_bs_g_4771379031_d_sccl_26/522-4724523-7365803?psc=1,"https://images-eu.ssl-images-amazon.com/images/I/61KMnodnglL._AC_UL300_SR300,200_.jpg","{""title"": ""Berlin's Cat Harness and Leash Set \u2013 Escape Proof, No Pull, Lightweight Breathable Air Mesh, Adjustable & Comfortable Cat Ves"", ""url"": ""https://www.amazon.in/Berlins-Cat-Harness-Leash-Set/dp/B0FSDP1YTH/ref=zg_bs_g_4771379031_d_sccl_26/522-4724523-7365803?psc=1"", ""category_key"": ""collars_leashes""}"
2026-07-07,2026-07-07T16:17:53.591671,in,"Collars, Leashes & Harnesses",,23,23,B0D2ZRRPHF,"Qpets Floral Cat Collar, Cute Color Flower Cat Collar With Bell, Embroidery Handmade Sakura Charm Adjustable Quick Release Sm",Qpets,259.0,259.0,0,4.3,53,0,0,https://www.amazon.in/Qpets%C2%AE-Embroidery-Handmade-Adjustable-Release/dp/B0D2ZRRPHF/ref=zg_bs_g_4771379031_d_sccl_27/522-4724523-7365803?psc=1,"https://images-eu.ssl-images-amazon.com/images/I/61UFOQl559L._AC_UL300_SR300,200_.jpg","{""title"": ""Qpets Floral Cat Collar, Cute Color Flower Cat Collar With Bell, Embroidery Handmade Sakura Charm Adjustable Quick Release Sm"", ""url"": ""https://www.amazon.in/Qpets%C2%AE-Embroidery-Handmade-Adjustable-Release/dp/B0D2ZRRPHF/ref=zg_bs_g_4771379031_d_sccl_27/522-4724523-7365803?psc=1"", ""category_key"": ""collars_leashes""}"
2026-07-07,2026-07-07T16:17:53.591671,in,"Collars, Leashes & Harnesses",,24,24,B0DK5SR5QK,"PAWPRO HANDMADE Cat Nylon Collar With Customisable Name & Icon Tag, Bell, Adjustable Buckle, 15-30 Cm (Orange)",PAWPRO,189.0,189.0,0,4.2,289,0,0,https://www.amazon.in/PAWPRO-HANDMADE-Collar-Customisable-Adjustable/dp/B0DK5SR5QK/ref=zg_bs_g_4771379031_d_sccl_28/522-4724523-7365803?psc=1,"https://images-eu.ssl-images-amazon.com/images/I/51GF25YO1jL._AC_UL300_SR300,200_.jpg","{""title"": ""PAWPRO HANDMADE Cat Nylon Collar With Customisable Name & Icon Tag, Bell, Adjustable Buckle, 15-30 Cm (Orange)"", ""url"": ""https://www.amazon.in/PAWPRO-HANDMADE-Collar-Customisable-Adjustable/dp/B0DK5SR5QK/ref=zg_bs_g_4771379031_d_sccl_28/522-4724523-7365803?psc=1"", ""category_key"": ""collars_leashes""}"
2026-07-07,2026-07-07T16:17:53.591671,in,"Collars, Leashes & Harnesses",,25,25,B09231NQ3J,Buraq Basic Full Body Cat Harness with Leash Set for Walking | Escape Proof | Adjustable & Durable for Cats (Red),Buraq,166.0,166.0,0,4.0,264,0,0,https://www.amazon.in/Harness-Walking-Escape-Adjustable-Durable/dp/B09231NQ3J/ref=zg_bs_g_4771379031_d_sccl_29/522-4724523-7365803?psc=1,"https://images-eu.ssl-images-amazon.com/images/I/51dCviepd-L._AC_UL300_SR300,200_.jpg","{""title"": ""Buraq Basic Full Body Cat Harness with Leash Set for Walking | Escape Proof | Adjustable & Durable for Cats (Red)"", ""url"": ""https://www.amazon.in/Harness-Walking-Escape-Adjustable-Durable/dp/B09231NQ3J/ref=zg_bs_g_4771379031_d_sccl_29/522-4724523-7365803?psc=1"", ""category_key"": ""collars_leashes""}"
2026-07-07,2026-07-07T16:17:53.591671,in,"Collars, Leashes & Harnesses",,26,26,B0C9X5PX7D,Dog Trust Ethnic Pet Collar with Bell Safety Adjustable Cat Necklace Ethnic Style Cat Collar Pack of 1 pcs,Dog,175.0,175.0,0,3.6,136,0,0,https://www.amazon.in/Dog-Trust-Adjustable-Cat-Necklace/dp/B0C9X5PX7D/ref=zg_bs_g_4771379031_d_sccl_30/522-4724523-7365803?psc=1,"https://images-eu.ssl-images-amazon.com/images/I/512oagA17TL._AC_UL300_SR300,200_.jpg","{""title"": ""Dog Trust Ethnic Pet Collar with Bell Safety Adjustable Cat Necklace Ethnic Style Cat Collar Pack of 1 pcs"", ""url"": ""https://www.amazon.in/Dog-Trust-Adjustable-Cat-Necklace/dp/B0C9X5PX7D/ref=zg_bs_g_4771379031_d_sccl_30/522-4724523-7365803?psc=1"", ""category_key"": ""collars_leashes""}"
