snapshot_date,source,source_market,product_id,product_title,brand,species,category,rank_position,price,currency,rating,review_count,sold_count,video_count,creator_count,engagement_score,source_url,image_url,fetch_method,compliance_status,computed_ts,global_signal_score,signal_basis,rank_position_global
2026-07-09,amazon_us,US,B09K8YYVWV,"Blue Buffalo Life Protection Formula Chicken & Brown Rice Adult Dry Dog Food, Supports Immunity with Antioxidant-Rich LifeSou",blue,dog,dog_food,1,,USD,4.7,29341,,,,,https://www.amazon.com/Blue-Buffalo-Protection-Formula-Natural/dp/B09K8YYVWV/ref=zg_bs_g_2975359011_d_sccl_1/141-1609880-8673648?psc=1,"https://images-na.ssl-images-amazon.com/images/I/81x68cxW9UL._AC_UL300_SR300,200_.jpg",html_scrape,public_page_no_login,2026-07-09T17:46:55.889028,88.53,rank+rating (no price on amazon.com list page),1
2026-07-09,amazon_us,US,B072DTFZHL,"Sheba Perfect Portions Wet Cat Food Cuts in Gravy, Cat Food Wet Recipe, Roasted Chicken Entree, with Sustainable Salmon, Tend",sheba,cat,cat_food,1,,USD,4.7,20862,,,,,https://www.amazon.com/Sheba-Portions-Wet-Food-Twin-Pack/dp/B072DTFZHL/ref=zg_bs_g_2975265011_d_sccl_2/141-1609880-8673648?psc=1,"https://images-na.ssl-images-amazon.com/images/I/81wMxPo0TlL._AC_UL300_SR300,200_.jpg",html_scrape,public_page_no_login,2026-07-09T17:46:55.889028,88.53,rank+rating (no price on amazon.com list page),2
2026-07-09,amazon_us,US,B001650NNW,"Purina Pro Plan Veterinary Supplements FortiFlora Probiotic Powder for Dogs, Daily Support for Digestive and Immune Health an",purina,dog,health_wellness,1,30.99,USD,4.7,48954,,,,,https://www.amazon.com/Purina-Veterinary-Fortiflora-Nutritional-Supplement/dp/B001650NNW/ref=zg_bs_g_2975377011_d_sccl_1/141-1609880-8673648?psc=1,"https://images-na.ssl-images-amazon.com/images/I/71l8QTg+aoL._AC_UL300_SR300,200_.jpg",html_scrape,public_page_no_login,2026-07-09T17:46:55.889028,88.53,rank+rating (no price on amazon.com list page),3
2026-07-09,amazon_us,US,B001650OE0,Pro Plan Veterinary Diets FortiFlora Daily Probiotic Powder Supplement for Cats with Digestive Support and Immune System for,pro,cat,health_wellness,1,30.99,USD,4.7,20070,,,,,https://www.amazon.com/Purina-Veterinary-Fortiflora-Nutritional-Supplement/dp/B001650OE0/ref=zg_bs_g_2975276011_d_sccl_1/141-1609880-8673648?psc=1,"https://images-na.ssl-images-amazon.com/images/I/71qtZPpwBZL._AC_UL300_SR300,200_.jpg",html_scrape,public_page_no_login,2026-07-09T17:46:55.889028,88.53,rank+rating (no price on amazon.com list page),4
2026-07-09,amazon_us,US,B07F45GGPT,"MeoHui Cat Toys for Indoor Cats, Interactive Cat Toy 2PCS Retractable Wand Toy and 9PCS Cat Feather Toys Refills, Funny Kitte",me-o,cat,cat_toys,1,9.78,USD,4.6,48966,,,,,https://www.amazon.com/Feather-Retractable-Assorted-Interactive-Exerciser/dp/B07F45GGPT/ref=zg_bs_g_2975303011_d_sccl_1/141-1609880-8673648?psc=1,"https://images-na.ssl-images-amazon.com/images/I/615Ccf+wziL._AC_UL300_SR300,200_.jpg",html_scrape,public_page_no_login,2026-07-09T17:46:55.889028,88.04,rank+rating (no price on amazon.com list page),5
2026-07-09,amazon_us,US,B07NHL31CC,"Earth Rated Pet Wipes for Dogs and Cats, Hypoallergenic, 3-in-1 Cleaning, Deodorizing and Hydrating, for Grooming Paws, Body",earth,both,grooming,1,9.98,USD,4.6,67370,,,,,https://www.amazon.com/Earth-Rated-USDA-Certified-Hypoallergenic/dp/B07NHL31CC/ref=zg_bs_g_2975362011_d_sccl_1/141-1609880-8673648?psc=1,"https://images-na.ssl-images-amazon.com/images/I/71f0WMXb8bL._AC_UL300_SR300,200_.jpg",html_scrape,public_page_no_login,2026-07-09T17:46:55.889028,88.04,rank+rating (no price on amazon.com list page),6
2026-07-09,amazon_us,US,B09D7DWTVB,"KSIIA Washable Dog Bed Deluxe Plush Dog Crate Beds Comfy Kennel Pad Anti-Slip Pet Sleeping Mat for Large, Jumbo, Medium, Smal",ksiia,dog,beds_accessories,1,27.99,USD,4.6,32714,,,,,https://www.amazon.com/Washable-Deluxe-Fulffy-Anti-Slip-Sleeping/dp/B09D7DWTVB/ref=zg_bs_g_2975326011_d_sccl_2/141-1609880-8673648?psc=1,"https://images-na.ssl-images-amazon.com/images/I/71cgXdW0WqL._AC_UL300_SR300,200_.jpg",html_scrape,public_page_no_login,2026-07-09T17:46:55.889028,88.04,rank+rating (no price on amazon.com list page),7
2026-07-09,amazon_us,US,B0921RR2Y5,MECOOL Cat Scratching Post Premium Basics Kitten Scratcher Sisal Scratch Posts with Hanging Ball 22in for Kittens or Smaller,mecool,cat,beds_accessories,1,16.98,USD,4.6,15131,,,,,https://www.amazon.com/MECOOL-Scratching-Premium-Scratcher-Scratch/dp/B0921RR2Y5/ref=zg_bs_g_2975243011_d_sccl_1/141-1609880-8673648?psc=1,"https://images-na.ssl-images-amazon.com/images/I/61GKar3CjTS._AC_UL300_SR300,200_.jpg",html_scrape,public_page_no_login,2026-07-09T17:46:55.889028,88.04,rank+rating (no price on amazon.com list page),8
2026-07-09,amazon_us,US,B08CCG96FR,"Best Pet Supplies Voyager Step-in Air Harness - All Weather Mesh, Reflective, No Pull Harness for Dogs, Cats - Secure with Ho",best,both,collars_leashes,1,10.99,USD,4.6,69681,,,,,https://www.amazon.com/Best-Pet-Supplies-Voyager-Harness/dp/B08CCG96FR/ref=zg_bs_g_2975339011_d_sccl_1/141-1609880-8673648?psc=1,"https://images-na.ssl-images-amazon.com/images/I/81vE3wSyceL._AC_UL300_SR300,200_.jpg",html_scrape,public_page_no_login,2026-07-09T17:46:55.889028,88.04,rank+rating (no price on amazon.com list page),9
2026-07-09,amazon_us,US,B001STX13U,Purina Fancy Feast Grilled Wet Cat Food Seafood Collection in Wet Cat Food Variety Pack - (Pack of 24) 3 oz. Cans,fancy feast,cat,cat_food,2,,USD,4.7,47111,,,,,https://www.amazon.com/Purina-Fancy-Feast-Grilled-Collection/dp/B001STX13U/ref=zg_bs_g_2975265011_d_sccl_3/141-1609880-8673648?psc=1,"https://images-na.ssl-images-amazon.com/images/I/81K7YvcfLpL._AC_UL300_SR300,200_.jpg",html_scrape,public_page_no_login,2026-07-09T17:46:55.889028,86.88,rank+rating (no price on amazon.com list page),10
2026-07-09,amazon_us,US,B003ULL1NQ,"Nutramax Cosequin for Dogs Joint Health Supplement, Contains Glucosamine for Dogs, Plus Chondroitin and MSM, Supports Healthy",nutramax,dog,health_wellness,2,34.91,USD,4.7,79136,,,,,https://www.amazon.com/Cosequin-DS-Maximum-Strength-Chewable/dp/B003ULL1NQ/ref=zg_bs_g_2975377011_d_sccl_2/141-1609880-8673648?psc=1,"https://images-na.ssl-images-amazon.com/images/I/71FSaprWLyL._AC_UL300_SR300,200_.jpg",html_scrape,public_page_no_login,2026-07-09T17:46:55.889028,86.88,rank+rating (no price on amazon.com list page),11
2026-07-09,amazon_us,US,B0056EAKUA,"Virbac EPIOTIC® Advanced Ear Cleanser | Powerful and Gentle Cleanser For Dogs and Cats of all ages, 4 oz",virbac,both,health_wellness,2,13.59,USD,4.7,22763,,,,,https://www.amazon.com/Virbac-Epi-Otic-Advanced-Ear-Cleaner/dp/B0056EAKUA/ref=zg_bs_g_2975276011_d_sccl_2/141-1609880-8673648?psc=1,"https://images-na.ssl-images-amazon.com/images/I/51zEF3lcc2L._AC_UL300_SR300,200_.jpg",html_scrape,public_page_no_login,2026-07-09T17:46:55.889028,86.88,rank+rating (no price on amazon.com list page),12
2026-07-09,amazon_us,US,B099WM7ZT7,"Taglory Rope Dog Leash for Medium Large Dogs, 6 FT Padded Handle, Black | Climbing rope for strong pullers; reflective for ni",taglory,dog,collars_leashes,2,8.99,USD,4.7,26051,,,,,https://www.amazon.com/Taglory-Comfortable-Padded-Reflective-Threads/dp/B099WM7ZT7/ref=zg_bs_g_2975339011_d_sccl_2/141-1609880-8673648?psc=1,"https://images-na.ssl-images-amazon.com/images/I/81D0hkOSpHL._AC_UL300_SR300,200_.jpg",html_scrape,public_page_no_login,2026-07-09T17:46:55.889028,86.88,rank+rating (no price on amazon.com list page),13
2026-07-09,amazon_us,US,B09BBM5CX8,"Best Pet Supplies Interactive Squeaky Dog Chew Toy, Ideal Dog Toys for Chewers, Small, Medium & Large Dogs, and Fetch Lovers",best,dog,dog_toys,1,6.79,USD,4.3,51030,,,,,https://www.amazon.com/Best-Pet-Supplies-Stuffing-Squeaker/dp/B09BBM5CX8/ref=zg_bs_g_2975413011_d_sccl_1/141-1609880-8673648?psc=1,"https://images-na.ssl-images-amazon.com/images/I/61c1VfRJIvL._AC_UL300_SR300,200_.jpg",html_scrape,public_page_no_login,2026-07-09T17:46:55.889028,86.57,rank+rating (no price on amazon.com list page),14
2026-07-09,amazon_us,US,B009IOCCD2,Purina ONE Dry Dog Food Lamb and Rice Formula - 31.1 lb. Bag,purina,dog,dog_food,2,,USD,4.6,15626,,,,,https://www.amazon.com/Purina-ONE-Food-Lamb-Formula/dp/B009IOCCD2/ref=zg_bs_g_2975359011_d_sccl_2/141-1609880-8673648?psc=1,"https://images-na.ssl-images-amazon.com/images/I/81xFEOR9B1L._AC_UL300_SR300,200_.jpg",html_scrape,public_page_no_login,2026-07-09T17:46:55.889028,86.39,rank+rating (no price on amazon.com list page),15
2026-07-09,amazon_us,US,B00VC8DQX2,"SleekEZ Dog Brush for Shedding | Patented Deshedding Dog Brush | Pet Hair Remover for Short, Medium & Long Coats | Made in US",sleekez,dog,grooming,2,19.97,USD,4.6,35249,,,,,https://www.amazon.com/SleekEZ-Original-Deshedding-Grooming-Tool/dp/B00VC8DQX2/ref=zg_bs_g_2975362011_d_sccl_2/141-1609880-8673648?psc=1,"https://images-na.ssl-images-amazon.com/images/I/51EZk3LTzfL._AC_UL300_SR300,200_.jpg",html_scrape,public_page_no_login,2026-07-09T17:46:55.889028,86.39,rank+rating (no price on amazon.com list page),16
2026-07-09,amazon_us,US,B0009F3MLA,"Hartz UltraGuard Flea & Tick Collar for Cats and Kittens, 7 Month Flea and Tick Protection and Prevention, White",hartz,cat,collars_leashes,1,3.87,USD,4.2,25146,,,,,https://www.amazon.com/Hartz-Ultra-Guard-Flea-Tick/dp/B0009F3MLA/ref=zg_bs_g_2975252011_d_sccl_2/141-1609880-8673648?psc=1,"https://images-na.ssl-images-amazon.com/images/I/81KbRKmfo7L._AC_UL300_SR300,200_.jpg",html_scrape,public_page_no_login,2026-07-09T17:46:55.889028,86.08,rank+rating (no price on amazon.com list page),17
2026-07-09,amazon_us,US,B00CPDWT2M,"Benebone Wishbone Durable Dog Chew Toy for Aggressive Chewers, Real Bacon, Made in USA, Medium",benebone,dog,dog_toys,2,9.88,USD,4.5,108383,,,,,https://www.amazon.com/Benebone-Wishbone-Durable-Aggressive-Chewers/dp/B00CPDWT2M/ref=zg_bs_g_2975413011_d_sccl_2/141-1609880-8673648?psc=1,"https://images-na.ssl-images-amazon.com/images/I/71fKSebqrZL._AC_UL300_SR300,200_.jpg",html_scrape,public_page_no_login,2026-07-09T17:46:55.889028,85.9,rank+rating (no price on amazon.com list page),18
2026-07-09,amazon_us,US,B0BDLGZCTY,"EHEYCIGA Orthopedic Dog Beds for Extra Large Dogs 44x32Inch, Waterproof Memory Foam XL Pet Bed with Sides, Non-Slip and Egg-C",eheyciga,dog,beds_accessories,2,37.59,USD,4.5,21548,,,,,https://www.amazon.com/EHEYCIGA-Waterproof-Orthopedic-Egg-Crate-Removable/dp/B0BDLGZCTY/ref=zg_bs_g_2975326011_d_sccl_3/141-1609880-8673648?psc=1,"https://images-na.ssl-images-amazon.com/images/I/61E5+Tg-R9L._AC_UL300_SR300,200_.jpg",html_scrape,public_page_no_login,2026-07-09T17:46:55.889028,85.9,rank+rating (no price on amazon.com list page),19
2026-07-09,amazon_us,US,B00B8CG5NK,Seresto Cat Vet-Recommended Flea & Tick Treatment & Prevention Collar for Cats | 8 Months Protection,seresto,cat,collars_leashes,2,59.98,USD,4.5,44832,,,,,https://www.amazon.com/Seresto-Vet-Recommended-Treatment-Prevention-Protection/dp/B00B8CG5NK/ref=zg_bs_g_2975252011_d_sccl_3/141-1609880-8673648?psc=1,"https://images-na.ssl-images-amazon.com/images/I/71D-Lw+MfkL._AC_UL300_SR300,200_.jpg",html_scrape,public_page_no_login,2026-07-09T17:46:55.889028,85.9,rank+rating (no price on amazon.com list page),20
2026-07-09,amazon_us,US,B007JXVR76,"Meow Mix Original Choice Dry Cat Food, 6.3 Pound Bag",me-o,cat,cat_food,3,,USD,4.7,52074,,,,,https://www.amazon.com/Meow-Mix-Original-Dry-Food/dp/B007JXVR76/ref=zg_bs_g_2975265011_d_sccl_4/141-1609880-8673648?psc=1,"https://images-na.ssl-images-amazon.com/images/I/81fR3aorQGL._AC_UL300_SR300,200_.jpg",html_scrape,public_page_no_login,2026-07-09T17:46:55.889028,85.23,rank+rating (no price on amazon.com list page),21
2026-07-09,amazon_us,US,B085MH756K,"GoTags Stainless Steel Pet ID Tags, Personalized Dog Tags and Cat Tags, up to 8 Lines of Custom Text, Engraved on Both Sides,",gotags,both,collars_leashes,3,8.95,USD,4.7,103985,,,,,https://www.amazon.com/GoTags-Stainless-Personalized-Engraved-Regular/dp/B085MH756K/ref=zg_bs_g_2975339011_d_sccl_3/141-1609880-8673648?psc=1,"https://images-na.ssl-images-amazon.com/images/I/71lkF0Mil4L._AC_UL300_SR300,200_.jpg",html_scrape,public_page_no_login,2026-07-09T17:46:55.889028,85.23,rank+rating (no price on amazon.com list page),22
2026-07-09,amazon_us,US,B001QCKS4O,Purina Pro Plan Complete Essentials Shredded Blend Chicken and Rice Dog Food Dry Formula with Probiotics for Dogs - 35 lb. Ba,purina,dog,dog_food,3,,USD,4.6,16778,,,,,https://www.amazon.com/Purina-Pro-Plan-Shredded-Chicken/dp/B001QCKS4O/ref=zg_bs_g_2975359011_d_sccl_3/141-1609880-8673648?psc=1,"https://images-na.ssl-images-amazon.com/images/I/81UaJzjkUVL._AC_UL300_SR300,200_.jpg",html_scrape,public_page_no_login,2026-07-09T17:46:55.889028,84.74,rank+rating (no price on amazon.com list page),23
2026-07-09,amazon_us,US,B0BZZC5PMF,"Docrok Pet Grooming Combo - Blue Deshedding Brush with Metal Comb for Detangling and Dematting Long, Matted Fur on Cats and D",docrok,cat,grooming,3,19.98,USD,4.6,11302,,,,,https://www.amazon.com/Grooming-Undercoat-Dematting-Deshedding-Deshedder/dp/B0BZZC5PMF/ref=zg_bs_g_2975362011_d_sccl_3/141-1609880-8673648?psc=1,"https://images-na.ssl-images-amazon.com/images/I/71lhkl+G6EL._AC_UL300_SR300,200_.jpg",html_scrape,public_page_no_login,2026-07-09T17:46:55.889028,84.74,rank+rating (no price on amazon.com list page),24
2026-07-09,amazon_us,US,B005DR5KGE,Multipet Lamb Chop Dog Plush Toy - Squeaky Toy for All Dogs - Extra Soft Plush - Stuffed Animal Dog Toy for Cuddling & Playin,multipet,dog,dog_toys,3,3.99,USD,4.5,81100,,,,,https://www.amazon.com/Multipet-INTERNATIONAL-843140-Lambchop-Squeak/dp/B005DR5KGE/ref=zg_bs_g_2975413011_d_sccl_3/141-1609880-8673648?psc=1,"https://images-na.ssl-images-amazon.com/images/I/61wNllZr+5L._AC_UL300_SR300,200_.jpg",html_scrape,public_page_no_login,2026-07-09T17:46:55.889028,84.25,rank+rating (no price on amazon.com list page),25
2026-07-09,amazon_us,US,B00BAGTNAQ,"ChomChom Roller Pet Hair Remover – Original Size Reusable Lint Roller for Cat & Dog Hair on Furniture, Couch, Carpet, Car, Ru",chomchom,both,grooming,3,24.99,USD,4.5,204714,,,,,https://www.amazon.com/Pet-Dog-Cat-Hair-Remover-Couch/dp/B00BAGTNAQ/ref=zg_bs_g_2975268011_d_sccl_3/141-1609880-8673648?psc=1,"https://images-na.ssl-images-amazon.com/images/I/71mmJsbMGZL._AC_UL300_SR300,200_.jpg",html_scrape,public_page_no_login,2026-07-09T17:46:55.889028,84.25,rank+rating (no price on amazon.com list page),26
2026-07-09,amazon_us,US,B00ZJ5BJ74,"Vetnique Glandex Anal Gland Soft Chew Treats with Pumpkin for Dogs Digestive Enzymes, Probiotics Fiber Supplement for Dogs Bo",vetnique,dog,health_wellness,3,32.99,USD,4.5,37792,,,,,https://www.amazon.com/Glandex-Pumpkin-Digestive-Probiotics-Supplement/dp/B00ZJ5BJ74/ref=zg_bs_g_2975377011_d_sccl_3/141-1609880-8673648?psc=1,"https://images-na.ssl-images-amazon.com/images/I/71rQuARIlEL._AC_UL300_SR300,200_.jpg",html_scrape,public_page_no_login,2026-07-09T17:46:55.889028,84.25,rank+rating (no price on amazon.com list page),27
2026-07-09,amazon_us,US,B0B432YY5Z,"gogobunny 3X Stronger Waterproof Pet Blanket, Scratch Proof Furniture Protector for Dogs Cats, Reversible Cover 30x70 Inch, D",gogobunny,both,beds_accessories,3,9.99,USD,4.4,17412,,,,,https://www.amazon.com/gogobunny-Double-Sided-Waterproof-Furniture-Reversible/dp/B0B432YY5Z/ref=zg_bs_g_2975326011_d_sccl_4/141-1609880-8673648?psc=1,"https://images-na.ssl-images-amazon.com/images/I/919WF5M2BeL._AC_UL300_SR300,200_.jpg",html_scrape,public_page_no_login,2026-07-09T17:46:55.889028,83.76,rank+rating (no price on amazon.com list page),28
2026-07-09,amazon_us,US,B0727R5C5Q,"Purina Friskies Gravy Swirlers With Flavors of Chicken, Salmon and Gravy Dry Cat Food - 3.15 lb. Bag",purina,cat,cat_food,4,,USD,4.7,37069,,,,,https://www.amazon.com/Purina-Friskies-Gravy-Swirlers-Adult/dp/B0727R5C5Q/ref=zg_bs_g_2975265011_d_sccl_6/141-1609880-8673648?psc=1,"https://images-na.ssl-images-amazon.com/images/I/71L-vopG6RL._AC_UL300_SR300,200_.jpg",html_scrape,public_page_no_login,2026-07-09T17:46:55.889028,83.58,rank+rating (no price on amazon.com list page),29
2026-07-09,amazon_us,US,B0CPDDQ47W,"TIMHAKA Cat Scratching Board, Corrugate Cat Scratcher for Indoor Cats with Catnip, Cat Scratch Pad with Premium Scratch Textu",timhaka,cat,beds_accessories,2,11.88,USD,4.5,4686,,,,,https://www.amazon.com/TIMHAKA-Cat-Scratcher-Pad-Double-Sided/dp/B0CPDDQ47W/ref=zg_bs_g_2975243011_d_sccl_2/141-1609880-8673648?psc=1,"https://images-na.ssl-images-amazon.com/images/I/71eiGay-cqL._AC_UL300_SR300,200_.jpg",html_scrape,public_page_no_login,2026-07-09T17:46:55.889028,83.39,rank+rating (no price on amazon.com list page),30
2026-07-09,amazon_us,US,B09WHBG4DV,"Potaroma Cat Toys Pillows, 3 Pack, Soft and Durable Crinkle Sound with Catnip Inside, Interactive Indoor Kitten Kicker, Promo",potaroma,cat,cat_toys,4,9.98,USD,4.6,12755,,,,,https://www.amazon.com/Pillows-Durable-Interactive-Promotes-Exercise/dp/B09WHBG4DV/ref=zg_bs_g_2975303011_d_sccl_4/141-1609880-8673648?psc=1,"https://images-na.ssl-images-amazon.com/images/I/71Ay6ojN2mL._AC_UL300_SR300,200_.jpg",html_scrape,public_page_no_login,2026-07-09T17:46:55.889028,83.09,rank+rating (no price on amazon.com list page),31
2026-07-09,amazon_us,US,B005CUTWDE,Wahl USA Dry Skin & Itch Relief Pet Shampoo for Dogs – Oatmeal Formula with Coconut Lime Verbena Scent & Pet Friendly Formula,wahl,dog,grooming,4,6.88,USD,4.6,42862,,,,,https://www.amazon.com/Wahl-Dog-Pet-Shampoo-Oatmeal/dp/B005CUTWDE/ref=zg_bs_g_2975362011_d_sccl_4/141-1609880-8673648?psc=1,"https://images-na.ssl-images-amazon.com/images/I/71Npnm2RvjL._AC_UL300_SR300,200_.jpg",html_scrape,public_page_no_login,2026-07-09T17:46:55.889028,83.09,rank+rating (no price on amazon.com list page),32
2026-07-09,amazon_us,US,B089RGDQBB,"Bedsure Orthopedic Dog Beds Large Sized Dog - Washable Large Dog Cat Bed Waterproof, Comfort Dogs Couch Sofa with Washable Re",bedsure,both,beds_accessories,4,33.92,USD,4.6,35450,,,,,https://www.amazon.com/Bedsure-Orthopedic-Removable-Washable-Waterproof/dp/B089RGDQBB/ref=zg_bs_g_2975326011_d_sccl_5/141-1609880-8673648?psc=1,"https://images-na.ssl-images-amazon.com/images/I/81LrJEODtrL._AC_UL300_SR300,200_.jpg",html_scrape,public_page_no_login,2026-07-09T17:46:55.889028,83.09,rank+rating (no price on amazon.com list page),33
2026-07-09,amazon_us,US,B0050JM626,"Nutramax Proviable Probiotics for Dogs and Cats, Daily Digestive Health Supplement with Multiple Strains of Bacteria, Cat and",nutramax,both,health_wellness,4,19.97,USD,4.6,19251,,,,,https://www.amazon.com/Nutramax-Supplement-Multi-Strain-Probiotics-Prebiotics/dp/B0050JM626/ref=zg_bs_g_2975377011_d_sccl_5/141-1609880-8673648?psc=1,"https://images-na.ssl-images-amazon.com/images/I/71x-6pIBdLL._AC_UL300_SR300,200_.jpg",html_scrape,public_page_no_login,2026-07-09T17:46:55.889028,83.09,rank+rating (no price on amazon.com list page),34
2026-07-09,amazon_us,US,B08CK5Z5Q1,"Joytale Reflective Dog Collar, Soft Neoprene Padded, Metal D-Ring, Nylon Pet Collar Adjustable for Large Dogs, Teal, L",joytale,dog,collars_leashes,4,7.99,USD,4.6,62103,,,,,https://www.amazon.com/Joytale-Reflective-Neoprene-Breathable-Adjustable/dp/B08CK5Z5Q1/ref=zg_bs_g_2975339011_d_sccl_4/141-1609880-8673648?psc=1,"https://images-na.ssl-images-amazon.com/images/I/81bQ7rGm5rL._AC_UL300_SR300,200_.jpg",html_scrape,public_page_no_login,2026-07-09T17:46:55.889028,83.09,rank+rating (no price on amazon.com list page),35
2026-07-09,amazon_us,US,B0B5RX3KXY,"Dgerp Airtag Cat Collar Breakaway, Reflective Kitten Collar with Apple Air Tag Holder and Bell for Girl Boy Cats, 0.4 Inches",dgerp,cat,collars_leashes,3,7.12,USD,4.2,12470,,,,,https://www.amazon.com/Airtag-Collar-Breakaway-Reflective-Lightweight/dp/B0B5RX3KXY/ref=zg_bs_g_2975252011_d_sccl_4/141-1609880-8673648?psc=1,"https://images-na.ssl-images-amazon.com/images/I/61TleE-QjYL._AC_UL300_SR300,200_.jpg",html_scrape,public_page_no_login,2026-07-09T17:46:55.889028,82.78,rank+rating (no price on amazon.com list page),36
2026-07-09,amazon_us,US,B0C72S38F3,"Whisper Quiet Dog Nail Grinder with 4 LED Lights, Safe & Stress-Free for Sensitive Dogs Cats of All Breeds & Sizes, 3 Grindin",whisper,both,grooming,4,24.99,USD,4.5,9039,,,,,https://www.amazon.com/LOPSIC-Powerful-Trimmers-Grinding-Rechargeable/dp/B0C72S38F3/ref=zg_bs_g_2975268011_d_sccl_4/141-1609880-8673648?psc=1,"https://images-na.ssl-images-amazon.com/images/I/71nrSbudc8L._AC_UL300_SR300,200_.jpg",html_scrape,public_page_no_login,2026-07-09T17:46:55.889028,82.6,rank+rating (no price on amazon.com list page),37
2026-07-09,amazon_us,US,B0B2NKLVCS,"FUKUMARU Cat Scratcher, 26.8 Inch L Shape Cat Scratch Pad Wall Mounted, Cat Scratching Cardboard with Ball Toy for Indoor Cat",fukumaru,cat,beds_accessories,4,18.71,USD,4.5,17379,,,,,https://www.amazon.com/FUKUMARU-Scratcher-Scratch-Scratching-Cardboard/dp/B0B2NKLVCS/ref=zg_bs_g_2975243011_d_sccl_4/141-1609880-8673648?psc=1,"https://images-na.ssl-images-amazon.com/images/I/710Pbd4i8fL._AC_UL300_SR300,200_.jpg",html_scrape,public_page_no_login,2026-07-09T17:46:55.889028,82.6,rank+rating (no price on amazon.com list page),38
2026-07-09,amazon_us,US,B003CL3PTM,"Hill's Science Diet Adult 1-6 Small & Mini Dry Dog Food, Chicken & Brown Rice, 4.5 lb. Bag",hills,dog,dog_food,5,,USD,4.8,26081,,,,,https://www.amazon.com/HillS-Science-Diet-Chicken-Recipe/dp/B003CL3PTM/ref=zg_bs_g_2975359011_d_sccl_5/141-1609880-8673648?psc=1,"https://images-na.ssl-images-amazon.com/images/I/811D-qkHlyL._AC_UL300_SR300,200_.jpg",html_scrape,public_page_no_login,2026-07-09T17:46:55.889028,82.42,rank+rating (no price on amazon.com list page),39
2026-07-09,amazon_us,US,B01BKYFR7K,"IAMS Proactive Health Dry Cat Food, Indoor Weight and Hairball Care Cat Food Dry Recipe, with Real Chicken in Every Bite, 7 l",iams,cat,cat_food,5,,USD,4.8,37381,,,,,https://www.amazon.com/Iams-Proactive-Hairball-Chicken-Packaging/dp/B01BKYFR7K/ref=zg_bs_g_2975265011_d_sccl_7/141-1609880-8673648?psc=1,"https://images-na.ssl-images-amazon.com/images/I/71FIIsgfS-L._AC_UL300_SR300,200_.jpg",html_scrape,public_page_no_login,2026-07-09T17:46:55.889028,82.42,rank+rating (no price on amazon.com list page),40
2026-07-09,amazon_us,US,B0D6W8B4FM,"TBTeek Cat Toys, Rechargeable, 3 Light Modes & 5 Fun Patterns, Portable Interactive Kitten Pet Dog Cat Mouse Toy for Fun Chas",tbteek,both,cat_toys,3,7.98,USD,4.6,4558,,,,,https://www.amazon.com/TBTeek-Adjustable-Patterns-Rechargeable-Interactive/dp/B0D6W8B4FM/ref=zg_bs_g_2975303011_d_sccl_3/141-1609880-8673648?psc=1,"https://images-na.ssl-images-amazon.com/images/I/61PegWwFglL._AC_UL300_SR300,200_.jpg",html_scrape,public_page_no_login,2026-07-09T17:46:55.889028,82.12,rank+rating (no price on amazon.com list page),41
2026-07-09,amazon_us,US,B0CGCS344P,"Supet Inflatable Dog Cone Collar Alternative After Surgery, Doggie Neck Donut Collar Recovery ECollar, Soft Dog Cone for Smal",supet,dog,health_wellness,3,19.98,USD,4.1,7841,,,,,https://www.amazon.com/Supet-Inflatable-Alternative-Surgery-Recovery/dp/B0CGCS344P/ref=zg_bs_g_2975276011_d_sccl_3/141-1609880-8673648?psc=1,"https://images-na.ssl-images-amazon.com/images/I/61a6+jNKU5L._AC_UL300_SR300,200_.jpg",html_scrape,public_page_no_login,2026-07-09T17:46:55.889028,82.12,rank+rating (no price on amazon.com list page),42
2026-07-09,amazon_us,US,B084HMMQ8M,"Providence Engraving Pet ID Tags in 8 Shapes, 9 Colors, and Two Sizes - Personalized Dog and Cat Tags with 4 Lines of Customi",providence,both,collars_leashes,5,4.89,USD,4.7,70652,,,,,https://www.amazon.com/Providence-Engraving-Shapes-Colors-Sizes/dp/B084HMMQ8M/ref=zg_bs_g_2975252011_d_sccl_6/141-1609880-8673648?psc=1,"https://images-na.ssl-images-amazon.com/images/I/814XMbFvb0L._AC_UL300_SR300,200_.jpg",html_scrape,public_page_no_login,2026-07-09T17:46:55.889028,81.93,rank+rating (no price on amazon.com list page),43
2026-07-09,amazon_us,US,B0DPDKW3B4,Name Pattern Art Design - Dog Tags Personalized for Pets - Custom Cats Dogs ID Tag - Stainless Steel Deep Engraving (Bone),name,both,collars_leashes,4,6.95,USD,4.8,4975,,,,,https://www.amazon.com/MEOW-WOOF-Flower-Pattern-Design/dp/B0DPDKW3B4/ref=zg_bs_g_2975252011_d_sccl_5/141-1609880-8673648?psc=1,"https://images-na.ssl-images-amazon.com/images/I/71CUtK2KE2L._AC_UL300_SR300,200_.jpg",html_scrape,public_page_no_login,2026-07-09T17:46:55.889028,81.8,rank+rating (no price on amazon.com list page),44
2026-07-09,amazon_us,US,B00OQYBWPI,Chuckit! Ultra Ball Dog Toy - Medium Bouncy Fetch Balls For Dogs 20-60 lbs - Made from Durable Rubber - Floating Water Pet To,chuckit,dog,dog_toys,4,11.18,USD,4.8,4603,,,,,https://www.amazon.com/Chuckit-Ultra-Ball-Dog-Toy/dp/B00OQYBWPI/ref=zg_bs_g_2975413011_d_sccl_4/141-1609880-8673648?psc=1,"https://images-na.ssl-images-amazon.com/images/I/714ZBKyX-KL._AC_UL300_SR300,200_.jpg",html_scrape,public_page_no_login,2026-07-09T17:46:55.889028,81.49,rank+rating (no price on amazon.com list page),45
2026-07-09,amazon_us,US,B00DT2WL26,"Catstages Tower of Tracks Cat Toy – 3-Level Track Tower with 6 Balls, Interactive Cat Toy for Indoor Enrichment",catstages,cat,cat_toys,5,14.99,USD,4.6,71340,,,,,https://www.amazon.com/Catstages-Tracks-Interactive-3-Tier-Spinning/dp/B00DT2WL26/ref=zg_bs_g_2975303011_d_sccl_5/141-1609880-8673648?psc=1,"https://images-na.ssl-images-amazon.com/images/I/81cJvfOdmlL._AC_UL300_SR300,200_.jpg",html_scrape,public_page_no_login,2026-07-09T17:46:55.889028,81.44,rank+rating (no price on amazon.com list page),46
2026-07-09,amazon_us,US,B0CLLPVZRV,"Swihauk Self Cleaning Slicker Brush - Skin Friendly Deshedding Grooming Tool for Dogs & Cats, Suitable for Shedding & Haired",swihauk,both,grooming,5,13.29,USD,4.6,13135,,,,,https://www.amazon.com/Swihauk-Cleaning-Friendly-Grooming-Deshedding/dp/B0CLLPVZRV/ref=zg_bs_g_2975362011_d_sccl_5/141-1609880-8673648?psc=1,"https://images-na.ssl-images-amazon.com/images/I/61B-7qGE7eL._AC_UL300_SR300,200_.jpg",html_scrape,public_page_no_login,2026-07-09T17:46:55.889028,81.44,rank+rating (no price on amazon.com list page),47
2026-07-09,amazon_us,US,B0DLRH694Y,"BABORUI Interactive Cat Toy Ball - Automatic Interactive Cat Toys for Indoor Cats with 3 Tails, 2 Speeds Rechargeable Cat Enr",baborui,cat,cat_toys,2,9.98,USD,4.1,4507,,,,,https://www.amazon.com/BABORUI-Interactive-Cat-Toy-Ball/dp/B0DLRH694Y/ref=zg_bs_g_2975303011_d_sccl_2/141-1609880-8673648?psc=1,"https://images-na.ssl-images-amazon.com/images/I/71WDlQPY9uL._AC_UL300_SR300,200_.jpg",html_scrape,public_page_no_login,2026-07-09T17:46:55.889028,81.27,rank+rating (no price on amazon.com list page),48
2026-07-09,amazon_us,US,B071J1BFTX,"Cesar Wet Dog Food Classic Loaf in Sauce Grilled Chicken, Filet Mignon, Porterhouse Steak, Beef, Chicken & Liver and Turkey V",cesar,dog,dog_food,4,,USD,4.7,4730,,,,,https://www.amazon.com/Cesar-Classics-Adult-Variety-Ounces/dp/B071J1BFTX/ref=zg_bs_g_2975359011_d_sccl_4/141-1609880-8673648?psc=1,"https://images-na.ssl-images-amazon.com/images/I/815umyp16mL._AC_UL300_SR300,200_.jpg",html_scrape,public_page_no_login,2026-07-09T17:46:55.889028,81.1,rank+rating (no price on amazon.com list page),49
2026-07-09,amazon_us,US,B076YLYVW8,"Minties Dog Dental Bone Treats, Tiny/Small Dental Dog Treats, 16 Ounces, Cleans Teeth, Fight Bad Breath, Removes Plaque and T",minties,dog,health_wellness,5,9.94,USD,4.5,36669,,,,,https://www.amazon.com/Minties-VetIQ-Dental-Treats-Chews/dp/B076YLYVW8/ref=zg_bs_g_2975377011_d_sccl_6/141-1609880-8673648?psc=1,"https://images-na.ssl-images-amazon.com/images/I/71OPBDvpTRL._AC_UL300_SR300,200_.jpg",html_scrape,public_page_no_login,2026-07-09T17:46:55.889028,80.95,rank+rating (no price on amazon.com list page),50
2026-07-09,amazon_us,US,B098P6164W,"Aumuca Cat Brush for Shedding, Cat Brushes for Indoor Cats, Cat Brush for Long or Short Haired Cats, Cat Grooming Brush Cat C",aumuca,cat,grooming,5,14.99,USD,4.4,37207,,,,,https://www.amazon.com/Aumuca-Shedding-Grooming-Cleaning-Undercoat/dp/B098P6164W/ref=zg_bs_g_2975268011_d_sccl_5/141-1609880-8673648?psc=1,"https://images-na.ssl-images-amazon.com/images/I/71qfz1I1S+L._AC_UL300_SR300,200_.jpg",html_scrape,public_page_no_login,2026-07-09T17:46:55.889028,80.46,rank+rating (no price on amazon.com list page),51
2026-07-09,amazon_us,US,B000R4H2MI,"Purina ONE Natural Dry Cat Food, Tender Selects Blend With Real Salmon - 7 lb. Bag",purina,cat,cat_food,6,,USD,4.7,26823,,,,,https://www.amazon.com/Purina-ONE-Tender-Selects-Salmon/dp/B000R4H2MI/ref=zg_bs_g_2975265011_d_sccl_8/141-1609880-8673648?psc=1,"https://images-na.ssl-images-amazon.com/images/I/71JWH8vsaSL._AC_UL300_SR300,200_.jpg",html_scrape,public_page_no_login,2026-07-09T17:46:55.889028,80.28,rank+rating (no price on amazon.com list page),52
2026-07-09,amazon_us,US,B096G34R6P,Cats Dogs ID Tags Personalized Lovely Symbols Pets Collar Name Accessories Simple Custom Engraved Products for Extra Small Fo,cats,both,collars_leashes,6,5.98,USD,4.7,26788,,,,,https://www.amazon.com/Personalized-Accessories-Engraved-Anti-Lost-Stainless/dp/B096G34R6P/ref=zg_bs_g_2975252011_d_sccl_7/141-1609880-8673648?psc=1,"https://images-na.ssl-images-amazon.com/images/I/61TmuMM5U8L._AC_UL300_SR300,200_.jpg",html_scrape,public_page_no_login,2026-07-09T17:46:55.889028,80.28,rank+rating (no price on amazon.com list page),53
2026-07-09,amazon_us,US,B08R74XVCS,Ameritex Waterproof Dog Bed Cover Pet Blanket for Furniture Bed Couch Sofa Reversible,ameritex,dog,beds_accessories,5,7.99,USD,4.3,35793,,,,,https://www.amazon.com/Ameritex-Waterproof-Blanket-Furniture-Reversible/dp/B08R74XVCS/ref=zg_bs_g_2975326011_d_sccl_6/141-1609880-8673648?psc=1,"https://images-na.ssl-images-amazon.com/images/I/610abeGarmS._AC_UL300_SR300,200_.jpg",html_scrape,public_page_no_login,2026-07-09T17:46:55.889028,79.97,rank+rating (no price on amazon.com list page),54
2026-07-09,amazon_us,US,B000NVBVD6,"Stella & Chewy's Freeze-Dried Raw Chicken Meal Mixers- Dog Food Topper and Mixer - Made with 95% Cage-Free Chicken, Organs &",stella,dog,dog_food,6,,USD,4.6,8110,,,,,https://www.amazon.com/Stella-ChewyS-Freeze-Dried-Chicken-Grain-Free/dp/B000NVBVD6/ref=zg_bs_g_2975359011_d_sccl_6/141-1609880-8673648?psc=1,"https://images-na.ssl-images-amazon.com/images/I/819U+2EgScL._AC_UL300_SR300,200_.jpg",html_scrape,public_page_no_login,2026-07-09T17:46:55.889028,79.79,rank+rating (no price on amazon.com list page),55
2026-07-09,amazon_us,US,B07YKRPYJH,"Tempcore Pet Cat Tunnel Tube Toys 3 Way Collapsible, Tunnels for Indoor Cats, Interactive Tube with Teaser Wand, Peek Holes &",tempcore,cat,cat_toys,6,9.99,USD,4.6,18142,,,,,https://www.amazon.com/Tempcore-Tunnel-Collapsible-Tunnels-Cats%EF%BC%8CKitty/dp/B07YKRPYJH/ref=zg_bs_g_2975303011_d_sccl_6/141-1609880-8673648?psc=1,"https://images-na.ssl-images-amazon.com/images/I/61FN+6TrJWL._AC_UL300_SR300,200_.jpg",html_scrape,public_page_no_login,2026-07-09T17:46:55.889028,79.79,rank+rating (no price on amazon.com list page),56
2026-07-09,amazon_us,US,B09WDDGP2V,"AMOSIJOY Cordless Cat Window Perch, Cat Hammock for Wall with 4 Suction Cups, Solid Metal Frame and Reversible Cover, Foldabl",amosijoy,cat,beds_accessories,6,15.33,USD,4.6,7874,,,,,https://www.amazon.com/AMOSIJOY-Cordless-Installation-Foldable-Large/dp/B09WDDGP2V/ref=zg_bs_g_2975243011_d_sccl_6/141-1609880-8673648?psc=1,"https://images-na.ssl-images-amazon.com/images/I/71gvccdY6GL._AC_UL300_SR300,200_.jpg",html_scrape,public_page_no_login,2026-07-09T17:46:55.889028,79.64,rank+rating (no price on amazon.com list page),57
2026-07-09,amazon_us,US,B0C15QKM3X,WOOF Pupsicle - Long-Lasting Interactive Dog Ball Toy to Keep Your Pup Busy and Distracted - Safe for Dogs - Low-Mess Design,woof,dog,dog_toys,5,19.99,USD,4.2,8063,,,,,https://www.amazon.com/WOOF-Pupsicle-Long-Lasting-Distracted-Fillable/dp/B0C15QKM3X/ref=zg_bs_g_2975413011_d_sccl_5/141-1609880-8673648?psc=1,"https://images-na.ssl-images-amazon.com/images/I/71wyN1k7SeL._AC_UL300_SR300,200_.jpg",html_scrape,public_page_no_login,2026-07-09T17:46:55.889028,79.46,rank+rating (no price on amazon.com list page),58
2026-07-09,amazon_us,US,B075N83693,"gonicc Dog & Cat Pets Nail Clippers and Trimmers - with Safety Guard to Avoid Overcutting, Free Nail File, Razor Sharp Blade",gonicc,both,grooming,6,12.95,USD,4.5,78709,,,,,https://www.amazon.com/gonicc-Dog-Nail-Clippers-Trimmer/dp/B075N83693/ref=zg_bs_g_2975362011_d_sccl_6/141-1609880-8673648?psc=1,"https://images-na.ssl-images-amazon.com/images/I/51iiP1EhLZL._AC_UL300_SR300,200_.jpg",html_scrape,public_page_no_login,2026-07-09T17:46:55.889028,79.3,rank+rating (no price on amazon.com list page),59
2026-07-09,amazon_us,US,B0B9QSQP5Q,"Cat Hairball Remedy Treats - Dual Texture Crunchy Creamy Hairball Treatment for Cats, Furball Relief Control Supplement with",cat,cat,health_wellness,6,15.99,USD,4.6,6795,,,,,https://www.amazon.com/Cat-Hairball-Remedy-Treats-Supplement/dp/B0B9QSQP5Q/ref=zg_bs_g_2975276011_d_sccl_6/141-1609880-8673648?psc=1,"https://images-na.ssl-images-amazon.com/images/I/61Zh0DEs9KL._AC_UL300_SR300,200_.jpg",html_scrape,public_page_no_login,2026-07-09T17:46:55.889028,78.91,rank+rating (no price on amazon.com list page),60
2026-07-09,amazon_us,US,B09K9FDLFN,"Blue Buffalo Life Protection Formula Chicken & Brown Rice Small Breed Adult Dry Dog Food, Supports Immunity with Antioxidant-",blue,dog,dog_food,7,,USD,4.7,20147,,,,,https://www.amazon.com/Blue-Buffalo-Protection-Formula-Natural/dp/B09K9FDLFN/ref=zg_bs_g_2975359011_d_sccl_7/141-1609880-8673648?psc=1,"https://images-na.ssl-images-amazon.com/images/I/81nH5-m0yPL._AC_UL300_SR300,200_.jpg",html_scrape,public_page_no_login,2026-07-09T17:46:55.889028,78.63,rank+rating (no price on amazon.com list page),61
2026-07-09,amazon_us,US,B00HN089EO,"Purina Friskies Dry Cat Food Seafood Sensations With Salmon, Tuna, and Shrimp Flavors - 22 lb. Bag",purina,cat,cat_food,7,,USD,4.7,28880,,,,,https://www.amazon.com/Purina-Friskies-Seafood-Sensations-Adult/dp/B00HN089EO/ref=zg_bs_g_2975265011_d_sccl_9/141-1609880-8673648?psc=1,"https://images-na.ssl-images-amazon.com/images/I/81M3IVlQKSL._AC_UL300_SR300,200_.jpg",html_scrape,public_page_no_login,2026-07-09T17:46:55.889028,78.63,rank+rating (no price on amazon.com list page),62
2026-07-09,amazon_us,US,B0009YJ3QE,"Pupstages Cool Teething Stick – Puppy Chew Toy for 0–6 Month Puppies, Teething Relief, Freezable & Durable",pupstages,dog,dog_toys,6,4.99,USD,4.3,19976,,,,,https://www.amazon.com/Dog-Stages-Cool-Teething-Stick/dp/B0009YJ3QE/ref=zg_bs_g_2975413011_d_sccl_6/141-1609880-8673648?psc=1,"https://images-na.ssl-images-amazon.com/images/I/71WaAKgCUDL._AC_UL300_SR300,200_.jpg",html_scrape,public_page_no_login,2026-07-09T17:46:55.889028,78.32,rank+rating (no price on amazon.com list page),63
2026-07-09,amazon_us,US,B006NONHNE,"The Green Pet Shop Cool Pet Pad - Large, Blue - Self-Cooling, Pressure Activated Mat for Dogs & Cats from 46-80 lbs - Non-Tox",,both,beds_accessories,6,54.99,USD,4.3,12477,,,,,https://www.amazon.com/Green-Pet-Shop-Cooling-Large/dp/B006NONHNE/ref=zg_bs_g_2975326011_d_sccl_7/141-1609880-8673648?psc=1,"https://images-na.ssl-images-amazon.com/images/I/71A-1WtkxgL._AC_UL300_SR300,200_.jpg",html_scrape,public_page_no_login,2026-07-09T17:46:55.889028,78.32,rank+rating (no price on amazon.com list page),64
2026-07-09,amazon_us,US,B0002AR18C,KONG Puppy - Natural Teething Rubber Chew Toy for Dogs - Stuffable Dog Toy for Extended Playtime - Chew & Fetch Toy for Puppi,kong,dog,dog_toys,7,7.46,USD,4.6,52686,,,,,https://www.amazon.com/KONG-Puppy-Kong-Small-Assorted/dp/B0002AR18C/ref=zg_bs_g_2975413011_d_sccl_7/141-1609880-8673648?psc=1,"https://images-na.ssl-images-amazon.com/images/I/61Cp9rqfzhL._AC_UL300_SR300,200_.jpg",html_scrape,public_page_no_login,2026-07-09T17:46:55.889028,78.14,rank+rating (no price on amazon.com list page),65
2026-07-09,amazon_us,US,B07P2N8HQH,"Maxpower Planet Original Pet Grooming Rake - Double-Sided Deshedding Dematting Tool, Undercoat Rake for Dogs & Cats, Extra-Wi",maxpower,both,grooming,7,21.28,USD,4.6,58147,,,,,https://www.amazon.com/Maxpower-Planet-Pet-Grooming-Brush/dp/B07P2N8HQH/ref=zg_bs_g_2975362011_d_sccl_7/141-1609880-8673648?psc=1,"https://images-na.ssl-images-amazon.com/images/I/81W9cwmEfpL._AC_UL300_SR300,200_.jpg",html_scrape,public_page_no_login,2026-07-09T17:46:55.889028,78.14,rank+rating (no price on amazon.com list page),66
2026-07-09,amazon_us,US,B071WCV19B,"Zesty Paws Allergy Immune Bites - Dog Allergy Chews, Dog Probiotics for Itchy Skin and Ears, Lamb, 90ct",zesty,dog,health_wellness,6,32.97,USD,4.2,100579,,,,,https://www.amazon.com/Zesty-Paws-Dog-Allergy-Relief/dp/B071WCV19B/ref=zg_bs_g_2975377011_d_sccl_7/141-1609880-8673648?psc=1,"https://images-na.ssl-images-amazon.com/images/I/61mzUSiik+L._AC_UL300_SR300,200_.jpg",html_scrape,public_page_no_login,2026-07-09T17:46:55.889028,77.83,rank+rating (no price on amazon.com list page),67
2026-07-09,amazon_us,US,B072MNCJ8K,"Hi Kiss Dog/Puppy Obedience Recall Training Agility Lead - 15ft 20ft 30ft 50ft 100ft Training Leash - Great for Play, Camping",hi,dog,collars_leashes,7,9.97,USD,4.5,58999,,,,,https://www.amazon.com/Hi-Kiss-Obedience-Training-Agility/dp/B072MNCJ8K/ref=zg_bs_g_2975339011_d_sccl_8/141-1609880-8673648?psc=1,"https://images-na.ssl-images-amazon.com/images/I/71SqwCKYrPL._AC_UL300_SR300,200_.jpg",html_scrape,public_page_no_login,2026-07-09T17:46:55.889028,77.65,rank+rating (no price on amazon.com list page),68
2026-07-09,amazon_us,US,B000KAHPZ8,"Greenies Veterinarian-Recommended Adult Natural Dental Dog Treats Teenie Size, Dog Dental Chews, Original Flavor, 12 oz. Pack",greenies,dog,health_wellness,8,17.96,USD,4.8,74957,,,,,https://www.amazon.com/Greenies-Original-Teenie-Dental-Treats/dp/B000KAHPZ8/ref=zg_bs_g_2975377011_d_sccl_9/141-1609880-8673648?psc=1,"https://images-na.ssl-images-amazon.com/images/I/71Rcvz62kpL._AC_UL300_SR300,200_.jpg",html_scrape,public_page_no_login,2026-07-09T17:46:55.889028,77.47,rank+rating (no price on amazon.com list page),69
2026-07-09,amazon_us,US,B0BCDH7CS1,Bousnic Dog Shock Collar - 3300Ft Dog Training Collar with Remote for 5-120lbs Small Medium Large Dogs Rechargeable Waterproo,bousnic,dog,collars_leashes,6,35.99,USD,4.1,19840,,,,,https://www.amazon.com/Bousnic-Dog-Shock-Collar-Rechargeable/dp/B0BCDH7CS1/ref=zg_bs_g_2975339011_d_sccl_7/141-1609880-8673648?psc=1,"https://images-na.ssl-images-amazon.com/images/I/71g4bAtfryL._AC_UL300_SR300,200_.jpg",html_scrape,public_page_no_login,2026-07-09T17:46:55.889028,77.34,rank+rating (no price on amazon.com list page),70
2026-07-09,amazon_us,US,B0BDLND6ZB,"EHEYCIGA Dog Stairs for Bed 18"" H, 4-Step Dog Steps for High Bed, Pet Steps for Small Dogs and Cats, Non-Slip Balanced Pet Ra",eheyciga,both,beds_accessories,7,31.56,USD,4.4,10752,,,,,https://www.amazon.com/EHEYCIGA-Stairs-Small-Medium-Steps/dp/B0BDLND6ZB/ref=zg_bs_g_2975326011_d_sccl_8/141-1609880-8673648?psc=1,"https://images-na.ssl-images-amazon.com/images/I/81b3SIPnr6L._AC_UL300_SR300,200_.jpg",html_scrape,public_page_no_login,2026-07-09T17:46:55.889028,77.16,rank+rating (no price on amazon.com list page),71
2026-07-09,amazon_us,US,B096541M6C,"Taglory Reflective Cat Collar Breakaway with Bell, High Visibility Night Strip, Lightweight Adjustable Nylon Collar for Boy G",taglory,cat,collars_leashes,7,6.99,USD,4.4,24194,,,,,https://www.amazon.com/Taglory-Reflective-Breakaway-Adjustable-Turquoise/dp/B096541M6C/ref=zg_bs_g_2975252011_d_sccl_8/141-1609880-8673648?psc=1,"https://images-na.ssl-images-amazon.com/images/I/71ToA8Yd4nL._AC_UL300_SR300,200_.jpg",html_scrape,public_page_no_login,2026-07-09T17:46:55.889028,77.16,rank+rating (no price on amazon.com list page),72
2026-07-09,amazon_us,US,B0D4VDDQV3,"EHEYCIGA Cardboard Cat Scratcher for Indoor Cats, 26.8 Inch L Shaped Vertical Cat Scratching Board with Ball Cat Toy, Large C",eheyciga,cat,beds_accessories,5,16.99,USD,4.5,3214,,,,,https://www.amazon.com/EHEYCIGA-Cardboard-Scratcher-Vertical-Scratching/dp/B0D4VDDQV3/ref=zg_bs_g_2975243011_d_sccl_5/141-1609880-8673648?psc=1,"https://images-na.ssl-images-amazon.com/images/I/81+-Vfdjn2L._AC_UL300_SR300,200_.jpg",html_scrape,public_page_no_login,2026-07-09T17:46:55.889028,77.06,rank+rating (no price on amazon.com list page),73
2026-07-09,amazon_us,US,B08294GHXY,"Pedigree Choice Cuts in Gravy Wet Dog Food, Adult Soft Wet Dog Food, Variety Pack, 3.5 oz. Pouches, 30 Count",pedigree,dog,dog_food,8,,USD,4.7,24084,,,,,https://www.amazon.com/Pedigree-Choice-30-Count-Variety-Pouches/dp/B08294GHXY/ref=zg_bs_g_2975359011_d_sccl_8/141-1609880-8673648?psc=1,"https://images-na.ssl-images-amazon.com/images/I/71g0u5lrsrL._AC_UL300_SR300,200_.jpg",html_scrape,public_page_no_login,2026-07-09T17:46:55.889028,76.98,rank+rating (no price on amazon.com list page),74
2026-07-09,amazon_us,US,B00JT3TP1O,Purina Fancy Feast Seafood Classic Pate Collection Grain Free Wet Cat Food Variety Pack - (Pack of 30) 3 oz. Cans,fancy feast,cat,cat_food,8,,USD,4.7,20813,,,,,https://www.amazon.com/Fancy-Feast-Sea-Variety-Pack/dp/B00JT3TP1O/ref=zg_bs_g_2975265011_d_sccl_10/141-1609880-8673648?psc=1,"https://images-na.ssl-images-amazon.com/images/I/81BBXtVYK1L._AC_UL300_SR300,200_.jpg",html_scrape,public_page_no_login,2026-07-09T17:46:55.889028,76.98,rank+rating (no price on amazon.com list page),75
2026-07-09,amazon_us,US,B0C1HG6XC8,"Wuffes Advanced Dog Hip and Joint Supplement with Glucosamine, Chondroitin, Omega 3, MSM, and Green Lipped Mussel, 60 Pork Fl",wuffes,dog,health_wellness,7,38.95,USD,4.3,13171,,,,,https://www.amazon.com/Wuffes-Chewable-Supplement-Medium-Breeds/dp/B0C1HG6XC8/ref=zg_bs_g_2975377011_d_sccl_8/141-1609880-8673648?psc=1,"https://images-na.ssl-images-amazon.com/images/I/71Pki8wrtuL._AC_UL300_SR300,200_.jpg",html_scrape,public_page_no_login,2026-07-09T17:46:55.889028,76.67,rank+rating (no price on amazon.com list page),76
2026-07-09,amazon_us,US,B0002AR0I8,KONG Classic Stuffable Dog Toy - Fetch & Chew Toy for Dogs - Treat-Filling Capabilities & Erratic Bounce for Extended Play Ti,kong,dog,dog_food,8,13.96,USD,4.6,92496,,,,,https://www.amazon.com/KONG-Classic-Durable-Natural-Rubber/dp/B0002AR0I8/ref=zg_bs_g_2975413011_d_sccl_8/141-1609880-8673648?psc=1,"https://images-na.ssl-images-amazon.com/images/I/61eVAqrR7uL._AC_UL300_SR300,200_.jpg",html_scrape,public_page_no_login,2026-07-09T17:46:55.889028,76.49,rank+rating (no price on amazon.com list page),77
2026-07-09,amazon_us,US,B01AHM6P18,Fashion's Talk Cat Toys Variety Pack for Kitty 20 Pieces,fashions,cat,cat_toys,8,9.99,USD,4.6,13581,,,,,https://www.amazon.com/Fashions-Talk-Variety-Kitty-Pieces/dp/B01AHM6P18/ref=zg_bs_g_2975303011_d_sccl_8/141-1609880-8673648?psc=1,"https://images-na.ssl-images-amazon.com/images/I/71YnqjUr2OL._AC_UL300_SR300,200_.jpg",html_scrape,public_page_no_login,2026-07-09T17:46:55.889028,76.49,rank+rating (no price on amazon.com list page),78
2026-07-09,amazon_us,US,B07GVCFQV6,"PHOEPET No Pull Dog Harness Medium Reflective Front Clip Vest with Handle,Adjustable 2 Metal Rings 3 Buckles,[Easy to Put on",phoepet,dog,collars_leashes,8,15.83,USD,4.5,29183,,,,,https://www.amazon.com/PHOEPET-Harness-Reflective-Adjustable-Buckles/dp/B07GVCFQV6/ref=zg_bs_g_2975339011_d_sccl_9/141-1609880-8673648?psc=1,"https://images-na.ssl-images-amazon.com/images/I/61sRVUfvoEL._AC_UL300_SR300,200_.jpg",html_scrape,public_page_no_login,2026-07-09T17:46:55.889028,76.0,rank+rating (no price on amazon.com list page),79
2026-07-09,amazon_us,US,B004KDRGD2,"ADAMS Plus Flea & Tick Shampoo with Precor for Dogs, Cats, Puppies & Kittens, Flea Shampoo to Treat Infestations, Kills Ticks",adams,both,grooming,8,14.49,USD,4.4,33007,,,,,https://www.amazon.com/Adams-Plus-Flea-Shampoo-Precor/dp/B004KDRGD2/ref=zg_bs_g_2975268011_d_sccl_8/141-1609880-8673648?psc=1,"https://images-na.ssl-images-amazon.com/images/I/71MNwLQJnKL._AC_UL300_SR300,200_.jpg",html_scrape,public_page_no_login,2026-07-09T17:46:55.889028,75.51,rank+rating (no price on amazon.com list page),80
2026-07-09,amazon_us,US,B09V9VSY53,"FELIWAY Optimum Cat Calming Diffuser Refill (3 Pack, 90 Day Supply) – Cat Pheromone Diffuser Refill for Advanced Support to R",feliway,cat,health_wellness,8,56.99,USD,4.4,13650,,,,,https://www.amazon.com/FELIWAY-Optimum-Enhanced-Pheromone-Diffuser/dp/B09V9VSY53/ref=zg_bs_g_2975276011_d_sccl_8/141-1609880-8673648?psc=1,"https://images-na.ssl-images-amazon.com/images/I/81n8xV-gfcL._AC_UL300_SR300,200_.jpg",html_scrape,public_page_no_login,2026-07-09T17:46:55.889028,75.51,rank+rating (no price on amazon.com list page),81
2026-07-09,amazon_us,US,B09RPL4Z4J,"Pedigree Adult Dry Dog Food, Complete Nutrition, Grilled Steak & Vegetable Flavor, 18 lb. Bag",pedigree,dog,dog_food,9,,USD,4.7,8887,,,,,https://www.amazon.com/PEDIGREE-Complete-Nutrition-Grilled-Vegetable/dp/B09RPL4Z4J/ref=zg_bs_g_2975359011_d_sccl_9/141-1609880-8673648?psc=1,"https://images-na.ssl-images-amazon.com/images/I/81y+guqTGxL._AC_UL300_SR300,200_.jpg",html_scrape,public_page_no_login,2026-07-09T17:46:55.889028,75.33,rank+rating (no price on amazon.com list page),82
2026-07-09,amazon_us,US,B005CUTW8O,"Wahl USA 4-in-1 Calming Dog Shampoo with Lavender Chamomile Scent – Cleans, Conditions, Detangles, & Moisturizes - Pet Friend",wahl,dog,grooming,9,6.88,USD,4.7,34414,,,,,https://www.amazon.com/Wahl-Lavendar-Chamomile-Shampoo-Conditioner/dp/B005CUTW8O/ref=zg_bs_g_2975362011_d_sccl_9/141-1609880-8673648?psc=1,"https://images-na.ssl-images-amazon.com/images/I/71R6qzbwB0L._AC_UL300_SR300,200_.jpg",html_scrape,public_page_no_login,2026-07-09T17:46:55.889028,75.33,rank+rating (no price on amazon.com list page),83
2026-07-09,amazon_us,US,B0777J8V5J,"Purina Friskies Gravy Wet Cat Food Variety Pack, Surfin’ and Turfin’ Prime Filets Favorites - (Pack of 40) 5.5 oz. Cans",purina,cat,cat_food,9,,USD,4.6,20697,,,,,https://www.amazon.com/Purina-Friskies-Surfin-Favorites-Variety/dp/B0777J8V5J/ref=zg_bs_g_2975265011_d_sccl_11/141-1609880-8673648?psc=1,"https://images-na.ssl-images-amazon.com/images/I/91SPhFTd0xL._AC_UL300_SR300,200_.jpg",html_scrape,public_page_no_login,2026-07-09T17:46:55.889028,74.84,rank+rating (no price on amazon.com list page),84
2026-07-09,amazon_us,US,B09DJ6CD2B,"Benebone Medium 4-Pack Dog Toys for Aggressive Chewers – Durable Dog Bones, Made in USA – Dog Toys for Medium Dogs Under 60 l",benebone,dog,dog_toys,9,33.2,USD,4.6,15361,,,,,https://www.amazon.com/Benebone-Holiday-Durable-Aggressive-Chewers/dp/B09DJ6CD2B/ref=zg_bs_g_2975413011_d_sccl_9/141-1609880-8673648?psc=1,"https://images-na.ssl-images-amazon.com/images/I/81ODEubQFXL._AC_UL300_SR300,200_.jpg",html_scrape,public_page_no_login,2026-07-09T17:46:55.889028,74.84,rank+rating (no price on amazon.com list page),85
2026-07-09,amazon_us,US,B092LJQFM1,"Catstages Crunchy Pickle Kicker Cat Toy – Plush Crinkle Toy with Catnip and Dental Mesh, 6.5""",catstages,cat,cat_toys,9,3.99,USD,4.6,8936,,,,,https://www.amazon.com/Petstages-Crunchy-Pickle-Kicker-Dental/dp/B092LJQFM1/ref=zg_bs_g_2975303011_d_sccl_9/141-1609880-8673648?psc=1,"https://images-na.ssl-images-amazon.com/images/I/71DQ7TfBFsL._AC_UL300_SR300,200_.jpg",html_scrape,public_page_no_login,2026-07-09T17:46:55.889028,74.84,rank+rating (no price on amazon.com list page),86
2026-07-09,amazon_us,US,B08CXGYW1Q,"Bedsure Calming Dog Bed Medium Size Dog - Donut Washable Medium Pet Bed, 30 inches Anti-Slip Round Fluffy Plush Faux Fur Cat",bedsure,both,beds_accessories,9,42.49,USD,4.6,26107,,,,,https://www.amazon.com/Bedsure-Calming-Bed-Dogs-Anti-Slip/dp/B08CXGYW1Q/ref=zg_bs_g_2975326011_d_sccl_10/141-1609880-8673648?psc=1,"https://images-na.ssl-images-amazon.com/images/I/919aLkynw5L._AC_UL300_SR300,200_.jpg",html_scrape,public_page_no_login,2026-07-09T17:46:55.889028,74.84,rank+rating (no price on amazon.com list page),87
2026-07-09,amazon_us,US,B0CXKNLKMX,"Zesty Paws Wild Alaskan Omega-3 Blend Pollock + Salmon Oil for Dogs and Cats- Skin and Coat Support, Omega 3 Supplement for P",zesty,both,health_wellness,9,16.97,USD,4.5,69691,,,,,https://www.amazon.com/Wild-Alaskan-Salmon-Oil-Formula/dp/B0CXKNLKMX/ref=zg_bs_g_2975377011_d_sccl_10/141-1609880-8673648?psc=1,"https://images-na.ssl-images-amazon.com/images/I/71pEM+r3SbL._AC_UL300_SR300,200_.jpg",html_scrape,public_page_no_login,2026-07-09T17:46:55.889028,74.35,rank+rating (no price on amazon.com list page),88
2026-07-09,amazon_us,US,B08QV42S5F,"ShawnCo Essential Dog Harness, No-Pull Pet Vest with 3 Leash Clips, No Choke, Reflective, Adjustable and Padded, for Easy Wal",shawnco,dog,collars_leashes,9,27.95,USD,4.4,20364,,,,,https://www.amazon.com/SHAWNCO-Essential-Reflective-Adjustable-Everyday/dp/B08QV42S5F/ref=zg_bs_g_2975339011_d_sccl_10/141-1609880-8673648?psc=1,"https://images-na.ssl-images-amazon.com/images/I/71V1qlW0SaL._AC_UL300_SR300,200_.jpg",html_scrape,public_page_no_login,2026-07-09T17:46:55.889028,73.86,rank+rating (no price on amazon.com list page),89
2026-07-09,amazon_us,US,B0FN7S5WMJ,"Jugbow Dog Shock Collar - 4500FT Dog Training Collar with Remote, IPX8 Waterproof Electric Dog Collar with 4 Training Modes,",jugbow,dog,collars_leashes,5,35.95,USD,4.3,1376,,,,,https://www.amazon.com/Jugbow-Dog-Shock-Collar-Rechargeable/dp/B0FN7S5WMJ/ref=zg_bs_g_2975339011_d_sccl_6/141-1609880-8673648?psc=1,"https://images-na.ssl-images-amazon.com/images/I/71-TRTqhXcL._AC_UL300_SR300,200_.jpg",html_scrape,public_page_no_login,2026-07-09T17:46:55.889028,73.8,rank+rating (no price on amazon.com list page),90
2026-07-09,amazon_us,US,B07CX9STN3,"Purina Friskies Wet Cat Food Variety Pack, Shreds With Beef, Turkey and Cheese Dinner, Chicken and Salmon Dinner, and With Oc",purina,cat,cat_food,10,,USD,4.7,29221,,,,,https://www.amazon.com/Purina-Friskies-Shreds-Gravy-Variety/dp/B07CX9STN3/ref=zg_bs_g_2975265011_d_sccl_15/141-1609880-8673648?psc=1,"https://images-na.ssl-images-amazon.com/images/I/81z+RJmjWWL._AC_UL300_SR300,200_.jpg",html_scrape,public_page_no_login,2026-07-09T17:46:55.889028,73.68,rank+rating (no price on amazon.com list page),91
2026-07-09,amazon_us,US,B01EY9KQ2Y,"Purina Pro Plan Sensitive Skin and Stomach Dog Food Dry, Adult Salmon & Rice Formula, Digestive Health - 30 lb. Bag",purina,dog,dog_food,10,,USD,4.6,24565,,,,,https://www.amazon.com/Purina-Pro-Plan-Sensitive-Stomach/dp/B01EY9KQ2Y/ref=zg_bs_g_2975359011_d_sccl_10/141-1609880-8673648?psc=1,"https://images-na.ssl-images-amazon.com/images/I/81v4zW-9XRL._AC_UL300_SR300,200_.jpg",html_scrape,public_page_no_login,2026-07-09T17:46:55.889028,73.19,rank+rating (no price on amazon.com list page),92
2026-07-09,amazon_us,US,B07FJQYVZ6,"Virbac C.E.T.® VEGGIEDENT® FR3SH® Tartar Control Chews for Dogs with digestive health support, VOHC Approved, Medium 22-66lbs",virbac,dog,health_wellness,10,32.99,USD,4.6,12489,,,,,https://www.amazon.com/Virbac-VEGGIEDENT%C2%AE-digestive-Approved-22-66lbs/dp/B07FJQYVZ6/ref=zg_bs_g_2975377011_d_sccl_12/141-1609880-8673648?psc=1,"https://images-na.ssl-images-amazon.com/images/I/71HQa4-MNEL._AC_UL300_SR300,200_.jpg",html_scrape,public_page_no_login,2026-07-09T17:46:55.889028,73.19,rank+rating (no price on amazon.com list page),93
2026-07-09,amazon_us,US,B08MC9VXZ6,"12 Pack Reflective-Breakaway Cat Collars with Bells,Safety Buckle Kitten Collar, with Name Tag, Adjustable,Ideal for Girl Cat",12,cat,collars_leashes,10,8.97,USD,4.6,14303,,,,,https://www.amazon.com/Extodry-Reflective-Breakaway-Collars-Adjustable-Anti-Lost/dp/B08MC9VXZ6/ref=zg_bs_g_2975252011_d_sccl_11/141-1609880-8673648?psc=1,"https://images-na.ssl-images-amazon.com/images/I/81N7vE+S8SL._AC_UL300_SR300,200_.jpg",html_scrape,public_page_no_login,2026-07-09T17:46:55.889028,73.19,rank+rating (no price on amazon.com list page),94
2026-07-09,amazon_us,US,B013NUFA62,ProDen PlaqueOff Powder for Pets - Cat & Dog Breath Freshener - Plaque & Tartar Remover for Pet Oral Care - 60g,proden,both,health_wellness,9,24.9,USD,4.2,18774,,,,,https://www.amazon.com/ProDen-PlaqueOff-Powder-Supports-Healthy/dp/B013NUFA62/ref=zg_bs_g_2975276011_d_sccl_9/141-1609880-8673648?psc=1,"https://images-na.ssl-images-amazon.com/images/I/713Yj7Dj2sL._AC_UL300_SR300,200_.jpg",html_scrape,public_page_no_login,2026-07-09T17:46:55.889028,72.88,rank+rating (no price on amazon.com list page),95
2026-07-09,amazon_us,US,B0G8475551,"Pooph Pet Odor Eliminator, 32oz - Eliminates Odors at the Molecular Level, Dogs, Cats, Freshener, Eliminator, Urine, Poop, Pe",pooph,both,grooming,8,21.82,USD,4.5,3857,,,,,https://www.amazon.com/Pooph-Pet-Odor-Eliminator-32oz/dp/B0G8475551/ref=zg_bs_g_2975362011_d_sccl_8/141-1609880-8673648?psc=1,"https://images-na.ssl-images-amazon.com/images/I/61sQDYNnl2L._AC_UL300_SR300,200_.jpg",html_scrape,public_page_no_login,2026-07-09T17:46:55.889028,72.75,rank+rating (no price on amazon.com list page),96
2026-07-09,amazon_us,US,B0D9HBS4KH,"JOLLYVOGUE Small Dog Bed, Calming Dog Beds for Small Dogs & Indoor Cats - 20 Inches Donut Washable Cat Bed for Kittens & Pupp",jollyvogue,both,beds_accessories,8,12.34,USD,4.5,3840,,,,,https://www.amazon.com/JOLLYVOGUE-Small-Beds-Indoor-Cats/dp/B0D9HBS4KH/ref=zg_bs_g_2975326011_d_sccl_9/141-1609880-8673648?psc=1,"https://images-na.ssl-images-amazon.com/images/I/71KLfJPBwNL._AC_UL300_SR300,200_.jpg",html_scrape,public_page_no_login,2026-07-09T17:46:55.889028,72.73,rank+rating (no price on amazon.com list page),97
2026-07-09,amazon_us,US,B0722XGRMB,"Snuggle Puppy Original Heartbeat Puppy Toy with Real-Feel Pulse & Heat Pack, Calming Sleep Aid for Puppy Anxiety, Crate Train",snuggle,dog,dog_toys,10,39.95,USD,4.5,66498,,,,,https://www.amazon.com/Snuggle-Original-Heartbeat-Real-Feel-Transition/dp/B0722XGRMB/ref=zg_bs_g_2975413011_d_sccl_10/141-1609880-8673648?psc=1,"https://images-na.ssl-images-amazon.com/images/I/71lIf1eDgmL._AC_UL300_SR300,200_.jpg",html_scrape,public_page_no_login,2026-07-09T17:46:55.889028,72.7,rank+rating (no price on amazon.com list page),98
2026-07-09,amazon_us,US,B01I3DIWDM,Jasonwell Foldable Dog Pet Bath Pool Collapsible Dog Pet Pool Bathing Tub Kiddie Pool Doggie Wading Pool for Puppy Small Medi,jasonwell,dog,grooming,10,39.99,USD,4.5,38660,,,,,https://www.amazon.com/Jasonwell-Foldable-Collapsible-48inch-D-11-8inch-H/dp/B01I3DIWDM/ref=zg_bs_g_2975362011_d_sccl_10/141-1609880-8673648?psc=1,"https://images-na.ssl-images-amazon.com/images/I/61UPXLfmdoL._AC_UL300_SR300,200_.jpg",html_scrape,public_page_no_login,2026-07-09T17:46:55.889028,72.7,rank+rating (no price on amazon.com list page),99
2026-07-09,amazon_us,US,B076BXK2NT,"Best Pet Supplies Catify Cat Scratcher, Fun Interactive Scratchers, Posts, Poles, Claw Safe, Furniture Saver Indoor Play Supp",best,cat,beds_accessories,11,14.55,USD,4.8,14483,,,,,https://www.amazon.com/Best-Pet-Supplies-Inc-Replacement/dp/B076BXK2NT/ref=zg_bs_g_2975243011_d_sccl_11/141-1609880-8673648?psc=1,"https://images-na.ssl-images-amazon.com/images/I/71f2lYHGGPL._AC_UL300_SR300,200_.jpg",html_scrape,public_page_no_login,2026-07-09T17:46:55.889028,72.52,rank+rating (no price on amazon.com list page),100
2026-07-09,amazon_us,US,B0B591N61M,"Dog Beds Crate Pad for Medium/Large Dogs Fit Metal,Ultra Soft, Washable & Anti-Slip Kennel Pad for Dogs Cozy Sleeping Mat,Gra",dog,dog,beds_accessories,10,16.99,USD,4.4,9921,,,,,https://www.amazon.com/Intermediate-Crates-Washable-Anti-Slip-Sleeping/dp/B0B591N61M/ref=zg_bs_g_2975326011_d_sccl_11/141-1609880-8673648?psc=1,"https://images-na.ssl-images-amazon.com/images/I/71F4MYh9vJL._AC_UL300_SR300,200_.jpg",html_scrape,public_page_no_login,2026-07-09T17:46:55.889028,72.21,rank+rating (no price on amazon.com list page),101
2026-07-09,amazon_us,US,B07Z2L8T27,"FixZilla Anti Cat Scratch Furniture Protector, 10-Pack Couch Protector from Cat Claws - Heavy-Duty, Easy-to-Apply Scratching",fixzilla,cat,beds_accessories,10,19.99,USD,4.4,8236,,,,,https://www.amazon.com/Cat-Furniture-Protector-Protection-Scratching/dp/B07Z2L8T27/ref=zg_bs_g_2975243011_d_sccl_10/141-1609880-8673648?psc=1,"https://images-na.ssl-images-amazon.com/images/I/81Io4FQNX-L._AC_UL300_SR300,200_.jpg",html_scrape,public_page_no_login,2026-07-09T17:46:55.889028,72.21,rank+rating (no price on amazon.com list page),102
2026-07-09,amazon_us,US,B072PCLQDK,"FELIWAY MultiCat Cat Calming Diffuser Refill (3 Pack, 90 Day Supply ) – Helps Reduce Fighting, Tension & Aggression Between C",feliway,cat,health_wellness,10,51.99,USD,4.4,26373,,,,,https://www.amazon.com/FELIWAY-MultiCat-Calming-Diffuser-Refill/dp/B072PCLQDK/ref=zg_bs_g_2975276011_d_sccl_10/141-1609880-8673648?psc=1,"https://images-na.ssl-images-amazon.com/images/I/81zEyKz3riL._AC_UL300_SR300,200_.jpg",html_scrape,public_page_no_login,2026-07-09T17:46:55.889028,72.21,rank+rating (no price on amazon.com list page),103
2026-07-09,amazon_us,US,B003MGAIDI,"Hill's Science Diet Adult Sensitive Stomach & Skin Dry Dog Food, Chicken, 30 lb. Bag | #1 Veterinarian Recommended, Adult For",hills,dog,dog_food,11,,USD,4.7,20047,,,,,https://www.amazon.com/Science-Diet-Sensitive-Stomach-Chicken/dp/B003MGAIDI/ref=zg_bs_g_2975359011_d_sccl_11/141-1609880-8673648?psc=1,"https://images-na.ssl-images-amazon.com/images/I/81dCzA6NXxL._AC_UL300_SR300,200_.jpg",html_scrape,public_page_no_login,2026-07-09T17:46:55.889028,72.03,rank+rating (no price on amazon.com list page),104
2026-07-09,amazon_us,US,B000084DWM,"Hill's Science Diet Adult 1-6 Dry Cat Food, Chicken, 4 lb. Bag",hills,cat,cat_food,11,,USD,4.7,17454,,,,,https://www.amazon.com/Science-Diet-Optimal-Chicken-Recipe/dp/B000084DWM/ref=zg_bs_g_2975265011_d_sccl_16/141-1609880-8673648?psc=1,"https://images-na.ssl-images-amazon.com/images/I/81K-yNZzaHL._AC_UL300_SR300,200_.jpg",html_scrape,public_page_no_login,2026-07-09T17:46:55.889028,72.03,rank+rating (no price on amazon.com list page),105
2026-07-09,amazon_us,US,B08574XLL8,"Joytale Dog Leash, 6 FT Double-Sided Reflective, Padded Handle Nylon Heavy Duty Leashes for Medium & Large Dogs Walking, Blac",joytale,dog,collars_leashes,11,20.18,USD,4.7,28524,,,,,https://www.amazon.com/Joytale-Reflective-Leashes-Walking-Training/dp/B08574XLL8/ref=zg_bs_g_2975339011_d_sccl_14/141-1609880-8673648?psc=1,"https://images-na.ssl-images-amazon.com/images/I/81vBpDXuYbL._AC_UL300_SR300,200_.jpg",html_scrape,public_page_no_login,2026-07-09T17:46:55.889028,72.03,rank+rating (no price on amazon.com list page),106
2026-07-09,amazon_us,US,B0CLYSVSD3,SIDAZON Cat Scratching Board cat Scratcher Cat Scratch Pad Cardboard cat scratchers for Indoor Cats Reversible Large Wide Cor,sidazon,cat,beds_accessories,9,8.99,USD,4.5,4760,,,,,https://www.amazon.com/SIDAZON-Scratching-scratchers-Reversible-Corrugated/dp/B0CLYSVSD3/ref=zg_bs_g_2975243011_d_sccl_9/141-1609880-8673648?psc=1,"https://images-na.ssl-images-amazon.com/images/I/81rJ2USkjeL._AC_UL300_SR300,200_.jpg",html_scrape,public_page_no_login,2026-07-09T17:46:55.889028,71.9,rank+rating (no price on amazon.com list page),107
2026-07-09,amazon_us,US,B0009ZBKG4,PetSafe Easy Walk No-Pull Dog Harness - Ultimate Harness to Help Stop Pulling - Pull-Free Walks - Take Control & Teach Better,petsafe,dog,collars_leashes,10,19.49,USD,4.3,48793,,,,,https://www.amazon.com/PetSafe-Harness-Large-BLACK-SILVER/dp/B0009ZBKG4/ref=zg_bs_g_2975339011_d_sccl_11/141-1609880-8673648?psc=1,"https://images-na.ssl-images-amazon.com/images/I/61Zh1LcR9eL._AC_UL300_SR300,200_.jpg",html_scrape,public_page_no_login,2026-07-09T17:46:55.889028,71.72,rank+rating (no price on amazon.com list page),108
2026-07-09,amazon_us,US,B0037Z6VJY,"Veterinary Formula Clinical Care Antiseptic and Antifungal Medicated Shampoo for Dogs & Cats, 16 Fl Oz – Helps Alleviate Scal",veterinary,both,grooming,11,9.92,USD,4.6,21920,,,,,https://www.amazon.com/Veterinary-Formula-Clinical-Care-Antiseptic/dp/B0037Z6VJY/ref=zg_bs_g_2975362011_d_sccl_11/141-1609880-8673648?psc=1,"https://images-na.ssl-images-amazon.com/images/I/618vQo0izpL._AC_UL300_SR300,200_.jpg",html_scrape,public_page_no_login,2026-07-09T17:46:55.889028,71.54,rank+rating (no price on amazon.com list page),109
2026-07-09,amazon_us,US,B07CXQQ4Q5,"PetArmor 7 Way De-Wormer for Dogs, Oral Treatment for Tapeworm, Roundworm & Hookworm in Large Dogs & Puppies (Over 25 lbs), W",petarmor,dog,health_wellness,11,18.84,USD,4.6,33182,,,,,https://www.amazon.com/PetArmor-Pyrantel-Praziquantel-Chewable-Packaging/dp/B07CXQQ4Q5/ref=zg_bs_g_2975377011_d_sccl_14/141-1609880-8673648?psc=1,"https://images-na.ssl-images-amazon.com/images/I/81GXJ8cw7bL._AC_UL300_SR300,200_.jpg",html_scrape,public_page_no_login,2026-07-09T17:46:55.889028,71.54,rank+rating (no price on amazon.com list page),110
2026-07-09,amazon_us,US,B01BMBQ1MQ,"IAMS Proactive Health Dry Cat Food, Healthy Cat Food Dry Recipe for Adults, with Chicken 22 lb. Bag",iams,cat,cat_food,12,,USD,4.8,20020,,,,,https://www.amazon.com/Iams-Proactive-Health-Healthy-Chicken/dp/B01BMBQ1MQ/ref=zg_bs_g_2975265011_d_sccl_17/141-1609880-8673648?psc=1,"https://images-na.ssl-images-amazon.com/images/I/71-D4uD1rJL._AC_UL300_SR300,200_.jpg",html_scrape,public_page_no_login,2026-07-09T17:46:55.889028,70.87,rank+rating (no price on amazon.com list page),111
2026-07-09,amazon_us,US,B0F9FD3115,"Zakkart SnugCloud Foldable Cat Window Perch - Cordless, Ultra Soft Machine Washable Bed with 4-Sided Bolster, Metal Frame - W",zakkart,cat,beds_accessories,8,23.99,USD,4.8,868,,,,,https://www.amazon.com/Zakkart-SnugCloud-Foldable-Window-Perch/dp/B0F9FD3115/ref=zg_bs_g_2975243011_d_sccl_8/141-1609880-8673648?psc=1,"https://images-na.ssl-images-amazon.com/images/I/713gEs6ZzVL._AC_UL300_SR300,200_.jpg",html_scrape,public_page_no_login,2026-07-09T17:46:55.889028,70.41,rank+rating (no price on amazon.com list page),112
2026-07-09,amazon_us,US,B086DRDHKC,"OneCut Pet Nail Clippers, Update Version Cat & Kitten Claw Nail Clippers for Trimming, Professional Pet Nail Clippers Best fo",onecut,cat,grooming,11,4.74,USD,4.7,5650,,,,,https://www.amazon.com/OneCut-Clippers-Version-Trimming-Professional/dp/B086DRDHKC/ref=zg_bs_g_2975268011_d_sccl_13/141-1609880-8673648?psc=1,"https://images-na.ssl-images-amazon.com/images/I/61AyJs2gIGL._AC_UL300_SR300,200_.jpg",html_scrape,public_page_no_login,2026-07-09T17:46:55.889028,70.3,rank+rating (no price on amazon.com list page),113
2026-07-09,amazon_us,US,B000SSXDBM,"Pedigree Wet Dog Food, Choice Cuts Adult Canned Dog Food, Beef & Country Stew Multipack, 13.2 oz. Cans (12 Count, Pack of 1)",pedigree,dog,dog_food,12,,USD,4.7,7948,,,,,https://www.amazon.com/Pedigree-Choice-Country-Canned-Variety/dp/B000SSXDBM/ref=zg_bs_g_2975359011_d_sccl_12/141-1609880-8673648?psc=1,"https://images-na.ssl-images-amazon.com/images/I/71F5DI4KgBL._AC_UL300_SR300,200_.jpg",html_scrape,public_page_no_login,2026-07-09T17:46:55.889028,70.28,rank+rating (no price on amazon.com list page),114
2026-07-09,amazon_us,US,B0947674MT,Douxo S3 PYO Medicated Dog Shampoo with 3% Chlorhexidine for Dogs – Antibacterial & Antiseptic Yeast Infection Treatment For,douxo,dog,grooming,12,18.87,USD,4.7,7888,,,,,https://www.amazon.com/Douxo-Chlorhexidine-Ophytrium-Antiseptic-Infections/dp/B0947674MT/ref=zg_bs_g_2975362011_d_sccl_12/141-1609880-8673648?psc=1,"https://images-na.ssl-images-amazon.com/images/I/61zoiSKTJQL._AC_UL300_SR300,200_.jpg",html_scrape,public_page_no_login,2026-07-09T17:46:55.889028,70.24,rank+rating (no price on amazon.com list page),115
2026-07-09,amazon_us,US,B0D3HB6YKY,"Reflective AirTag Cat Collar, Integrated Cat Tracker Collar with Air Tag Holder and Bell, Safety Elastic Band Cat GPS Collars",reflective,cat,collars_leashes,9,14.99,USD,4.4,3380,,,,,https://www.amazon.com/Reflective-Integrated-Tracker-Elastic-Collars/dp/B0D3HB6YKY/ref=zg_bs_g_2975252011_d_sccl_10/141-1609880-8673648?psc=1,"https://images-na.ssl-images-amazon.com/images/I/71zj4YK+x7L._AC_UL300_SR300,200_.jpg",html_scrape,public_page_no_login,2026-07-09T17:46:55.889028,70.14,rank+rating (no price on amazon.com list page),116
2026-07-09,amazon_us,US,B08RBW817F,Ameritex Waterproof Dog Bed Cover Pet Blanket with Anti-Slip Back for Furniture Bed Couch Sofa,ameritex,dog,beds_accessories,11,6.29,USD,4.3,10696,,,,,https://www.amazon.com/Ameritex-Waterproof-Blanket-Anti-Slip-Furniture/dp/B08RBW817F/ref=zg_bs_g_2975326011_d_sccl_12/141-1609880-8673648?psc=1,"https://images-na.ssl-images-amazon.com/images/I/71b2zgKQRWL._AC_UL300_SR300,200_.jpg",html_scrape,public_page_no_login,2026-07-09T17:46:55.889028,70.07,rank+rating (no price on amazon.com list page),117
2026-07-09,amazon_us,US,B08CX74328,"Bedsure Waterproof Dog Blankets for Small Dogs - Small Cat Blanket Washable for Couch Protection, Sherpa Fleece Puppy Blanket",bedsure,both,beds_accessories,12,12.99,USD,4.5,8937,,,,,https://www.amazon.com/Bedsure-Waterproof-Blanket-Small-Dogs/dp/B08CX74328/ref=zg_bs_g_2975243011_d_sccl_12/141-1609880-8673648?psc=1,"https://images-na.ssl-images-amazon.com/images/I/915nYlz16YL._AC_UL300_SR300,200_.jpg",html_scrape,public_page_no_login,2026-07-09T17:46:55.889028,69.4,rank+rating (no price on amazon.com list page),118
2026-07-09,amazon_us,US,B0000AH3RM,"Purina ONE Natural Dry Cat Food, Tender Selects Blend With Real Chicken - 7 lb. Bag",purina,cat,cat_food,13,,USD,4.8,19099,,,,,https://www.amazon.com/Purina-Tender-Selects-Blend-Chicken/dp/B0000AH3RM/ref=zg_bs_g_2975265011_d_sccl_18/141-1609880-8673648?psc=1,"https://images-na.ssl-images-amazon.com/images/I/714wvbzyFVL._AC_UL300_SR300,200_.jpg",html_scrape,public_page_no_login,2026-07-09T17:46:55.889028,69.22,rank+rating (no price on amazon.com list page),119
2026-07-09,amazon_us,US,B07P5PTZWT,"Outward Hound Squeaker Ballz – Squeaky Tennis Balls for Dogs Under 50 lbs, Interactive Dog Toy for Fetch & Training, Medium (",outward,dog,dog_toys,11,6.35,USD,4.1,37899,,,,,https://www.amazon.com/Outward-Hound-Squeaker-Squeaky-Tennis/dp/B07P5PTZWT/ref=zg_bs_g_2975413011_d_sccl_11/141-1609880-8673648?psc=1,"https://images-na.ssl-images-amazon.com/images/I/81ujSWtZrAL._AC_UL300_SR300,200_.jpg",html_scrape,public_page_no_login,2026-07-09T17:46:55.889028,69.09,rank+rating (no price on amazon.com list page),120
2026-07-09,amazon_us,US,B0041OOQ1K,"Nutramax Dasuquin for Large Dogs, Joint Health Supplement, Contains Glucosamine for Dogs, Plus Chondroitin, ASU, MSM and More",nutramax,dog,health_wellness,13,59.99,USD,4.7,18838,,,,,https://www.amazon.com/Nutramax-Dasuquin-Chews-Large-Count/dp/B0041OOQ1K/ref=zg_bs_g_2975377011_d_sccl_16/141-1609880-8673648?psc=1,"https://images-na.ssl-images-amazon.com/images/I/71qjkllM+tL._AC_UL300_SR300,200_.jpg",html_scrape,public_page_no_login,2026-07-09T17:46:55.889028,68.73,rank+rating (no price on amazon.com list page),121
2026-07-09,amazon_us,US,B0G2XYGPWY,"Sweetcrispy 44 Inch Cat Tree Tower, Cat Climbing Tower with Natural Sisal Scratching Posts, Hammock, Pet Condo for Indoor Cat",sweetcrispy,cat,beds_accessories,7,28.13,USD,4.4,300,,,,,https://www.amazon.com/Sweetcrispy-Climbing-Natural-Scratching-Hammock/dp/B0G2XYGPWY/ref=zg_bs_g_2975243011_d_sccl_7/141-1609880-8673648?psc=1,"https://images-na.ssl-images-amazon.com/images/I/714brWYJ2hL._AC_UL300_SR300,200_.jpg",html_scrape,public_page_no_login,2026-07-09T17:46:55.889028,68.68,rank+rating (no price on amazon.com list page),122
2026-07-09,amazon_us,US,B097W651NJ,"FELIWAY Optimum Cat Calming Diffuser Kit – Advanced Support to Help Reduce Urine Spraying, Scratching, Fighting and Hiding du",feliway,cat,health_wellness,11,25.75,USD,4.0,20030,,,,,https://www.amazon.com/FELIWAY-Optimum-Enhanced-Pheromone-Diffuser/dp/B097W651NJ/ref=zg_bs_g_2975276011_d_sccl_11/141-1609880-8673648?psc=1,"https://images-na.ssl-images-amazon.com/images/I/71j6M4KW9xL._AC_UL300_SR300,200_.jpg",html_scrape,public_page_no_login,2026-07-09T17:46:55.889028,68.6,rank+rating (no price on amazon.com list page),123
2026-07-09,amazon_us,US,B0DKW6WCV6,"AirTag Cat Collars, Stretchy Collar with Apple AirTag Holder and Bell, Breakaway Ultra Design Elastic GPS Tracking Collars fo",airtag,cat,collars_leashes,8,9.49,USD,4.5,642,,,,,https://www.amazon.com/Stretchy-Breakaway-Elastic-Tracking-7-5-12-5/dp/B0DKW6WCV6/ref=zg_bs_g_2975252011_d_sccl_9/141-1609880-8673648?psc=1,"https://images-na.ssl-images-amazon.com/images/I/71fjm08NwNL._AC_UL300_SR300,200_.jpg",html_scrape,public_page_no_login,2026-07-09T17:46:55.889028,68.46,rank+rating (no price on amazon.com list page),124
2026-07-09,amazon_us,US,B00G5M75UK,"Best Pet Supplies Squeaky Dog Toys with Soft Durable Fabric for Small, Medium and Large Pets Interactive Toy for Indoor Play,",best,dog,dog_toys,12,5.99,USD,4.3,42427,,,,,https://www.amazon.com/Best-Pet-Supplies-Stuffless-Squeak/dp/B00G5M75UK/ref=zg_bs_g_2975413011_d_sccl_13/141-1609880-8673648?psc=1,"https://images-na.ssl-images-amazon.com/images/I/71YGkfeQmDL._AC_UL300_SR300,200_.jpg",html_scrape,public_page_no_login,2026-07-09T17:46:55.889028,68.42,rank+rating (no price on amazon.com list page),125
2026-07-09,amazon_us,US,B08CZ8TB83,"Bedsure Dog Beds for Small Dogs - Round Cat Beds for Indoor Cats, Washable Pet Bed for Puppy and Kitten with Slip-Resistant B",bedsure,both,beds_accessories,13,15.99,USD,4.6,14732,,,,,https://www.amazon.com/Bedsure-Clearance-Kitties-Slip-Resistant-Supplies/dp/B08CZ8TB83/ref=zg_bs_g_2975243011_d_sccl_13/141-1609880-8673648?psc=1,"https://images-na.ssl-images-amazon.com/images/I/71ThMDR7hgL._AC_UL300_SR300,200_.jpg",html_scrape,public_page_no_login,2026-07-09T17:46:55.889028,68.24,rank+rating (no price on amazon.com list page),126
2026-07-09,amazon_us,US,B019CD4ZDS,"Elanco Tapeworm Dewormer (praziquantel tablets) for Cats and Kittens 6 Weeks and Older, 3-count",elanco,cat,health_wellness,13,18.92,USD,4.6,54073,,,,,https://www.amazon.com/Elanco-Tapeworm-Dewormer-praziquantel-tablets/dp/B019CD4ZDS/ref=zg_bs_g_2975276011_d_sccl_13/141-1609880-8673648?psc=1,"https://images-na.ssl-images-amazon.com/images/I/71xoFDfUIwL._AC_UL300_SR300,200_.jpg",html_scrape,public_page_no_login,2026-07-09T17:46:55.889028,68.24,rank+rating (no price on amazon.com list page),127
2026-07-09,amazon_us,US,B0DD3MQXX3,"COOYOO Dog Seat Belt, Durability Retractable Dog Car Harness Adjustable Dog Seat Belt for Vehicle Nylon Pet Safety Seat Belts",cooyoo,dog,collars_leashes,13,6.99,USD,4.6,37015,,,,,https://www.amazon.com/COOYOO-Retractable-Harness-Adjustable-Vehicle/dp/B0DD3MQXX3/ref=zg_bs_g_2975339011_d_sccl_16/141-1609880-8673648?psc=1,"https://images-na.ssl-images-amazon.com/images/I/61ZRm3jdInL._AC_UL300_SR300,200_.jpg",html_scrape,public_page_no_login,2026-07-09T17:46:55.889028,68.24,rank+rating (no price on amazon.com list page),128
2026-07-09,amazon_us,US,B096W5LFBY,"Charlie & Buddy Hemp Оil for Dogs Cats - Helps Pets with Аnxiеty, Pаin, Strеss, Slееp, Аrthritis, Sеizures Rеlief - Нiр Jоint",charlie,both,health_wellness,12,14.96,USD,4.2,9856,,,,,https://www.amazon.com/H%D0%B5mp-Oil-Dogs-Cats-%D0%90rthritis/dp/B096W5LFBY/ref=zg_bs_g_2975276011_d_sccl_12/141-1609880-8673648?psc=1,"https://images-na.ssl-images-amazon.com/images/I/71oNgs3Gp-L._AC_UL300_SR300,200_.jpg",html_scrape,public_page_no_login,2026-07-09T17:46:55.889028,67.93,rank+rating (no price on amazon.com list page),129
2026-07-09,amazon_us,US,B09KXVPXGD,M JJYPET Cat Wand Toys Interactive Kitten Toys for Indoor Cats Colorful Teaser Wand String for Exercise Kitten Stick Kitty Ro,m,cat,cat_toys,13,5.99,USD,4.5,10946,,,,,https://www.amazon.com/JJYPET-Interactive-Kitten-Colorful-Exercise-3PCS/dp/B09KXVPXGD/ref=zg_bs_g_2975303011_d_sccl_15/141-1609880-8673648?psc=1,"https://images-na.ssl-images-amazon.com/images/I/61-IqLWkMCL._AC_UL300_SR300,200_.jpg",html_scrape,public_page_no_login,2026-07-09T17:46:55.889028,67.75,rank+rating (no price on amazon.com list page),130
2026-07-09,amazon_us,US,B08GV53MF2,"Wet Ones for Cats Freshening Wipes, Multi-Purpose Cat Grooming Wipes with Aloe Vera, Helps Remove Dirt, Odor, and Dander Betw",wet,cat,grooming,13,4.99,USD,4.5,8159,,,,,https://www.amazon.com/Wet-Ones-Pets-Freshening-Multipurpose/dp/B08GV53MF2/ref=zg_bs_g_2975268011_d_sccl_16/141-1609880-8673648?psc=1,"https://images-na.ssl-images-amazon.com/images/I/81oe1gxbbKL._AC_UL300_SR300,200_.jpg",html_scrape,public_page_no_login,2026-07-09T17:46:55.889028,67.75,rank+rating (no price on amazon.com list page),131
2026-07-09,amazon_us,US,B0FDL1YDF1,"Kitys Fatch 12PCS 12Colors Cat Spring Toys for Indoor Cats, Interactive Coil Springs for Self Play, Durable Heavy Plastic Cat",kitys,cat,cat_toys,10,5.39,USD,4.8,1208,,,,,https://www.amazon.com/Kitys-Fatch-12Colors-Interactive-Swatting/dp/B0FDL1YDF1/ref=zg_bs_g_2975303011_d_sccl_10/141-1609880-8673648?psc=1,"https://images-na.ssl-images-amazon.com/images/I/71GfG-xNSjL._AC_UL300_SR300,200_.jpg",html_scrape,public_page_no_login,2026-07-09T17:46:55.889028,67.72,rank+rating (no price on amazon.com list page),132
2026-07-09,amazon_us,US,B0F6V7XX3R,"Professional 4 in 1 Dog & Cat Grooming Scissors Kit with Safety Round Tips,Sharp & Durable,Dog Shears for Grooming - Includes",professional,both,grooming,10,9.97,USD,4.6,1835,,,,,https://www.amazon.com/Professional-Grooming-Scissors-Safety-Durable/dp/B0F6V7XX3R/ref=zg_bs_g_2975268011_d_sccl_11/141-1609880-8673648?psc=1,"https://images-na.ssl-images-amazon.com/images/I/71Hcj2xqSjL._AC_UL300_SR300,200_.jpg",html_scrape,public_page_no_login,2026-07-09T17:46:55.889028,67.69,rank+rating (no price on amazon.com list page),133
2026-07-09,amazon_us,US,B06XCXJ5D8,"Nylabone New Puppy Starter Kit, Chew Toys & Natural Chew Treat for Puppies, Puppy Enrichment Teething Toys, Blue, Long Lastin",nylabone,dog,dog_food,13,9.97,USD,4.4,47255,,,,,https://www.amazon.com/Nylabone-Natural-Triple-Chicken-Flavor/dp/B06XCXJ5D8/ref=zg_bs_g_2975413011_d_sccl_14/141-1609880-8673648?psc=1,"https://images-na.ssl-images-amazon.com/images/I/81jm2Lqja6L._AC_UL300_SR300,200_.jpg",html_scrape,public_page_no_login,2026-07-09T17:46:55.889028,67.26,rank+rating (no price on amazon.com list page),134
2026-07-09,amazon_us,US,B09N8W2SC4,"BFPETHOME Orthopedic Washable Dog Beds Large Sized Senior Dog for Comfy Sleeping with Removable Cover, Waterproof Big Soft Pe",bfpethome,dog,beds_accessories,13,30.37,USD,4.4,9159,,,,,https://www.amazon.com/BFPETHOME-Large-Orthopedic-Medium-Crate/dp/B09N8W2SC4/ref=zg_bs_g_2975326011_d_sccl_14/141-1609880-8673648?psc=1,"https://images-na.ssl-images-amazon.com/images/I/71RGiHHmbXL._AC_UL300_SR300,200_.jpg",html_scrape,public_page_no_login,2026-07-09T17:46:55.889028,67.26,rank+rating (no price on amazon.com list page),135
2026-07-09,amazon_us,US,B0025YOJXS,"Zymox Otic Enzymatic Solution for Dogs and Cats to Soothe Ear Infections with 1% Hydrocortisone for Itch Relief, 1.25oz",zymox,both,health_wellness,14,28.49,USD,4.7,77713,,,,,https://www.amazon.com/Zymox-Otic-Ear-Solution-Hydrocortisone/dp/B0025YOJXS/ref=zg_bs_g_2975276011_d_sccl_14/141-1609880-8673648?psc=1,"https://images-na.ssl-images-amazon.com/images/I/7120SPuPm5L._AC_UL300_SR300,200_.jpg",html_scrape,public_page_no_login,2026-07-09T17:46:55.889028,67.08,rank+rating (no price on amazon.com list page),136
2026-07-09,amazon_us,US,B0C345HDWR,"PetLab Co. Probiotics for Dogs, Support Gut Health, Occasional Diarrhea, Digestive Health & Seasonal Allergies - Salmon Flavo",petlab,dog,health_wellness,12,35.95,USD,4.3,5917,,,,,https://www.amazon.com/Co-Probiotics-Diarrhea-Digestive-Allergies/dp/B0C345HDWR/ref=zg_bs_g_2975377011_d_sccl_15/141-1609880-8673648?psc=1,"https://images-na.ssl-images-amazon.com/images/I/61+POMWzymL._AC_UL300_SR300,200_.jpg",html_scrape,public_page_no_login,2026-07-09T17:46:55.889028,66.89,rank+rating (no price on amazon.com list page),137
2026-07-09,amazon_us,US,B0F3WSTNYQ,PetBusy Cat Toys with[5000mg A+Natural Catnip &Silvervine] [Baby Grade] Interactive Soft Chew Kicker Cat Toys for Indoor Cats,petbusy,cat,cat_toys,11,13.99,USD,4.5,2763,,,,,https://www.amazon.com/PetBusy-Interactive-Organic-Kittens-Crinkle/dp/B0F3WSTNYQ/ref=zg_bs_g_2975303011_d_sccl_11/141-1609880-8673648?psc=1,"https://images-na.ssl-images-amazon.com/images/I/71RzZz-6rxL._AC_UL300_SR300,200_.jpg",html_scrape,public_page_no_login,2026-07-09T17:46:55.889028,66.68,rank+rating (no price on amazon.com list page),138
2026-07-09,amazon_us,US,B079FHJMMG,"Diamond Naturals Skin & Coat Real Salmon and Potato Recipe Dry Dog Food with Quality Protein, Omega Fatty Acids, Probiotics a",diamond,dog,dog_food,14,,USD,4.6,12025,,,,,https://www.amazon.com/Diamond-Naturals-Recipe-Natural-Caught/dp/B079FHJMMG/ref=zg_bs_g_2975359011_d_sccl_14/141-1609880-8673648?psc=1,"https://images-na.ssl-images-amazon.com/images/I/71dqcKUwfeL._AC_UL300_SR300,200_.jpg",html_scrape,public_page_no_login,2026-07-09T17:46:55.889028,66.59,rank+rating (no price on amazon.com list page),139
2026-07-09,amazon_us,US,B0777NRJ2N,Purina Friskies Pate Wet Cat Food Variety Pack Seafood and Chicken Pate Favorites 40ct VP - (Pack of 40) 5.5 oz. Cans,purina,cat,cat_food,14,,USD,4.6,32962,,,,,https://www.amazon.com/Purina-Friskies-Seafood-Chicken-Variety/dp/B0777NRJ2N/ref=zg_bs_g_2975265011_d_sccl_19/141-1609880-8673648?psc=1,"https://images-na.ssl-images-amazon.com/images/I/913HlDEwiyL._AC_UL300_SR300,200_.jpg",html_scrape,public_page_no_login,2026-07-09T17:46:55.889028,66.59,rank+rating (no price on amazon.com list page),140
2026-07-09,amazon_us,US,B0CJFQKNQ9,"Cat Harness and Leash Set - Escape Proof Adjustable Cat Harness, Comfortable Soft Lightweight, Use Safe & Easy, Walking Trave",cat,cat,collars_leashes,11,11.99,USD,4.4,2918,,,,,https://www.amazon.com/PetThem-Cat-Harness-Leash-Set/dp/B0CJFQKNQ9/ref=zg_bs_g_2975252011_d_sccl_12/141-1609880-8673648?psc=1,"https://images-na.ssl-images-amazon.com/images/I/81W+omkOlLL._AC_UL300_SR300,200_.jpg",html_scrape,public_page_no_login,2026-07-09T17:46:55.889028,66.36,rank+rating (no price on amazon.com list page),141
2026-07-09,amazon_us,US,B08FH9GVW2,"Analan Mini Pet Hair Remover for Car Detailing Supplies, Carpet Dog Hair Remover for Car Interior, Triangle Dog Hair Remover",analan,dog,grooming,14,19.08,USD,4.6,7592,,,,,https://www.amazon.com/Analan-Remover-Triangle-Design-Interior/dp/B08FH9GVW2/ref=zg_bs_g_2975268011_d_sccl_17/141-1609880-8673648?psc=1,"https://images-na.ssl-images-amazon.com/images/I/81aQazJL6uL._AC_UL300_SR300,200_.jpg",html_scrape,public_page_no_login,2026-07-09T17:46:55.889028,66.26,rank+rating (no price on amazon.com list page),142
2026-07-09,amazon_us,US,B00JZIDFKK,"Nylabone Original Bone Power Chew Toys for Dogs, Durable & Tough Dog Toys for Aggressive Chewers, Long Lasting Chicken, Bacon",nylabone,dog,dog_toys,14,9.69,USD,4.5,71789,,,,,https://www.amazon.com/Nylabone-Textured-Peanut-Butter-Chicken/dp/B00JZIDFKK/ref=zg_bs_g_2975413011_d_sccl_15/141-1609880-8673648?psc=1,"https://images-na.ssl-images-amazon.com/images/I/81vxHqsNHXL._AC_UL300_SR300,200_.jpg",html_scrape,public_page_no_login,2026-07-09T17:46:55.889028,66.1,rank+rating (no price on amazon.com list page),143
2026-07-09,amazon_us,US,B014KVB2HE,"Virbac C.E.T.® Enzymatic Oral Hygiene Chews for Dogs, Large - Plaque & Tartar Control - Single Layer Beefhide with Exclusive",virbac,dog,health_wellness,14,28.22,USD,4.4,14552,,,,,https://www.amazon.com/Virbac-Enzymatic-Hygiene-Chews-Large/dp/B014KVB2HE/ref=zg_bs_g_2975377011_d_sccl_17/141-1609880-8673648?psc=1,"https://images-na.ssl-images-amazon.com/images/I/71PEx66VvlL._AC_UL300_SR300,200_.jpg",html_scrape,public_page_no_login,2026-07-09T17:46:55.889028,65.61,rank+rating (no price on amazon.com list page),144
2026-07-09,amazon_us,US,B08S7QQXCX,"Beneful Purina Small Breed Wet Dog Food Variety Pack, IncrediBites With Real Beef, Chicken and Salmon - (Pack of 30) 3 Oz. Ca",purina,dog,dog_food,15,,USD,4.7,15100,,,,,https://www.amazon.com/Purina-Beneful-Variety-IncrediBites-Chicken/dp/B08S7QQXCX/ref=zg_bs_g_2975359011_d_sccl_15/141-1609880-8673648?psc=1,"https://images-na.ssl-images-amazon.com/images/I/91M-JyI-8sL._AC_UL300_SR300,200_.jpg",html_scrape,public_page_no_login,2026-07-09T17:46:55.889028,65.43,rank+rating (no price on amazon.com list page),145
2026-07-09,amazon_us,US,B002UT92EY,"Blue Buffalo Wilderness with Chicken Natural High-Protein Grain-Free Dry Food for Adult Cats, Real Chicken First, Antioxidant",blue,cat,cat_food,15,,USD,4.7,12061,,,,,https://www.amazon.com/Blue-Buffalo-Wilderness-Protein-Natural/dp/B002UT92EY/ref=zg_bs_g_2975265011_d_sccl_20/141-1609880-8673648?psc=1,"https://images-na.ssl-images-amazon.com/images/I/81vVD70YtxL._AC_UL300_SR300,200_.jpg",html_scrape,public_page_no_login,2026-07-09T17:46:55.889028,65.43,rank+rating (no price on amazon.com list page),146
2026-07-09,amazon_us,US,B0158VAVBS,Stella & Chewy's Freeze-Dried Raw Dinner Patties - Beef Recipe - High Protein Grain-Free Puppy & Dog Food - Perfect For Picky,stella,dog,dog_food,13,,USD,4.6,4032,,,,,https://www.amazon.com/Stella-Freeze-Dried-StellaS-Patties-Grain-Free/dp/B0158VAVBS/ref=zg_bs_g_2975359011_d_sccl_13/141-1609880-8673648?psc=1,"https://images-na.ssl-images-amazon.com/images/I/613+6gefzFL._AC_UL300_SR300,200_.jpg",html_scrape,public_page_no_login,2026-07-09T17:46:55.889028,65.15,rank+rating (no price on amazon.com list page),147
2026-07-09,amazon_us,US,B09Y85LJFR,"ZPH Cat Toys Interactive for Indoor Cats,2PCS Retractable Cat Wand,9PCS Teaser Toys&1PCS Hanging Door Lure Kitten Toy,Interac",zph,cat,cat_toys,14,6.79,USD,4.4,7266,,,,,https://www.amazon.com/Interactive-Retractable-Hanging-Feather-Exercise/dp/B09Y85LJFR/ref=zg_bs_g_2975303011_d_sccl_17/141-1609880-8673648?psc=1,"https://images-na.ssl-images-amazon.com/images/I/71DK7HobWSL._AC_UL300_SR300,200_.jpg",html_scrape,public_page_no_login,2026-07-09T17:46:55.889028,65.05,rank+rating (no price on amazon.com list page),148
2026-07-09,amazon_us,US,B09D2XLCNK,"EHEYCIGA Orthopedic XL Dog Beds for Extra Large Dogs with Removable Washable Cover for Crate, Grey, 41x27",eheyciga,dog,beds_accessories,14,23.99,USD,4.4,7174,,,,,https://www.amazon.com/EHEYCIGA-Orthopedic-Extra-Removable-Washable/dp/B09D2XLCNK/ref=zg_bs_g_2975326011_d_sccl_15/141-1609880-8673648?psc=1,"https://images-na.ssl-images-amazon.com/images/I/71EQGRaIv-L._AC_UL300_SR300,200_.jpg",html_scrape,public_page_no_login,2026-07-09T17:46:55.889028,64.99,rank+rating (no price on amazon.com list page),149
2026-07-09,amazon_us,US,B01AMTU1ZM,"VetIQ Glucosamine Hip & Joint Supplement for Dogs, 180 Soft Chews, Joint Support Supplement with MSM and Krill, Dog Health Su",vetiq,dog,health_wellness,15,22.94,USD,4.6,29934,,,,,https://www.amazon.com/Glucosamine-Supplement-Supplies-Flavored-Chewables/dp/B01AMTU1ZM/ref=zg_bs_g_2975377011_d_sccl_18/141-1609880-8673648?psc=1,"https://images-na.ssl-images-amazon.com/images/I/81ICGXYrGWL._AC_UL300_SR300,200_.jpg",html_scrape,public_page_no_login,2026-07-09T17:46:55.889028,64.94,rank+rating (no price on amazon.com list page),150
2026-07-09,amazon_us,US,B07R56CBWX,"iYoShop Hands Free Dog Leash with Zipper Pouch, Dual Padded Handles and Durable Bungee for Walking, Jogging and Running Your",iyoshop,dog,collars_leashes,15,15.88,USD,4.6,20986,,,,,https://www.amazon.com/iYoShop-Retractable-Padded-Handles-Durable/dp/B07R56CBWX/ref=zg_bs_g_2975339011_d_sccl_19/141-1609880-8673648?psc=1,"https://images-na.ssl-images-amazon.com/images/I/81J3PqjxomL._AC_UL300_SR300,200_.jpg",html_scrape,public_page_no_login,2026-07-09T17:46:55.889028,64.94,rank+rating (no price on amazon.com list page),151
2026-07-09,amazon_us,US,B0C85CQ3C8,"Plutus Pet No Pull Dog Harness with Breathable Mesh Padded, Adjustable Reflective Escape Proof Dog Harness, Quick Fit Dog Ves",plutus,dog,collars_leashes,12,15.29,USD,4.2,4080,,,,,https://www.amazon.com/Plutus-Harness-Breathable-Adjustable-Reflective/dp/B0C85CQ3C8/ref=zg_bs_g_2975339011_d_sccl_15/141-1609880-8673648?psc=1,"https://images-na.ssl-images-amazon.com/images/I/61GAaMI12mL._AC_UL300_SR300,200_.jpg",html_scrape,public_page_no_login,2026-07-09T17:46:55.889028,64.88,rank+rating (no price on amazon.com list page),152
2026-07-09,amazon_us,US,B09PZN5VL9,"Hartz UltraGuard ProMax Flea & Tick Collar for Cats & Kittens I 14 Months Protection I Soft & Comfortable | Kills Fleas, Tick",hartz,cat,collars_leashes,12,27.97,USD,3.9,5773,,,,,https://www.amazon.com/Hartz-UltraGuard-Technology-Prevention-Protection/dp/B09PZN5VL9/ref=zg_bs_g_2975252011_d_sccl_13/141-1609880-8673648?psc=1,"https://images-na.ssl-images-amazon.com/images/I/81rHDL5Jk-L._AC_UL300_SR300,200_.jpg",html_scrape,public_page_no_login,2026-07-09T17:46:55.889028,64.82,rank+rating (no price on amazon.com list page),153
2026-07-09,amazon_us,US,B0FJ2NPL47,"KEYHELP Pet Hair Removal Glove for Dogs & Cats, Newly Upgraded Reusable Electrostatic Pet Hair Glove, Magic Brush Pet Hair Re",keyhelp,both,grooming,12,15.29,USD,4.0,4975,,,,,https://www.amazon.com/KEYHELP-Upgraded-Reusable-Electrostatic-Clothing/dp/B0FJ2NPL47/ref=zg_bs_g_2975268011_d_sccl_14/141-1609880-8673648?psc=1,"https://images-na.ssl-images-amazon.com/images/I/91dsB1nDR+L._AC_UL300_SR300,200_.jpg",html_scrape,public_page_no_login,2026-07-09T17:46:55.889028,64.68,rank+rating (no price on amazon.com list page),154
2026-07-09,amazon_us,US,B073WLPYMP,"Delectables Lickable Treat Stew Wet Cat Treat Variety Pack, Food Topper, Hydrating, Grain-Free, No Fillers, No By-Products, N",delectables,cat,cat_food,16,,USD,4.8,8539,,,,,https://www.amazon.com/Delectables-Hydrating-Grain-Free-Products-Preservatives/dp/B073WLPYMP/ref=zg_bs_g_2975265011_d_sccl_21/141-1609880-8673648?psc=1,"https://images-na.ssl-images-amazon.com/images/I/81J4T8Q0TyL._AC_UL300_SR300,200_.jpg",html_scrape,public_page_no_login,2026-07-09T17:46:55.889028,64.27,rank+rating (no price on amazon.com list page),155
2026-07-09,amazon_us,US,B0828W8FNS,"Greenies Cat Treats, Feline Veterinarian-Recommended Adult Natural Dental Cat Treats, Savory Salmon Flavor, 9.75 oz. Tub",greenies,cat,health_wellness,16,9.49,USD,4.8,25501,,,,,https://www.amazon.com/Greenies-Feline-Veterinarian-Recommended-Natural-Dental/dp/B0828W8FNS/ref=zg_bs_g_2975276011_d_sccl_17/141-1609880-8673648?psc=1,"https://images-na.ssl-images-amazon.com/images/I/81DR1JXNOvL._AC_UL300_SR300,200_.jpg",html_scrape,public_page_no_login,2026-07-09T17:46:55.889028,64.27,rank+rating (no price on amazon.com list page),156
2026-07-09,amazon_us,US,B0DHVFWSRW,"Spotted Play Orthopedic Dog Bed with Sides - Dog Sofa Beds for Medium Dogs, Supportive Foam Pet Couch Bed with Washable Remov",spotted,dog,beds_accessories,12,19.37,USD,4.7,1398,,,,,https://www.amazon.com/Spotted-Play-Orthopedic-Dog-Sides/dp/B0DHVFWSRW/ref=zg_bs_g_2975326011_d_sccl_13/141-1609880-8673648?psc=1,"https://images-na.ssl-images-amazon.com/images/I/81TFCzUnhoL._AC_UL300_SR300,200_.jpg",html_scrape,public_page_no_login,2026-07-09T17:46:55.889028,64.24,rank+rating (no price on amazon.com list page),157
2026-07-09,amazon_us,US,B07W85ZPL1,Casfuy Dog Nail Grinder Upgraded - Professional 2-Speed Whisper-Quiet Electric Pet Nail Trimmer Painless Paws Grooming & Smoo,casfuy,dog,grooming,15,19.96,USD,4.4,100731,,,,,https://www.amazon.com/Casfuy-Dog-Nail-Grinder-Upgraded/dp/B07W85ZPL1/ref=zg_bs_g_2975362011_d_sccl_15/141-1609880-8673648?psc=1,"https://images-na.ssl-images-amazon.com/images/I/614jcZ0hSzL._AC_UL300_SR300,200_.jpg",html_scrape,public_page_no_login,2026-07-09T17:46:55.889028,63.96,rank+rating (no price on amazon.com list page),158
2026-07-09,amazon_us,US,B0FSD5WXP3,"Qraxond Interactive Cat Toys for Indoor Cats,[Newly Upgraded] Rechargeable Touch Activated Hide and Seek Kitten Toys for Bore",qraxond,cat,cat_toys,12,31.99,USD,4.4,2126,,,,,https://www.amazon.com/Qraxond-Interactive-Rechargeable-Activated-Fluttering/dp/B0FSD5WXP3/ref=zg_bs_g_2975303011_d_sccl_13/141-1609880-8673648?psc=1,"https://images-na.ssl-images-amazon.com/images/I/81BkPMBXkKL._AC_UL300_SR300,200_.jpg",html_scrape,public_page_no_login,2026-07-09T17:46:55.889028,63.79,rank+rating (no price on amazon.com list page),159
2026-07-09,amazon_us,US,B00BD741WM,"IAMS Proactive Health Adult Minichunks Premium Dry Dog Food, Adult Dog Food Dry Recipe, 30 lb. Bag",iams,dog,dog_food,16,,USD,4.7,31882,,,,,https://www.amazon.com/IAMS-Proactive-Health-Minichunks-Chicken/dp/B00BD741WM/ref=zg_bs_g_2975359011_d_sccl_16/141-1609880-8673648?psc=1,"https://images-na.ssl-images-amazon.com/images/I/81UBnDbTfuL._AC_UL300_SR300,200_.jpg",html_scrape,public_page_no_login,2026-07-09T17:46:55.889028,63.78,rank+rating (no price on amazon.com list page),160
2026-07-09,amazon_us,US,B0DF3S2ZFQ,"MRS. MEYER'S Clean Day 3 in 1 Dog Shampoo, White Peach Scent, 14oz",mrs,dog,grooming,13,10.99,USD,4.6,2268,,,,,https://www.amazon.com/MRS-MEYERS-CLEAN-DAY-Shampoo/dp/B0DF3S2ZFQ/ref=zg_bs_g_2975362011_d_sccl_13/141-1609880-8673648?psc=1,"https://images-na.ssl-images-amazon.com/images/I/61-WQexXvfL._AC_UL300_SR300,200_.jpg",html_scrape,public_page_no_login,2026-07-09T17:46:55.889028,63.3,rank+rating (no price on amazon.com list page),161
2026-07-09,amazon_us,US,B002GPD8BU,"TropiClean 2-in-1 Dog Shampoo and Conditioner, Moisturizing Dog Detangler, Puppy Safe, Made in the USA, Papaya Scent, Cat & K",tropiclean,both,grooming,16,13.99,USD,4.6,36394,,,,,https://www.amazon.com/TropiClean-Papaya-Coconut-Shampoo-Conditioner/dp/B002GPD8BU/ref=zg_bs_g_2975362011_d_sccl_16/141-1609880-8673648?psc=1,"https://images-na.ssl-images-amazon.com/images/I/61j7FtovX8L._AC_UL300_SR300,200_.jpg",html_scrape,public_page_no_login,2026-07-09T17:46:55.889028,63.29,rank+rating (no price on amazon.com list page),162
2026-07-09,amazon_us,US,B019G35SF8,Dr. Fremont's Pet ID Tag Custom for Dog Cat Personalized | Many Shapes and Colors to Choose from | Made in USA | Strong Anodi,dr,both,collars_leashes,16,3.49,USD,4.6,25678,,,,,https://www.amazon.com/Vet-Recommended-ID-Personalized-Anodized/dp/B019G35SF8/ref=zg_bs_g_2975252011_d_sccl_17/141-1609880-8673648?psc=1,"https://images-na.ssl-images-amazon.com/images/I/71BYRQ2GrvL._AC_UL300_SR300,200_.jpg",html_scrape,public_page_no_login,2026-07-09T17:46:55.889028,63.29,rank+rating (no price on amazon.com list page),163
2026-07-09,amazon_us,US,B07MZD3ZVF,"FURminator deShedding Tool For Medium to Large Cats With Short Hair, Removes Loose Hair From Shedding",furminator,cat,grooming,16,27.1,USD,4.7,6874,,,,,https://www.amazon.com/Furminator-Short-deShedding-Large-Standard/dp/B07MZD3ZVF/ref=zg_bs_g_2975268011_d_sccl_19/141-1609880-8673648?psc=1,"https://images-na.ssl-images-amazon.com/images/I/4143QQIqKsL._AC_UL300_SR300,200_.jpg",html_scrape,public_page_no_login,2026-07-09T17:46:55.889028,62.95,rank+rating (no price on amazon.com list page),164
2026-07-09,amazon_us,US,B08K8Y6W7K,"Cat Hair Brush,Cat Brush for Shedding,Soft Silicone Self Cleaning Brushes for Short and Long Haired Cats for Grooming and She",cat,cat,grooming,15,8.99,USD,4.5,5657,,,,,https://www.amazon.com/YiEFUR-Cleaning-Shedding-Ergonomic-Detangling/dp/B08K8Y6W7K/ref=zg_bs_g_2975268011_d_sccl_18/141-1609880-8673648?psc=1,"https://images-na.ssl-images-amazon.com/images/I/61+prwliK5L._AC_UL300_SR300,200_.jpg",html_scrape,public_page_no_login,2026-07-09T17:46:55.889028,62.72,rank+rating (no price on amazon.com list page),165
2026-07-09,amazon_us,US,B0D6Z4L6BW,Tractive Smart Dog GPS Tracker | Live Pet Tracker with Virtual Fence | Vital Signs Monitoring of Heart & Respiratory Rate | B,tractive,dog,collars_leashes,13,47.0,USD,3.9,4685,,,,,https://www.amazon.com/Tractive-Real-time-Location-Tracking-Activity-Monitoring/dp/B0D6Z4L6BW/ref=zg_bs_g_2975252011_d_sccl_14/141-1609880-8673648?psc=1,"https://images-na.ssl-images-amazon.com/images/I/71rGP5YET1L._AC_UL300_SR300,200_.jpg",html_scrape,public_page_no_login,2026-07-09T17:46:55.889028,62.3,rank+rating (no price on amazon.com list page),166
2026-07-09,amazon_us,US,B0BLKN98V6,"Aodisman 3-Step Dog Ramp and Stairs for Sofa and Chair - Non-Slip Sturdy Pet Steps for Small Dogs and Cats,15.7"" H,Grey",aodisman,both,beds_accessories,15,26.77,USD,4.5,4999,,,,,https://www.amazon.com/Tiers-Ramp-Stairs-Beds-Couches/dp/B0BLKN98V6/ref=zg_bs_g_2975326011_d_sccl_16/141-1609880-8673648?psc=1,"https://images-na.ssl-images-amazon.com/images/I/71Sk-DM-PBL._AC_UL300_SR300,200_.jpg",html_scrape,public_page_no_login,2026-07-09T17:46:55.889028,62.2,rank+rating (no price on amazon.com list page),167
2026-07-09,amazon_us,US,B00280MUVM,Chuckit! Ultra Ball Dog Toy - Size Large - For Dogs 60-100 lbs - Made from Durable Rubber - Super Bouncy - Floats in Water -,chuckit,dog,dog_toys,17,4.97,USD,4.7,31092,,,,,https://www.amazon.com/Chuckit-3-inch-Ultra-Large-Multicolor/dp/B00280MUVM/ref=zg_bs_g_2975413011_d_sccl_18/141-1609880-8673648?psc=1,"https://images-na.ssl-images-amazon.com/images/I/71Zxz4R7C6L._AC_UL300_SR300,200_.jpg",html_scrape,public_page_no_login,2026-07-09T17:46:55.889028,62.13,rank+rating (no price on amazon.com list page),168
2026-07-09,amazon_us,US,B000F4W02M,"Nutramax Cosequin for Cats Joint Health Supplement, Contains Glucosamine for Cats, Plus Chondroitin, and Omega-3s, Supports J",nutramax,cat,health_wellness,17,21.99,USD,4.7,16914,,,,,https://www.amazon.com/Nutramax-Cosequin-Capsules-80-Count/dp/B000F4W02M/ref=zg_bs_g_2975276011_d_sccl_18/141-1609880-8673648?psc=1,"https://images-na.ssl-images-amazon.com/images/I/713ErK3O13L._AC_UL300_SR300,200_.jpg",html_scrape,public_page_no_login,2026-07-09T17:46:55.889028,62.13,rank+rating (no price on amazon.com list page),169
2026-07-09,amazon_us,US,B0CZ3YD1V6,"Potaroma Cat Toys Chew Ropes 3Pcs with Refillable Natural Catnip, Safe Teeth Cleaning Toy for Indoor Kittens, Interactive Cat",potaroma,cat,cat_toys,15,7.49,USD,4.3,5962,,,,,https://www.amazon.com/Potaroma-Refillable-Natural-Cleaning-Interactive/dp/B0CZ3YD1V6/ref=zg_bs_g_2975303011_d_sccl_18/141-1609880-8673648?psc=1,"https://images-na.ssl-images-amazon.com/images/I/71-Zlt9EfCL._AC_UL300_SR300,200_.jpg",html_scrape,public_page_no_login,2026-07-09T17:46:55.889028,61.98,rank+rating (no price on amazon.com list page),170
2026-07-09,amazon_us,US,B0CY5P6B94,2 Pack Cotton Breakaway Cat Collar Pink Strawberries and White Heart Shaped Pendant Cute Kitten Cat Collar with Bell,2,cat,collars_leashes,14,7.98,USD,4.6,2089,,,,,https://www.amazon.com/Cotton-Breakaway-Collar-Strawberries-Pendant/dp/B0CY5P6B94/ref=zg_bs_g_2975252011_d_sccl_15/141-1609880-8673648?psc=1,"https://images-na.ssl-images-amazon.com/images/I/71Te1wI2o2L._AC_UL300_SR300,200_.jpg",html_scrape,public_page_no_login,2026-07-09T17:46:55.889028,61.42,rank+rating (no price on amazon.com list page),171
2026-07-09,amazon_us,US,B0B7RQTSB7,"Heybly Cat Tree with Toy, 43.3 inch Cat Tower condo for Indoor Cats, Cat House with Padded Plush Perch, Cozy Hammock and Sisa",heybly,cat,beds_accessories,16,39.99,USD,4.2,11484,,,,,https://www.amazon.com/Heybly-Indoor-Hammock-Scratching-HCT004SG/dp/B0B7RQTSB7/ref=zg_bs_g_2975243011_d_sccl_16/141-1609880-8673648?psc=1,"https://images-na.ssl-images-amazon.com/images/I/71N99J8RxoL._AC_UL300_SR300,200_.jpg",html_scrape,public_page_no_login,2026-07-09T17:46:55.889028,61.33,rank+rating (no price on amazon.com list page),172
2026-07-09,amazon_us,US,B0CTT9WF4X,"Waterproof Airtag Holder for Dog Collar, Soft Full-Body Protective Airtag Holder for Dog & Cat Collars, Ultra-Durable, Easy I",waterproof,both,collars_leashes,14,6.63,USD,4.5,2274,,,,,https://www.amazon.com/Waterproof-Protective-Ultra-Durable-Installation-Lightweight/dp/B0CTT9WF4X/ref=zg_bs_g_2975339011_d_sccl_18/141-1609880-8673648?psc=1,"https://images-na.ssl-images-amazon.com/images/I/61TeqGPNaEL._AC_UL300_SR300,200_.jpg",html_scrape,public_page_no_login,2026-07-09T17:46:55.889028,61.16,rank+rating (no price on amazon.com list page),173
2026-07-09,amazon_us,US,B08FJ655HL,"Depets Self Cleaning Slicker Brush, Dog Cat Bunny Pet Grooming Shedding Brush - Easy to Remove Loose Undercoat, Pet Massaging",depets,both,grooming,17,7.98,USD,4.5,22120,,,,,https://www.amazon.com/Depets-Cleaning-Slicker-Grooming-Shedding/dp/B08FJ655HL/ref=zg_bs_g_2975268011_d_sccl_21/141-1609880-8673648?psc=1,"https://images-na.ssl-images-amazon.com/images/I/61qjyzM3+BL._AC_UL300_SR300,200_.jpg",html_scrape,public_page_no_login,2026-07-09T17:46:55.889028,61.15,rank+rating (no price on amazon.com list page),174
2026-07-09,amazon_us,US,B07G3GVBV7,"Amazon Basics Cat Scratching Post for Indoor Cats & Kittens, Medium (31.5""H), Cat Furniture with Dangling Ball Toy, Grey",amazon basics,cat,beds_accessories,17,19.72,USD,4.5,15669,,,,,https://www.amazon.com/AmazonBasics-Cat-Scratching-Post-Medium/dp/B07G3GVBV7/ref=zg_bs_g_2975243011_d_sccl_17/141-1609880-8673648?psc=1,"https://images-na.ssl-images-amazon.com/images/I/51Db+BT9n9L._AC_UL300_SR300,200_.jpg",html_scrape,public_page_no_login,2026-07-09T17:46:55.889028,61.15,rank+rating (no price on amazon.com list page),175
2026-07-09,amazon_us,US,B01N17VJF7,"Zesty Paws Probiotics for Dogs - Digestive Enzymes for Gut Flora, Digestive Health, Diarrhea & Bowel Support - Clinically Stu",zesty,dog,health_wellness,17,32.97,USD,4.5,26158,,,,,https://www.amazon.com/Zesty-Paws-Probiotics-For-Dogs/dp/B01N17VJF7/ref=zg_bs_g_2975377011_d_sccl_20/141-1609880-8673648?psc=1,"https://images-na.ssl-images-amazon.com/images/I/81HRx2h9lBL._AC_UL300_SR300,200_.jpg",html_scrape,public_page_no_login,2026-07-09T17:46:55.889028,61.15,rank+rating (no price on amazon.com list page),176
2026-07-09,amazon_us,US,B07M98NH5L,"Fida Retractable Dog Leash, 16 ft Dog Walking Leash for Small Dogs up to 26 lbs, 360° Tangle Free, Black",fida,dog,collars_leashes,17,14.99,USD,4.5,53572,,,,,https://www.amazon.com/Fida-Retractable-Leash-Walking-Tangle/dp/B07M98NH5L/ref=zg_bs_g_2975339011_d_sccl_21/141-1609880-8673648?psc=1,"https://images-na.ssl-images-amazon.com/images/I/61hCdJf89wL._AC_UL300_SR300,200_.jpg",html_scrape,public_page_no_login,2026-07-09T17:46:55.889028,61.15,rank+rating (no price on amazon.com list page),177
2026-07-09,amazon_us,US,B0BX9KXKPH,"Potaroma Cat Toys Chargeable, 3in1 Hide and Seek, Automatic Interactive Fun, Fluttering Butterfly, Moving Feather, Kitten Wan",potaroma,cat,cat_toys,17,24.98,USD,4.6,7154,,,,,https://www.amazon.com/Potaroma-Chargeable-Automatic-Interactive-Fluttering/dp/B0BX9KXKPH/ref=zg_bs_g_2975303011_d_sccl_20/141-1609880-8673648?psc=1,"https://images-na.ssl-images-amazon.com/images/I/91x8+qDrx2L._AC_UL300_SR300,200_.jpg",html_scrape,public_page_no_login,2026-07-09T17:46:55.889028,61.01,rank+rating (no price on amazon.com list page),178
2026-07-09,amazon_us,US,B000WFKTWM,"Purina ONE Natural, Low Fat, Weight Control, Indoor Dry Cat Food, +Plus Indoor Advantage - 16 lb. Bag",purina,cat,cat_food,18,,USD,4.8,26709,,,,,https://www.amazon.com/Purina-Indoor-Advantage-Adult-Food/dp/B000WFKTWM/ref=zg_bs_g_2975265011_d_sccl_23/141-1609880-8673648?psc=1,"https://images-na.ssl-images-amazon.com/images/I/717Nh1OfccL._AC_UL300_SR300,200_.jpg",html_scrape,public_page_no_login,2026-07-09T17:46:55.889028,60.97,rank+rating (no price on amazon.com list page),179
2026-07-09,amazon_us,US,B0FNN541XB,"Heusom Silent Groom Pro Pet Nail Grinder | Whisper Quiet Claw Trimmer for Dogs, Cats and Other Animals | Safe & Stress Free N",heusom,both,grooming,14,39.95,USD,3.9,4618,,,,,https://www.amazon.com/Heusom-Grinder-Whisper-Grooming-Sensitive/dp/B0FNN541XB/ref=zg_bs_g_2975362011_d_sccl_14/141-1609880-8673648?psc=1,"https://images-na.ssl-images-amazon.com/images/I/618T9nG0PUL._AC_UL300_SR300,200_.jpg",html_scrape,public_page_no_login,2026-07-09T17:46:55.889028,60.59,rank+rating (no price on amazon.com list page),180
2026-07-09,amazon_us,US,B07MZDTG76,"FURminator Large Dog Undercoat deShedding Tool for Long Hair, Reduces Loose Hair From Shedding",furminator,dog,grooming,18,29.96,USD,4.7,12856,,,,,https://www.amazon.com/FURminator-Undercoat-Deshedding-Removes-Shedding/dp/B07MZDTG76/ref=zg_bs_g_2975362011_d_sccl_19/141-1609880-8673648?psc=1,"https://images-na.ssl-images-amazon.com/images/I/61Zyw4N-VkL._AC_UL300_SR300,200_.jpg",html_scrape,public_page_no_login,2026-07-09T17:46:55.889028,60.48,rank+rating (no price on amazon.com list page),181
2026-07-09,amazon_us,US,B0D9MW74TG,"Meow Mix Gravy Bursts, Savory Chicken Flavor Mix, Gravy Filled Dry Cat Food, 3 lb. Bag",me-o,cat,cat_food,17,,USD,4.7,5605,,,,,https://www.amazon.com/Meow-Mix-Gravy-Bursts-Chicken/dp/B0D9MW74TG/ref=zg_bs_g_2975265011_d_sccl_22/141-1609880-8673648?psc=1,"https://images-na.ssl-images-amazon.com/images/I/81UHw9Uq7YL._AC_UL300_SR300,200_.jpg",html_scrape,public_page_no_login,2026-07-09T17:46:55.889028,60.36,rank+rating (no price on amazon.com list page),182
2026-07-09,amazon_us,US,B0BHN7K52L,"Jeefome Dog Toys for Aggressive Chewers - Tough, Indestructible Dog Chew Toys for Large, Medium, Small Breed Dogs to Keep The",jeefome,dog,dog_toys,16,9.98,USD,4.0,10689,,,,,https://www.amazon.com/Jeefome-Large-Toys-Aggressive-Chewers/dp/B0BHN7K52L/ref=zg_bs_g_2975413011_d_sccl_17/141-1609880-8673648?psc=1,"https://images-na.ssl-images-amazon.com/images/I/71+NkuMzASL._AC_UL300_SR300,200_.jpg",html_scrape,public_page_no_login,2026-07-09T17:46:55.889028,60.35,rank+rating (no price on amazon.com list page),183
2026-07-09,amazon_us,US,B0CGD6GTQ9,Dog Tags Personalized for Pets Dog Name Tags Personalized Dog Tag Engraved with Any Name & Text Custom Dog ID Tags Glitter Bo,dog,dog,collars_leashes,18,4.99,USD,4.7,7724,,,,,https://www.amazon.com/Engraved-Personalized-Collar-Custom-Glitter/dp/B0CGD6GTQ9/ref=zg_bs_g_2975339011_d_sccl_22/141-1609880-8673648?psc=1,"https://images-na.ssl-images-amazon.com/images/I/71MWpD7zKNL._AC_UL300_SR300,200_.jpg",html_scrape,public_page_no_login,2026-07-09T17:46:55.889028,60.23,rank+rating (no price on amazon.com list page),184
2026-07-09,amazon_us,US,B0791LY9MW,"PAWFUME Deshedding Dog Shampoo and Conditioner, Show Dog, 1-Pack – Nourish & Detangle for Silky Soft Coat – Probiotic, Deep-C",pawfume,dog,grooming,17,13.99,USD,4.5,6708,,,,,https://www.amazon.com/Pawfume-Premium-Shampoo-Conditioner-12oz/dp/B0791LY9MW/ref=zg_bs_g_2975362011_d_sccl_17/141-1609880-8673648?psc=1,"https://images-na.ssl-images-amazon.com/images/I/81ltNED+j7L._AC_UL300_SR300,200_.jpg",html_scrape,public_page_no_login,2026-07-09T17:46:55.889028,60.21,rank+rating (no price on amazon.com list page),185
2026-07-09,amazon_us,US,B0839FGPFG,"Andiker Cat Spring Toy, 12 Pc Colorful Cat Kicker Toys Interactive Cat Toys for Indoor Cats Swatting, Biting, Hunting to Kill",andiker,cat,cat_toys,18,5.99,USD,4.6,20423,,,,,https://www.amazon.com/Andiker-Creative-Interactive-Colorful-Swatting/dp/B0839FGPFG/ref=zg_bs_g_2975303011_d_sccl_21/141-1609880-8673648?psc=1,"https://images-na.ssl-images-amazon.com/images/I/71oxIsZYypL._AC_UL300_SR300,200_.jpg",html_scrape,public_page_no_login,2026-07-09T17:46:55.889028,59.99,rank+rating (no price on amazon.com list page),186
2026-07-09,amazon_us,US,B01IRO7WR4,"Pet MD Dog Ear Cleaning Wipes – Otic Cleanser for Dogs, Soothing Ear Care with Aloe Vera & Eucalyptus, Regular Wipes, 100 Cou",,dog,health_wellness,18,14.99,USD,4.6,63155,,,,,https://www.amazon.com/Pet-MD-Cleaner-Cleanser-Eucalyptus/dp/B01IRO7WR4/ref=zg_bs_g_2975377011_d_sccl_21/141-1609880-8673648?psc=1,"https://images-na.ssl-images-amazon.com/images/I/61uwV6zQEGL._AC_UL300_SR300,200_.jpg",html_scrape,public_page_no_login,2026-07-09T17:46:55.889028,59.99,rank+rating (no price on amazon.com list page),187
2026-07-09,amazon_us,US,B00LHYFZH6,"NaturVet Quiet Moments Calming Dog Supplement, Dog Soft Chews with Melatonin to Help Reduce Stress from Storms, the Vet, Fire",naturvet,dog,health_wellness,16,16.99,USD,3.9,18443,,,,,https://www.amazon.com/Supplement-Veterinarian-formulated-supplement-NaturVet/dp/B00LHYFZH6/ref=zg_bs_g_2975377011_d_sccl_19/141-1609880-8673648?psc=1,"https://images-na.ssl-images-amazon.com/images/I/61ioe4+e08L._AC_UL300_SR300,200_.jpg",html_scrape,public_page_no_login,2026-07-09T17:46:55.889028,59.86,rank+rating (no price on amazon.com list page),188
2026-07-09,amazon_us,US,B0C8B84ZTB,"AirTag Cat Collar Breakaway, Reflective Cat Collar Compatible with Apple AirTag 1st & 2nd Gen, Hidden Holder with Bell, Light",airtag,cat,collars_leashes,15,19.97,USD,4.3,3193,,,,,https://www.amazon.com/Waterproof-Breakaway-Luminous-Reflective-Lightweight/dp/B0C8B84ZTB/ref=zg_bs_g_2975252011_d_sccl_16/141-1609880-8673648?psc=1,"https://images-na.ssl-images-amazon.com/images/I/71jj5U9FriL._AC_UL300_SR300,200_.jpg",html_scrape,public_page_no_login,2026-07-09T17:46:55.889028,59.56,rank+rating (no price on amazon.com list page),189
2026-07-09,amazon_us,US,B07R4PXC7B,"Benebone Puppy 2-Pack Dental Chew/Wishbone Dog Chew Toys, Made in USA, Real Bacon Flavor",benebone,dog,dog_toys,18,14.2,USD,4.5,14073,,,,,https://www.amazon.com/Benebone-Puppy-Pack-Bacon-Flavor/dp/B07R4PXC7B/ref=zg_bs_g_2975413011_d_sccl_19/141-1609880-8673648?psc=1,"https://images-na.ssl-images-amazon.com/images/I/817Y4LCPCPL._AC_UL300_SR300,200_.jpg",html_scrape,public_page_no_login,2026-07-09T17:46:55.889028,59.5,rank+rating (no price on amazon.com list page),190
2026-07-09,amazon_us,US,B0BRNNVLJY,Washable Dog Bed Mat Ultra Soft Dog Crate Pad Comfy Fluffy Pet Kennel Beds Sleeping Mattress for Large Jumbo Medium Small Dog,washable,dog,beds_accessories,17,19.99,USD,4.4,6228,,,,,https://www.amazon.com/Washable-Reversible-Fluffy-Sleeping-Mattress/dp/B0BRNNVLJY/ref=zg_bs_g_2975326011_d_sccl_18/141-1609880-8673648?psc=1,"https://images-na.ssl-images-amazon.com/images/I/71TeMhebC1L._AC_UL300_SR300,200_.jpg",html_scrape,public_page_no_login,2026-07-09T17:46:55.889028,59.37,rank+rating (no price on amazon.com list page),191
2026-07-09,amazon_us,US,B07RJ2KX9M,"HEELE Dog Muzzle,Soft Nylon Muzzle Anti Biting Barking Chewing,Air Mesh Breathable Drinkable Adjustable Loop Pets Muzzle for",heele,dog,collars_leashes,16,12.49,USD,3.8,22021,,,,,https://www.amazon.com/Heele-Anti-Biting-Barking-Secure%EF%BC%8CMesh-Breathable/dp/B07RJ2KX9M/ref=zg_bs_g_2975339011_d_sccl_20/141-1609880-8673648?psc=1,"https://images-na.ssl-images-amazon.com/images/I/71g57bnmrIL._AC_UL300_SR300,200_.jpg",html_scrape,public_page_no_login,2026-07-09T17:46:55.889028,59.37,rank+rating (no price on amazon.com list page),192
2026-07-09,amazon_us,US,B004INAQVI,Purina ONE Classic Ground Chicken and Brown Rice Entree Adult Wet Dog Food - (Pack of 12) 13 oz. Cans,purina,dog,dog_food,17,,USD,4.6,4556,,,,,https://www.amazon.com/Purina-Smartblend-Natural-Classic-Chicken/dp/B004INAQVI/ref=zg_bs_g_2975359011_d_sccl_17/141-1609880-8673648?psc=1,"https://images-na.ssl-images-amazon.com/images/I/71bQpsVmIhL._AC_UL300_SR300,200_.jpg",html_scrape,public_page_no_login,2026-07-09T17:46:55.889028,59.01,rank+rating (no price on amazon.com list page),193
2026-07-09,amazon_us,US,B074VBZWF4,"Nutramax Cosequin for Cats Joint Health Supplement, Contains Glucosamine for Cats, Plus Chondroitin and Omega-3s, Supports Jo",nutramax,cat,health_wellness,18,13.97,USD,4.4,11590,,,,,https://www.amazon.com/Nutramax-Count-Cosequin-Capsules-Chews/dp/B074VBZWF4/ref=zg_bs_g_2975276011_d_sccl_19/141-1609880-8673648?psc=1,"https://images-na.ssl-images-amazon.com/images/I/71XH8zfbyOL._AC_UL300_SR300,200_.jpg",html_scrape,public_page_no_login,2026-07-09T17:46:55.889028,59.01,rank+rating (no price on amazon.com list page),194
2026-07-09,amazon_us,US,B0BGVF6PGW,"Pro Plan Veterinary Diets Calming Care Cat Supplements Probiotic Powder for Behavioral Support, 30-Count Box",pro,cat,health_wellness,15,33.99,USD,4.4,2212,,,,,https://www.amazon.com/Purina-Plan-Veterinary-Supplements-Calming/dp/B0BGVF6PGW/ref=zg_bs_g_2975276011_d_sccl_16/141-1609880-8673648?psc=1,"https://images-na.ssl-images-amazon.com/images/I/61PUoq07MrL._AC_UL300_SR300,200_.jpg",html_scrape,public_page_no_login,2026-07-09T17:46:55.889028,58.95,rank+rating (no price on amazon.com list page),195
2026-07-09,amazon_us,US,B006JCUGVQ,Purina ONE Chicken and Rice Formula Dry Dog Food - 16.5 lb. Bag,purina,dog,dog_food,19,,USD,4.7,11078,,,,,https://www.amazon.com/Purina-Smartblend-Natural-Chicken-Formula/dp/B006JCUGVQ/ref=zg_bs_g_2975359011_d_sccl_19/141-1609880-8673648?psc=1,"https://images-na.ssl-images-amazon.com/images/I/81AY3ua-tPL._AC_UL300_SR300,200_.jpg",html_scrape,public_page_no_login,2026-07-09T17:46:55.889028,58.83,rank+rating (no price on amazon.com list page),196
2026-07-09,amazon_us,US,B001B02JF2,"Blue Buffalo Tastefuls Chicken & Brown Rice Recipe Dry Indoor Cat Food for Adult Cats, Real Chicken First, Deliciously Health",blue,cat,cat_food,19,,USD,4.7,12977,,,,,https://www.amazon.com/Blue-Buffalo-Indoor-Natural-Chicken/dp/B001B02JF2/ref=zg_bs_g_2975265011_d_sccl_25/141-1609880-8673648?psc=1,"https://images-na.ssl-images-amazon.com/images/I/81Ez25UsRlL._AC_UL300_SR300,200_.jpg",html_scrape,public_page_no_login,2026-07-09T17:46:55.889028,58.83,rank+rating (no price on amazon.com list page),197
2026-07-09,amazon_us,US,B0D9YW8F5W,WOOF - Bite n' Brush Refills Treats for the Dog Toothbrush Toy - Scrub Plaque and Tartar from Your Dog's Teeth and Mouth - Do,woof,dog,dog_toys,15,14.99,USD,4.5,1722,,,,,https://www.amazon.com/WOOF-Refills-Toothbrush-Plaque-Approximately/dp/B0D9YW8F5W/ref=zg_bs_g_2975413011_d_sccl_16/141-1609880-8673648?psc=1,"https://images-na.ssl-images-amazon.com/images/I/71LyZVajoHL._AC_UL300_SR300,200_.jpg",html_scrape,public_page_no_login,2026-07-09T17:46:55.889028,58.79,rank+rating (no price on amazon.com list page),198
2026-07-09,amazon_us,US,B0CBTXSBFW,Zakkart Cat Perch for Window Sill with Bolster - Orthopedic Hammock Design with Premium Hardwood & Robust Metal Frame - Cat W,zakkart,cat,beds_accessories,18,23.98,USD,4.7,5552,,,,,https://www.amazon.com/Zakkart-Perch-Window-Sill-Bolster/dp/B0CBTXSBFW/ref=zg_bs_g_2975243011_d_sccl_18/141-1609880-8673648?psc=1,"https://images-na.ssl-images-amazon.com/images/I/71-YhPW+KcL._AC_UL300_SR300,200_.jpg",html_scrape,public_page_no_login,2026-07-09T17:46:55.889028,58.67,rank+rating (no price on amazon.com list page),199
2026-07-09,amazon_us,US,B000634174,"Hill's Science Diet Adult 1-6 Small Bites Dry Dog Food, Chicken & Barley, 5 lb. Bag",hills,dog,dog_food,20,,USD,4.8,14095,,,,,https://www.amazon.com/Science-Diet-Advanced-Fitness-Chicken/dp/B000634174/ref=zg_bs_g_2975359011_d_sccl_20/141-1609880-8673648?psc=1,"https://images-na.ssl-images-amazon.com/images/I/81HF-CK1NBL._AC_UL300_SR300,200_.jpg",html_scrape,public_page_no_login,2026-07-09T17:46:55.889028,57.67,rank+rating (no price on amazon.com list page),200
2026-07-09,amazon_us,US,B0000AH3RP,"Purina ONE High Protein, Natural Dry Kitten Food, +Plus Healthy Kitten Formula - 7 lb. Bag",purina,cat,cat_food,20,,USD,4.8,24542,,,,,https://www.amazon.com/Purina-Healthy-Kitten-Formula-Food/dp/B0000AH3RP/ref=zg_bs_g_2975265011_d_sccl_26/141-1609880-8673648?psc=1,"https://images-na.ssl-images-amazon.com/images/I/71LEQ6PcEgL._AC_UL300_SR300,200_.jpg",html_scrape,public_page_no_login,2026-07-09T17:46:55.889028,57.67,rank+rating (no price on amazon.com list page),201
2026-07-09,amazon_us,US,B0G4VV618K,"Cat Cooling Mat, Self Warming Cat Bed, Reversible Warm & Cooling Cat Bed, Winter Warm Cat Pad & Summer Cooling Cat Mat for Ki",cat,cat,beds_accessories,14,17.99,USD,4.5,307,,,,,https://www.amazon.com/Cat-Cooling-Bed-Reversible-Warm/dp/B0G4VV618K/ref=zg_bs_g_2975243011_d_sccl_14/141-1609880-8673648?psc=1,"https://images-na.ssl-images-amazon.com/images/I/81BrR+FV8dL._AC_UL300_SR300,200_.jpg",html_scrape,public_page_no_login,2026-07-09T17:46:55.889028,57.64,rank+rating (no price on amazon.com list page),202
2026-07-09,amazon_us,US,B0D1N9PXD8,"Dipoo Self Cleaning Shedding Brush - Skin Friendly Grooming Tool for Dogs, Cats, and Puppies, Deshedding and Hair Removal for",dipoo,both,grooming,19,9.99,USD,4.6,6982,,,,,https://www.amazon.com/Dipoo-Self-Cleaning-Shedding-Brush/dp/B0D1N9PXD8/ref=zg_bs_g_2975362011_d_sccl_20/141-1609880-8673648?psc=1,"https://images-na.ssl-images-amazon.com/images/I/61evfwQ1BUL._AC_UL300_SR300,200_.jpg",html_scrape,public_page_no_login,2026-07-09T17:46:55.889028,57.59,rank+rating (no price on amazon.com list page),203
2026-07-09,amazon_us,US,B0C7GMX4FT,"YVE LIFE Cat Toys Laser for Indoor Cats,The 4th Generation Real Random Trajectory Motion Activated Rechargeable Automatic Cat",yve,cat,cat_toys,19,19.99,USD,4.4,10517,,,,,https://www.amazon.com/YVE-LIFE-Generation-Rechargeable-Interactive/dp/B0C7GMX4FT/ref=zg_bs_g_2975303011_d_sccl_22/141-1609880-8673648?psc=1,"https://images-na.ssl-images-amazon.com/images/I/61u7uhis-3L._AC_UL300_SR300,200_.jpg",html_scrape,public_page_no_login,2026-07-09T17:46:55.889028,57.36,rank+rating (no price on amazon.com list page),204
2026-07-09,amazon_us,US,B0037Z6VJE,"Veterinary Formula Clinical Care Hot Spot & Itch Relief Medicated Spray, 8oz – Easy to Use Spray for Dogs & Cats – Helps Alle",veterinary,both,health_wellness,19,9.92,USD,4.4,34146,,,,,https://www.amazon.com/SynergyLabs-Veterinary-Formula-Clinical-Medicated/dp/B0037Z6VJE/ref=zg_bs_g_2975377011_d_sccl_22/141-1609880-8673648?psc=1,"https://images-na.ssl-images-amazon.com/images/I/61JDa5S2+NL._AC_UL300_SR300,200_.jpg",html_scrape,public_page_no_login,2026-07-09T17:46:55.889028,57.36,rank+rating (no price on amazon.com list page),205
2026-07-09,amazon_us,US,B0F4824Y6Q,"Migipaws Interactive MigiMouse Cat Toy 360° Rolling & Spin with Mesh Plastic Tail for Indoor Cats Smart Motion Sensor, Realis",migipaws,cat,cat_toys,16,16.99,USD,4.0,3775,,,,,https://www.amazon.com/Migipaws-Interactive-Automatic-Migimice-Rechargeable/dp/B0F4824Y6Q/ref=zg_bs_g_2975303011_d_sccl_19/141-1609880-8673648?psc=1,"https://images-na.ssl-images-amazon.com/images/I/71SWAWJxAzL._AC_UL300_SR300,200_.jpg",html_scrape,public_page_no_login,2026-07-09T17:46:55.889028,57.02,rank+rating (no price on amazon.com list page),206
2026-07-09,amazon_us,US,B00074L4RW,PetSafe Gentle Leader No-Pull Dog Headcollar - The Ultimate Solution to Pulling - Redirects Your Dog's Pulling for Easier Wal,petsafe,dog,collars_leashes,19,13.54,USD,4.3,70730,,,,,https://www.amazon.com/PetSafe-Gentle-Leader-Collar-Training/dp/B00074L4RW/ref=zg_bs_g_2975339011_d_sccl_23/141-1609880-8673648?psc=1,"https://images-na.ssl-images-amazon.com/images/I/71bgnMwoOwL._AC_UL300_SR300,200_.jpg",html_scrape,public_page_no_login,2026-07-09T17:46:55.889028,56.87,rank+rating (no price on amazon.com list page),207
2026-07-09,amazon_us,US,B07ZGMGTCJ,"Bedsure Washable Dog Beds Large Sized Dog with Comfy Sherpa, 36x27in Grey | Orthopedic Egg Crate Foam,Comfort Support Flat Re",bedsure,dog,beds_accessories,20,24.06,USD,4.6,30294,,,,,https://www.amazon.com/Bedsure-Large-Small-Medium-Dogs/dp/B07ZGMGTCJ/ref=zg_bs_g_2975326011_d_sccl_21/141-1609880-8673648?psc=1,"https://images-na.ssl-images-amazon.com/images/I/81o3XWr07oL._AC_UL300_SR300,200_.jpg",html_scrape,public_page_no_login,2026-07-09T17:46:55.889028,56.69,rank+rating (no price on amazon.com list page),208
2026-07-09,amazon_us,US,B0BPBW45RL,"EHEYCIGA Fluffy Dog Crate Bed for Extra Large Dogs, Plush Faux Fur Pad, Calming Anti Anxiety XL Bed for Crate, Washable Soft",eheyciga,dog,beds_accessories,18,20.99,USD,4.5,4282,,,,,https://www.amazon.com/EHEYCIGA-Calming-Anxiety-Washable-Non-Slip/dp/B0BPBW45RL/ref=zg_bs_g_2975326011_d_sccl_19/141-1609880-8673648?psc=1,"https://images-na.ssl-images-amazon.com/images/I/71MCOuwPV8L._AC_UL300_SR300,200_.jpg",html_scrape,public_page_no_login,2026-07-09T17:46:55.889028,56.63,rank+rating (no price on amazon.com list page),209
2026-07-09,amazon_us,US,B0DQL465SD,"Rywell Dog Cooling Mat 2.0, Elegant Grey, 44""*32"" Thick & Durable Cooling Mat for Extra Large Dogs, Extended Cooling with Wat",rywell,dog,beds_accessories,16,35.99,USD,4.2,2379,,,,,https://www.amazon.com/Rywell-Thickened-Waterproof-Endothermic-Color-Changing/dp/B0DQL465SD/ref=zg_bs_g_2975326011_d_sccl_17/141-1609880-8673648?psc=1,"https://images-na.ssl-images-amazon.com/images/I/71LEoGxOZLL._AC_UL300_SR300,200_.jpg",html_scrape,public_page_no_login,2026-07-09T17:46:55.889028,56.52,rank+rating (no price on amazon.com list page),210
2026-07-09,amazon_us,US,B0CGN1B9TP,"WinTour Tough Dog Toys for Aggressive Chewers, Indestructible Dog Chewers for Medium & Large Breeds, Squeaky Durable Chew Toy",wintour,dog,dog_toys,19,11.99,USD,4.2,8461,,,,,https://www.amazon.com/WinTour-Aggressive-Chewers-Indestructible-Durable/dp/B0CGN1B9TP/ref=zg_bs_g_2975413011_d_sccl_20/141-1609880-8673648?psc=1,"https://images-na.ssl-images-amazon.com/images/I/61HgzRm2p+L._AC_UL300_SR300,200_.jpg",html_scrape,public_page_no_login,2026-07-09T17:46:55.889028,56.38,rank+rating (no price on amazon.com list page),211
2026-07-09,amazon_us,US,B073SZNNRT,KONG Ring - Natural Rubber Ring Toy for Healthy Chewing Habits - Chew Toy Supports Dog Dental Health - Dog Toy Supports Insti,kong,dog,dog_toys,20,6.46,USD,4.5,14446,,,,,https://www.amazon.com/KONG-KM2-Ring-Small-Med/dp/B073SZNNRT/ref=zg_bs_g_2975413011_d_sccl_21/141-1609880-8673648?psc=1,"https://images-na.ssl-images-amazon.com/images/I/61+206XoiaL._AC_UL300_SR300,200_.jpg",html_scrape,public_page_no_login,2026-07-09T17:46:55.889028,56.2,rank+rating (no price on amazon.com list page),212
2026-07-09,amazon_us,US,B01HRSZRXM,"oneisall Dog Clippers Low Noise, Dog Grooming Kit with Rechargeable, Pet Shaver Cordless Electric Quiet Hair Clipper Set for",oneisall,dog,grooming,20,35.99,USD,4.5,97512,,,,,https://www.amazon.com/ONEISALL-Cllippers-Rechargeable-Cordless-Electric/dp/B01HRSZRXM/ref=zg_bs_g_2975362011_d_sccl_22/141-1609880-8673648?psc=1,"https://images-na.ssl-images-amazon.com/images/I/71ntBUTlBLL._AC_UL300_SR300,200_.jpg",html_scrape,public_page_no_login,2026-07-09T17:46:55.889028,56.2,rank+rating (no price on amazon.com list page),213
2026-07-09,amazon_us,US,B08PK7YRK7,"TagME Dog Collars for Small Dogs, Reflective Nylon Pet Collar with Quick Release Buckle, Small Dog Collar for Boys, Sky Blue,",tagme,dog,collars_leashes,20,3.99,USD,4.5,25059,,,,,https://www.amazon.com/TagME-Reflective-Collars-Adjustable-Classic/dp/B08PK7YRK7/ref=zg_bs_g_2975339011_d_sccl_24/141-1609880-8673648?psc=1,"https://images-na.ssl-images-amazon.com/images/I/71cBsVWTbwL._AC_UL300_SR300,200_.jpg",html_scrape,public_page_no_login,2026-07-09T17:46:55.889028,56.2,rank+rating (no price on amazon.com list page),214
2026-07-09,amazon_us,US,B0BMDXQ4FF,"Blue Buffalo Homestyle Recipe Wet Dog Food Paté Variety Pack, Chicken Dinner & Beef Dinner with Garden Vegetables, Made with",blue,dog,dog_food,18,,USD,4.6,3204,,,,,https://www.amazon.com/Blue-Buffalo-Homestyle-Chicken-Variety/dp/B0BMDXQ4FF/ref=zg_bs_g_2975359011_d_sccl_18/141-1609880-8673648?psc=1,"https://images-na.ssl-images-amazon.com/images/I/81HwL8z2B-L._AC_UL300_SR300,200_.jpg",html_scrape,public_page_no_login,2026-07-09T17:46:55.889028,56.09,rank+rating (no price on amazon.com list page),215
2026-07-09,amazon_us,US,B07DJ7T3RR,"IAMS Proactive Health Dry Cat Food, Urinary Tract Health, Adult Cat Food Dry Recipe with Chicken, 7 lb. Bag",iams,cat,cat_food,21,,USD,4.8,15030,,,,,https://www.amazon.com/Iams-Proactive-Health-Urinary-Chicken/dp/B07DJ7T3RR/ref=zg_bs_g_2975265011_d_sccl_27/141-1609880-8673648?psc=1,"https://images-na.ssl-images-amazon.com/images/I/71FZMBFjpPL._AC_UL300_SR300,200_.jpg",html_scrape,public_page_no_login,2026-07-09T17:46:55.889028,56.02,rank+rating (no price on amazon.com list page),216
2026-07-09,amazon_us,US,B07L6QC3TW,"Perfect Poop Digestion & General Health Supplement for Dogs: Fiber, Prebiotics, Probiotics & Enzymes Relieve Digestive Condit",perfect,dog,health_wellness,20,27.99,USD,4.4,12669,,,,,https://www.amazon.com/Digestion-General-Health-Supplement-Dogs/dp/B07L6QC3TW/ref=zg_bs_g_2975377011_d_sccl_23/141-1609880-8673648?psc=1,"https://images-na.ssl-images-amazon.com/images/I/81RQxWaSreL._AC_UL300_SR300,200_.jpg",html_scrape,public_page_no_login,2026-07-09T17:46:55.889028,55.71,rank+rating (no price on amazon.com list page),217
2026-07-09,amazon_us,US,B09KX438B9,"Potaroma 3 Pack Natural Silvervine Sticks Cat Toys, Catmint Silvervine Blend Sticks, Catnip Kittens Chew Toys Teeth Cleaning,",potaroma,cat,cat_toys,7,6.98,USD,0.0,0,,,,,https://www.amazon.com/Potaroma-Natural-Silvervine-Cleaning-Matatabi/dp/B09KX438B9/ref=zg_bs_g_2975303011_d_sccl_7/141-1609880-8673648?psc=1,"https://images-na.ssl-images-amazon.com/images/I/719s0nfMEWL._AC_UL300_SR300,200_.jpg",html_scrape,public_page_no_login,2026-07-09T17:46:55.889028,55.6,rank+rating (no price on amazon.com list page),218
2026-07-09,amazon_us,US,B09P7VPJ5V,"TBTeek Cat Toys, with Metal Case, 2 Pieces, Rechargeable, 7 Adjustable Patterns, Interactive Kitten Pet Dog Chase Toy for Cat",tbteek,both,cat_toys,20,9.99,USD,4.5,7170,,,,,https://www.amazon.com/Rechargeable-Interactive-Flashlight-Training-Indoors%EF%BC%882/dp/B09P7VPJ5V/ref=zg_bs_g_2975303011_d_sccl_23/141-1609880-8673648?psc=1,"https://images-na.ssl-images-amazon.com/images/I/71P0tRso6oL._AC_UL300_SR300,200_.jpg",html_scrape,public_page_no_login,2026-07-09T17:46:55.889028,55.58,rank+rating (no price on amazon.com list page),219
2026-07-09,amazon_us,US,B00HHN04KE,"Purina Pro Plan Small Breed Dog Food With Probiotics for Dogs, Shredded Blend Chicken & Rice Formula - 6 lb. Bag",purina,dog,dog_food,21,,USD,4.7,15799,,,,,https://www.amazon.com/Purina-Pro-Plan-Shredded-Formula/dp/B00HHN04KE/ref=zg_bs_g_2975359011_d_sccl_21/141-1609880-8673648?psc=1,"https://images-na.ssl-images-amazon.com/images/I/71SUX69jZbS._AC_UL300_SR300,200_.jpg",html_scrape,public_page_no_login,2026-07-09T17:46:55.889028,55.53,rank+rating (no price on amazon.com list page),220
2026-07-09,amazon_us,US,B0FSLXNL38,"FHKPET Instinct Basket, Stimuli Handwoven cat Basket Rope Cotton Eliminates Bed Rejection Round Pet Basket, Boho Catbed for C",fhkpet,cat,beds_accessories,15,36.99,USD,4.3,227,,,,,https://www.amazon.com/FHKPET-Stimulicat-Eliminates-Scratchable-Breathable/dp/B0FSLXNL38/ref=zg_bs_g_2975243011_d_sccl_15/141-1609880-8673648?psc=1,"https://images-na.ssl-images-amazon.com/images/I/710TcqrNoEL._AC_UL300_SR300,200_.jpg",html_scrape,public_page_no_login,2026-07-09T17:46:55.889028,54.73,rank+rating (no price on amazon.com list page),221
2026-07-09,amazon_us,US,B01CCFPC0I,"Burt's Bees for Pets Hypoallergenic Cat Shampoo with Shea Butter and Honey, Gentle Formula for Indoor Cats with Dry or Sensit",burts,cat,grooming,21,6.43,USD,4.5,11694,,,,,https://www.amazon.com/Burts-Bees-Cats-Hypoallergenic-Sensitive/dp/B01CCFPC0I/ref=zg_bs_g_2975268011_d_sccl_26/141-1609880-8673648?psc=1,"https://images-na.ssl-images-amazon.com/images/I/71jfZUZI6GL._AC_UL300_SR300,200_.jpg",html_scrape,public_page_no_login,2026-07-09T17:46:55.889028,54.55,rank+rating (no price on amazon.com list page),222
2026-07-09,amazon_us,US,B0CQY8VLZS,"AMOSIJOY Cat Sill Window Perch Sturdy Hammock Window Seat with Cushion Bed Cover, Wood & Metal Frame for Large Cats, Easy to",amosijoy,cat,beds_accessories,20,21.59,USD,4.7,4297,,,,,https://www.amazon.com/AMOSIJOY-Hammock-Cushion-Windowsill-Bedside/dp/B0CQY8VLZS/ref=zg_bs_g_2975243011_d_sccl_20/141-1609880-8673648?psc=1,"https://images-na.ssl-images-amazon.com/images/I/71dYSjxuhdL._AC_UL300_SR300,200_.jpg",html_scrape,public_page_no_login,2026-07-09T17:46:55.889028,54.33,rank+rating (no price on amazon.com list page),223
2026-07-09,amazon_us,US,B0DRCY4PY4,"LAFAYI 4 PCS Breakaway Cat Collars with Bell Moons Stars,Kitten Collar and Adjustable with Pendant Glow,Cute Kitty Collar for",lafayi,cat,collars_leashes,17,5.97,USD,4.6,649,,,,,https://www.amazon.com/LAFAYI-Breakaway-Collars-Adjustable-Accessories/dp/B0DRCY4PY4/ref=zg_bs_g_2975252011_d_sccl_18/141-1609880-8673648?psc=1,"https://images-na.ssl-images-amazon.com/images/I/81XTyiFlORL._AC_UL300_SR300,200_.jpg",html_scrape,public_page_no_login,2026-07-09T17:46:55.889028,54.11,rank+rating (no price on amazon.com list page),224
2026-07-09,amazon_us,US,B0872J3XV9,"Catstages Nina Ottosson Buggin’ Out Puzzle & Play Cat Puzzle Feeder – Interactive Treat Game for Indoor Cats, Level 2 Slow Fe",catstages,cat,cat_food,21,15.35,USD,4.4,13099,,,,,https://www.amazon.com/Petstages-Nina-Ottosson-Buggin-Puzzle/dp/B0872J3XV9/ref=zg_bs_g_2975303011_d_sccl_24/141-1609880-8673648?psc=1,"https://images-na.ssl-images-amazon.com/images/I/718VplhnmcL._AC_UL300_SR300,200_.jpg",html_scrape,public_page_no_login,2026-07-09T17:46:55.889028,54.06,rank+rating (no price on amazon.com list page),225
2026-07-09,amazon_us,US,B09XP5Y5WW,CollarDirect Leather Cat Collar with Removable Bell – Safety Elastic Strap (Breakaway Alternative) – Kitten Collar for Small,collardirect,cat,collars_leashes,21,8.99,USD,4.4,18423,,,,,https://www.amazon.com/CollarDirect-Leather-Collar-Elastic-Safety/dp/B09XP5Y5WW/ref=zg_bs_g_2975252011_d_sccl_22/141-1609880-8673648?psc=1,"https://images-na.ssl-images-amazon.com/images/I/71zL15Xc7RL._AC_UL300_SR300,200_.jpg",html_scrape,public_page_no_login,2026-07-09T17:46:55.889028,54.06,rank+rating (no price on amazon.com list page),226
2026-07-09,amazon_us,US,B0D3LRT85V,"IMMHABI 400 Count Dog Wipes, Unscented Plant-Based Hypoallergenic Pet Wipes for Paws, Butt, and Anal Gland Care, Cleansing &",immhabi,dog,grooming,18,19.18,USD,4.7,1201,,,,,https://www.amazon.com/Unscented-Hypoallergenic-Cleansing-Deodorizing-Hygienic/dp/B0D3LRT85V/ref=zg_bs_g_2975268011_d_sccl_22/141-1609880-8673648?psc=1,"https://images-na.ssl-images-amazon.com/images/I/71es4nYIPUL._AC_UL300_SR300,200_.jpg",html_scrape,public_page_no_login,2026-07-09T17:46:55.889028,54.02,rank+rating (no price on amazon.com list page),227
2026-07-09,amazon_us,US,B0066VLPGA,"Zymox Advanced Formula Otic Plus Enzymatic Ear Solution for Dogs and Cats with 1% Hydrocortisone, 1.25oz",zymox,both,health_wellness,22,33.49,USD,4.7,14840,,,,,https://www.amazon.com/Solution-Pre-Clean-Veterinarian-Recommended-Hydrocortisone/dp/B0066VLPGA/ref=zg_bs_g_2975377011_d_sccl_25/141-1609880-8673648?psc=1,"https://images-na.ssl-images-amazon.com/images/I/512WnsXPqIL._AC_UL300_SR300,200_.jpg",html_scrape,public_page_no_login,2026-07-09T17:46:55.889028,53.88,rank+rating (no price on amazon.com list page),228
2026-07-09,amazon_us,US,B08CWY3TLW,Oxyfresh Premium Pet Dental Care Solution Pet Water Additive: Best Way to Eliminate Bad Dog Breath and Cat Bad Breath - Fight,oxyfresh,both,health_wellness,21,18.95,USD,4.3,39965,,,,,https://www.amazon.com/Oxyfresh-Premium-Dental-Solution-Additive/dp/B08CWY3TLW/ref=zg_bs_g_2975377011_d_sccl_24/141-1609880-8673648?psc=1,"https://images-na.ssl-images-amazon.com/images/I/61Ugh5bSNsL._AC_UL300_SR300,200_.jpg",html_scrape,public_page_no_login,2026-07-09T17:46:55.889028,53.57,rank+rating (no price on amazon.com list page),229
2026-07-09,amazon_us,US,B00DE7WHLQ,Purina ONE True Instinct With A Blend Of Real Turkey and Venison Dry Dog Food - 7.4 lb. Bag,purina,dog,dog_food,22,,USD,4.6,18182,,,,,https://www.amazon.com/Purina-Smartblend-Instinct-Natural-Venison/dp/B00DE7WHLQ/ref=zg_bs_g_2975359011_d_sccl_22/141-1609880-8673648?psc=1,"https://images-na.ssl-images-amazon.com/images/I/71jv64UY1EL._AC_UL300_SR300,200_.jpg",html_scrape,public_page_no_login,2026-07-09T17:46:55.889028,53.39,rank+rating (no price on amazon.com list page),230
2026-07-09,amazon_us,US,B06W2GR7PL,"Nutrish Indoor Complete Chicken, Lentils & Salmon Recipe Dry Cat Food, 6 lb. Bag, Packaging May Vary (Rachael Ray)",nutrish,cat,cat_food,22,,USD,4.6,18752,,,,,https://www.amazon.com/Rachael-Ray-Nutrish-Complete-Chicken/dp/B06W2GR7PL/ref=zg_bs_g_2975265011_d_sccl_28/141-1609880-8673648?psc=1,"https://images-na.ssl-images-amazon.com/images/I/71hAdn4ydBL._AC_UL300_SR300,200_.jpg",html_scrape,public_page_no_login,2026-07-09T17:46:55.889028,53.39,rank+rating (no price on amazon.com list page),231
2026-07-09,amazon_us,US,B0CVJ1FNSX,"GoTags Personalized Cat Collars with Tag, Engraved Custom Name and Phone | Breakaway Collar with Safety Buckle and Bell, Adju",gotags,cat,collars_leashes,18,9.95,USD,4.4,1696,,,,,https://www.amazon.com/GoTags-Personalized-Breakaway-Adjustable-Nameplate/dp/B0CVJ1FNSX/ref=zg_bs_g_2975252011_d_sccl_19/141-1609880-8673648?psc=1,"https://images-na.ssl-images-amazon.com/images/I/71T50p4lhiL._AC_UL300_SR300,200_.jpg",html_scrape,public_page_no_login,2026-07-09T17:46:55.889028,53.31,rank+rating (no price on amazon.com list page),232
2026-07-09,amazon_us,US,B09TRC8RM5,"Niubya Foldable Dog Swimming Pool, Collapsible Hard Plastic, Portable Bath Tub for Pets Dogs and Cats, Pet Wading Pool for In",niubya,both,grooming,21,36.89,USD,4.3,7255,,,,,https://www.amazon.com/Niubya-Foldable-Collapsible-Swimming-Portable/dp/B09TRC8RM5/ref=zg_bs_g_2975362011_d_sccl_23/141-1609880-8673648?psc=1,"https://images-na.ssl-images-amazon.com/images/I/71XBOseLXgL._AC_UL300_SR300,200_.jpg",html_scrape,public_page_no_login,2026-07-09T17:46:55.889028,53.01,rank+rating (no price on amazon.com list page),233
2026-07-09,amazon_us,US,B007R1BN6U,"Pupstages Dogwood Dog Chew Toy, Made in the USA – Real-Wood Blend, Natural Flavor & Texture, Moderate Chewers, Small, 5.4""",pupstages,dog,dog_toys,22,3.99,USD,4.5,30562,,,,,https://www.amazon.com/Petstages-217-Dogwood-Stick-Small/dp/B007R1BN6U/ref=zg_bs_g_2975413011_d_sccl_23/141-1609880-8673648?psc=1,"https://images-na.ssl-images-amazon.com/images/I/81MaNdSfWhL._AC_UL300_SR300,200_.jpg",html_scrape,public_page_no_login,2026-07-09T17:46:55.889028,52.9,rank+rating (no price on amazon.com list page),234
2026-07-09,amazon_us,US,B08Y5RYPTS,"Fida Durable Slip Lead Dog Leash, 6 FT x 1/2"" Heavy Duty Dog Loop Leashes, Comfortable Strong Rope Slip Leash for Large Mediu",fida,dog,collars_leashes,22,12.59,USD,4.5,14617,,,,,https://www.amazon.com/Fida-Durable-Comfortable-Training-Reflective/dp/B08Y5RYPTS/ref=zg_bs_g_2975339011_d_sccl_26/141-1609880-8673648?psc=1,"https://images-na.ssl-images-amazon.com/images/I/81TRzWgO1mL._AC_UL300_SR300,200_.jpg",html_scrape,public_page_no_login,2026-07-09T17:46:55.889028,52.9,rank+rating (no price on amazon.com list page),235
2026-07-09,amazon_us,US,B01BMBYKUQ,"IAMS Proactive Health Kitten Dry Cat Food, Healthy Kitten Food Dry Recipe with Real Chicken in Every Bite, 3.5 Lb. Bag",iams,cat,cat_food,23,,USD,4.8,20373,,,,,https://www.amazon.com/Iams-Proactive-Health-Healthy-Chicken/dp/B01BMBYKUQ/ref=zg_bs_g_2975265011_d_sccl_29/141-1609880-8673648?psc=1,"https://images-na.ssl-images-amazon.com/images/I/71sP0TRiYsL._AC_UL300_SR300,200_.jpg",html_scrape,public_page_no_login,2026-07-09T17:46:55.889028,52.72,rank+rating (no price on amazon.com list page),236
2026-07-09,amazon_us,US,B0DRG5G7GJ,"Qbily Pet Hair Remover 2nd Gen (3 Pack) - Reusable Lint Removal Tool for Couch, Carpets, Cat Trees, Car Mats, Furniture, Clot",qbily,cat,grooming,20,7.99,USD,4.5,3372,,,,,https://www.amazon.com/Qbily-Pet-Hair-Remover-Pack/dp/B0DRG5G7GJ/ref=zg_bs_g_2975268011_d_sccl_25/141-1609880-8673648?psc=1,"https://images-na.ssl-images-amazon.com/images/I/61PRVPYLfpL._AC_UL300_SR300,200_.jpg",html_scrape,public_page_no_login,2026-07-09T17:46:55.889028,52.47,rank+rating (no price on amazon.com list page),237
2026-07-09,amazon_us,US,B0037Z6VKS,"Veterinary Formula Flea and Tick Shampoo for Dogs and Cats, 16 oz",veterinary,both,grooming,22,9.92,USD,4.4,21775,,,,,https://www.amazon.com/Veterinary-Formula-Clinical-Care-Shampoo/dp/B0037Z6VKS/ref=zg_bs_g_2975362011_d_sccl_24/141-1609880-8673648?psc=1,"https://images-na.ssl-images-amazon.com/images/I/710yj-0EhiL._AC_UL300_SR300,200_.jpg",html_scrape,public_page_no_login,2026-07-09T17:46:55.889028,52.41,rank+rating (no price on amazon.com list page),238
2026-07-09,amazon_us,US,B01MZG54L6,"Kitty City XL Wide Corrugate Cat Scratchers 3 Pieces, Cat Scratching, Cat Scratch Pad, Door Clips, Furniture Protectors from",kitty,cat,beds_accessories,23,16.78,USD,4.7,19604,,,,,https://www.amazon.com/Kitty-City-Corrugate-Scratchers-Cardboard/dp/B01MZG54L6/ref=zg_bs_g_2975243011_d_sccl_23/141-1609880-8673648?psc=1,"https://images-na.ssl-images-amazon.com/images/I/81N6kdocWPL._AC_UL300_SR300,200_.jpg",html_scrape,public_page_no_login,2026-07-09T17:46:55.889028,52.23,rank+rating (no price on amazon.com list page),239
2026-07-09,amazon_us,US,B0DHG69418,"Frienhund Tough Dog Toys for Aggressive Chewers 3 Pack, Indestructible Dog Toys for Large Dogs, Dog Chew Toys, Aggressive Che",frienhund,dog,dog_toys,21,17.99,USD,4.3,6002,,,,,https://www.amazon.com/Frienhund-Tough-Aggressive-Chewers-Indestructible/dp/B0DHG69418/ref=zg_bs_g_2975413011_d_sccl_22/141-1609880-8673648?psc=1,"https://images-na.ssl-images-amazon.com/images/I/71A4mhMFP8L._AC_UL300_SR300,200_.jpg",html_scrape,public_page_no_login,2026-07-09T17:46:55.889028,52.11,rank+rating (no price on amazon.com list page),240
2026-07-09,amazon_us,US,B0051H45GC,"Baskerville ULTRA Dog Muzzle | Size 5 | Patented Humane Design, Dog can Pant & Drink, Adjustable & Padded, Prevents Biting &",baskerville,dog,collars_leashes,21,14.04,USD,4.0,42985,,,,,https://www.amazon.com/Baskerville-ULTRA-Muzzle-Breathable-Adjustable/dp/B0051H45GC/ref=zg_bs_g_2975339011_d_sccl_25/141-1609880-8673648?psc=1,"https://images-na.ssl-images-amazon.com/images/I/71TEp-x12DL._AC_UL300_SR300,200_.jpg",html_scrape,public_page_no_login,2026-07-09T17:46:55.889028,52.1,rank+rating (no price on amazon.com list page),241
2026-07-09,amazon_us,US,B07DT83CBV,"6 Pack XL Anti Cat Scratch Furniture Protector - Couch Protector from Cat Claws w/Twist Pins, Clear, Easy-to-Apply Scratching",6,cat,beds_accessories,22,13.49,USD,4.3,17601,,,,,https://www.amazon.com/cat-scratch-furniture-couch-protector-deterrent/dp/B07DT83CBV/ref=zg_bs_g_2975243011_d_sccl_22/141-1609880-8673648?psc=1,"https://images-na.ssl-images-amazon.com/images/I/81wkLcORpfL._AC_UL300_SR300,200_.jpg",html_scrape,public_page_no_login,2026-07-09T17:46:55.889028,51.92,rank+rating (no price on amazon.com list page),242
2026-07-09,amazon_us,US,B0FKTR2SQS,Dental Fresh – Advanced Plaque & Tartar Support Water Additive for Dogs & Cats – Helps Freshen Breath and Clean Teeth Without,dental,both,health_wellness,22,11.99,USD,4.3,25167,,,,,https://www.amazon.com/Dental-Fresh-Plaque-Control-Additive/dp/B0FKTR2SQS/ref=zg_bs_g_2975276011_d_sccl_23/141-1609880-8673648?psc=1,"https://images-na.ssl-images-amazon.com/images/I/61omLnRQvzL._AC_UL300_SR300,200_.jpg",html_scrape,public_page_no_login,2026-07-09T17:46:55.889028,51.92,rank+rating (no price on amazon.com list page),243
2026-07-09,amazon_us,US,B0D3GDK63Q,"Czpalo Outdoor Elevated Dog Bed for Large Sized Dogs, No-Tool Assembly. | Raised design promotes airflow. Tool-free assembly,",czpalo,dog,beds_accessories,19,32.79,USD,4.4,1757,,,,,https://www.amazon.com/Czpalo-Elevated-Portable-Breathable-Skid-Resistant/dp/B0D3GDK63Q/ref=zg_bs_g_2975326011_d_sccl_20/141-1609880-8673648?psc=1,"https://images-na.ssl-images-amazon.com/images/I/81QgPKF9TOL._AC_UL300_SR300,200_.jpg",html_scrape,public_page_no_login,2026-07-09T17:46:55.889028,51.75,rank+rating (no price on amazon.com list page),244
2026-07-09,amazon_us,US,B07K6JSBRB,"Pet Honesty Chlorhexidine Cat & Dog Seasonal Itch Relief Shampoo, for Allergies, Itching, Skin and Coat Supplement, Helps She",,both,grooming,23,22.99,USD,4.6,13162,,,,,https://www.amazon.com/Pet-Honesty-Chlorhexidine-Supplement-Deodorizing/dp/B07K6JSBRB/ref=zg_bs_g_2975362011_d_sccl_25/141-1609880-8673648?psc=1,"https://images-na.ssl-images-amazon.com/images/I/51XjZ7ROISL._AC_UL300_SR300,200_.jpg",html_scrape,public_page_no_login,2026-07-09T17:46:55.889028,51.74,rank+rating (no price on amazon.com list page),245
2026-07-09,amazon_us,US,B0DP6D3TRB,"Zakkart 2-Pack Cat Scratching Board, 25.6'' Tall Cardboard L Shape Vertical Cat Scratchers for Indoor Cats, Cat Scratching Po",zakkart,cat,beds_accessories,19,27.98,USD,4.5,1269,,,,,https://www.amazon.com/Zakkart-Scratching-Cardboard-Vertical-Scratchers/dp/B0DP6D3TRB/ref=zg_bs_g_2975243011_d_sccl_19/141-1609880-8673648?psc=1,"https://images-na.ssl-images-amazon.com/images/I/81Irs-90YpL._AC_UL300_SR300,200_.jpg",html_scrape,public_page_no_login,2026-07-09T17:46:55.889028,51.51,rank+rating (no price on amazon.com list page),246
2026-07-09,amazon_us,US,B0D2HMV3S6,"FDW | 54"" Cat Tree Tower | Dark Gray | Multi-Level Indoor Activity Center with Sisal Scratching Posts, Condos, Plush Perches,",fdw,cat,beds_accessories,21,36.67,USD,4.0,7076,,,,,https://www.amazon.com/FDW-Cat-Tree-Multi-Level-Scratching/dp/B0D2HMV3S6/ref=zg_bs_g_2975243011_d_sccl_21/141-1609880-8673648?psc=1,"https://images-na.ssl-images-amazon.com/images/I/61PR8kLFdRL._AC_UL300_SR300,200_.jpg",html_scrape,public_page_no_login,2026-07-09T17:46:55.889028,51.41,rank+rating (no price on amazon.com list page),247
2026-07-09,amazon_us,US,B0002AQMZU,"Vet’s Best Enzymatic Dog Toothpaste – Vet Formulated Dental Gel for Teeth Cleaning, Fresh Breath, Tartar Control, Plaque Remo",vets,dog,health_wellness,23,9.53,USD,4.5,31044,,,,,https://www.amazon.com/Vets-Best-Enzymatic-Toothpaste-Formulated/dp/B0002AQMZU/ref=zg_bs_g_2975276011_d_sccl_24/141-1609880-8673648?psc=1,"https://images-na.ssl-images-amazon.com/images/I/610opKMqGuL._AC_UL300_SR300,200_.jpg",html_scrape,public_page_no_login,2026-07-09T17:46:55.889028,51.25,rank+rating (no price on amazon.com list page),248
2026-07-09,amazon_us,US,B0DG1X5KHM,"Jkanti Interactive Cat Toys for Indoor Cats,The 3rd Generation Agile Moving Cat Ball with Elastic Mesh Tail,Automatic Kitten",jkanti,cat,cat_toys,22,13.49,USD,4.2,7509,,,,,https://www.amazon.com/Jkanti-Interactive-Generation-Automatic-Activated/dp/B0DG1X5KHM/ref=zg_bs_g_2975303011_d_sccl_25/141-1609880-8673648?psc=1,"https://images-na.ssl-images-amazon.com/images/I/71+hyff3QAL._AC_UL300_SR300,200_.jpg",html_scrape,public_page_no_login,2026-07-09T17:46:55.889028,51.04,rank+rating (no price on amazon.com list page),249
2026-07-09,amazon_us,US,B0CG9LCN8B,KSIIA Orthopedic Dog Bed Dog Crate Bed Waterproof for Large Dogs Deluxe Plush Washable Pet Mat with Egg Crate Foam & Removabl,ksiia,dog,beds_accessories,21,24.99,USD,4.4,3913,,,,,https://www.amazon.com/KSIIA-Orthopedic-Crate-Bed-Removable/dp/B0CG9LCN8B/ref=zg_bs_g_2975326011_d_sccl_23/141-1609880-8673648?psc=1,"https://images-na.ssl-images-amazon.com/images/I/61OiYMuic4L._AC_UL300_SR300,200_.jpg",html_scrape,public_page_no_login,2026-07-09T17:46:55.889028,50.86,rank+rating (no price on amazon.com list page),250
2026-07-09,amazon_us,US,B06XKJNFXX,"Vet's Best Dog Toothpaste & Dog Toothbrush, Dental Kit, Plaque Remover for Teeth, Whitens Teeth, Freshens Canine Breath, Vete",vets,dog,health_wellness,23,10.6,USD,4.4,49738,,,,,https://www.amazon.com/Vets-Best-Toothbrush-Toothpaste-Formulated/dp/B06XKJNFXX/ref=zg_bs_g_2975377011_d_sccl_26/141-1609880-8673648?psc=1,"https://images-na.ssl-images-amazon.com/images/I/61NAunUAVtL._AC_UL300_SR300,200_.jpg",html_scrape,public_page_no_login,2026-07-09T17:46:55.889028,50.76,rank+rating (no price on amazon.com list page),251
2026-07-09,amazon_us,US,B0GVH3GJDP,"Paw Science 3% Chlorhexidine Wipes for Dogs and Cats - Cleansing Antiseptic, Antibacterial, Antifungal Wipes with Aloe for Sk",paw,both,grooming,19,9.99,USD,4.6,619,,,,,https://www.amazon.com/Paw-Science-Chlorhexidine-Wipes-Dogs/dp/B0GVH3GJDP/ref=zg_bs_g_2975268011_d_sccl_24/141-1609880-8673648?psc=1,"https://images-na.ssl-images-amazon.com/images/I/71qle++uptL._AC_UL300_SR300,200_.jpg",html_scrape,public_page_no_login,2026-07-09T17:46:55.889028,50.74,rank+rating (no price on amazon.com list page),252
2026-07-09,amazon_us,US,B0FB9KWG7D,"TherapetMD 60-Day Cat Calming Diffuser - Cat Pheromone Diffuser for Stress, Pee Spraying, Cat Fighting, Aggression, Excessive",therapetmd,cat,health_wellness,19,33.99,USD,3.8,3286,,,,,https://www.amazon.com/TherapetMD-60-Day-Cat-Calming-Diffuser/dp/B0FB9KWG7D/ref=zg_bs_g_2975276011_d_sccl_20/141-1609880-8673648?psc=1,"https://images-na.ssl-images-amazon.com/images/I/71Dn3w33ugL._AC_UL300_SR300,200_.jpg",html_scrape,public_page_no_login,2026-07-09T17:46:55.889028,50.61,rank+rating (no price on amazon.com list page),253
2026-07-09,amazon_us,US,B00HW5LI9S,"Hill's Science Diet Adult Perfect Weight Dry Cat Food, Chicken, 7 lb. Bag",hills,cat,cat_food,24,,USD,4.7,15187,,,,,https://www.amazon.com/Science-Diet-Perfect-Chicken-Management/dp/B00HW5LI9S/ref=zg_bs_g_2975265011_d_sccl_30/141-1609880-8673648?psc=1,"https://images-na.ssl-images-amazon.com/images/I/81YvaRpc3+L._AC_UL300_SR300,200_.jpg",html_scrape,public_page_no_login,2026-07-09T17:46:55.889028,50.58,rank+rating (no price on amazon.com list page),254
2026-07-09,amazon_us,US,B07MDDXBZM,"Hartz UltraGuard Pro Flea & Tick Collar for Cats and Kittens, 7 Month Flea and Tick Prevention and Protection, 1 Collar",hartz,cat,collars_leashes,22,7.92,USD,4.0,13808,,,,,https://www.amazon.com/Hartz-UltraGuard-Reflective-Collar-Kittens/dp/B07MDDXBZM/ref=zg_bs_g_2975252011_d_sccl_23/141-1609880-8673648?psc=1,"https://images-na.ssl-images-amazon.com/images/I/81NCxnv92SL._AC_UL300_SR300,200_.jpg",html_scrape,public_page_no_login,2026-07-09T17:46:55.889028,50.45,rank+rating (no price on amazon.com list page),255
2026-07-09,amazon_us,US,B0FCSS92TV,"zulinlong 2 Pack Breakaway Cat Collars with Bells, Reflective Design and Claw Print Design, Safety Buckle Kitten Collars Adju",zulinlong,cat,collars_leashes,19,4.49,USD,4.4,857,,,,,https://www.amazon.com/zulinlong-Breakaway-Cat-Reflective-Adjustable/dp/B0FCSS92TV/ref=zg_bs_g_2975252011_d_sccl_20/141-1609880-8673648?psc=1,"https://images-na.ssl-images-amazon.com/images/I/71-YZeghB3L._AC_UL300_SR300,200_.jpg",html_scrape,public_page_no_login,2026-07-09T17:46:55.889028,50.28,rank+rating (no price on amazon.com list page),256
2026-07-09,amazon_us,US,B07ZPMYYZF,"Best Pet Supplies 8"" x 9"" Large Dog Wipes - Cleaning and Deodorizing for Paws and Coat - Gentle Formula with Lavender Vitamin",best,dog,grooming,24,9.59,USD,4.6,13938,,,,,https://www.amazon.com/Best-Pet-Supplies-Plant-Based-Deodorizer/dp/B07ZPMYYZF/ref=zg_bs_g_2975362011_d_sccl_26/141-1609880-8673648?psc=1,"https://images-na.ssl-images-amazon.com/images/I/71igCbmcYdL._AC_UL300_SR300,200_.jpg",html_scrape,public_page_no_login,2026-07-09T17:46:55.889028,50.09,rank+rating (no price on amazon.com list page),257
2026-07-09,amazon_us,US,B0851GZZNR,"Herm SPRENGER Ultra-Plus Prong Dog Training Collar, 3.0 mm x 18"" Neck Size, 3.0 mm x 22"" Chain Length, Steel Chrome Plated Do",herm,dog,collars_leashes,24,34.99,USD,4.6,16025,,,,,https://www.amazon.com/SPRENGER-Ultra-Plus-Training-Collar-Correction/dp/B0851GZZNR/ref=zg_bs_g_2975339011_d_sccl_29/141-1609880-8673648?psc=1,"https://images-na.ssl-images-amazon.com/images/I/71yJacEo96L._AC_UL300_SR300,200_.jpg",html_scrape,public_page_no_login,2026-07-09T17:46:55.889028,50.09,rank+rating (no price on amazon.com list page),258
2026-07-09,amazon_us,US,B0052L9Q1Q,"Nylabone Ring Bone Puppy Chew Toy for Puppies, Soothing Teething Toys for Puppies, Puppy Enrichment Dog Chews, Long Lasting C",nylabone,dog,dog_toys,23,3.99,USD,4.2,40710,,,,,https://www.amazon.com/Nylabone-Puppies-Chicken-Flavored-Teething/dp/B0052L9Q1Q/ref=zg_bs_g_2975413011_d_sccl_24/141-1609880-8673648?psc=1,"https://images-na.ssl-images-amazon.com/images/I/711KqO7vy5L._AC_UL300_SR300,200_.jpg",html_scrape,public_page_no_login,2026-07-09T17:46:55.889028,49.78,rank+rating (no price on amazon.com list page),259
2026-07-09,amazon_us,US,B0FRNQ5C5H,"Purina Pro Plan Veterinary Supplements Hydra Care Cat Hydration Supplement, Nutrient-Enriched Water for Cat Health and Urinar",purina,cat,health_wellness,20,29.98,USD,4.4,1422,,,,,https://www.amazon.com/Purina-Pro-Plan-Veterinary-Supplements/dp/B0FRNQ5C5H/ref=zg_bs_g_2975276011_d_sccl_21/141-1609880-8673648?psc=1,"https://images-na.ssl-images-amazon.com/images/I/71d-5uTeofL._AC_UL300_SR300,200_.jpg",html_scrape,public_page_no_login,2026-07-09T17:46:55.889028,49.61,rank+rating (no price on amazon.com list page),260
2026-07-09,amazon_us,US,B08CMQWYJP,Baeuppit 2PCS Breakaway Cat Collars with Bell Moons Stars Cute Kitty Adjustable Safe Kitten Collars with Pendant Glow in The,baeuppit,cat,collars_leashes,23,7.99,USD,4.6,5037,,,,,https://www.amazon.com/Breakaway-Collars-Adjustable-Kitten-Pendant/dp/B08CMQWYJP/ref=zg_bs_g_2975252011_d_sccl_24/141-1609880-8673648?psc=1,"https://images-na.ssl-images-amazon.com/images/I/71RJCCTQ8LL._AC_UL300_SR300,200_.jpg",html_scrape,public_page_no_login,2026-07-09T17:46:55.889028,49.52,rank+rating (no price on amazon.com list page),261
2026-07-09,amazon_us,US,B09Y113PZK,"Annchwool No Pull Dog Harness with Soft Padded Handle,Reflective Strip Escape Proof and Quick Fit to Adjust Dog Harness,Easy",annchwool,dog,collars_leashes,23,18.99,USD,4.4,5841,,,,,https://www.amazon.com/Annchwool-Harness-Reflective-Training-Walking/dp/B09Y113PZK/ref=zg_bs_g_2975339011_d_sccl_27/141-1609880-8673648?psc=1,"https://images-na.ssl-images-amazon.com/images/I/81YPZejVvkL._AC_UL300_SR300,200_.jpg",html_scrape,public_page_no_login,2026-07-09T17:46:55.889028,49.18,rank+rating (no price on amazon.com list page),262
2026-07-09,amazon_us,US,B008ESY894,Chuckit! Paraflight Flying Disc Dog Toy - Water Floating Flyer - Durable Nylon Construction with Soft Rubber Edges - For Medi,chuckit,dog,dog_toys,24,12.94,USD,4.4,24519,,,,,https://www.amazon.com/Chuckit-Paraflight-Frisbee-Distance-Orange/dp/B008ESY894/ref=zg_bs_g_2975413011_d_sccl_25/141-1609880-8673648?psc=1,"https://images-na.ssl-images-amazon.com/images/I/91BoeYvmlSL._AC_UL300_SR300,200_.jpg",html_scrape,public_page_no_login,2026-07-09T17:46:55.889028,49.11,rank+rating (no price on amazon.com list page),263
2026-07-09,amazon_us,US,B09479CVXY,"Douxo S3 PYO Pads, 3% Chlorhexidine Wipes for Dogs and Cats, Antiseptic Dog Wipes For Bacterial or Yeast Skin Infections, 0.5",douxo,both,health_wellness,24,16.99,USD,4.6,6418,,,,,https://www.amazon.com/Douxo-S3-PYO-Wipes-Count/dp/B09479CVXY/ref=zg_bs_g_2975377011_d_sccl_27/141-1609880-8673648?psc=1,"https://images-na.ssl-images-amazon.com/images/I/61lNcxYHApL._AC_UL300_SR300,200_.jpg",html_scrape,public_page_no_login,2026-07-09T17:46:55.889028,48.94,rank+rating (no price on amazon.com list page),264
2026-07-09,amazon_us,US,B09SKWDHM6,"BRILLIRARE 4 Pack Flea Lice Comb, Stainless Steel Dog Cat Grooming Combs with Rounded Teeth, Double Sided Professional Pet Te",brillirare,both,grooming,24,4.97,USD,4.6,6172,,,,,https://www.amazon.com/BRILLIRARE-Stainless-Grooming-Professional-Dematting/dp/B09SKWDHM6/ref=zg_bs_g_2975268011_d_sccl_30/141-1609880-8673648?psc=1,"https://images-na.ssl-images-amazon.com/images/I/61xktNvKAUL._AC_UL300_SR300,200_.jpg",html_scrape,public_page_no_login,2026-07-09T17:46:55.889028,48.76,rank+rating (no price on amazon.com list page),265
2026-07-09,amazon_us,US,B0FK71C59Y,"Pat Your Pet Deshedding Dog Brush For Shedding – Cat Brushes For Indoor Cats, Double-Sided Cat Brush Deshedding & Grooming To",pat,both,grooming,25,9.99,USD,4.6,42485,,,,,https://www.amazon.com/Pat-Your-Pet-Deshedding-Shedding/dp/B0FK71C59Y/ref=zg_bs_g_2975362011_d_sccl_27/141-1609880-8673648?psc=1,"https://images-na.ssl-images-amazon.com/images/I/81JDgT2VTmL._AC_UL300_SR300,200_.jpg",html_scrape,public_page_no_login,2026-07-09T17:46:55.889028,48.44,rank+rating (no price on amazon.com list page),266
2026-07-09,amazon_us,US,B07MFYSKCL,"Love's cabin Round Donut Cat and Dog Cushion Bed, 20in Bed for Cats or Small Dogs, Anti-Slip & Water-Resistant Bottom, Super",loves,both,beds_accessories,25,14.99,USD,4.6,12866,,,,,https://www.amazon.com/Loves-cabin-Anti-Slip-Water-Resistant-Washable/dp/B07MFYSKCL/ref=zg_bs_g_2975243011_d_sccl_25/141-1609880-8673648?psc=1,"https://images-na.ssl-images-amazon.com/images/I/91ohn1BKStL._AC_UL300_SR300,200_.jpg",html_scrape,public_page_no_login,2026-07-09T17:46:55.889028,48.44,rank+rating (no price on amazon.com list page),267
2026-07-09,amazon_us,US,B07MF5YGT1,"Hill's Science Diet Adult Sensitive Stomach & Skin Wet Dog Food, Turkey & Rice, 12.5 oz. Cans, 12-Pack",hills,dog,dog_food,24,,USD,4.6,5707,,,,,https://www.amazon.com/Hills-Science-Diet-Sensitive-Stomach/dp/B07MF5YGT1/ref=zg_bs_g_2975359011_d_sccl_24/141-1609880-8673648?psc=1,"https://images-na.ssl-images-amazon.com/images/I/81lPFKgeqrL._AC_UL300_SR300,200_.jpg",html_scrape,public_page_no_login,2026-07-09T17:46:55.889028,48.4,rank+rating (no price on amazon.com list page),268
2026-07-09,amazon_us,US,B07RYB63DC,"SPOT Bam-Bones Plus T Bone – Bamboo Fiber & Nylon Dog Chew Toy for Moderate to Aggressive Chewers, Durable Long Lasting & Non",spot,dog,dog_toys,25,7.2,USD,4.5,10607,,,,,https://www.amazon.com/SPOT-Bam-bones-PLUS-Bone-Non-Splintering/dp/B07RYB63DC/ref=zg_bs_g_2975413011_d_sccl_26/141-1609880-8673648?psc=1,"https://images-na.ssl-images-amazon.com/images/I/711eub-KpWL._AC_UL300_SR300,200_.jpg",html_scrape,public_page_no_login,2026-07-09T17:46:55.889028,47.95,rank+rating (no price on amazon.com list page),269
2026-07-09,amazon_us,US,B0CC3ZVPRQ,"Vetradent Water Additive, 17 oz",vetradent,both,health_wellness,21,14.34,USD,4.3,1667,,,,,https://www.amazon.com/Vetradent%C2%AE-Water-Additive-Dogs-Cats/dp/B0CC3ZVPRQ/ref=zg_bs_g_2975276011_d_sccl_22/141-1609880-8673648?psc=1,"https://images-na.ssl-images-amazon.com/images/I/61KQ8yJ3xEL._AC_UL300_SR300,200_.jpg",html_scrape,public_page_no_login,2026-07-09T17:46:55.889028,47.83,rank+rating (no price on amazon.com list page),270
2026-07-09,amazon_us,US,B0DHVJPH6T,"Dog Bed Mat – Soft & Comfortable Dog Kennel Pad for Crate – Durable Crate Bed & Mat for Dogs & Cats – Ideal for Crate, Kennel",dog,both,beds_accessories,22,9.99,USD,4.4,2339,,,,,https://www.amazon.com/Dog-Bed-Mat-Comfortable-Durable/dp/B0DHVJPH6T/ref=zg_bs_g_2975326011_d_sccl_24/141-1609880-8673648?psc=1,"https://images-na.ssl-images-amazon.com/images/I/81sXhmUmZVL._AC_UL300_SR300,200_.jpg",html_scrape,public_page_no_login,2026-07-09T17:46:55.889028,47.55,rank+rating (no price on amazon.com list page),271
2026-07-09,amazon_us,US,B0D69X8CDJ,"Flea Collar for Cats 4 Pack, 32 Months Flea and Tick Prevention for Cats Collar, Waterproof Cat Flea Collar, Natural Cat Flea",flea,cat,collars_leashes,20,25.99,USD,4.1,1060,,,,,https://www.amazon.com/Prevention-Waterproof-Natural-Treatment-Adjustable/dp/B0D69X8CDJ/ref=zg_bs_g_2975252011_d_sccl_21/141-1609880-8673648?psc=1,"https://images-na.ssl-images-amazon.com/images/I/71MSOBSvg4L._AC_UL300_SR300,200_.jpg",html_scrape,public_page_no_login,2026-07-09T17:46:55.889028,47.54,rank+rating (no price on amazon.com list page),272
2026-07-09,amazon_us,US,B0B2NQV8QV,"INVENHO Rectangle Washable Orthopedic Dog Bed for Small, Medium and Large Dogs, Soft Calming, Sleeping Puppy Bed Durable Pet",invenho,dog,beds_accessories,25,17.06,USD,4.4,8677,,,,,https://www.amazon.com/INVENHO-Rectangle-Washable-Orthopedic-Anti-Slip/dp/B0B2NQV8QV/ref=zg_bs_g_2975326011_d_sccl_27/141-1609880-8673648?psc=1,"https://images-na.ssl-images-amazon.com/images/I/71aSpwFVqHL._AC_UL300_SR300,200_.jpg",html_scrape,public_page_no_login,2026-07-09T17:46:55.889028,47.46,rank+rating (no price on amazon.com list page),273
2026-07-09,amazon_us,US,B07V4SGDDZ,"Yaheetech 63in Large Cat Tree for Heavy Cats up to 22lbs, Anti-Wobble Tower with Condo & Hammock, Space-Saving for Indoor Mul",yaheetech,cat,beds_accessories,26,49.97,USD,4.7,7902,,,,,https://www.amazon.com/Yaheetech-Climber-Scratching-Dangling-Anti-toppling/dp/B07V4SGDDZ/ref=zg_bs_g_2975243011_d_sccl_26/141-1609880-8673648?psc=1,"https://images-na.ssl-images-amazon.com/images/I/81wJzKVM6lL._AC_UL300_SR300,200_.jpg",html_scrape,public_page_no_login,2026-07-09T17:46:55.889028,47.15,rank+rating (no price on amazon.com list page),274
2026-07-09,amazon_us,US,B0CW23GFSG,BADLANDS RANCH by Katherine Heigl – Superfood Complete Air-Dried Beef Dog Food – High Protein with Superfoods for Daily Welln,badlands,dog,dog_food,23,,USD,4.3,3978,,,,,https://www.amazon.com/BADLANDS-RANCH-Katherine-Superfood-Air-Dried/dp/B0CW23GFSG/ref=zg_bs_g_2975359011_d_sccl_23/141-1609880-8673648?psc=1,"https://images-na.ssl-images-amazon.com/images/I/81OQtkKX91L._AC_UL300_SR300,200_.jpg",html_scrape,public_page_no_login,2026-07-09T17:46:55.889028,47.13,rank+rating (no price on amazon.com list page),275
2026-07-09,amazon_us,US,B0BJ6YJXG2,"oneisall Pet Clipper for Cat Matted Hair, Pet Shaver for Cats Quiet Pet Clippers Waterproof Cordless Cat Clippers for Matted",oneisall,cat,grooming,23,18.99,USD,4.4,3444,,,,,https://www.amazon.com/oneisall-Clippers-Trimmers-Grooming-Standard/dp/B0BJ6YJXG2/ref=zg_bs_g_2975268011_d_sccl_29/141-1609880-8673648?psc=1,"https://images-na.ssl-images-amazon.com/images/I/71m7cc0H0jL._AC_UL300_SR300,200_.jpg",html_scrape,public_page_no_login,2026-07-09T17:46:55.889028,47.11,rank+rating (no price on amazon.com list page),276
2026-07-09,amazon_us,US,B07L97GQW5,"Taste of the Wild High Prairie Canine Grain-Free Recipe with Roasted Bison and Venison Adult Dry Dog Food, Made with High Pro",taste,dog,dog_food,26,,USD,4.6,12863,,,,,https://www.amazon.com/Taste-Wild-Protein-Prairie-Premium/dp/B07L97GQW5/ref=zg_bs_g_2975359011_d_sccl_26/141-1609880-8673648?psc=1,"https://images-na.ssl-images-amazon.com/images/I/71RhgGnb4sL._AC_UL300_SR300,200_.jpg",html_scrape,public_page_no_login,2026-07-09T17:46:55.889028,46.79,rank+rating (no price on amazon.com list page),277
2026-07-09,amazon_us,US,B01AVHPFDS,"FELIWAY MultiCat 30 Day Cat Calming Plug In Pheromone Diffuser Starter Kit, 48ml - Helps Reduce Conflicts and Signs of Tensio",feliway,cat,health_wellness,24,22.99,USD,3.9,34770,,,,,https://www.amazon.com/CEVA-Animal-Health-MultiCat-Diffuser/dp/B01AVHPFDS/ref=zg_bs_g_2975276011_d_sccl_26/141-1609880-8673648?psc=1,"https://images-na.ssl-images-amazon.com/images/I/81OZJGhIVoL._AC_UL300_SR300,200_.jpg",html_scrape,public_page_no_login,2026-07-09T17:46:55.889028,46.66,rank+rating (no price on amazon.com list page),278
2026-07-09,amazon_us,US,B0C1HNMSGP,"PetLab Co. Allergy & Immune Probiotics for Dogs, Support Seasonal Allergies, Gut & Digestive Health - Pork Flavor - 30 Soft C",petlab,dog,health_wellness,25,35.95,USD,4.2,8225,,,,,https://www.amazon.com/Co-Probiotics-Seasonal-Allergies-Digestive/dp/B0C1HNMSGP/ref=zg_bs_g_2975377011_d_sccl_28/141-1609880-8673648?psc=1,"https://images-na.ssl-images-amazon.com/images/I/71aS1YHoT7L._AC_UL300_SR300,200_.jpg",html_scrape,public_page_no_login,2026-07-09T17:46:55.889028,46.48,rank+rating (no price on amazon.com list page),279
2026-07-09,amazon_us,US,B000PKWKMQ,"Chuckit! Dog Ball Launcher 12M Sport with 12"" Handle Length for Medium 2.5"" Dog Balls For Dogs 20-60 lb, Plastic Pet Fetch Ba",chuckit,dog,dog_toys,26,9.95,USD,4.5,13638,,,,,https://www.amazon.com/Chuckit-Launcher-Thrower-Assorted-Colors/dp/B000PKWKMQ/ref=zg_bs_g_2975413011_d_sccl_27/141-1609880-8673648?psc=1,"https://images-na.ssl-images-amazon.com/images/I/71VeMle0XOL._AC_UL300_SR300,200_.jpg",html_scrape,public_page_no_login,2026-07-09T17:46:55.889028,46.3,rank+rating (no price on amazon.com list page),280
2026-07-09,amazon_us,US,B07PMFF7FW,"Native Pet Pumpkin for Dogs - Organic Dog Food Topper Powder - Promotes Firm Stools, Supports Digestive, Bowel Health & Nutri",native,dog,health_wellness,26,24.99,USD,4.5,9734,,,,,https://www.amazon.com/Native-Pet-Organic-Pumpkin-Dogs/dp/B07PMFF7FW/ref=zg_bs_g_2975377011_d_sccl_29/141-1609880-8673648?psc=1,"https://images-na.ssl-images-amazon.com/images/I/81QfTiyObhL._AC_UL300_SR300,200_.jpg",html_scrape,public_page_no_login,2026-07-09T17:46:55.889028,46.3,rank+rating (no price on amazon.com list page),281
2026-07-09,amazon_us,US,B0CCXH53LW,"Muddy Mat® Cloud K-9 Dog Beds for Small Dogs & Cats, Soft & Relaxing Round Dog Bed, Chenille Material, Removable Cover, Washa",muddy,both,beds_accessories,23,39.95,USD,4.4,2304,,,,,https://www.amazon.com/Muddy-Relaxing-Chenille-Removable-Safe-Grey/dp/B0CCXH53LW/ref=zg_bs_g_2975326011_d_sccl_25/141-1609880-8673648?psc=1,"https://images-na.ssl-images-amazon.com/images/I/61YexnukGiL._AC_UL300_SR300,200_.jpg",html_scrape,public_page_no_login,2026-07-09T17:46:55.889028,45.86,rank+rating (no price on amazon.com list page),282
2026-07-09,amazon_us,US,B0B61XR4RF,"Wags & Wiggles Hypoallergenic Dog Wipes for Sensitive Skin, Fragrance-Free Waterless Cleansing Cloths for Paws, Face, and Dog",wags,dog,grooming,26,5.82,USD,4.4,7858,,,,,https://www.amazon.com/Wags-Wiggles-Hypoallergenic-Fragrance-FF22031/dp/B0B61XR4RF/ref=zg_bs_g_2975362011_d_sccl_28/141-1609880-8673648?psc=1,"https://images-na.ssl-images-amazon.com/images/I/613OMwueX1L._AC_UL300_SR300,200_.jpg",html_scrape,public_page_no_login,2026-07-09T17:46:55.889028,45.65,rank+rating (no price on amazon.com list page),283
2026-07-09,amazon_us,US,B01MYW7B8N,"Cesar Small Breed Dry Dog Food for Small Dogs, Filet Mignon Flavor and Spring Vegetables Garnish, 12 lb Bag",cesar,dog,dog_food,27,,USD,4.7,19604,,,,,https://www.amazon.com/Cesar-Mignon-Flavor-Vegetables-Garnish/dp/B01MYW7B8N/ref=zg_bs_g_2975359011_d_sccl_27/141-1609880-8673648?psc=1,"https://images-na.ssl-images-amazon.com/images/I/81h+OayNIAL._AC_UL300_SR300,200_.jpg",html_scrape,public_page_no_login,2026-07-09T17:46:55.889028,45.63,rank+rating (no price on amazon.com list page),284
2026-07-09,amazon_us,US,B09TDRRYJK,"Cat Cone Collar,Cute Waterproof Cat Recovery Collar,Anti-Bite Lick Wound Healing Safety Elizabethan e Collar for Cats,Purple",cat,cat,health_wellness,26,16.99,USD,4.5,6880,,,,,https://www.amazon.com/Waterproof-Recovery-Anti-Bite-Elizabethan-All-Season/dp/B09TDRRYJK/ref=zg_bs_g_2975276011_d_sccl_29/141-1609880-8673648?psc=1,"https://images-na.ssl-images-amazon.com/images/I/71Er0JkaQSL._AC_UL300_SR300,200_.jpg",html_scrape,public_page_no_login,2026-07-09T17:46:55.889028,45.48,rank+rating (no price on amazon.com list page),285
2026-07-09,amazon_us,US,B0FHHXHMM8,2 in 1 Dog Nail Clippers & Cat Nail Clippers Trimmers for Large Medium Small Dogs Cats Claw Trimmer Quick Sensor and Safety G,2,both,grooming,22,24.29,USD,4.4,814,,,,,https://www.amazon.com/Dog-Nail-Clippers-Cat-Rechargeable/dp/B0FHHXHMM8/ref=zg_bs_g_2975268011_d_sccl_28/141-1609880-8673648?psc=1,"https://images-na.ssl-images-amazon.com/images/I/71KylyfMv9L._AC_UL300_SR300,200_.jpg",html_scrape,public_page_no_login,2026-07-09T17:46:55.889028,45.24,rank+rating (no price on amazon.com list page),286
2026-07-09,amazon_us,US,B0BXSPKBQH,"Fashion's Talk Cat Mice Toy 18-Pack Plush Catnip-Filled Mice Toys for Indoor Cats - Realistic Design, 9 Assorted Colors, 2 of",fashions,cat,cat_toys,24,8.99,USD,4.7,1791,,,,,https://www.amazon.com/Fashions-Talk-18-Pack-Catnip-Filled-Indoor/dp/B0BXSPKBQH/ref=zg_bs_g_2975303011_d_sccl_28/141-1609880-8673648?psc=1,"https://images-na.ssl-images-amazon.com/images/I/81YmaOipfTL._AC_UL300_SR300,200_.jpg",html_scrape,public_page_no_login,2026-07-09T17:46:55.889028,45.02,rank+rating (no price on amazon.com list page),287
2026-07-09,amazon_us,US,B0000AH9W4,"Outward Hound Hedgehogz Stuffed Dog Toy – Soft Plush Hedgehog, Grunts & Squeaks, Medium, 9"" x 5"" x 6.5""",outward,dog,dog_toys,27,6.77,USD,4.4,28822,,,,,https://www.amazon.com/Outward-Hound-Kyjen-Hedgehogz-Squeak/dp/B0000AH9W4/ref=zg_bs_g_2975413011_d_sccl_28/141-1609880-8673648?psc=1,"https://images-na.ssl-images-amazon.com/images/I/91IwpLIJ76L._AC_UL300_SR300,200_.jpg",html_scrape,public_page_no_login,2026-07-09T17:46:55.889028,44.16,rank+rating (no price on amazon.com list page),288
2026-07-09,amazon_us,US,B0CSSRPTLT,"FUKUMARU Cat Scratcher Mat, 23.6 X 15.7 Inch Natural Sisal Cat Scratch Mats, Horizontal Cat Floor Scratching Pad Rug with Sti",fukumaru,cat,beds_accessories,27,11.79,USD,4.4,21558,,,,,https://www.amazon.com/FUKUMARU-Scratcher-Natural-Horizontal-Scratching/dp/B0CSSRPTLT/ref=zg_bs_g_2975243011_d_sccl_27/141-1609880-8673648?psc=1,"https://images-na.ssl-images-amazon.com/images/I/71RqPxMK7lL._AC_UL300_SR300,200_.jpg",html_scrape,public_page_no_login,2026-07-09T17:46:55.889028,44.16,rank+rating (no price on amazon.com list page),289
2026-07-09,amazon_us,US,B0DT7JLVJB,Voyager Escape-Proof Step-in Lock Cat Harness & 5ft Neoprene-Handle Leash Set All-Weather Mesh with Reflective Stitching for,voyager,cat,collars_leashes,24,12.79,USD,4.3,2205,,,,,https://www.amazon.com/Escape-Proof-Neoprene-Handle-Best-Pet-Supplies/dp/B0DT7JLVJB/ref=zg_bs_g_2975252011_d_sccl_25/141-1609880-8673648?psc=1,"https://images-na.ssl-images-amazon.com/images/I/71HVsTofA1L._AC_UL300_SR300,200_.jpg",html_scrape,public_page_no_login,2026-07-09T17:46:55.889028,43.6,rank+rating (no price on amazon.com list page),290
2026-07-09,amazon_us,US,B0D3H1P49N,"Elevated Dog Bed Raised Outdoor Dog Cot for Large Dogs, Installation Requires No Tools, Frame with Washable Cooling Breathabl",elevated,dog,beds_accessories,24,33.99,USD,4.4,1791,,,,,https://www.amazon.com/Elevated-Installation-Requires-Breathable-Anti-Slip/dp/B0D3H1P49N/ref=zg_bs_g_2975326011_d_sccl_26/141-1609880-8673648?psc=1,"https://images-na.ssl-images-amazon.com/images/I/81l40818g9L._AC_UL300_SR300,200_.jpg",html_scrape,public_page_no_login,2026-07-09T17:46:55.889028,43.55,rank+rating (no price on amazon.com list page),291
2026-07-09,amazon_us,US,B0BZNNN7H8,"BFPETHOME Orthopedic Dog Beds for Large Dogs-Waterproof Sofa Dog Bed with Removable Washable Cover, Big Pet Bed with Waterpro",bfpethome,dog,beds_accessories,26,26.9,USD,4.4,4976,,,,,https://www.amazon.com/BFPETHOME-Orthopedic-Dogs-Waterproof-Removable-Waterproof/dp/B0BZNNN7H8/ref=zg_bs_g_2975326011_d_sccl_28/141-1609880-8673648?psc=1,"https://images-na.ssl-images-amazon.com/images/I/71Glb77vr1L._AC_UL300_SR300,200_.jpg",html_scrape,public_page_no_login,2026-07-09T17:46:55.889028,43.54,rank+rating (no price on amazon.com list page),292
2026-07-09,amazon_us,US,B0018CFNB0,Purina Moist and Meaty Steak Flavor Soft Dog Food Pouches - 36 ct. Pouch,purina,dog,dog_food,28,,USD,4.6,15735,,,,,https://www.amazon.com/Purina-Moist-Meaty-Steak-Flavor/dp/B0018CFNB0/ref=zg_bs_g_2975359011_d_sccl_28/141-1609880-8673648?psc=1,"https://images-na.ssl-images-amazon.com/images/I/813jkeHKpBL._AC_UL300_SR300,200_.jpg",html_scrape,public_page_no_login,2026-07-09T17:46:55.889028,43.49,rank+rating (no price on amazon.com list page),293
2026-07-09,amazon_us,US,B099NVDSF4,"Hartz DuraPlay Ball Squeaky Latex Dog Toy, Neon Green, Neon Pink & Neon Orange, Large 3 Count Pack",hartz,dog,dog_toys,28,19.94,USD,4.6,13685,,,,,https://www.amazon.com/Hartz-DuraPlay-Squeaky-Latex-Large/dp/B099NVDSF4/ref=zg_bs_g_2975413011_d_sccl_29/141-1609880-8673648?psc=1,"https://images-na.ssl-images-amazon.com/images/I/512SbIz2CoL._AC_UL300_SR300,200_.jpg",html_scrape,public_page_no_login,2026-07-09T17:46:55.889028,43.49,rank+rating (no price on amazon.com list page),294
2026-07-09,amazon_us,US,B0B94Q3KPY,Cat Calming Treats for Anxiety Relief - Dual Texture Crunchy Creamy Calming Chews for Cats - Feline Stress Relief Behavior Su,cat,cat,health_wellness,25,15.99,USD,4.2,3777,,,,,https://www.amazon.com/PetHonesty-Calming-Chews-Cats-Behavioral/dp/B0B94Q3KPY/ref=zg_bs_g_2975276011_d_sccl_28/141-1609880-8673648?psc=1,"https://images-na.ssl-images-amazon.com/images/I/613OkfBWDkL._AC_UL300_SR300,200_.jpg",html_scrape,public_page_no_login,2026-07-09T17:46:55.889028,43.15,rank+rating (no price on amazon.com list page),295
2026-07-09,amazon_us,US,B0FKB97HXB,"Potaroma Cat Toys Pack of 2 with 6000mg A+ Organic Catnip, Soft Sisal Material Indoor Kitten Scratching and Kicker Toys, Driv",potaroma,cat,cat_toys,23,10.64,USD,4.3,821,,,,,https://www.amazon.com/Potaroma-Organic-Material-Scratching-Interactive/dp/B0FKB97HXB/ref=zg_bs_g_2975303011_d_sccl_26/141-1609880-8673648?psc=1,"https://images-na.ssl-images-amazon.com/images/I/81kaZ5fAYYL._AC_UL300_SR300,200_.jpg",html_scrape,public_page_no_login,2026-07-09T17:46:55.889028,43.11,rank+rating (no price on amazon.com list page),296
2026-07-09,amazon_us,US,B07WLTF386,"Flea and Tick Collar for Cats - Offers 12-Month Protection, Crafted with Premium Plant Oils, Waterproof, Natural, Safe for Ki",flea,cat,collars_leashes,26,23.84,USD,4.3,4958,,,,,https://www.amazon.com/ShengKou-Collar-Natural-Essential-Repels/dp/B07WLTF386/ref=zg_bs_g_2975252011_d_sccl_28/141-1609880-8673648?psc=1,"https://images-na.ssl-images-amazon.com/images/I/7114qBXoE5L._AC_UL300_SR300,200_.jpg",html_scrape,public_page_no_login,2026-07-09T17:46:55.889028,43.03,rank+rating (no price on amazon.com list page),297
2026-07-09,amazon_us,US,B00CVTRO48,"Burt’s Bees for Pets Tear Free Puppy Shampoo & Conditioner with Buttermilk, 2 in 1 Gentle Dog Shampoo for Puppies, Cleans and",burts,dog,grooming,28,6.12,USD,4.5,31256,,,,,https://www.amazon.com/Puppies-Naturally-Tearless-Conditioner-Buttermilk/dp/B00CVTRO48/ref=zg_bs_g_2975362011_d_sccl_30/141-1609880-8673648?psc=1,"https://images-na.ssl-images-amazon.com/images/I/61+H8x9211L._AC_UL300_SR300,200_.jpg",html_scrape,public_page_no_login,2026-07-09T17:46:55.889028,43.0,rank+rating (no price on amazon.com list page),298
2026-07-09,amazon_us,US,B0D4JP1WZX,"Cat Scratch Couch Furniture Protector, Self-Adhesive Cat Scratch Pad Deterrent for Furniture, DIY Climbing Cat Scratcher Couc",cat,cat,beds_accessories,24,14.99,USD,4.1,2486,,,,,https://www.amazon.com/Furniture-Protector-Deterrent-Scratching-39-3x15-8In/dp/B0D4JP1WZX/ref=zg_bs_g_2975243011_d_sccl_24/141-1609880-8673648?psc=1,"https://images-na.ssl-images-amazon.com/images/I/81OH+kmtYML._AC_UL300_SR300,200_.jpg",html_scrape,public_page_no_login,2026-07-09T17:46:55.889028,42.96,rank+rating (no price on amazon.com list page),299
2026-07-09,amazon_us,US,B0CYJFHJX4,"ULTIMATE PET NUTRITION Nutra Complete, 100% Freeze Dried Raw Veterinarian Formulated Dog Food with Antioxidants Prebiotics an",ultimate,dog,dog_food,25,,USD,4.4,2604,,,,,https://www.amazon.com/ULTIMATE-PET-NUTRITION-Veterinarian-Antioxidants/dp/B0CYJFHJX4/ref=zg_bs_g_2975359011_d_sccl_25/141-1609880-8673648?psc=1,"https://images-na.ssl-images-amazon.com/images/I/61DmuAUkWGL._AC_UL300_SR300,200_.jpg",html_scrape,public_page_no_login,2026-07-09T17:46:55.889028,42.91,rank+rating (no price on amazon.com list page),300
2026-07-09,amazon_us,US,B0CN3N4DNH,"MeoHui 31Pcs Cat Ball Toy Launcher Gun,Cat Balls Fetch Toy,30Pcs Plush Fuzzy Balls Launcher Cat Toy for Cats with 1 Gun,Funny",me-o,cat,cat_toys,25,10.96,USD,4.0,3753,,,,,https://www.amazon.com/31Pcs-Launcher-Interactive-Indoor-Kitten/dp/B0CN3N4DNH/ref=zg_bs_g_2975303011_d_sccl_29/141-1609880-8673648?psc=1,"https://images-na.ssl-images-amazon.com/images/I/81DcA+XVB9L._AC_UL300_SR300,200_.jpg",html_scrape,public_page_no_login,2026-07-09T17:46:55.889028,42.15,rank+rating (no price on amazon.com list page),301
2026-07-09,amazon_us,US,B003YUYFZO,"Vetoquinol Laxatone: Oral Hairball Lubricant Gel for Cats – Tuna-Flavored, 4.25oz",vetoquinol,cat,health_wellness,27,16.99,USD,4.4,4641,,,,,https://www.amazon.com/Vetoquinol-Laxatone-Hairball-Lubricant-Tuna-Flavored/dp/B003YUYFZO/ref=zg_bs_g_2975276011_d_sccl_30/141-1609880-8673648?psc=1,"https://images-na.ssl-images-amazon.com/images/I/51ckxE54wnL._AC_UL300_SR300,200_.jpg",html_scrape,public_page_no_login,2026-07-09T17:46:55.889028,41.61,rank+rating (no price on amazon.com list page),302
2026-07-09,amazon_us,US,B072J7R8R1,"Cesar Adult Wet Dog Food Steak Lovers Variety Pack with Real Meat, 3.5 oz. Easy Peel Trays, 36 Count (Pack of 1)",cesar,dog,dog_food,30,,USD,4.8,11399,,,,,https://www.amazon.com/CESAR-Adult-Steak-Lovers-Variety/dp/B072J7R8R1/ref=zg_bs_g_2975359011_d_sccl_30/141-1609880-8673648?psc=1,"https://images-na.ssl-images-amazon.com/images/I/81BRLePuS2L._AC_UL300_SR300,200_.jpg",html_scrape,public_page_no_login,2026-07-09T17:46:55.889028,41.17,rank+rating (no price on amazon.com list page),303
2026-07-09,amazon_us,US,B0DR6ZB775,"Giecooh Cat Collars for Boy Cats, 2 Pack Breakaway Cotton Kitten Collar with Bells and Removable Charms, Cute Dinosaurs Shape",giecooh,cat,collars_leashes,25,6.97,USD,4.6,673,,,,,https://www.amazon.com/Giecooh-Breakaway-Collars-Kittens-Dinosaur/dp/B0DR6ZB775/ref=zg_bs_g_2975252011_d_sccl_27/141-1609880-8673648?psc=1,"https://images-na.ssl-images-amazon.com/images/I/71-gAQsLLpL._AC_UL300_SR300,200_.jpg",html_scrape,public_page_no_login,2026-07-09T17:46:55.889028,40.97,rank+rating (no price on amazon.com list page),304
2026-07-09,amazon_us,US,B07PJFQBGR,"Sofisti-Cat Training Tape, Cat Tape for Furniture, Scratch Deterrent Keep Cats from Scratching Furniture with Our Double -Sid",sofisti-cat,cat,beds_accessories,29,9.99,USD,4.3,10054,,,,,https://www.amazon.com/Sofisti-Cat-Scratch-Deterrent-Tape-Double-Sided/dp/B07PJFQBGR/ref=zg_bs_g_2975243011_d_sccl_29/141-1609880-8673648?psc=1,"https://images-na.ssl-images-amazon.com/images/I/715M7K6f6YL._AC_UL300_SR300,200_.jpg",html_scrape,public_page_no_login,2026-07-09T17:46:55.889028,40.37,rank+rating (no price on amazon.com list page),305
2026-07-09,amazon_us,US,B0DG2W9JHV,"6PCS Grooming & Bath Supplies for Dogs, Cats | Dog Washing Gloves | Dog Bath Brush | Dog Shower Brush | Pet Grooming Gloves |",6pcs,both,grooming,27,9.89,USD,4.6,2322,,,,,https://www.amazon.com/Augwind-Grooming-Washing-Toothbrush-Supplies/dp/B0DG2W9JHV/ref=zg_bs_g_2975362011_d_sccl_29/141-1609880-8673648?psc=1,"https://images-na.ssl-images-amazon.com/images/I/81am2ltPa+L._AC_UL300_SR300,200_.jpg",html_scrape,public_page_no_login,2026-07-09T17:46:55.889028,40.26,rank+rating (no price on amazon.com list page),306
2026-07-09,amazon_us,US,B08S3564FL,"Asvin Small Dog Bed for Small Dogs, Cat Beds for Indoor Cats, Pet Bed for Puppy and Kitty, Extra Soft & Machine Washable with",asvin,both,beds_accessories,30,15.35,USD,4.5,8346,,,,,https://www.amazon.com/Asvin-Washable-Supplies-Anti-Slip-Water-Resistant/dp/B08S3564FL/ref=zg_bs_g_2975243011_d_sccl_30/141-1609880-8673648?psc=1,"https://images-na.ssl-images-amazon.com/images/I/71hnHogpQgL._AC_UL300_SR300,200_.jpg",html_scrape,public_page_no_login,2026-07-09T17:46:55.889028,39.7,rank+rating (no price on amazon.com list page),307
2026-07-09,amazon_us,US,B0DGXJWK9J,"SlowTon No Pull Dog Harness - Heavy Duty Dog Harness and Leash Set for Medium Large Dogs, Reflective Tactical Harness with So",slowton,dog,collars_leashes,25,23.99,USD,4.2,865,,,,,https://www.amazon.com/SlowTon-Pull-Dog-Harness-Reflective/dp/B0DGXJWK9J/ref=zg_bs_g_2975339011_d_sccl_30/141-1609880-8673648?psc=1,"https://images-na.ssl-images-amazon.com/images/I/71umyN0HLqL._AC_UL300_SR300,200_.jpg",html_scrape,public_page_no_login,2026-07-09T17:46:55.889028,39.41,rank+rating (no price on amazon.com list page),308
2026-07-09,amazon_us,US,B0DHMYK7JM,Cat Harness and Leash for Walking Escape Proof Soft Adjustable Cat Leash Breathable Comfortable Vest Easy to Wear Kitten Harn,cat,cat,collars_leashes,27,14.97,USD,4.4,2268,,,,,https://www.amazon.com/Cat-Adjustable-Breathable-Comfortable-Black/dp/B0DHMYK7JM/ref=zg_bs_g_2975252011_d_sccl_29/141-1609880-8673648?psc=1,"https://images-na.ssl-images-amazon.com/images/I/71n829ToegL._AC_UL300_SR300,200_.jpg",html_scrape,public_page_no_login,2026-07-09T17:46:55.889028,39.22,rank+rating (no price on amazon.com list page),309
2026-07-09,amazon_us,US,B0BML72176,"ANWA 32"" Tall Cat Scratching Posts for Indoor Cats, 3-in-1 Vertical Cat Scratching Post with Plush Toys, Premium Sisal Post f",anwa,cat,beds_accessories,28,19.99,USD,4.6,2681,,,,,https://www.amazon.com/ANWA-Scratching-Indoor-Premium-Reinforced/dp/B0BML72176/ref=zg_bs_g_2975243011_d_sccl_28/141-1609880-8673648?psc=1,"https://images-na.ssl-images-amazon.com/images/I/61Yep8sdb+L._AC_UL300_SR300,200_.jpg",html_scrape,public_page_no_login,2026-07-09T17:46:55.889028,39.03,rank+rating (no price on amazon.com list page),310
2026-07-09,amazon_us,US,B0FJRNXYP4,"Dgerp Cat Chew Ropes 4Pcs, Cat Toys for Indoor Cats with Refillable Natural Catnip, Safe Teeth Cleaning Chew Toys, Interactiv",dgerp,cat,cat_toys,26,7.97,USD,4.3,1246,,,,,https://www.amazon.com/Dgerp-Refillable-Natural-Cleaning-Interactive/dp/B0FJRNXYP4/ref=zg_bs_g_2975303011_d_sccl_30/141-1609880-8673648?psc=1,"https://images-na.ssl-images-amazon.com/images/I/71BP2B5d8FL._AC_UL300_SR300,200_.jpg",html_scrape,public_page_no_login,2026-07-09T17:46:55.889028,38.94,rank+rating (no price on amazon.com list page),311
2026-07-09,amazon_us,US,B0CRQXF25Q,"LEGEND SANDY Tough Dog Toys, Stuffed Chew Large Dog Toys to Keep Them Busy, Interactive Squeaky Tug of War Doggie Toy, Crinkl",legend,dog,dog_toys,29,16.99,USD,4.0,26949,,,,,https://www.amazon.com/LEGEND-SANDY-Aggressive-Interactive-Squeaky/dp/B0CRQXF25Q/ref=zg_bs_g_2975413011_d_sccl_30/141-1609880-8673648?psc=1,"https://images-na.ssl-images-amazon.com/images/I/71YmZURHVmL._AC_UL300_SR300,200_.jpg",html_scrape,public_page_no_login,2026-07-09T17:46:55.889028,38.9,rank+rating (no price on amazon.com list page),312
2026-07-09,amazon_us,US,B0CJ9YSS43,WOOF Pupsicle Refill Pops for Calming - Long-Lasting Refills for The Pupsicle Toy to Promote Calm - Calming Dog Treats - Magn,woof,dog,health_wellness,27,19.99,USD,4.3,2355,,,,,https://www.amazon.com/WOOF-Calming-Vitamin-Pops-Long-Lasting/dp/B0CJ9YSS43/ref=zg_bs_g_2975377011_d_sccl_30/141-1609880-8673648?psc=1,"https://images-na.ssl-images-amazon.com/images/I/71U9ZpN44dL._AC_UL300_SR300,200_.jpg",html_scrape,public_page_no_login,2026-07-09T17:46:55.889028,38.83,rank+rating (no price on amazon.com list page),313
2026-07-09,amazon_us,US,B09RGKNW38,"INSPECTOR TAIL Dog Cooling Mat, Indoor & Outdoor, Large Self Cooling Pad | No Freeze Needed, Breathable, Washable, Portable C",inspector,dog,beds_accessories,27,18.04,USD,4.1,2186,,,,,https://www.amazon.com/Inspector-Cooling-Washable-Portable-Outdoor/dp/B09RGKNW38/ref=zg_bs_g_2975326011_d_sccl_30/141-1609880-8673648?psc=1,"https://images-na.ssl-images-amazon.com/images/I/81X2R8XLsAL._AC_UL300_SR300,200_.jpg",html_scrape,public_page_no_login,2026-07-09T17:46:55.889028,37.64,rank+rating (no price on amazon.com list page),314
2026-07-09,amazon_us,US,B0DF5C191L,"Cat Harness and Leash for Walking, Cat Car Harness, Soft Adjustable Vest Harnesses for Cats, Easy Control Breathable Reflecti",cat,cat,collars_leashes,28,9.99,USD,4.2,931,,,,,https://www.amazon.com/Cat-Adjustable-Harnesses-Breathable-Reflective/dp/B0DF5C191L/ref=zg_bs_g_2975252011_d_sccl_30/141-1609880-8673648?psc=1,"https://images-na.ssl-images-amazon.com/images/I/71Bnx1TX-JL._AC_UL300_SR300,200_.jpg",html_scrape,public_page_no_login,2026-07-09T17:46:55.889028,34.59,rank+rating (no price on amazon.com list page),315
2026-07-09,amazon_us,US,B09PF8NJVS,"Nutrish Real Beef & Pumpkin Recipe Whole Health Blend Premium Paté Wet Dog Food, 13 oz. Can, 12 Count, Packaging May Vary (Ra",nutrish,dog,dog_food,29,,USD,4.4,1131,,,,,https://www.amazon.com/Rachael-Ray-Nutrish-Pumpkin-Ounce/dp/B09PF8NJVS/ref=zg_bs_g_2975359011_d_sccl_29/141-1609880-8673648?psc=1,"https://images-na.ssl-images-amazon.com/images/I/81jG8k0mU9L._AC_UL300_SR300,200_.jpg",html_scrape,public_page_no_login,2026-07-09T17:46:55.889028,34.28,rank+rating (no price on amazon.com list page),316
