snapshot_date,platform,platform_product_id,canonical_product_id,source_url,rank_context,rank_keyword,rank_position,sponsored_flag,price,mrp,discount_pct,rating,review_count,availability_status,seller_name,delivery_speed_bucket,crawl_status,source_connector,image_url,brand,canonical_title,category
2026-07-07,amazon_in,B0CFLRSTY6,95c2aaceea1669d4,https://www.amazon.in/Drools-Adult-Chicken-Chunks-Pouches/dp/B0CFLRSTY6/ref=zg_bs_g_4771395031_d_sccl_1/522-4724523-7365803?psc=1,bestseller,Dog Food,1,False,192.0,192.0,,4.3,9482.0,In Stock,,,ok,scrape,"https://images-eu.ssl-images-amazon.com/images/I/71t+v5devPL._AC_UL300_SR300,200_.jpg",drools,Drools Adult Wet Dog Food 0.9kg (150g x 6) Pack of 6 | Real Chicken and Chicken Liver Chunks in Gravy | Healthy Skin and Coat,dog_food
2026-07-07,amazon_in,B0849982T8,58cf71ebfe212a42,https://www.amazon.in/Pedigree-Adult-Chicken-Liver-Chunks/dp/B0849982T8/ref=zg_bs_g_4771395031_d_sccl_2/522-4724523-7365803?psc=1,bestseller,Dog Food,2,False,660.0,660.0,,4.4,11602.0,In Stock,,,ok,scrape,"https://images-eu.ssl-images-amazon.com/images/I/81sy2ka+J3L._AC_UL300_SR300,200_.jpg",pedigree,"Pedigree Adult Wet Dog Food, Chicken & Liver Chunks in Gravy, 70 g (Pack of 15), Complete & Balanced Meal for Adult Dogs",dog_food
2026-07-07,amazon_in,B00LHS8I3A,add3f10082cbb683,https://www.amazon.in/Pedigree-Adult-Food-Chicken-Vegetables/dp/B00LHS8I3A/ref=zg_bs_g_4771395031_d_sccl_3/522-4724523-7365803?psc=1,bestseller,Dog Food,3,False,653.0,653.0,,4.4,25208.0,In Stock,,,ok,scrape,"https://images-eu.ssl-images-amazon.com/images/I/712604bPj2L._AC_UL300_SR300,200_.jpg",pedigree,"Pedigree Adult Dry Dog Food, Chicken & Vegetables, 3 kg, Contains 37 Essential Nutrients, 100% Complete & Balanced Food for",dog_food
2026-07-07,amazon_in,B075WWBTYQ,bde6d74e3e0887be,https://www.amazon.in/Meat-Up-Adult-Food-Free/dp/B075WWBTYQ/ref=zg_bs_g_4771395031_d_sccl_4/522-4724523-7365803?psc=1,bestseller,Dog Food,4,False,764.0,764.0,,4.1,19275.0,In Stock,,,ok,scrape,"https://images-eu.ssl-images-amazon.com/images/I/71kKlDp-ADL._AC_UL300_SR300,200_.jpg",meat up,Meat Up Adult Dry Dog Food 6kg (3kg + 3kg) | Chicken Flavour | Glucosamine for Healthy Joints & Bones | Enriched with Vitamin,dog_food
2026-07-07,amazon_in,B0D5LXLB4N,7f0871dee6381c00,https://www.amazon.in/Drool-Adult-Chicken-Inside-Container/dp/B0D5LXLB4N/ref=zg_bs_g_4771395031_d_sccl_5/522-4724523-7365803?psc=1,bestseller,Dog Food,5,False,873.0,873.0,,4.3,15978.0,In Stock,,,ok,scrape,"https://images-eu.ssl-images-amazon.com/images/I/81n6YT1OYbL._AC_UL300_SR300,200_.jpg",drools,Drools Adult Dry Dog Food 5kg | Chicken & Egg Flavour | Omega 3 & 6 for Growth | Better Digestibility | Supports Joint Health,dog_food
2026-07-07,amazon_in,B079TTTWRX,bb287277677004f0,https://www.amazon.in/Purepet-Meat-Rice-Adult-10kg/dp/B079TTTWRX/ref=zg_bs_g_4771395031_d_sccl_6/522-4724523-7365803?psc=1,bestseller,Dog Food,6,False,1143.0,1143.0,,4.2,7348.0,In Stock,,,ok,scrape,"https://images-eu.ssl-images-amazon.com/images/I/61Qfvv9pM0L._AC_UL300_SR300,200_.jpg",purepet,Purepet Adult Dry Dog Food 10kg | Meat & Rice Flavour | Promotes Health & Vitality | Immune Support | Healthy Digestion,dog_food
2026-07-07,amazon_in,B019K89WTC,db6d8d4f422b7ec7,https://www.amazon.in/Drools-Optimum-Performance-Adult-Food/dp/B019K89WTC/ref=zg_bs_g_4771395031_d_sccl_7/522-4724523-7365803?psc=1,bestseller,Dog Food,7,False,1281.0,1281.0,,4.2,8653.0,In Stock,,,ok,scrape,"https://images-eu.ssl-images-amazon.com/images/I/716muWbBS5L._AC_UL300_SR300,200_.jpg",drools,Drools Adult Dry Dog Food 10kg | Chicken Flavour | Optimum Protein & Energy Ratio | High-Grade Protein with Vitamins & Minera,dog_food
2026-07-07,amazon_in,B0CP61Q4G7,c0a4d028062954a0,https://www.amazon.in/Drools-Puppy-Chicken-Liver-Chunks/dp/B0CP61Q4G7/ref=zg_bs_g_4771395031_d_sccl_8/522-4724523-7365803?psc=1,bestseller,Dog Food,8,False,198.0,198.0,,4.3,5965.0,In Stock,,,ok,scrape,"https://images-eu.ssl-images-amazon.com/images/I/71Fc3+zeBhL._AC_UL300_SR300,200_.jpg",drools,Drools Puppy Wet Dog Food 0.9kg (150g x 6 Packs) | Real Chicken & Chicken Liver Chunks in Gravy | Better Digestibility & Over,dog_food
2026-07-07,amazon_in,B00LHS8UTW,d8661caabfdb4bd9,https://www.amazon.in/Pedigree-Adult-Food-Meat-Rice/dp/B00LHS8UTW/ref=zg_bs_g_4771395031_d_sccl_9/522-4724523-7365803?psc=1,bestseller,Dog Food,9,False,609.0,609.0,,4.4,16777.0,In Stock,,,ok,scrape,"https://images-eu.ssl-images-amazon.com/images/I/71zbf-M0zAL._AC_UL300_SR300,200_.jpg",pedigree,"Pedigree Adult Dry Dog Food, Meat & Rice, 3 kg, Contains 37 Essential Nutrients, 100% Complete & Balanced Food for Adult Dogs",dog_food
2026-07-07,amazon_in,B00LHS8MX6,dc6e135a3460bfb1,https://www.amazon.in/Pedigree-Puppy-Food-Chicken-Milk/dp/B00LHS8MX6/ref=zg_bs_g_4771395031_d_sccl_11/522-4724523-7365803?psc=1,bestseller,Dog Food,10,False,689.0,689.0,,4.4,23006.0,In Stock,,,ok,scrape,"https://images-eu.ssl-images-amazon.com/images/I/71sxUT6SUIL._AC_UL300_SR300,200_.jpg",pedigree,"Pedigree Puppy Dry Dog Food, Chicken & Milk, 3 kg, Contains 37 Essential Nutrients, 100% Complete & Balanced Food for Puppies",dog_food
2026-07-07,amazon_in,B07VXQP56C,,https://www.amazon.in/Meat-Up-100-Adult-Food/dp/B07VXQP56C/ref=zg_bs_g_4771395031_d_sccl_12/522-4724523-7365803?psc=1,bestseller,Dog Food,11,False,1013.0,1013.0,,4.2,2140.0,In Stock,,,ok,scrape,"https://images-eu.ssl-images-amazon.com/images/I/71tF-9nY0xL._AC_UL300_SR300,200_.jpg",meat up,Meat Up Adult Dry Dog Food 6kg (3kg + 3kg) | 100% Vegetarian | Supports Healthy Skin & Beautiful Coat | Rich in Antioxidants,dog_food
2026-07-07,amazon_in,B00TIOQRPG,b78cf4954388d007,https://www.amazon.in/Chappi-Adult-Food-Chicken-Rice/dp/B00TIOQRPG/ref=zg_bs_g_4771395031_d_sccl_13/522-4724523-7365803?psc=1,bestseller,Dog Food,12,False,2542.0,2542.0,,4.3,4067.0,In Stock,,,ok,scrape,"https://images-eu.ssl-images-amazon.com/images/I/61znVoIonUL._AC_UL300_SR300,200_.jpg",chappi,"Chappi Adult (1+ Years) Dry Dog Food, Chicken & Rice, 20 kg, Complete and Balanced Food for Adult Dogs",dog_food
2026-07-07,amazon_in,B0F8MNW7Z1,e6b208e7662272f7,https://www.amazon.in/LICKICIOUS-Vegetable-Complete-Nutrition-Digestion/dp/B0F8MNW7Z1/ref=zg_bs_g_4771395031_d_sccl_14/522-4724523-7365803?psc=1,bestseller,Dog Food,13,False,1118.0,1118.0,,3.8,516.0,In Stock,,,ok,scrape,"https://images-eu.ssl-images-amazon.com/images/I/71Edsq9v8sL._AC_UL300_SR300,200_.jpg",pedigree,LICKICIOUS Optima Dry Dog Food Adult 10 KG | Chicken & Vegetable | Complete and Balanced Optimum Nutrition for Pedigree Dogs,dog_food
2026-07-07,amazon_in,B08499CRPF,6d204eae07ef1fe6,https://www.amazon.in/Pedigree-Puppy-Chicken-Chunks-Gravy/dp/B08499CRPF/ref=zg_bs_g_4771395031_d_sccl_15/522-4724523-7365803?psc=1,bestseller,Dog Food,14,False,588.0,588.0,,4.4,7301.0,In Stock,,,ok,scrape,"https://images-eu.ssl-images-amazon.com/images/I/81YnLlLye6L._AC_UL300_SR300,200_.jpg",pedigree,"Pedigree Wet Food for Puppy, Chicken Chunks in Gravy Flavour (Pack of 15 x 70g)",dog_food
2026-07-07,amazon_in,B07HBFY5VJ,206e2b256481fd49,https://www.amazon.in/Drools-Chicken-Puppy-Food-Free/dp/B07HBFY5VJ/ref=zg_bs_g_4771395031_d_sccl_16/522-4724523-7365803?psc=1,bestseller,Dog Food,15,False,732.0,732.0,,4.1,13819.0,In Stock,,,ok,scrape,"https://images-eu.ssl-images-amazon.com/images/I/616v6VY8tlL._AC_UL300_SR300,200_.jpg",drools,Drools Puppy Dry Dog Food 4.2kg (3kg + 1.2kg Free) | Chicken & Egg Flavour | Supports Active Behaviour | Digestive Health &,dog_food
2026-07-07,amazon_in,B005ZS7RHG,3d75e4f998314740,https://www.amazon.in/Supports-Weight-Management-Digestive-Health/dp/B005ZS7RHG/ref=zg_bs_g_4771395031_d_sccl_18/522-4724523-7365803?psc=1,bestseller,Dog Food,16,False,792.0,792.0,,4.4,8622.0,In Stock,,,ok,scrape,"https://images-eu.ssl-images-amazon.com/images/I/61G+GTJDvdL._AC_UL300_SR300,200_.jpg",royal canin,"Royal Canin Mini Adult Dog Food, Dry Food, Supports Weight Management & Digestive Health, Promotes overall development, 800 G",dog_food
2026-07-07,amazon_in,B0C6MKNMDJ,b71900d841717b1f,https://www.amazon.in/Vegetable-Promotes-Vitality-Digestion-Nutrient/dp/B0C6MKNMDJ/ref=zg_bs_g_4771395031_d_sccl_19/522-4724523-7365803?psc=1,bestseller,Dog Food,17,False,165.0,165.0,,4.4,1260.0,In Stock,,,ok,scrape,"https://images-eu.ssl-images-amazon.com/images/I/71bJQY-hwUL._AC_UL300_SR300,200_.jpg",purepet,Purepet Puppy Dry Dog Food 1kg | Chicken & Vegetable Flavour | Promotes Health & Vitality | Immune Support | Healthy Digestio,dog_food
2026-07-07,amazon_in,B005ZS7OUG,d0b77a034b067d23,https://www.amazon.in/Supports-Complex-Natural-Defence-digestive/dp/B005ZS7OUG/ref=zg_bs_g_4771395031_d_sccl_20/522-4724523-7365803?psc=1,bestseller,Dog Food,18,False,882.0,882.0,,4.4,9339.0,In Stock,,,ok,scrape,"https://images-eu.ssl-images-amazon.com/images/I/61EENt55NSL._AC_UL300_SR300,200_.jpg",royal canin,"Royal Canin Mini Puppy Food, Dry Food, Supports Complex Natural Defence & digestive health, Supports Immune System, 800 Grams",dog_food
2026-07-07,amazon_in,B09JP53HKQ,6ea4cb8e95b84277,https://www.amazon.in/Meat-Up-Rice-Adult-Food/dp/B09JP53HKQ/ref=zg_bs_g_4771395031_d_sccl_22/522-4724523-7365803?psc=1,bestseller,Dog Food,19,False,781.0,781.0,,4.2,2895.0,In Stock,,,ok,scrape,"https://images-eu.ssl-images-amazon.com/images/I/71APA8WWBiL._AC_UL300_SR300,200_.jpg",meat up,"Meat Up Meat and Rice Adult Dry Dog Food, Total 6 kg",dog_food
2026-07-07,amazon_in,B0CN38G41Z,4f6494cb33ee9003,https://www.amazon.in/Drools-Food-Lifestages-100-Vegetable/dp/B0CN38G41Z/ref=zg_bs_g_4771395031_d_sccl_23/522-4724523-7365803?psc=1,bestseller,Dog Food,20,False,637.0,637.0,,4.4,1049.0,In Stock,,,ok,scrape,"https://images-eu.ssl-images-amazon.com/images/I/71tQN3ZhOdL._AC_UL300_SR300,200_.jpg",drools,Drools Dry Dog Food All Life Stages 3kg | 100% Vegetarian Flavour | Supports Digestive Health | Strong Bones & Teeth | Boosts,dog_food
2026-07-07,amazon_in,B075PHPK27,f596740b15b7332c,https://www.amazon.in/Purepet-Adult-Food-Chicken-Vegetable/dp/B075PHPK27/ref=zg_bs_g_4771395031_d_sccl_24/522-4724523-7365803?psc=1,bestseller,Dog Food,21,False,2213.0,2213.0,,4.1,6883.0,In Stock,,,ok,scrape,"https://images-eu.ssl-images-amazon.com/images/I/61AvtB-QFYL._AC_UL300_SR300,200_.jpg",purepet,Purepet Adult Dry Dog Food 20kg | Chicken & Vegetable Flavour | Promotes Health & Vitality | Balanced Nutrition | Supports Di,dog_food
2026-07-07,amazon_in,B09K5VJ7S1,d3fbfa837c47fcb6,https://www.amazon.in/Pedigree-Complete-Balanced-Puppy-Vegetarian/dp/B09K5VJ7S1/ref=zg_bs_g_4771395031_d_sccl_25/522-4724523-7365803?psc=1,bestseller,Dog Food,22,False,740.0,740.0,,4.4,1587.0,In Stock,,,ok,scrape,"https://images-eu.ssl-images-amazon.com/images/I/71M1b3Oh15L._AC_UL300_SR300,200_.jpg",pedigree,"Pedigree Adult & Puppy Dry Dog Food, 100% Vegetarian, 2.8 kg, Contains 37 Essential Nutrients, 100% Complete & Balanced Food",dog_food
2026-07-07,amazon_in,B002G0MSZ2,d9305e280c8d786d,https://www.amazon.in/Supports-Immune-digestive-Provides-moderate/dp/B002G0MSZ2/ref=zg_bs_g_4771395031_d_sccl_26/522-4724523-7365803?psc=1,bestseller,Dog Food,23,False,3555.0,3555.0,,4.4,7306.0,In Stock,,,ok,scrape,"https://images-eu.ssl-images-amazon.com/images/I/612MYUWBWtL._AC_UL300_SR300,200_.jpg",royal canin,"Royal Canin Maxi Puppy Food, Dry Food, Supports Immune System & digestive health, Provides Long growth, moderate energy, 4 Kg",dog_food
2026-07-07,amazon_in,B0F5446LN6,5ca51acf774ebc75,https://www.amazon.in/Meat-Up-Chicken-Chunks-Pouches/dp/B0F5446LN6/ref=zg_bs_g_4771395031_d_sccl_27/522-4724523-7365803?psc=1,bestseller,Dog Food,24,False,294.0,294.0,,4.3,302.0,In Stock,,,ok,scrape,"https://images-eu.ssl-images-amazon.com/images/I/71D3y4SAyWL._AC_UL300_SR300,200_.jpg",meat up,Meat Up Adult Wet Dog Food (8 x 70g) 560g + 560g (Free) 1120g| Real Chicken in Gravy | Healthy Digestion | Promotes Health &,dog_food
2026-07-07,amazon_in,B07BWXP7CV,13a06c91569dc12a,https://www.amazon.in/Pedigree-Adult-Protein-Variant-Chicken/dp/B07BWXP7CV/ref=zg_bs_g_4771395031_d_sccl_28/522-4724523-7365803?psc=1,bestseller,Dog Food,25,False,711.0,711.0,,4.4,7541.0,In Stock,,,ok,scrape,"https://images-eu.ssl-images-amazon.com/images/I/71URClZOkQL._AC_UL300_SR300,200_.jpg",pedigree,"Pedigree Adult Dry Dog Food, Chicken, Egg & Rice, 3 kg, Contains 37 Essential Nutrients, 100% Complete & Balanced Food for Ad",dog_food
2026-07-07,amazon_in,B00197NBMC,6b2d62e1b431cdfe,https://www.amazon.in/Supports-Digestive-Optimal-Provides-Support/dp/B00197NBMC/ref=zg_bs_g_4771395031_d_sccl_29/522-4724523-7365803?psc=1,bestseller,Dog Food,26,False,3177.0,3177.0,,4.3,2506.0,In Stock,,,ok,scrape,"https://images-eu.ssl-images-amazon.com/images/I/61vi8Q36mBL._AC_UL300_SR300,200_.jpg",royal canin,"Royal Canin Maxi Adult Dog Food, Dry Food, Supports Digestive Health & Optimal Health, Provides Bone & Joint Support, 4 Kg",dog_food
2026-07-07,amazon_in,B0GGHC6SGN,ebd037b00ad4d782,https://www.amazon.in/Pedigree-Chicken-Complete-Balanced-Nutrition/dp/B0GGHC6SGN/ref=zg_bs_g_4771395031_d_sccl_30/522-4724523-7365803?psc=1,bestseller,Dog Food,27,False,239.0,239.0,,4.4,188.0,In Stock,,,ok,scrape,"https://images-eu.ssl-images-amazon.com/images/I/61ybWFhWjHL._AC_UL300_SR300,200_.jpg",pedigree,"Pedigree Adult Dry Dog Food, New Chicken Biryani Flavour, 1 kg, Protein of 4 Chicken Pieces, Vitamin D3 of 6 Eggs, Calcium of",dog_food
2026-07-07,amazon_in,B0BMGMP4N5,e919a52545d5b2a3,https://www.amazon.in/Purepet-Mackerel-Adult-Dry-Food/dp/B0BMGMP4N5/ref=zg_bs_g_4771382031_d_sccl_2/522-4724523-7365803?psc=1,bestseller,Cat Food,1,False,162.0,162.0,,4.4,4805.0,In Stock,,,ok,scrape,"https://images-eu.ssl-images-amazon.com/images/I/71VWZVE32iL._AC_UL300_SR300,200_.jpg",purepet,Purepet Adult Dry Cat Food 1kg | Mackerel Flavour | Hairball Protection | Heart Care with Taurine | Skin Health,cat_food
2026-07-07,amazon_in,B0BX3TZTFP,e69b9146a66459a3,https://www.amazon.in/Purepet-Tuna-Salmon-Adult-Cat/dp/B0BX3TZTFP/ref=zg_bs_g_4771382031_d_sccl_5/522-4724523-7365803?psc=1,bestseller,Cat Food,2,False,169.0,169.0,,4.4,5937.0,In Stock,,,ok,scrape,"https://images-eu.ssl-images-amazon.com/images/I/619YgJCkmhL._AC_UL300_SR300,200_.jpg",purepet,Purepet Adult Dry Cat Food 1kg | Tuna & Salmon Flavour | Hairball Protection | Heart Care with Taurine | Skin Health,cat_food
2026-07-07,amazon_in,B09JGL4CN5,9b68100f97efc4d0,https://www.amazon.in/Whiskas-Adult-Years-Flavour-Pouches/dp/B09JGL4CN5/ref=zg_bs_g_4771382031_d_sccl_6/522-4724523-7365803?psc=1,bestseller,Cat Food,3,False,574.0,574.0,,4.3,3074.0,In Stock,,,ok,scrape,"https://images-eu.ssl-images-amazon.com/images/I/813o99W+iKL._AC_UL300_SR300,200_.jpg",whiskas,"Whiskas Wet Cat Food for Adult Cats (1+Years), Tuna in Jelly Flavour, 80g (Pack of 14)",cat_food
2026-07-07,amazon_in,B0GHZ59Z9X,b6f9878b16cb975f,https://www.amazon.in/Drools-Hydration-Artificial-Essential-Antioxidants/dp/B0GHZ59Z9X/ref=zg_bs_g_4771382031_d_sccl_7/522-4724523-7365803?psc=1,bestseller,Cat Food,4,False,136.0,136.0,,4.4,100.0,In Stock,,,ok,scrape,"https://images-eu.ssl-images-amazon.com/images/I/619hl-E7WBL._AC_UL300_SR300,200_.jpg",drools,"Drools Adult Cat Wet Mousse 80g Pack of 5, 400g | Chicken Flavour | Rich in Protein | Promotes Hydration & Easy to Digest| No",cat_food
2026-07-07,amazon_in,B093ZT4QM7,e9b004ae560a5435,https://www.amazon.in/Whiskas-Hydrating-Complete-Balanced-Nutrition/dp/B093ZT4QM7/ref=zg_bs_g_4771382031_d_sccl_8/522-4724523-7365803?psc=1,bestseller,Cat Food,5,False,595.0,595.0,,4.3,3432.0,In Stock,,,ok,scrape,"https://images-eu.ssl-images-amazon.com/images/I/81izQ04uXHL._AC_UL300_SR300,200_.jpg",whiskas,"Whiskas Adult (1+ Years) Wet Cat Food, Chicken in Gravy, 80 g (Pack of 14), Hydrating Food Made With Real Chicken, 100% Compl",cat_food
2026-07-07,amazon_in,B09JGJYLPQ,50fa5b101138d1b4,https://www.amazon.in/Whiskas-Kittens-Chicken-Flavour-pouches/dp/B09JGJYLPQ/ref=zg_bs_g_4771382031_d_sccl_9/522-4724523-7365803?psc=1,bestseller,Cat Food,6,False,600.0,600.0,,4.4,3140.0,In Stock,,,ok,scrape,"https://images-eu.ssl-images-amazon.com/images/I/81O3vUMUvgL._AC_UL300_SR300,200_.jpg",whiskas,"Whiskas Junior Kitten (2-12 Months) Wet Cat Food, Chicken in Gravy, 80 g (Pack of 14), Hydrating Food Made With Real Chicken,",cat_food
2026-07-07,amazon_in,B0GHZCD4JD,4d0f03dfda288b19,https://www.amazon.in/Drools-Hydration-Artificial-Essential-Antioxidants/dp/B0GHZCD4JD/ref=zg_bs_g_4771382031_d_sccl_11/522-4724523-7365803?psc=1,bestseller,Cat Food,7,False,136.0,136.0,,4.1,115.0,In Stock,,,ok,scrape,"https://images-eu.ssl-images-amazon.com/images/I/61fHy2ZZasL._AC_UL300_SR300,200_.jpg",drools,"Drools Kitten Wet Mousse 80g Pack of 5, 400g | Salmon Flavour | Rich in Protein | Promotes Hydration & Easy to Digest | No Ar",cat_food
2026-07-07,amazon_in,B000T5N94A,a5b288b4b2b40e4b,https://www.amazon.in/Supports-Digestive-Reduction-Hairball-Formation/dp/B000T5N94A/ref=zg_bs_g_4771382031_d_sccl_14/522-4724523-7365803?psc=1,bestseller,Cat Food,8,False,2376.0,2376.0,,4.5,4259.0,In Stock,,,ok,scrape,"https://images-eu.ssl-images-amazon.com/images/I/61sHaP2sqBL._AC_UL300_SR300,200_.jpg",royal canin,"Royal Canin Persian Adult Food, Dry Food, Supports Healthy Growth & Long Hair, Digestive Health, and Reduction in Hairball Fo",cat_food
2026-07-07,amazon_in,B079ZLVRTQ,e0752c60d5d8ada4,https://www.amazon.in/Sheba-Premium-Flavour-High-moisture-hydration/dp/B079ZLVRTQ/ref=zg_bs_g_4771382031_d_sccl_15/522-4724523-7365803?psc=1,bestseller,Cat Food,9,False,543.0,543.0,,4.5,1432.0,In Stock,,,ok,scrape,"https://images-eu.ssl-images-amazon.com/images/I/719XFvYCy5L._AC_UL300_SR300,200_.jpg",sheba,"Sheba Rich Premium Adult (1+ Years) Wet Cat Food, Maguro & Bream Flavour, 35 g Pouch (Pack of 12), High-moisture wet food for",cat_food
2026-07-07,amazon_in,B07W5N6N6N,2dcc86dbf8dabdf5,https://www.amazon.in/Lets-Bite-Active-Kitten-Months/dp/B07W5N6N6N/ref=zg_bs_g_4771382031_d_sccl_16/522-4724523-7365803?psc=1,bestseller,Cat Food,10,False,169.0,169.0,,4.2,5524.0,In Stock,,,ok,scrape,"https://images-eu.ssl-images-amazon.com/images/I/61m5hSva+GL._AC_UL300_SR300,200_.jpg",lets,"Let's Bite Active Kitten Dry Cat Food, 400gm + 400gm, Total 800 g Pack",cat_food
2026-07-07,amazon_in,B005LA8RH2,8ce17da85a6ea694,https://www.amazon.in/Contains-Essential-Nutrients-Complete-Nutrition/dp/B005LA8RH2/ref=zg_bs_g_4771382031_d_sccl_17/522-4724523-7365803?psc=1,bestseller,Cat Food,11,False,978.0,978.0,,4.5,9284.0,In Stock,,,ok,scrape,"https://images-eu.ssl-images-amazon.com/images/I/81yapTGwJLL._AC_UL300_SR300,200_.jpg",whiskas,"Whiskas Adult (1+ Years) Dry Cat Food, Tuna Flavour, 3 kg, Contains 41 Essential Nutrients, Complete & Balanced Nutrition for",cat_food
2026-07-07,amazon_in,B0DHKQHR81,e76e1dcefed29fe8,https://www.amazon.in/Maxi-Tuna-Salmon-1-2Kg-Adult/dp/B0DHKQHR81/ref=zg_bs_g_4771382031_d_sccl_18/522-4724523-7365803?psc=1,bestseller,Cat Food,12,False,169.0,169.0,,4.2,1082.0,In Stock,,,ok,scrape,"https://images-eu.ssl-images-amazon.com/images/I/71CIXDG5gGL._AC_UL300_SR300,200_.jpg",maxi,"Maxi Tuna & Salmon Dry Cat Food 1.2Kg,Adult",cat_food
2026-07-07,amazon_in,B0CWPBMNSS,2fca0e5e293f1a99,https://www.amazon.in/Drools-Kitten-Mackerel-Flavour-Container/dp/B0CWPBMNSS/ref=zg_bs_g_4771382031_d_sccl_19/522-4724523-7365803?psc=1,bestseller,Cat Food,13,False,265.0,265.0,,4.2,1378.0,In Stock,,,ok,scrape,"https://images-eu.ssl-images-amazon.com/images/I/61QtTmZYaOL._AC_UL300_SR300,200_.jpg",drools,"Drools Kitten Dry Cat Food, Mackerel Flavour 1 kg with Free Container Pack",cat_food
2026-07-07,amazon_in,B0BMGN18G1,798bb9651ef79591,https://www.amazon.in/Purepet-Sea-Food-Adult-Cat/dp/B0BMGN18G1/ref=zg_bs_g_4771382031_d_sccl_22/522-4724523-7365803?psc=1,bestseller,Cat Food,14,False,849.0,849.0,,4.4,3144.0,In Stock,,,ok,scrape,"https://images-eu.ssl-images-amazon.com/images/I/71sXSnuTbwL._AC_UL300_SR300,200_.jpg",purepet,Purepet Adult Dry Cat Food 6kg | Seafood | Taurine for Heart Health | Skin & Coat Care | Controls Urinary pH | Hairball Prote,cat_food
2026-07-07,amazon_in,B000OLFXRK,d542711aa72094fa,https://www.amazon.in/Regular-Supports-Management-Optimal-Nutrient/dp/B000OLFXRK/ref=zg_bs_g_4771382031_d_sccl_29/522-4724523-7365803?psc=1,bestseller,Cat Food,15,False,1850.0,1850.0,,4.5,3049.0,In Stock,,,ok,scrape,"https://images-eu.ssl-images-amazon.com/images/I/61UhPmozh+L._AC_UL300_SR300,200_.jpg",royal canin,"Royal Canin Fit 32 Regular Powder Adult Cat Food, Dry Food, Supports Weight Management & Optimal Nutrient Profile,2 Kg",cat_food
2026-07-07,amazon_in,B002DQ4RKI,1611ce547f217fa3,https://www.amazon.in/Vitamins-Supports-Healthy-Proven-Results/dp/B002DQ4RKI/ref=zg_bs_g_4771382031_d_sccl_30/522-4724523-7365803?psc=1,bestseller,Cat Food,16,False,468.0,468.0,,4.6,2061.0,In Stock,,,ok,scrape,"https://images-eu.ssl-images-amazon.com/images/I/51zELrltO8L._AC_UL300_SR300,200_.jpg",royal canin,"Royal Canin Skin & Hair Care for Adult Cats, Dry Food with Added Amino Acids, Vitamins, and Omega 3 and 6, Supports Healthy S",cat_food
2026-07-07,amazon_in,B0BXLCTRZM,b53e24187c83b93a,https://www.amazon.in/Agirav-Puppy-Teething-Small-Medium/dp/B0BXLCTRZM/ref=zg_bs_g_4771401031_d_sccl_1/522-4724523-7365803?psc=1,bestseller,Dog Toys,1,False,239.0,239.0,,4.2,3582.0,In Stock,,,ok,scrape,"https://images-eu.ssl-images-amazon.com/images/I/71RM9OOMX-L._AC_UL300_SR300,200_.jpg",agirav,Agirav Tail Dog Toys + Dog Chew Toys + Puppy Teething Toys + Rope Dog Toy + Dog Toys for Small to Medium Dog Toys + Dog Toy P,dog_toys
2026-07-07,amazon_in,B0D67B89DX,5d7b1959445bf427,https://www.amazon.in/Agirav-Teething-Medium-Washable-Cotton/dp/B0D67B89DX/ref=zg_bs_g_4771401031_d_sccl_2/522-4724523-7365803?psc=1,bestseller,Dog Toys,2,False,299.0,299.0,,4.4,1113.0,In Stock,,,ok,scrape,"https://images-eu.ssl-images-amazon.com/images/I/91S5aESG1QL._AC_UL300_SR300,200_.jpg",agirav,"Agirav Dog and Puppy Toy Set - Chew, Teething, Rope, and Tug Toys for Small to Medium Dogs - Washable Cotton Pack of 12",dog_toys
2026-07-07,amazon_in,B0F13JYNHL,de720ebd0c1284ad,https://www.amazon.in/YellowCult-Interactive-Cat-Toys-Ball/dp/B0F13JYNHL/ref=zg_bs_g_4771401031_d_sccl_3/522-4724523-7365803?psc=1,bestseller,Dog Toys,3,False,149.0,149.0,,3.8,130.0,In Stock,,,ok,scrape,"https://images-eu.ssl-images-amazon.com/images/I/61Lf33ayodL._AC_UL300_SR300,200_.jpg",yellowcult,"YellowCult Interactive Cat Toys Ball – Smart Rolling LED Ball, Automatic & USB Rechargeable Motion Activate for Indoor Kitten",cat_toys
2026-07-07,amazon_in,B0B84SH7SN,8d9f47cc0c51e417,https://www.amazon.in/Foodie-Puppies-Squeaky-Prickle-Bone/dp/B0B84SH7SN/ref=zg_bs_g_4771401031_d_sccl_4/522-4724523-7365803?psc=1,bestseller,Dog Toys,4,False,149.0,149.0,,4.1,1933.0,In Stock,,,ok,scrape,"https://images-eu.ssl-images-amazon.com/images/I/617NApD-SoL._AC_UL300_SR300,200_.jpg",foodie,"Foodie Puppies Latex Rubber Squeaky Dog Chew Ball Toy - (Claw Ball, Small) Durable and Safe Fetch Teething Dog Toy for Puppie",dog_toys
2026-07-07,amazon_in,B0B63HVL63,983adbd6bca33322,https://www.amazon.in/Foodie-Puppies-Monkey-Plush-Toy/dp/B0B63HVL63/ref=zg_bs_g_4771401031_d_sccl_6/522-4724523-7365803?psc=1,bestseller,Dog Toys,5,False,399.0,399.0,,4.5,687.0,In Stock,,,ok,scrape,"https://images-eu.ssl-images-amazon.com/images/I/819CL1wacfL._AC_UL300_SR300,200_.jpg",foodie,"Foodie Puppies Monkey Crinkle Paper Rope Plush Toy for Dogs | Non-Toxic, Soft, Stuffed Interactive Cute Squeaky, Teething Rop",dog_toys
2026-07-07,amazon_in,B0CZ74JM7L,6b2f4ff4283c145d,https://www.amazon.in/Interactive-Puppies-Pet-Safe-Materials-Suitable/dp/B0CZ74JM7L/ref=zg_bs_g_4771401031_d_sccl_7/522-4724523-7365803?psc=1,bestseller,Dog Toys,6,False,519.0,519.0,,4.2,631.0,In Stock,,,ok,scrape,"https://images-eu.ssl-images-amazon.com/images/I/613lpZQvnSL._AC_UL300_SR300,200_.jpg",amazon basics,amazon basics Interactive Sound Ball Toy for Dogs and Puppies| Fun Squeaky Sounds | Pet-Safe Materials| Suitable for All Dog,dog_toys
2026-07-07,amazon_in,B07167PTD2,2799465362834118,https://www.amazon.in/Goofy-Tails-Squeak-Chain-Green/dp/B07167PTD2/ref=zg_bs_g_4771401031_d_sccl_8/522-4724523-7365803?psc=1,bestseller,Dog Toys,7,False,211.0,211.0,,4.2,1984.0,In Stock,,,ok,scrape,"https://images-eu.ssl-images-amazon.com/images/I/61LRn-FyVNL._AC_UL300_SR300,200_.jpg",goofy,"Goofy Tails Dog Ball Toy, Hard Squeaky Rubber Ball Toys for Dogs, Dog Chew Toy, Squeaky Toys for Dogs (Blue/Green/Orange)",dog_toys
2026-07-07,amazon_in,B09PDFPRJW,25f778b56aebc635,https://www.amazon.in/Foodie-Puppies-Interactive-Teething-Training/dp/B09PDFPRJW/ref=zg_bs_g_4771401031_d_sccl_9/522-4724523-7365803?psc=1,bestseller,Dog Toys,8,False,170.0,170.0,,4.4,117.0,In Stock,,,ok,scrape,"https://images-eu.ssl-images-amazon.com/images/I/71PDSBEm3fL._AC_UL300_SR300,200_.jpg",foodie,Foodie Puppies Interactive Durable Cotton Rope Toys for Dog Chew Teething Training Playing Combo Toys for Puppies (Cotton Bal,dog_toys
2026-07-07,amazon_in,B0F3HZQFX1,a20685ef2526d997,https://www.amazon.in/HIK-FASHION-Interactive-Rechargeable-Stimulation/dp/B0F3HZQFX1/ref=zg_bs_g_4771401031_d_sccl_10/522-4724523-7365803?psc=1,bestseller,Dog Toys,9,False,128.0,128.0,,3.7,195.0,In Stock,,,ok,scrape,"https://images-eu.ssl-images-amazon.com/images/I/61SUqplD0UL._AC_UL300_SR300,200_.jpg",hik,HIK FASHION Interactive Electric Automatic Rolling Moving Rechargeable Self Play Stimulation Toy for Cats and Small Dogs - Sm,dog_toys
2026-07-07,amazon_in,B076DJBKYZ,d15ece73feb7156c,https://www.amazon.in/Foodie-Puppies-Rubber-Spike-Medium/dp/B076DJBKYZ/ref=zg_bs_g_4771401031_d_sccl_11/522-4724523-7365803?psc=1,bestseller,Dog Toys,10,False,140.0,140.0,,4.3,1744.0,In Stock,,,ok,scrape,"https://images-eu.ssl-images-amazon.com/images/I/817UzL+QmSL._AC_UL300_SR300,200_.jpg",foodie,"Foodie Puppies Natural Rubber Spike Ball - 2.8inch/ 7cm | Suitable for Small to Medium Dogs and Puppies | Chewing, Teething,",dog_toys
2026-07-07,amazon_in,B0B6RMG8QV,14146f75e2e31723,https://www.amazon.in/Foodie-Puppies-Squeaky-Green-Monkey/dp/B0B6RMG8QV/ref=zg_bs_g_4771401031_d_sccl_12/522-4724523-7365803?psc=1,bestseller,Dog Toys,11,False,260.0,260.0,,4.3,900.0,In Stock,,,ok,scrape,"https://images-eu.ssl-images-amazon.com/images/I/61K34JMHgmL._AC_UL300_SR300,200_.jpg",foodie,"Foodie Puppies Interactive Latex Squeaky Chew Dog Toy - (Green Monkey, 20cm) | Small to Medium Dogs & Puppies | Durable, Rubb",dog_toys
2026-07-07,amazon_in,B07YY9M6HJ,a0581c257c6d9ea7,https://www.amazon.in/BarkButler-Aly-Gator-Reinforced-Non-Toxic/dp/B07YY9M6HJ/ref=zg_bs_g_4771401031_d_sccl_14/522-4724523-7365803?psc=1,bestseller,Dog Toys,12,False,719.0,719.0,,4.2,1918.0,In Stock,,,ok,scrape,"https://images-eu.ssl-images-amazon.com/images/I/81th9m7QvrL._AC_UL300_SR300,200_.jpg",barkbutler,"BarkButler Aly The Gator Plush Dog Toy - Soft & Squeaky Toys for Dogs, Dog Toys for Large Dogs (5-30kgs) - Green",dog_toys
2026-07-07,amazon_in,B0871V9RD4,97b2fcbc9426d6b8,https://www.amazon.in/Joansan-Interactive-Dispenser-Training-Digestion/dp/B0871V9RD4/ref=zg_bs_g_4771401031_d_sccl_15/522-4724523-7365803?psc=1,bestseller,Dog Toys,13,False,258.0,258.0,,3.8,5541.0,In Stock,,,ok,scrape,"https://images-eu.ssl-images-amazon.com/images/I/616oqwwS34L._AC_UL300_SR300,200_.jpg",joansan,"Joansan Dog Puzzle Toys, Interactive Treat Dispenser for Puppy and Cats Training and Playing, Slow Feeder to Aid Pets Digesti",dog_food
2026-07-07,amazon_in,B0BG5FZL7L,725fcf983f9e2d96,https://www.amazon.in/Goofy-Tails-Coffee-Wood-Aggressive/dp/B0BG5FZL7L/ref=zg_bs_g_4771401031_d_sccl_16/522-4724523-7365803?psc=1,bestseller,Dog Toys,14,False,264.0,264.0,,3.6,428.0,In Stock,,,ok,scrape,"https://images-eu.ssl-images-amazon.com/images/I/61tMcr+bd6L._AC_UL300_SR300,200_.jpg",goofy,"Goofy Tails Coffee Wood Dog Chew Toy | Splinter-Free, Caffeine-Free Natural Dog Dental Stick | Safe Puppy Toy | Chew Toys for",dog_toys
2026-07-07,amazon_in,B0G1MSF42G,551b120a2f76b3a9,https://www.amazon.in/Petbabas-Squeaky-Interactive-Training-Teething/dp/B0G1MSF42G/ref=zg_bs_g_4771401031_d_sccl_17/522-4724523-7365803?psc=1,bestseller,Dog Toys,15,False,114.0,114.0,,3.4,68.0,In Stock,,,ok,scrape,"https://images-eu.ssl-images-amazon.com/images/I/61Y2bTBw-YL._AC_UL300_SR300,200_.jpg",petbabas,Petbabas Squeaky Rubber Chicken Dog Toy | Durable Funny Interactive Chew Toy | Loud Squeaky Sound and Stress Relief for Dogs,dog_toys
2026-07-07,amazon_in,B0BX9Z12MN,08f1eed13190fcd3,https://www.amazon.in/Goofy-Tails-Buddies-Sandwich-Crinkle/dp/B0BX9Z12MN/ref=zg_bs_g_4771401031_d_sccl_18/522-4724523-7365803?psc=1,bestseller,Dog Toys,16,False,281.0,281.0,,4.4,229.0,In Stock,,,ok,scrape,"https://images-eu.ssl-images-amazon.com/images/I/618kHJwPjEL._AC_UL300_SR300,200_.jpg",goofy,"Goofy Tails Food Buddies Sandwich Plush Dog Toy | Light Chewers | Plush Toy | Soft Dog Toys for Puppy | Crinkle, Squeaky, Sof",dog_food
2026-07-07,amazon_in,B0CLY2379K,077390e34de6ffa9,https://www.amazon.in/Foodie-Puppies-Natural-Rubber-Squeaky/dp/B0CLY2379K/ref=zg_bs_g_4771401031_d_sccl_19/522-4724523-7365803?psc=1,bestseller,Dog Toys,17,False,470.0,470.0,,4.4,375.0,In Stock,,,ok,scrape,"https://images-eu.ssl-images-amazon.com/images/I/71MirRTXtQL._AC_UL300_SR300,200_.jpg",foodie,"Foodie Puppies Latex Squeaky Dog Toys Combo - (Purple Elephant and Blue Duck) Animal Design, Fetch & Chew Safe Play Toy | Sui",dog_toys
2026-07-07,amazon_in,B0DT1CG6WS,10a57bed93bf9431,https://www.amazon.in/Foodie-Puppies-Interactive-Plush-Toy/dp/B0DT1CG6WS/ref=zg_bs_g_4771401031_d_sccl_20/522-4724523-7365803?psc=1,bestseller,Dog Toys,18,False,280.0,280.0,,4.4,96.0,In Stock,,,ok,scrape,"https://images-eu.ssl-images-amazon.com/images/I/71v28+inJWL._AC_UL300_SR300,200_.jpg",foodie,"Foodie Puppies Interactive Dog Squeaky Plush Toy - (Blue Swan) | Durable Crinkle Papered, Cotton Stuffed Chew Toy for Teethin",dog_toys
2026-07-07,amazon_in,B09FQ5Q846,79650e0d8f34a577,https://www.amazon.in/PSK-PET-MART-Aggressive-Interactive/dp/B09FQ5Q846/ref=zg_bs_g_4771401031_d_sccl_21/522-4724523-7365803?psc=1,bestseller,Dog Toys,19,False,198.0,198.0,,4.3,758.0,In Stock,,,ok,scrape,"https://images-eu.ssl-images-amazon.com/images/I/61t009wfLWL._AC_UL300_SR300,200_.jpg",psk,PSK PET MART Large Dog Rope Toys for Aggressive Chewers - Cotton Rope Dog Chew Toys for Tug of War and Training,dog_toys
2026-07-07,amazon_in,B0F67BZ64G,51ce0c18827d0660,https://www.amazon.in/CTN-Enterprise-Cat-Toys-Ball/dp/B0F67BZ64G/ref=zg_bs_g_4771401031_d_sccl_22/522-4724523-7365803?psc=1,bestseller,Dog Toys,20,False,259.0,259.0,,3.4,176.0,In Stock,,,ok,scrape,"https://images-eu.ssl-images-amazon.com/images/I/61LMiBQqlPL._AC_UL300_SR300,200_.jpg",ctn,"CTN Enterprise Cat Toys Ball – Smart Rolling LED Ball, Automatic & USB Rechargeable Motion Activate for Indoor Kitten Puppy D",cat_toys
2026-07-07,amazon_in,B09H4VJN6Y,d8b45ccdb7f458ce,https://www.amazon.in/Puppy-Spike-Cotton-Combo-Color/dp/B09H4VJN6Y/ref=zg_bs_g_4771401031_d_sccl_23/522-4724523-7365803?psc=1,bestseller,Dog Toys,21,False,239.0,239.0,,4.3,1701.0,In Stock,,,ok,scrape,"https://images-eu.ssl-images-amazon.com/images/I/71EwM691FXL._AC_UL300_SR300,200_.jpg",agirav,"Agirav Dog Rope Toys + Chew Toys, Combo Pack of 7 (Color May Vary)",dog_toys
2026-07-07,amazon_in,B0CNZVK8N5,df77a31dd3c327c8,https://www.amazon.in/Foodie-Puppies-Combo-Ball-Elephant/dp/B0CNZVK8N5/ref=zg_bs_g_4771401031_d_sccl_24/522-4724523-7365803?psc=1,bestseller,Dog Toys,22,False,370.0,370.0,,4.4,484.0,In Stock,,,ok,scrape,"https://images-eu.ssl-images-amazon.com/images/I/61JVAZtRPCL._AC_UL300_SR300,200_.jpg",foodie,Foodie Puppies 2in1 Combo of Latex Squeaky Sound Chew Toy - (Blue Bull and Claw Ball) for Small Dogs & Puppies | Interactive,dog_toys
2026-07-07,amazon_in,B0CLZT4DTZ,964b7005bf421c3e,https://www.amazon.in/Agirav-Puppy-Teething-Medium-Squeaky/dp/B0CLZT4DTZ/ref=zg_bs_g_4771401031_d_sccl_25/522-4724523-7365803?psc=1,bestseller,Dog Toys,23,False,239.0,239.0,,4.2,371.0,In Stock,,,ok,scrape,"https://images-eu.ssl-images-amazon.com/images/I/71pMlUwe9aL._AC_UL300_SR300,200_.jpg",agirav,"Agirav Dog Toy Set - Tail, Chew, Puppy Teething, Rope, Squeaky Toys for Small to Medium Dogs (Pack of 6)",dog_toys
2026-07-07,amazon_in,B0D5RGK2P4,b53e24187c83b93a,https://www.amazon.in/Agirav-Teething-Medium-Washable-Cotton/dp/B0D5RGK2P4/ref=zg_bs_g_4771401031_d_sccl_26/522-4724523-7365803?psc=1,bestseller,Dog Toys,24,False,399.0,399.0,,4.2,381.0,In Stock,,,ok,scrape,"https://images-eu.ssl-images-amazon.com/images/I/81Ajjmz3RAL._AC_UL300_SR300,200_.jpg",agirav,Agirav Tail Dog Toys + Dog Chew Toys + Puppy Teething Toys + Rope Dog Toy + Dog Toys for Small to Medium Dog Toys + Dog Toy P,dog_toys
2026-07-07,amazon_in,B08978YWDQ,78c5049d24d6f9c6,https://www.amazon.in/Goofy-Tails-Veggie-Bites-Carrot-Squeaky/dp/B08978YWDQ/ref=zg_bs_g_4771401031_d_sccl_27/522-4724523-7365803?psc=1,bestseller,Dog Toys,25,False,233.0,233.0,,4.2,411.0,In Stock,,,ok,scrape,"https://images-eu.ssl-images-amazon.com/images/I/61WXO+uqjyL._AC_UL300_SR300,200_.jpg",goofy,"Goofy Tails Dog Toys, Veggie Series Carrot Squeaky Chew Toys for Dogs & Puppies, Squeaky Toys for Dogs, Small & Medium Breeds",dog_toys
2026-07-07,amazon_in,B07YYMMNDZ,,https://www.amazon.in/Foodie-Puppies-Non-Toxic-Interactive-Training/dp/B07YYMMNDZ/ref=zg_bs_g_4771401031_d_sccl_29/522-4724523-7365803?psc=1,bestseller,Dog Toys,26,False,349.0,349.0,,4.3,900.0,In Stock,,,ok,scrape,"https://images-eu.ssl-images-amazon.com/images/I/71jwoFx3FVL._AC_UL300_SR300,200_.jpg",foodie,"Foodie Puppies Interactive Latex Squeaky Chew Toy for Small to Medium Dogs (Teeth Rugby - Large) | Durable, Non-Toxic, Soft,",dog_toys
2026-07-07,amazon_in,B0B6RFQ7BB,905350d31d15010c,https://www.amazon.in/Foodie-Puppies-Squeaky-Toy-Separation/dp/B0B6RFQ7BB/ref=zg_bs_g_4771401031_d_sccl_30/522-4724523-7365803?psc=1,bestseller,Dog Toys,27,False,249.0,249.0,,4.2,1037.0,In Stock,,,ok,scrape,"https://images-eu.ssl-images-amazon.com/images/I/618k2QpZjeL._AC_UL300_SR300,200_.jpg",foodie,"Foodie Puppies Natural Latex Rubber Squeaky Chew Toy - (Purple Elephant, 12cm), Suitable for Puppy, X-Small to Small Dogs | D",dog_toys
2026-07-07,amazon_in,B0DWLM8KYB,71dca16800ec2bd2,https://www.amazon.in/Agirav-Elastic-Interactive-Activated-Ultra-Fast/dp/B0DWLM8KYB/ref=zg_bs_g_4771387031_d_sccl_1/522-4724523-7365803?psc=1,bestseller,Cat Toys,1,False,189.0,189.0,,3.4,302.0,In Stock,,,ok,scrape,"https://images-eu.ssl-images-amazon.com/images/I/31WBAa7bh5L._AC_UL300_SR300,200_.jpg",agirav,"Agirav Tails Cat Toys,Agile Moving Ball with Elastic Mesh Tail,Interactive Cat Toy for Indoor Cats,Motion Activated,Ultra-Fas",cat_toys
2026-07-07,amazon_in,B07YTTHSFV,57e5475a25a1d699,https://www.amazon.in/Foodie-Puppies-Playing-Feather-Interactive/dp/B07YTTHSFV/ref=zg_bs_g_4771387031_d_sccl_3/522-4724523-7365803?psc=1,bestseller,Cat Toys,2,False,149.0,149.0,,4.0,1427.0,In Stock,,,ok,scrape,"https://images-eu.ssl-images-amazon.com/images/I/61uS1ezu43L._AC_UL300_SR300,200_.jpg",foodie,"Foodie Puppies Cat Teaser Playing Stick Wooden Cat Wand Toy for Cats and Kittens - (Mouse-Bell - 40cm), Interactive Feather T",cat_toys
2026-07-07,amazon_in,B07X2WNZ8W,8c3a120810e87085,https://www.amazon.in/Pawzone-Interactive-Roller-Spring-Exercise/dp/B07X2WNZ8W/ref=zg_bs_g_4771387031_d_sccl_4/522-4724523-7365803?psc=1,bestseller,Cat Toys,3,False,263.0,263.0,,4.0,8920.0,In Stock,,,ok,scrape,"https://images-eu.ssl-images-amazon.com/images/I/71C2Gt6x38L._AC_UL300_SR300,200_.jpg",pawzone,"Pawzone Interactive Cat Toys Roller, Spring Cat Toys with Catnip, Kitten Tracks, Pet Toy with Moving Balls Teaser Mouse Exerc",cat_toys
2026-07-07,amazon_in,B0D3VBB7P5,a24c90637d63e702,https://www.amazon.in/Foodie-Puppies-Toy-Laser-Light/dp/B0D3VBB7P5/ref=zg_bs_g_4771387031_d_sccl_6/522-4724523-7365803?psc=1,bestseller,Cat Toys,4,False,451.0,451.0,,4.2,314.0,In Stock,,,ok,scrape,"https://images-eu.ssl-images-amazon.com/images/I/61YP5yytwtL._AC_UL300_SR300,200_.jpg",foodie,Foodie Puppies 3 in 1 USB Laser Pointer Cat Teasing Toy with 5 Adjustable Patterns I Pet Chaser Tease Stick Pointer Toys for,cat_toys
2026-07-07,amazon_in,B07HRV7HKM,612e82eb08a4bbd6,https://www.amazon.in/Feather-Retractable-Refills-Interactive-Exercise/dp/B07HRV7HKM/ref=zg_bs_g_4771387031_d_sccl_7/522-4724523-7365803?psc=1,bestseller,Cat Toys,5,False,399.0,399.0,,4.5,13986.0,In Stock,,,ok,scrape,"https://images-eu.ssl-images-amazon.com/images/I/61YvOkRTp5L._AC_UL300_SR300,200_.jpg",jiaron,"JIARON Feather Teaser Cat Toy, 2PCS Retractable Wand & 10PCS Replacement Feathers, Interactive Cat Catcher & Exercise for Kit",cat_toys
2026-07-07,amazon_in,B08957MT2B,00cb1d5066510c21,https://www.amazon.in/Foodie-Puppies-Exercises-Satisfy-Instinct/dp/B08957MT2B/ref=zg_bs_g_4771387031_d_sccl_8/522-4724523-7365803?psc=1,bestseller,Cat Toys,6,False,270.0,270.0,,4.0,1454.0,In Stock,,,ok,scrape,"https://images-eu.ssl-images-amazon.com/images/I/61eLykKOMmL._AC_UL300_SR300,200_.jpg",foodie,Foodie Puppies Cat Happy Circle with Ball Bell and Feather Mouse Attached for Cats and Kittens (Color May Vary) | Interactive,cat_toys
2026-07-07,amazon_in,B08W34HMF7,905e35260771e112,https://www.amazon.in/Foodie-Puppies-Interactive-Foldable-Hanging/dp/B08W34HMF7/ref=zg_bs_g_4771387031_d_sccl_9/522-4724523-7365803?psc=1,bestseller,Cat Toys,7,False,499.0,499.0,,4.4,328.0,In Stock,,,ok,scrape,"https://images-eu.ssl-images-amazon.com/images/I/71aPwXyE28L._AC_UL300_SR300,200_.jpg",foodie,"Foodie Puppies Interactive Lightweight Foldable T-Shape Tube Hiding Tunnel with Hanging Ball - Perfect for Small Cats, Kitten",cat_toys
2026-07-07,amazon_in,B0GXDPLT3F,323ae91a4d78b6ce,https://www.amazon.in/Pawbabas-Launcher-Shooting-Interactive-Training/dp/B0GXDPLT3F/ref=zg_bs_g_4771387031_d_sccl_10/522-4724523-7365803?psc=1,bestseller,Cat Toys,8,False,299.0,299.0,,5.0,4.0,In Stock,,,ok,scrape,"https://images-eu.ssl-images-amazon.com/images/I/71mOxph8LJL._AC_UL300_SR300,200_.jpg",pawbabas,Pawbabas Cat Ball Launcher | Launcher with Soft Plush Balls Silent Smart Play Toy Shooting Toy Funny Interactive Cat Toys for,cat_toys
2026-07-07,amazon_in,B0BQBDD7ZB,bb84be2be0919223,https://www.amazon.in/RvPaws-Mouse-Toy-Realistic-Polyfill/dp/B0BQBDD7ZB/ref=zg_bs_g_4771387031_d_sccl_11/522-4724523-7365803?psc=1,bestseller,Cat Toys,9,False,262.0,262.0,,4.0,508.0,In Stock,,,ok,scrape,"https://images-eu.ssl-images-amazon.com/images/I/71jajvVicTL._AC_UL300_SR300,200_.jpg",rvpaws,RvPaws Mouse Toy - 6 Pieces Cats Mouse Plush Cat Toys Realistic Cute Kitten Mice Filled Polyfill Rat for Cat,cat_toys
2026-07-07,amazon_in,B0CCXG2LCL,5bd2689576e48481,https://www.amazon.in/Fixable-Interactive-Suction-Elastic-Kittens/dp/B0CCXG2LCL/ref=zg_bs_g_4771387031_d_sccl_12/522-4724523-7365803?psc=1,bestseller,Cat Toys,10,False,257.0,257.0,,3.9,915.0,In Stock,,,ok,scrape,"https://images-eu.ssl-images-amazon.com/images/I/51mTv4RO3kL._AC_UL300_SR300,200_.jpg",qpets,"Qpets Cat Toys for Persian Cat, Interactive Cats Teaser Wand Toys for Kitten with Bell & Feather, Sticky Suction Cup Base El",cat_toys
2026-07-07,amazon_in,B0BL74JZWF,411bf411f2ef341f,https://www.amazon.in/Qpets%C2%AE-Retractable-Feather-Interactive-Exercise/dp/B0BL74JZWF/ref=zg_bs_g_4771387031_d_sccl_13/522-4724523-7365803?psc=1,bestseller,Cat Toys,11,False,524.0,524.0,,4.3,118.0,In Stock,,,ok,scrape,"https://images-eu.ssl-images-amazon.com/images/I/61VX2hT1NOL._AC_UL300_SR300,200_.jpg",qpets,"Qpets Cat Teaser Toy,11 Pcs Cats Toys Set with 2 Retractable Teaser Wand & 5 Feather Teaser & 4 Worm Teaser for Kitten to Pl",cat_toys
2026-07-07,amazon_in,B0FX9ZHS2R,5ad9947c2b397164,https://www.amazon.in/Foodie-Puppies-Cat-Tunnel-Slither/dp/B0FX9ZHS2R/ref=zg_bs_g_4771387031_d_sccl_15/522-4724523-7365803?psc=1,bestseller,Cat Toys,12,False,490.0,490.0,,4.7,7.0,In Stock,,,ok,scrape,"https://images-eu.ssl-images-amazon.com/images/I/71X7ypHMwxL._AC_UL300_SR300,200_.jpg",foodie,Foodie Puppies Colorful Cat Tunnel Toy for Indoor Cats (Slither Tunnel) | Foldable Interactive Play Tunnel with Peek Hole & H,cat_toys
2026-07-07,amazon_in,B09X29KMWB,8569a75da212a39f,https://www.amazon.in/Sunkizzrs%C2%AE-Cat-Toys-Interactive-Retractable/dp/B09X29KMWB/ref=zg_bs_g_4771387031_d_sccl_16/522-4724523-7365803?psc=1,bestseller,Cat Toys,13,False,299.0,299.0,,4.1,171.0,In Stock,,,ok,scrape,"https://images-eu.ssl-images-amazon.com/images/I/71qhW3MptBL._AC_UL300_SR300,200_.jpg",sunkizzrs,Sunkizzrs Cat Toys - Interactive Toy Set with Retractable Teaser Wands and Feather Toys - Activity Toys to Exercise Cats and,cat_toys
2026-07-07,amazon_in,B0CZTWK5T3,4683b39d3824b51c,https://www.amazon.in/BarkButler-FOFOS-Cat-Toys-Accessories/dp/B0CZTWK5T3/ref=zg_bs_g_4771387031_d_sccl_18/522-4724523-7365803?psc=1,bestseller,Cat Toys,14,False,330.0,330.0,,4.2,733.0,In Stock,,,ok,scrape,"https://images-eu.ssl-images-amazon.com/images/I/71W9h5S6ivL._AC_UL300_SR300,200_.jpg",barkbutler,BarkButler x FOFOS Retractable Cat Worm Teaser - Interactive Cat Toys with Catnip - Cat Teaser Toy Set - Multicoloured,cat_toys
2026-07-07,amazon_in,B09ZFRZ7LW,500dbd6a61b4f5aa,https://www.amazon.in/Chasing-Interactive-Checking-Illumination-Patterns/dp/B09ZFRZ7LW/ref=zg_bs_g_4771387031_d_sccl_19/522-4724523-7365803?psc=1,bestseller,Cat Toys,15,False,458.0,458.0,,4.2,595.0,In Stock,,,ok,scrape,"https://images-eu.ssl-images-amazon.com/images/I/51M026isFkL._AC_UL300_SR300,200_.jpg",qpets,"Qpets Cat Chasing Toy, USB Laser Pointer for Chasing Interactive Cat Toy 3 in 1 Laser Pen Checking Cat Skin/White Light Illu",cat_toys
2026-07-07,amazon_in,B0CVV3DXPL,4f9c372ed87e9992,https://www.amazon.in/Foodie-Puppies-Interactive-Cat-Teasing/dp/B0CVV3DXPL/ref=zg_bs_g_4771387031_d_sccl_20/522-4724523-7365803?psc=1,bestseller,Cat Toys,16,False,150.0,150.0,,4.2,331.0,In Stock,,,ok,scrape,"https://images-eu.ssl-images-amazon.com/images/I/719matslUUL._AC_UL300_SR300,200_.jpg",foodie,Foodie Puppies Interactive Cat Teasing Wand - (Rattle Ball Teaser) for Cats and Kittens | Wooden Teaser with Stringed Feather,cat_toys
2026-07-07,amazon_in,B0FP2CFJY9,f491518641b7c519,https://www.amazon.in/Aeenioy-Hanging-Interactive-Playing-Feathers/dp/B0FP2CFJY9/ref=zg_bs_g_4771387031_d_sccl_21/522-4724523-7365803?psc=1,bestseller,Cat Toys,17,False,299.0,299.0,,4.0,34.0,In Stock,,,ok,scrape,"https://images-eu.ssl-images-amazon.com/images/I/61DcyU9AsFL._AC_UL300_SR300,200_.jpg",aeenioy,"Aeenioy Cat Toys, Hanging Spring Toys for Cats, Interactive Cat Playing Toy with Feathers and Crinkle Paper, Kitten Toys for",cat_toys
2026-07-07,amazon_in,B0FX523DS6,37704ef13b083e8a,https://www.amazon.in/Foodie-Puppies-Interactive-Spring-Colorful/dp/B0FX523DS6/ref=zg_bs_g_4771387031_d_sccl_22/522-4724523-7365803?psc=1,bestseller,Cat Toys,18,False,99.0,99.0,,3.6,87.0,In Stock,,,ok,scrape,"https://images-eu.ssl-images-amazon.com/images/I/81eWrd0T92L._AC_UL300_SR300,200_.jpg",foodie,"Foodie Puppies Interactive Plastic Coil Spring Cat Toys (Pack of 5) for Cats & Kittens | Colorful, Flexible Toys for Indoor P",cat_toys
2026-07-07,amazon_in,B0DX6Z4MRD,a08ca9da60adb1bd,https://www.amazon.in/MDM-HUB-Interactive-Rolling-Multicolor/dp/B0DX6Z4MRD/ref=zg_bs_g_4771387031_d_sccl_23/522-4724523-7365803?psc=1,bestseller,Cat Toys,19,False,129.0,129.0,,3.8,121.0,In Stock,,,ok,scrape,"https://images-eu.ssl-images-amazon.com/images/I/61MuKq3GQCL._AC_UL300_SR300,200_.jpg",mdm,"MDM HUB Interactive Cat Ball Toy with Rope Tail, Smart Rolling Ball for Indoor Cats and Dogs (Multicolor)",cat_toys
2026-07-07,amazon_in,B0GY99F8TT,238baa1cab14589e,https://www.amazon.in/Sunkizzrs%C2%AE-Silvervine-Stick-Matatabi-Interactive/dp/B0GY99F8TT/ref=zg_bs_g_4771387031_d_sccl_24/522-4724523-7365803?psc=1,bestseller,Cat Toys,20,False,299.0,299.0,,4.0,125.0,In Stock,,,ok,scrape,"https://images-eu.ssl-images-amazon.com/images/I/71xvtqzz68L._AC_UL300_SR300,200_.jpg",sunkizzrs,Sunkizzrs Silvervine Stick 3-Pcs (Φ1 x 21cm) with Sisal Rope & Gall Fruit & Raffia Palm —Matatabi Stick for Cat Teeth Cleani,cat_food
2026-07-07,amazon_in,B0GLNYGXRV,54bf2e870ac37022,https://www.amazon.in/Kapiance-Toy-Interactives-Automatic-Pet/dp/B0GLNYGXRV/ref=zg_bs_g_4771387031_d_sccl_25/522-4724523-7365803?psc=1,bestseller,Cat Toys,21,False,205.0,205.0,,5.0,6.0,In Stock,,,ok,scrape,"https://images-eu.ssl-images-amazon.com/images/I/61kY9EygIdL._AC_UL300_SR300,200_.jpg",kapiance,"Kapiance Rolings Toy, Interactives Toy Electric 360° Smart Automatic Rollings Pet Balls Interactives Rollings for Cat and Dog",cat_toys
2026-07-07,amazon_in,B0FHH3MY6Z,3407d3c09e888d71,https://www.amazon.in/Kipenzi-Colorful-Lightweight-fillable-Non-Squeaky/dp/B0FHH3MY6Z/ref=zg_bs_g_4771387031_d_sccl_26/522-4724523-7365803?psc=1,bestseller,Cat Toys,22,False,376.0,376.0,,4.1,18.0,In Stock,,,ok,scrape,"https://images-eu.ssl-images-amazon.com/images/I/61DWAhYIplL._AC_UL300_SR300,200_.jpg",kipenzi,"Kipenzi Cat Kicker Plush Toy Set for Cats & Kittens | Soft, Colorful & Lightweight Toys with Catnip fillable Pocket | Non-Squ",cat_toys
2026-07-07,amazon_in,B0GVS76CLW,310e6299c27168c9,https://www.amazon.in/HIK-FASHION-Interactive-Automatic-Light-Up/dp/B0GVS76CLW/ref=zg_bs_g_4771387031_d_sccl_27/522-4724523-7365803?psc=1,bestseller,Cat Toys,23,False,218.0,218.0,,3.7,195.0,In Stock,,,ok,scrape,"https://images-eu.ssl-images-amazon.com/images/I/51HTQsf31VL._AC_UL300_SR300,200_.jpg",hik,HIK FASHION Interactive Cat Toy for Indoor Cats | Automatic Moving Mouse Toy with Light-Up Tail | Smart Electric Chasing Toy,cat_toys
2026-07-07,amazon_in,B0FH1FCHT1,d3e83b3da72bc13e,https://www.amazon.in/Electric-Colorful-Caterpillar-Detachable-Adhesive/dp/B0FH1FCHT1/ref=zg_bs_g_4771387031_d_sccl_28/522-4724523-7365803?psc=1,bestseller,Cat Toys,24,False,632.0,632.0,,3.4,19.0,In Stock,,,ok,scrape,"https://images-eu.ssl-images-amazon.com/images/I/51lOs9yhYVL._AC_UL300_SR300,200_.jpg",qpets,"Qpets USB Cat Toy Electric Jumping Colorful Caterpillar Feather Teaser Toy, Detachable Door Hanging with Self Adhesive Backi",cat_toys
2026-07-07,amazon_in,B0FCVXYL7X,0af5967e320000d2,https://www.amazon.in/Interactive-Cat-Toy-Ball-Rechargeable/dp/B0FCVXYL7X/ref=zg_bs_g_4771387031_d_sccl_29/522-4724523-7365803?psc=1,bestseller,Cat Toys,25,False,279.0,279.0,,4.0,78.0,In Stock,,,ok,scrape,"https://images-eu.ssl-images-amazon.com/images/I/61kIXP6zi6L._AC_UL300_SR300,200_.jpg",interactive,Interactive Cat Toy – Smart Toys for Cats & Kittens – Toy for Indoor Play – Pet Toy for Exercise (Orange),cat_toys
2026-07-07,amazon_in,B073RVF88P,909baaf3b2d579aa,https://www.amazon.in/Himalaya-Improves-Irritation-Eucalyptus-Effective/dp/B073RVF88P/ref=zg_bs_g_4771396031_d_sccl_1/522-4724523-7365803?psc=1,bestseller,Pet Grooming,1,False,235.0,235.0,,4.4,4893.0,In Stock,,,ok,scrape,"https://images-eu.ssl-images-amazon.com/images/I/51UYPTXkUhL._AC_UL300_SR300,200_.jpg",himalaya,Himalaya Erina-EP Shampoo | 200 ml | Tick & Flea Control for Dogs & Cats | with Neem & Eucalyptus for Skin Health & Hygiene,grooming
2026-07-07,amazon_in,B0DBHWMFVW,1219ecab1e794b00,https://www.amazon.in/PET-Grooming-Anti-Bacterial-Cleansing-Deodorising/dp/B0DBHWMFVW/ref=zg_bs_g_4771396031_d_sccl_2/522-4724523-7365803?psc=1,bestseller,Pet Grooming,2,False,273.0,273.0,,4.4,910.0,In Stock,,,ok,scrape,"https://images-eu.ssl-images-amazon.com/images/I/81xU7fjrNcL._AC_UL300_SR300,200_.jpg",p,"P for PET Grooming Wet Wipes 300 Count(Pack of 3) for Dogs, Cats & All Pets | Purified Water, Glycerin |Anti-Bacterial|Cleans",grooming
2026-07-07,amazon_in,B0CBX4MPG5,a494d3878faa0518,https://www.amazon.in/Anti-Fungal-Antibacterial-Antiseptic-Balanced-Cleansing/dp/B0CBX4MPG5/ref=zg_bs_g_4771396031_d_sccl_3/522-4724523-7365803?psc=1,bestseller,Pet Grooming,3,False,439.0,439.0,,4.2,2821.0,In Stock,,,ok,scrape,"https://images-eu.ssl-images-amazon.com/images/I/61Isgz9RKoL._AC_UL300_SR300,200_.jpg",pil,"Pil Neem Plus Herbal Pet Shampoo 1000ml | Puppy Safe | Anti-Fungal, Anti-Ticks and Fleas, Antibacterial, Antiseptic & pH Bala",grooming
2026-07-07,amazon_in,B0B6SQX234,ef7b0db1ac5361e7,https://www.amazon.in/Foodie-Puppies-Lint-Roller-Furniture/dp/B0B6SQX234/ref=zg_bs_g_4771396031_d_sccl_4/522-4724523-7365803?psc=1,bestseller,Pet Grooming,4,False,299.0,299.0,,4.4,1816.0,In Stock,,,ok,scrape,"https://images-eu.ssl-images-amazon.com/images/I/81rIyUb9UAL._AC_UL300_SR300,200_.jpg",foodie,"Foodie Puppies Pet Hair Remover Lint Roller with Handle and 4 Refills (300 Sheets), Hair Remover for Dogs and Cats, Ideal for",grooming
2026-07-07,amazon_in,B0B34TC2ZM,d160a5a9a90a9811,https://www.amazon.in/PUPPEE-Biodegradable-Anti-Bacterial-Hypoallergic-Deodorising/dp/B0B34TC2ZM/ref=zg_bs_g_4771396031_d_sccl_5/522-4724523-7365803?psc=1,bestseller,Pet Grooming,5,False,189.0,189.0,,4.5,3008.0,In Stock,,,ok,scrape,"https://images-eu.ssl-images-amazon.com/images/I/71dDrG6kN-L._AC_UL300_SR300,200_.jpg",puppee,"PUPPEE Wipe ME 100% Biodegradable 96 Count (Pack of 2) Wet Wipes for Dogs, Cats & All Pets | Lavender Essential, Vitamin E &",grooming
2026-07-07,amazon_in,B0CV55MWXK,9588280d571bc15b,https://www.amazon.in/Cleaning-Slicker-Grooming-Suitable-Rectangular/dp/B0CV55MWXK/ref=zg_bs_g_4771396031_d_sccl_6/522-4724523-7365803?psc=1,bestseller,Pet Grooming,6,False,239.0,239.0,,4.1,1950.0,In Stock,,,ok,scrape,"https://images-eu.ssl-images-amazon.com/images/I/71iWJiqLLLL._AC_UL300_SR300,200_.jpg",amazon basics,Amazon Basics Self Cleaning Slicker Pet Grooming Brush | Dogs and Cats | Rectangular Shape | Blue,grooming
2026-07-07,amazon_in,B08FJ655HL,debc663b6bca1033,https://www.amazon.in/Depets-Cleaning-Slicker-Grooming-Shedding/dp/B08FJ655HL/ref=zg_bs_g_4771396031_d_sccl_7/522-4724523-7365803?psc=1,bestseller,Pet Grooming,7,False,149.0,149.0,,4.3,20680.0,In Stock,,,ok,scrape,"https://images-eu.ssl-images-amazon.com/images/I/61qjyzM3+BL._AC_UL300_SR300,200_.jpg",depets,"Depets Self Cleaning Slicker Brush, Pet Grooming Shedding Brush for Dogs and Cats - Easy to Remove Loose Undercoat, Pet Massa",grooming
2026-07-07,amazon_in,B0CVXSS7H5,787f970e59342fd6,https://www.amazon.in/Bscly-Neem-Herbal-Shampoo-1000Ml/dp/B0CVXSS7H5/ref=zg_bs_g_4771396031_d_sccl_9/522-4724523-7365803?psc=1,bestseller,Pet Grooming,8,False,388.0,388.0,,4.2,1022.0,In Stock,,,ok,scrape,"https://images-eu.ssl-images-amazon.com/images/I/51pEe4CvsUL._AC_UL300_SR300,200_.jpg",bscly,"Bscly Neem Dog Shampoo 1000ml | Anti Tick & Flea Shampoo for Dogs | Neem, Aloe & Coconut Oil | Dog Shampoo for Itchy Skin, Ha",grooming
2026-07-07,amazon_in,B09XMWR6TH,e1ef5555ef1eb1ea,https://www.amazon.in/SOFTSPUN-Microfiber-Ultra-Soft-Ultra-Absorbent-Quickly/dp/B09XMWR6TH/ref=zg_bs_g_4771396031_d_sccl_10/522-4724523-7365803?psc=1,bestseller,Pet Grooming,9,False,299.0,299.0,,4.5,834.0,In Stock,,,ok,scrape,"https://images-eu.ssl-images-amazon.com/images/I/71H5Z7R5ErL._AC_UL300_SR300,200_.jpg",softspun,"SOFTSPUN Microfiber Pet Towel 60x120 cms 1pcs 380gsm Grey! Ultra-Soft, Ultra-Absorbent for Drying Small & Medium Dogs & Cats",grooming
2026-07-07,amazon_in,B088PWQ9XB,7b1c90bb3f019a50,https://www.amazon.in/Foodie-Puppies-Wipes-Fresh-Apple/dp/B088PWQ9XB/ref=zg_bs_g_4771396031_d_sccl_11/522-4724523-7365803?psc=1,bestseller,Pet Grooming,10,False,249.0,249.0,,4.3,3412.0,In Stock,,,ok,scrape,"https://images-eu.ssl-images-amazon.com/images/I/71yoToG61DL._AC_UL300_SR300,200_.jpg",foodie,"Foodie Puppies Anti-Bacterial 200 Pulls Pet Wet Wipes (Fresh Apple) - 100 Wipes (Pack of 2) | Grooming Wipes for Dogs, Puppie",grooming
2026-07-07,amazon_in,B00P7PR4F2,96295cd96058dcf5,https://www.amazon.in/Himalaya-Erina-Coat-Cleanser-450/dp/B00P7PR4F2/ref=zg_bs_g_4771396031_d_sccl_12/522-4724523-7365803?psc=1,bestseller,Pet Grooming,11,False,407.0,407.0,,4.3,3114.0,In Stock,,,ok,scrape,"https://images-eu.ssl-images-amazon.com/images/I/41c1RwLGEDL._AC_UL300_SR300,200_.jpg",himalaya,Himalaya Erina Coat Cleanser | 450 ml | Routine Bathing & Skin Hygiene | With Neem for Dandruff & Itch Relief,grooming
2026-07-07,amazon_in,B08CRT4H12,311349c9ec90f770,https://www.amazon.in/Foodie-Puppies-Professional-Clipper-Grooming/dp/B08CRT4H12/ref=zg_bs_g_4771396031_d_sccl_13/522-4724523-7365803?psc=1,bestseller,Pet Grooming,12,False,220.0,220.0,,4.2,3438.0,In Stock,,,ok,scrape,"https://images-eu.ssl-images-amazon.com/images/I/71qWU0WwbLL._AC_UL300_SR300,200_.jpg",foodie,"Foodie Puppies Professional Animal Nail Cutter Clipper Trimmer Filer (Nail Clipper - Large) for Small, Medium, and Large Dogs",grooming
2026-07-07,amazon_in,B075GQFB2M,edf5bafc7347b6ac,https://www.amazon.in/Himalaya-Erina-EP-Shampoo-500-ml/dp/B075GQFB2M/ref=zg_bs_g_4771396031_d_sccl_14/522-4724523-7365803?psc=1,bestseller,Pet Grooming,13,False,468.0,468.0,,4.3,3214.0,In Stock,,,ok,scrape,"https://images-eu.ssl-images-amazon.com/images/I/51zri3uL0WL._AC_UL300_SR300,200_.jpg",himalaya,Himalaya Erina-EP Shampoo | 450 ml | Tick & Flea Control for Dogs & Cats | With Neem & Eucalyptus for Skin Health & Hygiene,grooming
2026-07-07,amazon_in,B0B1X2XGTP,2fcdba57c3d0dfe9,https://www.amazon.in/Foodie-Puppies-Cleaning-Slicker-Grooming/dp/B0B1X2XGTP/ref=zg_bs_g_4771396031_d_sccl_15/522-4724523-7365803?psc=1,bestseller,Pet Grooming,14,False,145.0,145.0,,4.2,681.0,In Stock,,,ok,scrape,"https://images-eu.ssl-images-amazon.com/images/I/61HJSSdQNOL._AC_UL300_SR300,200_.jpg",foodie,"Foodie Puppies Self Cleaning Slicker, Pet Grooming Shedding Brush for Dogs and Cats (Push to Clean Slicker, Oval) - Easy to R",grooming
2026-07-07,amazon_in,B09D3F52F1,6c9999a56cf89aeb,https://www.amazon.in/AMORITE-Anti-Bacterial-Count-Wipes-Puppies/dp/B09D3F52F1/ref=zg_bs_g_4771396031_d_sccl_16/522-4724523-7365803?psc=1,bestseller,Pet Grooming,15,False,187.0,187.0,,4.4,1000.0,In Stock,,,ok,scrape,"https://images-eu.ssl-images-amazon.com/images/I/714+F1Nxq1L._AC_UL300_SR300,200_.jpg",amorite,"AMORITE Anti-Bacterial 160 Count Pet Wipes with Fresh Apple Scent for Dogs, Puppies & Pets (Pack of 2) Suitable for All Types",grooming
2026-07-07,amazon_in,B0DFM6F221,4af2f3649f510274,https://www.amazon.in/Mcbazel-Waterproof-Trimmer-Clipper-Rechargeable/dp/B0DFM6F221/ref=zg_bs_g_4771396031_d_sccl_17/522-4724523-7365803?psc=1,bestseller,Pet Grooming,16,False,383.0,383.0,,4.4,2611.0,In Stock,,,ok,scrape,"https://images-eu.ssl-images-amazon.com/images/I/61Cs8agXLuL._AC_UL300_SR300,200_.jpg",mcbazel,"Mcbazel Pet Razor, Waterproof Paw Hair Trimmer, Cat Clipper, Low Noise Dog Shaver, Rechargeable Paw Cutter with LED Light for",grooming
2026-07-07,amazon_in,B08FSPMSKB,9287695e85233ee3,https://www.amazon.in/Grooming-Deshedding-Undercoat-Dematting-Removing/dp/B08FSPMSKB/ref=zg_bs_g_4771396031_d_sccl_18/522-4724523-7365803?psc=1,bestseller,Pet Grooming,17,False,490.0,490.0,,4.4,9008.0,In Stock,,,ok,scrape,"https://images-eu.ssl-images-amazon.com/images/I/81Sc7-abS+L._AC_UL300_SR300,200_.jpg",malsipree,"MalsiPree Pet Grooming Brush For Dogs/Cats,2 In 1 Deshedding Tool & Undercoat Rake Dematting Comb For Mats,Reduces Shedding B",grooming
2026-07-07,amazon_in,B0C5RW4WQ3,1ca57493ee2cf66a,https://www.amazon.in/Dematting-Comb-Pet-Hair-Deshedding/dp/B0C5RW4WQ3/ref=zg_bs_g_4771396031_d_sccl_19/522-4724523-7365803?psc=1,bestseller,Pet Grooming,18,False,279.0,279.0,,4.4,366.0,In Stock,,,ok,scrape,"https://images-eu.ssl-images-amazon.com/images/I/71hNrybzE4L._AC_UL300_SR300,200_.jpg",judee,"JUDEE Dematting Comb for Dog and Cat, Pet Grooming Rake and Brushes for Small, Medium Large Hair Double Sided Deshedding Tool",grooming
2026-07-07,amazon_in,B0BVMRR6CL,ca0d39d6190354bd,https://www.amazon.in/Pomeranian-Rottweiler-Shepherd-Retriever-Medicated/dp/B0BVMRR6CL/ref=zg_bs_g_4771396031_d_sccl_20/522-4724523-7365803?psc=1,bestseller,Pet Grooming,19,False,472.0,472.0,,4.3,1289.0,In Stock,,,ok,scrape,"https://images-eu.ssl-images-amazon.com/images/I/61LvEw61QYL._AC_UL300_SR300,200_.jpg",pil,"Pil Tick & Flea Dog Shampoo 1000ml | Ditch to Itch Dog Shampoo for Pomeranian, Puppy, Rottweiler Adult, German Shepherd, Labr",grooming
2026-07-07,amazon_in,B0CG1T8J5B,ad394f883cee64c0,https://www.amazon.in/Foodie-Puppies-Brush-Scrubber-Dispenser/dp/B0CG1T8J5B/ref=zg_bs_g_4771396031_d_sccl_22/522-4724523-7365803?psc=1,bestseller,Pet Grooming,20,False,111.0,111.0,,3.9,630.0,In Stock,,,ok,scrape,"https://images-eu.ssl-images-amazon.com/images/I/61f3dfO3naL._AC_UL300_SR300,200_.jpg",foodie,Foodie Puppies Dog Bath Brush Body Scrubber Shampoo Dispenser Tick Remover - (Silicone Dispenser Brush) for Shower Bathing an,grooming
2026-07-07,amazon_in,B0CK6ZVYT2,438dee759a97e898,https://www.amazon.in/Agirav-Professional-Clipper-Trimmer-Grooming/dp/B0CK6ZVYT2/ref=zg_bs_g_4771396031_d_sccl_23/522-4724523-7365803?psc=1,bestseller,Pet Grooming,21,False,169.0,169.0,,4.1,1029.0,In Stock,,,ok,scrape,"https://images-eu.ssl-images-amazon.com/images/I/61oJ7Q+BOaL._AC_UL300_SR300,200_.jpg",agirav,"Agirav Professional Animal Nail Cutter Clipper Trimmer Filer (Large) for Small, Medium and Large Dogs, Puppies, Cats and Kitt",grooming
2026-07-07,amazon_in,B0FNML66D9,3eeeb0a347767459,https://www.amazon.in/Electrostatic-Hair-Remover-Glove-Dogs/dp/B0FNML66D9/ref=zg_bs_g_4771396031_d_sccl_25/522-4724523-7365803?psc=1,bestseller,Pet Grooming,22,False,312.0,312.0,,4.3,93.0,In Stock,,,ok,scrape,"https://images-eu.ssl-images-amazon.com/images/I/81lTyN-nG3L._AC_UL300_SR300,200_.jpg",electrostatic,"Electrostatic Pet Hair Remover Glove for Dogs & Cats – Reusable Fur Remover Brush for Furniture, Clothes, Sofas, Car Seats &",grooming
2026-07-07,amazon_in,B09D2ZC8FJ,b165c36b51605ad9,https://www.amazon.in/Pampered-Petz-Himalaya-Shampoo-Conditioner/dp/B09D2ZC8FJ/ref=zg_bs_g_4771396031_d_sccl_26/522-4724523-7365803?psc=1,bestseller,Pet Grooming,23,False,250.0,250.0,,4.2,761.0,In Stock,,,ok,scrape,"https://images-eu.ssl-images-amazon.com/images/I/51h1RfHfvuL._AC_UL300_SR300,200_.jpg",himalaya,"Himalaya Erina Puppy Shampoo & Conditioner | 200 ml | Gentle 2-in-1 Cleansing & Conditioning for Puppies – with Oats, Reetha",grooming
2026-07-07,amazon_in,B0825PCMHG,955d9b684157d731,https://www.amazon.in/NWOUIIAY-professional-electric-rechargeable-waterproof/dp/B0825PCMHG/ref=zg_bs_g_4771396031_d_sccl_27/522-4724523-7365803?psc=1,bestseller,Pet Grooming,24,False,432.0,432.0,,3.6,4875.0,In Stock,,,ok,scrape,"https://images-eu.ssl-images-amazon.com/images/I/71ExDhO3ukL._AC_UL300_SR300,200_.jpg",nwouiiay,'NWOUIIAY Pet hair trimmer GUDDIES professional pet electric clipper set wireless rechargeable cat and dog shaver IPX7 waterp,grooming
2026-07-07,amazon_in,B07ZS1PF3N,ffb016efff3e0fc6,https://www.amazon.in/HANK-Grooming-Brush-Deshedding-Effectively-Shedding/dp/B07ZS1PF3N/ref=zg_bs_g_4771396031_d_sccl_28/522-4724523-7365803?psc=1,bestseller,Pet Grooming,25,False,699.0,699.0,,4.2,2670.0,In Stock,,,ok,scrape,"https://images-eu.ssl-images-amazon.com/images/I/61HXCWRsTIL._AC_UL300_SR300,200_.jpg",hank,"HANK Deshedding Brush for Dogs & Cats | 6mm Stainless Steel Pet Grooming Tool | Dog Hair Remover Brush for Short, Medium & Lo",grooming
2026-07-07,amazon_in,B0CL9H59FJ,3c9f38d21f2a392d,https://www.amazon.in/Moe-Moisturising-enriched-Vitamin-Moisturises/dp/B0CL9H59FJ/ref=zg_bs_g_4771396031_d_sccl_30/522-4724523-7365803?psc=1,bestseller,Pet Grooming,26,False,267.0,267.0,,4.4,383.0,In Stock,,,ok,scrape,"https://images-eu.ssl-images-amazon.com/images/I/419LsHmiyvL._AC_UL300_SR300,200_.jpg",moe,"Moe Puppy Natural Paw Balm for Dogs & Cats | Lick Safe Paw Balm for Cracked & Dry Paws and Nose | Heals, Repairs & Moisturize",grooming
2026-07-07,amazon_in,B0FHHRMLL3,b37a1a038fe47bc7,https://www.amazon.in/Yuppy-Puppy-Nail-Clipper-Cats/dp/B0FHHRMLL3/ref=zg_bs_g_4771383031_d_sccl_2/522-4724523-7365803?psc=1,bestseller,Pet Grooming,1,False,333.0,333.0,,4.4,186.0,In Stock,,,ok,scrape,"https://images-eu.ssl-images-amazon.com/images/I/61PaTeYL6EL._AC_UL300_SR300,200_.jpg",yuppy,Yuppy Puppy Nail Clipper for Cats - Gentle Round Hole Trimmer with Dust Storage | Adjustable Size & Hidden Nail File | Pet Gr,grooming
2026-07-07,amazon_in,B0D7MWXTSM,9ca1578de6a21f60,https://www.amazon.in/SETON-Pet-Clippers-Dogs-Cats/dp/B0D7MWXTSM/ref=zg_bs_g_4771383031_d_sccl_3/522-4724523-7365803?psc=1,bestseller,Pet Grooming,2,False,589.0,589.0,,4.3,147.0,In Stock,,,ok,scrape,"https://images-eu.ssl-images-amazon.com/images/I/61nNu6gm-YL._AC_UL300_SR300,200_.jpg",seton,"SETON Unisex Pet Clippers Set for Dogs and Cats, Low Noise Electric Trimmer with LED Light, Rechargeable and Stainless Steel",grooming
2026-07-07,amazon_in,B07W6VV753,228c8a0e975c8fc8,https://www.amazon.in/Natural-Remedies-Fresh-Wateless-Dog-Shampoo-Spray-Foam-Cleanser/dp/B07W6VV753/ref=zg_bs_g_4771383031_d_sccl_4/522-4724523-7365803?psc=1,bestseller,Pet Grooming,3,False,269.0,269.0,,4.4,1014.0,In Stock,,,ok,scrape,"https://images-eu.ssl-images-amazon.com/images/I/61j7zKGugZL._AC_UL300_SR300,200_.jpg",natural,"Natural Remedies Fresh Me Up Mild Waterless Foam Cleanser Dry Shampoo for Dogs, Cats and Pups of All Breeds, Moisturizer & Co",grooming
2026-07-07,amazon_in,B07Z63VVNQ,49cc480dc879e26b,https://www.amazon.in/PetVogue-Clipper-Clippers-Grinder-Trimmer/dp/B07Z63VVNQ/ref=zg_bs_g_4771383031_d_sccl_5/522-4724523-7365803?psc=1,bestseller,Pet Grooming,4,False,205.0,205.0,,4.2,8504.0,In Stock,,,ok,scrape,"https://images-eu.ssl-images-amazon.com/images/I/51XIj8cJG-L._AC_UL300_SR300,200_.jpg",petvogue,"PetVogue Dog Nail Cutter Clipper and filer,Claw & Nails Clippers Grinder Grooming Trimmer for Small, Medium, Large dogs and c",grooming
2026-07-07,amazon_in,B09SBBRBBV,e1b0b429bb764c87,https://www.amazon.in/ZOIVANE-Cat-Shampoo-Conditioner-Accessories/dp/B09SBBRBBV/ref=zg_bs_g_4771383031_d_sccl_7/522-4724523-7365803?psc=1,bestseller,Pet Grooming,5,False,222.0,222.0,,4.2,1450.0,In Stock,,,ok,scrape,"https://images-eu.ssl-images-amazon.com/images/I/51vw+XqzCDL._AC_UL300_SR300,200_.jpg",zoivane,ZOIVANE 5 in 1 Extra White Cat Shampoo with Conditioner (200ml) | Reduces Hair Fall | Enhances Coat Brightness | Ideal for Pe,grooming
2026-07-07,amazon_in,B0C6KMKGRL,9b524067cc92044b,https://www.amazon.in/Himalaya-Fresh-Coat-200-ML/dp/B0C6KMKGRL/ref=zg_bs_g_4771383031_d_sccl_8/522-4724523-7365803?psc=1,bestseller,Pet Grooming,6,False,258.0,258.0,,3.9,977.0,In Stock,,,ok,scrape,"https://images-eu.ssl-images-amazon.com/images/I/51+6FP6Z8YL._AC_UL300_SR300,200_.jpg",himalaya,"Himalaya FreshCoat No Rinse Spray for Dogs & Cats | Quick Freshness & Skin Hygiene | with Lemon, Vetiver & Holy Basil | 200 m",grooming
2026-07-07,amazon_in,B09VZ668G2,392d256bf5217c82,https://www.amazon.in/ZOIVANE-Cat-Shampoo-Smooth-Shine/dp/B09VZ668G2/ref=zg_bs_g_4771383031_d_sccl_9/522-4724523-7365803?psc=1,bestseller,Pet Grooming,7,False,176.0,176.0,,4.2,284.0,In Stock,,,ok,scrape,"https://images-eu.ssl-images-amazon.com/images/I/61vy+GZq97L._AC_UL300_SR300,200_.jpg",zoivane,ZOIVANE Smooth & Shine Cat Shampoo (200ml) | Nourishing Hair and Shiny Body Wash | Suitable for All Cat Types (Pack of 1),grooming
2026-07-07,amazon_in,B07H24H71C,2e04efb83791fff1,https://www.amazon.in/Ceenwes-Clippers-Rechargeable-Cordless-Professional/dp/B07H24H71C/ref=zg_bs_g_4771383031_d_sccl_10/522-4724523-7365803?psc=1,bestseller,Pet Grooming,8,False,999.0,999.0,,4.3,22612.0,In Stock,,,ok,scrape,"https://images-eu.ssl-images-amazon.com/images/I/71+hZAxEIQL._AC_UL300_SR300,200_.jpg",ceenwes,"Ceenwes Unisex Low Noise Pet Clippers - Rechargeable Dog Trimmer, Cordless Grooming Tool With Comb Guides, Scissors, Nail Kit",grooming
2026-07-07,amazon_in,B0B9H49J72,9a06cfa1cb35d2af,https://www.amazon.in/Professional-Electric-Grinder-Trimmer-Clippers/dp/B0B9H49J72/ref=zg_bs_g_4771383031_d_sccl_11/522-4724523-7365803?psc=1,bestseller,Pet Grooming,9,False,1584.0,1584.0,,4.3,282.0,In Stock,,,ok,scrape,"https://images-eu.ssl-images-amazon.com/images/I/51CN7lPlkvL._AC_UL300_SR300,200_.jpg",qpets,"Qpets Professional Electric Dog Nail Grinder with 2 LED Light, Dog Nail Trimmer for Cat Dog, Low Noise Pet Nail Trimmer Pet",grooming
2026-07-07,amazon_in,B0CM3HLYY6,67ab4f4d5b47cc7d,https://www.amazon.in/Yuppy-Puppy-Cleaning-Slicker-Brush/dp/B0CM3HLYY6/ref=zg_bs_g_4771383031_d_sccl_13/522-4724523-7365803?psc=1,bestseller,Pet Grooming,10,False,307.0,307.0,,4.4,178.0,In Stock,,,ok,scrape,"https://images-eu.ssl-images-amazon.com/images/I/71OqOFJM66L._AC_UL300_SR300,200_.jpg",yuppy,Yuppy Puppy Self Cleaning Slicker Brush Pet Hair Grooming Comb Pet Massaging Tool and Shedding Brush for Long or Medium Haire,grooming
2026-07-07,amazon_in,B0DNQPNXND,3dd85b7fff201116,https://www.amazon.in/Boltz-Hair-Trimmer-Nail-Grinder/dp/B0DNQPNXND/ref=zg_bs_g_4771383031_d_sccl_14/522-4724523-7365803?psc=1,bestseller,Pet Grooming,11,False,2497.0,2497.0,,3.9,196.0,In Stock,,,ok,scrape,"https://images-eu.ssl-images-amazon.com/images/I/61a4yUXbVuL._AC_UL300_SR300,200_.jpg",boltz,"Boltz 4 in 1 Dog & Cat Hair & Paw Trimmer with Nail Grinder – Silent Cordless Grooming Kit for Pets – USB Rechargeable, IPX7",grooming
2026-07-07,amazon_in,B0BWR1GP4G,56009f9a559c9616,https://www.amazon.in/Shedding-Grooming-Cleaning-Suitable-Tangled/dp/B0BWR1GP4G/ref=zg_bs_g_4771383031_d_sccl_15/522-4724523-7365803?psc=1,bestseller,Pet Grooming,12,False,469.0,469.0,,4.2,980.0,In Stock,,,ok,scrape,"https://images-eu.ssl-images-amazon.com/images/I/71Tb4TViEJL._AC_UL300_SR300,200_.jpg",spray,"Spray Cat Brush for Shedding, Remove Static Flying Hair Pet Grooming Brush Self Cleaning Dog Brush Suitable for Long and Shor",grooming
2026-07-07,amazon_in,B0BXL9Z3DY,c8f06865e8f36949,https://www.amazon.in/Anti-Scratch-Injection-Adjustable-Multifunctional-Breathable/dp/B0BXL9Z3DY/ref=zg_bs_g_4771383031_d_sccl_16/522-4724523-7365803?psc=1,bestseller,Pet Grooming,13,False,298.0,298.0,,3.7,203.0,In Stock,,,ok,scrape,"https://images-eu.ssl-images-amazon.com/images/I/711aX1s9WPL._AC_UL300_SR300,200_.jpg",qpets,"Qpets Cat Bathing Bag Anti-Scratch Cat Grooming Mesh Bag for Bathing, Nail Trimming, Medicine Taking, Injection, Adjustable",grooming
2026-07-07,amazon_in,B0BM3QLX78,dbc2f40a5c14a63a,https://www.amazon.in/Petology-Professional-Automatic-Rechargeable-Grooming/dp/B0BM3QLX78/ref=zg_bs_g_4771383031_d_sccl_17/522-4724523-7365803?psc=1,bestseller,Pet Grooming,14,False,2199.0,2199.0,,3.7,176.0,In Stock,,,ok,scrape,"https://images-eu.ssl-images-amazon.com/images/I/71eCkEKL5jL._AC_UL300_SR300,200_.jpg",petology,"PETOLOGY Unisex Professional Automatic Rechargeable Pet Hair Trimmer for Dogs & Cats Grooming Machine Wireless, Grey",grooming
2026-07-07,amazon_in,B0CH3LVJSC,c635394a607656fa,https://www.amazon.in/Dog-Trust-Nail-Clippers-Professional/dp/B0CH3LVJSC/ref=zg_bs_g_4771383031_d_sccl_19/522-4724523-7365803?psc=1,bestseller,Pet Grooming,15,False,208.0,208.0,,4.1,114.0,In Stock,,,ok,scrape,"https://images-eu.ssl-images-amazon.com/images/I/41caOK5Gr8L._AC_UL300_SR300,200_.jpg",dog,"Dog Trust Professional Stainless Steel Scissor Tool Nail Clipper Cutter for Cat & Dog (Medium), Multicolor",grooming
2026-07-07,amazon_in,B0FCFQBLZY,09c5a4c226e152bd,https://www.amazon.in/Inralimot-Removal-Electrostatic-Remover-Furniture/dp/B0FCFQBLZY/ref=zg_bs_g_4771383031_d_sccl_20/522-4724523-7365803?psc=1,bestseller,Pet Grooming,16,False,179.0,179.0,,4.0,150.0,In Stock,,,ok,scrape,"https://images-eu.ssl-images-amazon.com/images/I/81F1Zh8OVnL._AC_UL300_SR300,200_.jpg",inralimot,"Inralimot Pet Hair Removal Tool, Electrostatic Pet Hair Remover,Static Removal Gloves for Pet Hair, Dog and Cat Hair Remover",grooming
2026-07-07,amazon_in,B01EZ7UOCM,6e7aa6f2b0e43bf8,https://www.amazon.in/Wide-Pet-Dematting-Comb-Grooming/dp/B01EZ7UOCM/ref=zg_bs_g_4771383031_d_sccl_21/522-4724523-7365803?psc=1,bestseller,Pet Grooming,17,False,278.0,278.0,,4.6,37751.0,In Stock,,,ok,scrape,"https://images-eu.ssl-images-amazon.com/images/I/8127AKlirLL._AC_UL300_SR300,200_.jpg",pat,Pat Your Pet Wide Pet Dematting Comb - Dual Sided 9+17 Grooming Rake for Cats & Dogs | Safe and Easy Mats & Tangles Remover,grooming
2026-07-07,amazon_in,B0G64NS3X5,448b788d93f98c41,https://www.amazon.in/Massage-Kittens-Groomer-Scratcher-Mounted/dp/B0G64NS3X5/ref=zg_bs_g_4771383031_d_sccl_22/522-4724523-7365803?psc=1,bestseller,Pet Grooming,18,False,274.0,274.0,,4.7,5.0,In Stock,,,ok,scrape,"https://images-eu.ssl-images-amazon.com/images/I/71rmchiNs1L._AC_UL300_SR300,200_.jpg",2,"2 Pack Black Catnip Wall Massage Corner Brush for Long & Short Fur Cats and Kittens,C-at Self Groomer Scratcher, Soft Comb Ca",grooming
2026-07-07,amazon_in,B0H6JV2XBT,0abc2397f87d8835,https://www.amazon.in/Professional-Rechargeable-Low-Noise-Titanium-Ceramic-Adjustment/dp/B0H6JV2XBT/ref=zg_bs_g_4771383031_d_sccl_23/522-4724523-7365803?psc=1,bestseller,Pet Grooming,19,False,599.0,599.0,,2.0,2.0,In Stock,,,ok,scrape,"https://images-eu.ssl-images-amazon.com/images/I/61+kmyt4zsL._AC_UL300_SR300,200_.jpg",professional,"Professional Dog Trimmer & Pet Grooming Kit for Dogs and Cats, Cordless Rechargeable Low-Noise Clipper with Titanium-Ceramic",grooming
2026-07-07,amazon_in,B0FMYP96F5,31fc3a2314272064,https://www.amazon.in/Emily-Pets-Nail-Clippers-Dogs/dp/B0FMYP96F5/ref=zg_bs_g_4771383031_d_sccl_24/522-4724523-7365803?psc=1,bestseller,Pet Grooming,20,False,129.0,129.0,,5.0,5.0,In Stock,,,ok,scrape,"https://images-eu.ssl-images-amazon.com/images/I/61DAI2i30yL._AC_UL300_SR300,200_.jpg",emily,"Emily Pets Pet Nail Clippers for Dogs & Cats – Razor-Sharp Blades, Anti-Slip Grip, Burr-Free Claw Trimmer – Safe & Easy Groom",grooming
2026-07-07,amazon_in,B0DNK7JBBW,d5f6110d5b2c82c4,https://www.amazon.in/Conditioner-Anti-fungal-Conditioning-Anti-Bacterial-200/dp/B0DNK7JBBW/ref=zg_bs_g_4771383031_d_sccl_26/522-4724523-7365803?psc=1,bestseller,Pet Grooming,21,False,200.0,200.0,,3.7,56.0,In Stock,,,ok,scrape,"https://images-eu.ssl-images-amazon.com/images/I/61Uibn5NZjL._AC_UL300_SR300,200_.jpg",persian,"Persian Cat & All Cat Types 5 in 1 Shampoo with Conditioner | Anti-fungal, Flea and Tick, Conditioning, Anti-Bacterial, Laven",grooming
2026-07-07,amazon_in,B0B294GWDC,cbd81a1e83cf36b3,https://www.amazon.in/Electric-Trimmer-Grinder-Rechargable-Adjustable/dp/B0B294GWDC/ref=zg_bs_g_4771383031_d_sccl_27/522-4724523-7365803?psc=1,bestseller,Pet Grooming,22,False,731.0,731.0,,3.6,420.0,In Stock,,,ok,scrape,"https://images-eu.ssl-images-amazon.com/images/I/41n6QoDw-JL._AC_UL300_SR300,200_.jpg",qpets,"Qpets Electric Dog Nail Trimmer with LED Light, Dog Nail Grinder Rechargable Cat Nail Trimmer, 2 Adjustable Speed Dog Nail C",grooming
2026-07-07,amazon_in,B091YT4SWR,f5ff78967d4ab7da,https://www.amazon.in/Royale-Shampoo-Conditioner-Persian-Dandruff/dp/B091YT4SWR/ref=zg_bs_g_4771383031_d_sccl_28/522-4724523-7365803?psc=1,bestseller,Pet Grooming,23,False,328.0,328.0,,4.3,193.0,In Stock,,,ok,scrape,"https://images-eu.ssl-images-amazon.com/images/I/71xU1pxlqcL._AC_UL300_SR300,200_.jpg",petroyale,Petroyale 2-in-1 Shampoo + Conditioner for Cats - Anti-Tick & Flea - Dandruff Control - Itch Relief - Cat Shampoo with Coconu,grooming
2026-07-07,amazon_in,B0FJS1JGFC,48b5ecbf572a4d48,https://www.amazon.in/2-Pack-Pet-Hair-Remover-Gloves/dp/B0FJS1JGFC/ref=zg_bs_g_4771383031_d_sccl_29/522-4724523-7365803?psc=1,bestseller,Pet Grooming,24,False,179.0,179.0,,4.2,511.0,In Stock,,,ok,scrape,"https://images-eu.ssl-images-amazon.com/images/I/81XLEf4nobL._AC_UL300_SR300,200_.jpg",2-pack,"2-Pack Pet Hair Remover Gloves - Reusable Grooming Gloves for Dogs & Cats, Static Electricity Fur Removal Mitts for Furniture",grooming
2026-07-07,amazon_in,B01MG758NL,a4b47980ca02766a,https://www.amazon.in/Clippers-Professional-Grooming-Detachable-Rechargeable/dp/B01MG758NL/ref=zg_bs_g_4771383031_d_sccl_30/522-4724523-7365803?psc=1,bestseller,Pet Grooming,25,False,839.16,839.16,,3.9,3224.0,In Stock,,,ok,scrape,"https://images-eu.ssl-images-amazon.com/images/I/712lEO2TvHL._AC_UL300_SR300,200_.jpg",enjoy,"ENJOY PET Dog Clippers Cat Shaver, Professional Hair Grooming Clippers Detachable Blades Cordless Rechargeable, Pet Clipper K",grooming
2026-07-07,amazon_in,B0937CKTRR,a3fad6a2de3681d1,https://www.amazon.in/Amorite%C2%AE-Waterproof-Reusable-Washable-Protector/dp/B0937CKTRR/ref=zg_bs_g_4771390031_d_sccl_1/522-4724523-7365803?psc=1,bestseller,Beds & Accessories,1,False,299.0,299.0,,4.0,2336.0,In Stock,,,ok,scrape,"https://images-eu.ssl-images-amazon.com/images/I/71FIXeVbd3L._AC_UL300_SR300,200_.jpg",amorite,"Amorite Waterproof Reusable Washable Pee Pads for Dogs (Medium, Dark Blue)",beds_accessories
2026-07-07,amazon_in,B0FCRXH45J,ed97e2272c207e2c,https://www.amazon.in/amazon-basics-Brown-Reversible-Washable/dp/B0FCRXH45J/ref=zg_bs_g_4771390031_d_sccl_2/522-4724523-7365803?psc=1,bestseller,Beds & Accessories,2,False,399.0,399.0,,4.2,1792.0,In Stock,,,ok,scrape,"https://images-eu.ssl-images-amazon.com/images/I/61G04u3YxjL._AC_UL300_SR300,200_.jpg",amazon basics,"Amazon Basics Faux Fur Donut Pet Bed |Small (50 x 50 x 12 cm) | Color -Brown | Reversible, Washable, Cozy Mat for Cats & Dogs",beds_accessories
2026-07-07,amazon_in,B0C5XLK1TZ,c9db09b02ecbc307,https://www.amazon.in/AmazonBasics-Premium-Velvet-Kittens-House/dp/B0C5XLK1TZ/ref=zg_bs_g_4771390031_d_sccl_3/522-4724523-7365803?psc=1,bestseller,Beds & Accessories,3,False,769.0,769.0,,4.0,1455.0,In Stock,,,ok,scrape,"https://images-eu.ssl-images-amazon.com/images/I/81ldRIBMPiL._AC_UL300_SR300,200_.jpg",amazon basics,"Amazon Basics Premium Soft Velvet Pet Hut House | For Cats, Kittens and Small Dogs | With Reversible Cushion | Washable Cozy",beds_accessories
2026-07-07,amazon_in,B0D8GSDQ1B,80ad5e9c767fcf99,https://www.amazon.in/ZEXSAZONE-Puppies-Bedside-Support-Washable/dp/B0D8GSDQ1B/ref=zg_bs_g_4771390031_d_sccl_4/522-4724523-7365803?psc=1,bestseller,Beds & Accessories,4,False,853.0,853.0,,4.3,711.0,In Stock,,,ok,scrape,"https://images-eu.ssl-images-amazon.com/images/I/81coJXdfF+L._AC_UL300_SR300,200_.jpg",zexsazone,"ZEXSAZONE Round Donut Pet Bed for Cats and Puppies Dogs mat, Cozy and Plush, Raised Bedside Support, Both Sides Use Like 2 in",beds_accessories
2026-07-07,amazon_in,B0CS9BW45R,4996f6fe5745b1df,https://www.amazon.in/ZEXSAZONE-flexible-Perfect-Puppies-Weather/dp/B0CS9BW45R/ref=zg_bs_g_4771390031_d_sccl_5/522-4724523-7365803?psc=1,bestseller,Beds & Accessories,5,False,430.0,430.0,,4.3,246.0,In Stock,,,ok,scrape,"https://images-eu.ssl-images-amazon.com/images/I/61uAf52uJDL._AC_UL300_SR300,200_.jpg",zexsazone,ZEXSAZONE Summer Comfortable Durable Both Sides usable and Washable Pet Bed | Cat Bed | Puppy Bed | Dog Bed | Medium Dog Bed,beds_accessories
2026-07-07,amazon_in,B076VSDH8Y,b1638bcb1b88d0a0,https://www.amazon.in/AmazonBasics-Elevated-Cooling-Pet-Large/dp/B076VSDH8Y/ref=zg_bs_g_4771390031_d_sccl_6/522-4724523-7365803?psc=1,bestseller,Beds & Accessories,6,False,2099.0,2099.0,,4.4,9711.0,In Stock,,,ok,scrape,"https://images-eu.ssl-images-amazon.com/images/I/71iVF47Q5sS._AC_UL300_SR300,200_.jpg",amazon basics,"amazon basics Large Elevated Cooling Mesh Fabric Pet Dog Cot Bed - 51 X 31 X 8 Inches, Green",beds_accessories
2026-07-07,amazon_in,B0C5XKH9HB,da810e1c6d6eb0e8,https://www.amazon.in/amazon-basics-Reversible-Velvet-Diameter/dp/B0C5XKH9HB/ref=zg_bs_g_4771390031_d_sccl_7/522-4724523-7365803?psc=1,bestseller,Beds & Accessories,7,False,799.0,799.0,,4.1,670.0,In Stock,,,ok,scrape,"https://images-eu.ssl-images-amazon.com/images/I/91z90Srl2pL._AC_UL300_SR300,200_.jpg",amazon basics,Amazon Basics Premium Reversible Super Soft Velvet Round Cat Dog Pet Bed | Medium 72 x 72 x 16 cm | Blue,beds_accessories
2026-07-07,amazon_in,B0H589BXST,bf15bc2acb604483,https://www.amazon.in/ZENIPUP-Orthopedic-Washable-Anti-Slip-Mattress/dp/B0H589BXST/ref=zg_bs_g_4771390031_d_sccl_8/522-4724523-7365803?psc=1,bestseller,Beds & Accessories,8,False,,,,5.0,5.0,In Stock,,,ok,scrape,"https://images-eu.ssl-images-amazon.com/images/I/61slVPbsX-L._AC_UL300_SR300,200_.jpg",zenipup,"ZENIPUP Premium Fur 4XL Dog Bed for Large Dogs | Orthopedic Washable Pet Bed with Fiber Filling, Anti-Slip Bottom & Calming S",beds_accessories
2026-07-07,amazon_in,B0FJYPTSHY,fb602d2d66287f3d,https://www.amazon.in/Cutepups-Orthopedic-Comfortable-Mattress-Sleeping/dp/B0FJYPTSHY/ref=zg_bs_g_4771390031_d_sccl_9/522-4724523-7365803?psc=1,bestseller,Beds & Accessories,9,False,710.0,710.0,,3.9,169.0,In Stock,,,ok,scrape,"https://images-eu.ssl-images-amazon.com/images/I/61--xUlgSiL._AC_UL300_SR300,200_.jpg",cutepups,"Cutepups Orthopedic Dog Bed Comfortable Dog Mattress for Sleeping, Washable pet Bed for Dogs (Only Black, S)",beds_accessories
2026-07-07,amazon_in,B09ZP97GHD,94ec8b386f24725d,https://www.amazon.in/AAZEEM-Light-Weight-Mat-Size-M/dp/B09ZP97GHD/ref=zg_bs_g_4771390031_d_sccl_10/522-4724523-7365803?psc=1,bestseller,Beds & Accessories,10,False,171.0,171.0,,4.0,452.0,In Stock,,,ok,scrape,"https://images-eu.ssl-images-amazon.com/images/I/61PyaDHkNXL._AC_UL300_SR300,200_.jpg",aazeem,"AAZEEM Soft Light Weight Mat for Dogs,Cats & Pets, (Size-M),Black",beds_accessories
2026-07-07,amazon_in,B0F5MPP1S7,507536f30133243a,https://www.amazon.in/WUFSIE-Rectangular-Reversible-Large-Size/dp/B0F5MPP1S7/ref=zg_bs_g_4771390031_d_sccl_11/522-4724523-7365803?psc=1,bestseller,Beds & Accessories,11,False,1029.0,1029.0,,3.6,114.0,In Stock,,,ok,scrape,"https://images-eu.ssl-images-amazon.com/images/I/71QhzyGvkjL._AC_UL300_SR300,200_.jpg",wufsie,"WUFSIE Dog Bed Large 70x100cm | Reversible Premium Velvet Black & Grey Pet Bed | Soft, Washable & Durable Bed for Dog and Cat",beds_accessories
2026-07-07,amazon_in,B0FMDXPM6S,a6ebc94273b76eb1,https://www.amazon.in/Amazon-Basics-Durable-Nylon-Multi-Color/dp/B0FMDXPM6S/ref=zg_bs_g_4771390031_d_sccl_12/522-4724523-7365803?psc=1,bestseller,Beds & Accessories,12,False,1689.0,1689.0,,4.0,76.0,In Stock,,,ok,scrape,"https://images-eu.ssl-images-amazon.com/images/I/61r5I+vaAPL._AC_UL300_SR300,200_.jpg",amazon basics,Amazon Basics Leg Fold Dog Pet Bed | Durable Nylon Niwar | 42 × 36 × 12 Inch | Multi-Color,beds_accessories
2026-07-07,amazon_in,B0GW31K1S3,0b9abb27707577f6,https://www.amazon.in/ZEXSAZONE-Elevated-50x50x17-Breathable-Anti-Slip/dp/B0GW31K1S3/ref=zg_bs_g_4771390031_d_sccl_13/522-4724523-7365803?psc=1,bestseller,Beds & Accessories,13,False,,,,4.5,25.0,In Stock,,,ok,scrape,"https://images-eu.ssl-images-amazon.com/images/I/714b81xQv3L._AC_UL300_SR300,200_.jpg",zexsazone,"ZEXSAZONE Folding Elevated Dog Bed 50x50x17 cm | Cooling Pet Cot for Small Dogs & Cats | Breathable Canvas Fabric, SS 302 Fra",beds_accessories
2026-07-07,amazon_in,B0C5XHT99T,7d6a357044c2eb32,https://www.amazon.in/amazon-basics-Velvet-Length-Height/dp/B0C5XHT99T/ref=zg_bs_g_4771390031_d_sccl_14/522-4724523-7365803?psc=1,bestseller,Beds & Accessories,14,False,1249.0,1249.0,,4.5,780.0,In Stock,,,ok,scrape,"https://images-eu.ssl-images-amazon.com/images/I/818848PvqNL._AC_UL300_SR300,200_.jpg",amazon basics,Amazon Basics Premium Soft Velvet Cave House Bed for Toy Breed Dogs and Cats |Medium 59 x 56 x 48 cm,beds_accessories
2026-07-07,amazon_in,B0G6DCQW6L,f95d156341ad1d5e,https://www.amazon.in/Amazon-Reversible-Premium-Bulldog-Durable/dp/B0G6DCQW6L/ref=zg_bs_g_4771390031_d_sccl_15/522-4724523-7365803?psc=1,bestseller,Beds & Accessories,15,False,699.0,699.0,,3.8,953.0,In Stock,,,ok,scrape,"https://images-eu.ssl-images-amazon.com/images/I/61Zt5MLFRhL._AC_UL300_SR300,200_.jpg",amazon basics,"Amazon Basics Pet Bed | Medium| Reversible Premium Velvet Pet Bed for Cats & Small/Medium Dogs (Pug, Beagle, French Bulldog)",beds_accessories
2026-07-07,amazon_in,B0H58K335C,b30d27c0601a2f72,https://www.amazon.in/ZENIPUP-Premium-Orthopedic-Washable-Mattress/dp/B0H58K335C/ref=zg_bs_g_4771390031_d_sccl_16/522-4724523-7365803?psc=1,bestseller,Beds & Accessories,16,False,,,,5.0,9.0,In Stock,,,ok,scrape,"https://images-eu.ssl-images-amazon.com/images/I/51GLu60naLL._AC_UL300_SR300,200_.jpg",zenipup,"ZENIPUP Premium Dog Bed with Free Blanket for Small, Medium & Large Dogs | Soft Fur Orthopedic Washable Pet Bed with Fiber Fi",beds_accessories
2026-07-07,amazon_in,B0CLDHF7M1,86b8a466f4c22b8e,https://www.amazon.in/MUDDY-PAWS-Anti-Skid-Washable-Reversible/dp/B0CLDHF7M1/ref=zg_bs_g_4771390031_d_sccl_17/522-4724523-7365803?psc=1,bestseller,Beds & Accessories,17,False,1499.0,1499.0,,3.6,175.0,In Stock,,,ok,scrape,"https://images-eu.ssl-images-amazon.com/images/I/51MOZegGYxL._AC_UL300_SR300,200_.jpg",muddy,"MUDDY PAWS Premium Reversible Oval Dog Bed – Large – Washable Anti-Skid Pet Bed with Toy Pillows, Soft Polyester Dog Cushion",beds_accessories
2026-07-07,amazon_in,B0BWNJRRXY,392f2da3ba3fc47d,https://www.amazon.in/ZEXSAZONE-Perfect-Indoor-Puppies-Winter/dp/B0BWNJRRXY/ref=zg_bs_g_4771390031_d_sccl_18/522-4724523-7365803?psc=1,bestseller,Beds & Accessories,18,False,431.0,431.0,,4.2,805.0,In Stock,,,ok,scrape,"https://images-eu.ssl-images-amazon.com/images/I/61RPz+wyvpL._AC_UL300_SR300,200_.jpg",zexsazone,"ZEXSAZONE Summer Round Donut Pet Bed for Cats and Puppies, Dogs, Cozy and Plush, Raised Bedside Support, Both Sides Use Like",beds_accessories
2026-07-07,amazon_in,B076VXVB2L,d8acf3eb72f42897,https://www.amazon.in/AmazonBasics-Elevated-Cooling-Pet-Grey/dp/B076VXVB2L/ref=zg_bs_g_4771390031_d_sccl_19/522-4724523-7365803?psc=1,bestseller,Beds & Accessories,19,False,2099.0,2099.0,,4.4,24058.0,In Stock,,,ok,scrape,"https://images-eu.ssl-images-amazon.com/images/I/71gw2oWnStS._AC_UL300_SR300,200_.jpg",amazon basics,"amazon basics Large Elevated Cooling Pet Dog Cot Fabric Bed - 51 x 31 x 8 Inches, Grey",beds_accessories
2026-07-07,amazon_in,B0BSSCBYP8,1a22656c82f68d82,https://www.amazon.in/Pet-Smile-Washable-Indoor-Puppy/dp/B0BSSCBYP8/ref=zg_bs_g_4771390031_d_sccl_20/522-4724523-7365803?psc=1,bestseller,Beds & Accessories,20,False,854.0,854.0,,3.9,140.0,In Stock,,,ok,scrape,"https://images-eu.ssl-images-amazon.com/images/I/51txsUw2QbL._AC_UL300_SR300,200_.jpg",petlux,"PetLux Velvet Dog Bed Washable Cat Beds for Indoor Cats and Puppy,Grey Dog Bed Sofa for Dogs,Gift for Dogs and Cats,Round Bed",beds_accessories
2026-07-07,amazon_in,B0G9Z5FQW1,03b95d03f561b5fe,https://www.amazon.in/LexCouch-Washable-Slip-Resistant-Bottom-Grey-Centimeters/dp/B0G9Z5FQW1/ref=zg_bs_g_4771390031_d_sccl_21/522-4724523-7365803?psc=1,bestseller,Beds & Accessories,21,False,999.0,999.0,,3.0,1.0,In Stock,,,ok,scrape,"https://images-eu.ssl-images-amazon.com/images/I/51squ4X7rYL._AC_UL300_SR300,200_.jpg",lexcouch,LexCouch Velvet Premium Extra Large Dog Bed for Extra Large Dogs Washable Big Dog Beds Slip-Resistant Bottom-Grey -95 X 73 X,beds_accessories
2026-07-07,amazon_in,B0DWS7CWYS,0e94e7ab573eaaf9,https://www.amazon.in/Amazon-Basics-Kennel-Large-Habitat/dp/B0DWS7CWYS/ref=zg_bs_g_4771390031_d_sccl_22/522-4724523-7365803?psc=1,bestseller,Beds & Accessories,22,False,1399.0,1399.0,,4.2,1436.0,In Stock,,,ok,scrape,"https://images-eu.ssl-images-amazon.com/images/I/712opkC2lXL._AC_UL300_SR300,200_.jpg",amazon basics,Amazon Basics Soft Pet Kennel (Large) | Pet Habitat - Multi-Color Printed | Dog | 60L x 60Wx 62H Centimeters,beds_accessories
2026-07-07,amazon_in,B0FDKQQG1Y,90a5421129555574,https://www.amazon.in/UNIQUE-PET-COLLECTION-Polyester-Washable/dp/B0FDKQQG1Y/ref=zg_bs_g_4771390031_d_sccl_25/522-4724523-7365803?psc=1,bestseller,Beds & Accessories,23,False,,,,5.0,7.0,In Stock,,,ok,scrape,"https://images-eu.ssl-images-amazon.com/images/I/61Y5fPafF+L._AC_UL300_SR300,200_.jpg",unique,UNIQUE PET COLLECTION Polyester Pet Bed Dog And Cat Gaddi Soft And Cozy Pet Pillow For All Seasons For Indoor And Outdoor Use,beds_accessories
2026-07-07,amazon_in,B0D6F56W1G,05cd8e90d2386c04,https://www.amazon.in/CWAWZ-Orthopedic-Waterproof-Removable-Washable/dp/B0D6F56W1G/ref=zg_bs_g_4771390031_d_sccl_26/522-4724523-7365803?psc=1,bestseller,Beds & Accessories,24,False,2299.0,2299.0,,4.5,3402.0,In Stock,,,ok,scrape,"https://images-eu.ssl-images-amazon.com/images/I/71hSmLEHQvL._AC_UL300_SR300,200_.jpg",cwawz,"CWAWZ Dog Beds for Large Dogs, Orthopedic Dog Bed with Cooling Gel Memory Foam, Waterproof Large Dog Bed with Removable Washa",beds_accessories
2026-07-07,amazon_in,B0GF7JM897,d3c507616a976f8d,https://www.amazon.in/SITSNOOZE-Printed-Blanket-Quilted-Turquoise/dp/B0GF7JM897/ref=zg_bs_g_4771390031_d_sccl_27/522-4724523-7365803?psc=1,bestseller,Beds & Accessories,25,False,379.0,379.0,,3.8,11.0,In Stock,,,ok,scrape,"https://images-eu.ssl-images-amazon.com/images/I/61gUqxQbg2L._AC_UL300_SR300,200_.jpg",sitsnooze,SITSNOOZE Printed Pet Blanket for Dogs & Cats | Quilted Cotton | Mild Winter Soft & Warm Pet Blanket (Turquoise Green),beds_accessories
2026-07-07,amazon_in,B0G2C64MK9,f027a89834b0909b,https://www.amazon.in/Zigly-Lifestyle-Golden-Washable-Anti-Skid/dp/B0G2C64MK9/ref=zg_bs_g_4771390031_d_sccl_28/522-4724523-7365803?psc=1,bestseller,Beds & Accessories,26,False,999.0,999.0,,5.0,15.0,In Stock,,,ok,scrape,"https://images-eu.ssl-images-amazon.com/images/I/61D2VQ6PzkL._AC_UL300_SR300,200_.jpg",zigly,"Zigly Lifestyle Golden Hour Snooze Nest Pet Mat for Dogs & Cats | Ultra-Soft NS Butter Polyester | Water-Repellent, Anti-Skid",beds_accessories
2026-07-07,amazon_in,B0GNTG6C2L,15b1ebe0c5f27402,https://www.amazon.in/Heritage-Reversible-Washable-Everyday-Relaxation/dp/B0GNTG6C2L/ref=zg_bs_g_4771390031_d_sccl_29/522-4724523-7365803?psc=1,bestseller,Beds & Accessories,27,False,499.0,499.0,,3.3,8.0,In Stock,,,ok,scrape,"https://images-eu.ssl-images-amazon.com/images/I/51XiD8gXSeL._AC_UL300_SR300,200_.jpg",heritage,"Heritage Dog Bed Reversible Premium Velvet Black & Grey Pet Bed | Soft, Washable & Durable Bed for Dog and Cat for Everyday C",beds_accessories
2026-07-07,amazon_in,B0CK2RWZZ7,e538fd2de26970e9,https://www.amazon.in/MUDDY-PAWS-Anti-Skid-Washable-Reversible/dp/B0CK2RWZZ7/ref=zg_bs_g_4771390031_d_sccl_30/522-4724523-7365803?psc=1,bestseller,Beds & Accessories,28,False,1999.0,1999.0,,3.8,113.0,In Stock,,,ok,scrape,"https://images-eu.ssl-images-amazon.com/images/I/71A7VG3MX5L._AC_UL300_SR300,200_.jpg",muddy,"MUDDY PAWS Reversible Sofa Style Dog Bed – XXL (95 x 73 x 22 cm) – Plush Fur Surface, Removable Cushion & Anti-Skid Base – Bl",beds_accessories
2026-07-07,amazon_in,B09HTXK5VK,494393af2f5265eb,https://www.amazon.in/Cat-Scratcher-With-Catnip/dp/B09HTXK5VK/ref=zg_bs_g_4771375031_d_sccl_1/522-4724523-7365803?psc=1,bestseller,Beds & Accessories,1,False,276.0,276.0,,4.1,1191.0,In Stock,,,ok,scrape,"https://images-eu.ssl-images-amazon.com/images/I/714BJl77PGL._AC_UL300_SR300,200_.jpg",emily,Emily Pets Cat Scratcher Cardboard 2 in 1 Reversible Scratching Pad Recyclable Corrugated Scratch Toy with Wave Shape & 10ML,beds_accessories
2026-07-07,amazon_in,B0BMT528FS,5a40a3fed64b51c9,https://www.amazon.in/Foodie-Puppies-Couch-Cat-Scratcher/dp/B0BMT528FS/ref=zg_bs_g_4771375031_d_sccl_2/522-4724523-7365803?psc=1,bestseller,Beds & Accessories,2,False,299.0,299.0,,4.3,598.0,In Stock,,,ok,scrape,"https://images-eu.ssl-images-amazon.com/images/I/71vh2Fn6NnL._AC_UL300_SR300,200_.jpg",foodie,"Foodie Puppies 2-in-1 Reversible Cat Scratcher Pad with Catnip for Cats & Kittens, (Couch, 43.5 x 23 x 6 cm) | Durable Corrug",beds_accessories
2026-07-07,amazon_in,B0DZCV18T2,1381fe3a100aecec,https://www.amazon.in/Amazon-Multistory-Perches-Sctraching-Hanging/dp/B0DZCV18T2/ref=zg_bs_g_4771375031_d_sccl_3/522-4724523-7365803?psc=1,bestseller,Beds & Accessories,3,False,4069.0,4069.0,,4.3,2064.0,In Stock,,,ok,scrape,"https://images-eu.ssl-images-amazon.com/images/I/71kG0KRofQL._AC_UL300_SR300,200_.jpg",amazon basics,"Amazon Basics Plush Fur Fabic Multistory Cat Tree with Condos, Perches and Sctraching Post Furry Hanging Ball, Dark Beige wit",beds_accessories
2026-07-07,amazon_in,B0DXFGR681,3a9cedbc72d4368d,https://www.amazon.in/Scratching-Scratcher-Cuttable-Adhesive-40x100cm/dp/B0DXFGR681/ref=zg_bs_g_4771375031_d_sccl_4/522-4724523-7365803?psc=1,bestseller,Beds & Accessories,4,False,598.0,598.0,,3.5,222.0,In Stock,,,ok,scrape,"https://images-eu.ssl-images-amazon.com/images/I/71YNBdyX1mL._AC_UL300_SR300,200_.jpg",qpets,"Qpets Cat Scratch Pad, Scratching Pad for Cats, Wall Cat Scratcher Mat, Cuttable Adhesive Pet Scratching Mat for Wall, Cabin",beds_accessories
2026-07-07,amazon_in,B0F6V71LXT,fd2ad4cabbdf393e,https://www.amazon.in/Amazon-Basics-Scratching-Hanging-Natural/dp/B0F6V71LXT/ref=zg_bs_g_4771375031_d_sccl_5/522-4724523-7365803?psc=1,bestseller,Beds & Accessories,5,False,869.0,869.0,,3.9,1927.0,In Stock,,,ok,scrape,"https://images-eu.ssl-images-amazon.com/images/I/71L5ydwojOL._AC_UL300_SR300,200_.jpg",amazon basics,"Amazon Basics Cat Scratching Pole and Lounge Bed, with Hanging Star and Ball, Natural Jute, Sturdy Wooden Base, 50cm (S)",beds_accessories
2026-07-07,amazon_in,B0CD29LBTJ,9fae47f4e4440a9f,https://www.amazon.in/Goofy-Tails-Recycled-Corrugated-Scratcher/dp/B0CD29LBTJ/ref=zg_bs_g_4771375031_d_sccl_7/522-4724523-7365803?psc=1,bestseller,Beds & Accessories,6,False,258.0,258.0,,4.2,99.0,In Stock,,,ok,scrape,"https://images-eu.ssl-images-amazon.com/images/I/81EszSTlL0L._AC_UL300_SR300,200_.jpg",goofy,Goofy Tails Cat Scratch Pad with Catnip | Recycled Paper Corrugated Scratch Pad for Cats and Kittens| Scratcher for Cats and,beds_accessories
2026-07-07,amazon_in,B0FLPVTH24,d072599373443ecf,https://www.amazon.in/FURRLOVERS-Activity-Hammock-Hanging-Scratching/dp/B0FLPVTH24/ref=zg_bs_g_4771375031_d_sccl_8/522-4724523-7365803?psc=1,bestseller,Beds & Accessories,7,False,3989.0,3989.0,,4.3,197.0,In Stock,,,ok,scrape,"https://images-eu.ssl-images-amazon.com/images/I/61mKf8+9ewL._AC_UL300_SR300,200_.jpg",furrlovers,FURRLOVERS Condo Fur Fabric Activity Kitten Cat Tree | Hammock | Hanging Ball | Scratching Posts | Jute Rope (Height 55 Inch),beds_accessories
2026-07-07,amazon_in,B078RL114X,e4559662a87dbc8e,https://www.amazon.in/Pets-Empire-Scratcher-Curved-Wave/dp/B078RL114X/ref=zg_bs_g_4771375031_d_sccl_9/522-4724523-7365803?psc=1,bestseller,Beds & Accessories,8,False,233.0,233.0,,3.3,148.0,In Stock,,,ok,scrape,"https://images-eu.ssl-images-amazon.com/images/I/81C0HLGvsHL._AC_UL300_SR300,200_.jpg",pets,PETS EMPIRE Cat Scratcher Cardboard (Curved Shape),beds_accessories
2026-07-07,amazon_in,B0BVYWXLKB,c71e5e068ab50ab0,https://www.amazon.in/Natural-Scratching-Hanging-Long-lasting-Quality/dp/B0BVYWXLKB/ref=zg_bs_g_4771375031_d_sccl_10/522-4724523-7365803?psc=1,bestseller,Beds & Accessories,9,False,1039.0,1039.0,,4.3,203.0,In Stock,,,ok,scrape,"https://images-eu.ssl-images-amazon.com/images/I/91MGyy+-S4L._AC_UL300_SR300,200_.jpg",amazon basics,Amazon Basics Round Cozy Cat Tree | 43.6 X 49 CM | Beige | Natural Jute Fiber Cat Tower | Rope Scratching Posts with Hanging,beds_accessories
2026-07-07,amazon_in,B06X6J3L65,c286a77bd1706b5c,https://www.amazon.in/AmazonBasics-Activity-Scratching-Posts-Large/dp/B06X6J3L65/ref=zg_bs_g_4771375031_d_sccl_11/522-4724523-7365803?psc=1,bestseller,Beds & Accessories,10,False,2069.0,2069.0,,4.1,19033.0,In Stock,,,ok,scrape,"https://images-eu.ssl-images-amazon.com/images/I/71oeawcwU7L._AC_UL300_SR300,200_.jpg",amazon basics,"AmazonBasics Cat Activity Tree with Scratching Posts, Large (Beige)",beds_accessories
2026-07-07,amazon_in,B0DV8Z38KY,c9aae5ded38a56b4,https://www.amazon.in/Foodie-Puppies-Scratcher-Catnip-Kittens/dp/B0DV8Z38KY/ref=zg_bs_g_4771375031_d_sccl_12/522-4724523-7365803?psc=1,bestseller,Beds & Accessories,11,False,699.0,699.0,,4.4,81.0,In Stock,,,ok,scrape,"https://images-eu.ssl-images-amazon.com/images/I/51nrI6Uu4XL._AC_UL300_SR300,200_.jpg",foodie,Foodie Puppies Cat Scratcher Pad with Catnip for Cats & Kittens - (Sofa 52 x 26 x 15 cm) | Durable Modern Longue Corrugated C,beds_accessories
2026-07-07,amazon_in,B07FW5RFZG,46200fe26a1660b3,https://www.amazon.in/AmazonBasics-Cat-Scratching-Post-Beige/dp/B07FW5RFZG/ref=zg_bs_g_4771375031_d_sccl_13/522-4724523-7365803?psc=1,bestseller,Beds & Accessories,12,False,717.0,717.0,,4.0,2972.0,In Stock,,,ok,scrape,"https://images-eu.ssl-images-amazon.com/images/I/513droclz0L._AC_UL300_SR300,200_.jpg",amazon basics,"AmazonBasics Cat Scratching Post, Beige",beds_accessories
2026-07-07,amazon_in,B0GHYH88HG,83aaaed737103514,https://www.amazon.in/Emily-Pets-Cat-Scratcher-Pack/dp/B0GHYH88HG/ref=zg_bs_g_4771375031_d_sccl_14/522-4724523-7365803?psc=1,bestseller,Beds & Accessories,13,False,187.0,187.0,,4.0,4.0,In Stock,,,ok,scrape,"https://images-eu.ssl-images-amazon.com/images/I/71z-DYZQ84L._AC_UL300_SR300,200_.jpg",emily,"Emily Pets Cat Scratcher (Pack of 3) with Toys – Cardboard Scratch Pad, Feather Wand, and Plush Toy, Durable and Anti-Slip fo",beds_accessories
2026-07-07,amazon_in,B0D1C9JPMZ,de8dd11fa2f9ab00,https://www.amazon.in/Scratcher-Adhesive-Cardboard-Furniture-Protection/dp/B0D1C9JPMZ/ref=zg_bs_g_4771375031_d_sccl_15/522-4724523-7365803?psc=1,bestseller,Beds & Accessories,14,False,399.0,399.0,,3.8,141.0,In Stock,,,ok,scrape,"https://images-eu.ssl-images-amazon.com/images/I/71ykBhTKDPL._AC_UL300_SR300,200_.jpg",qpets,"Qpets Cat Scratch Pad, Scratch Pad for Cats, Cut-to-Fit Cat Scratcher Mat Self Adhesive Pets Cat Scratcher Cardboard Mat Wal",beds_accessories
2026-07-07,amazon_in,B0DMVW8YWP,0ef8312d7a1576bd,https://www.amazon.in/FURRLOVERS-Multi-Level-Scratching-Posts-Platforms/dp/B0DMVW8YWP/ref=zg_bs_g_4771375031_d_sccl_16/522-4724523-7365803?psc=1,bestseller,Beds & Accessories,15,False,1899.0,1899.0,,4.3,103.0,In Stock,,,ok,scrape,"https://images-eu.ssl-images-amazon.com/images/I/71s7Tt1B0IL._AC_UL300_SR300,200_.jpg",furrlovers,FURRLOVERS Multi-Level Cat Tree with Scratching Posts and Platforms (Green - FURR-11),beds_accessories
2026-07-07,amazon_in,B0G71VMCFQ,b33200dcb2ce5daa,https://www.amazon.in/PETS-EMPIRE-Soft-Kittens-Puppies/dp/B0G71VMCFQ/ref=zg_bs_g_4771375031_d_sccl_18/522-4724523-7365803?psc=1,bestseller,Beds & Accessories,16,False,,,,4.3,47.0,In Stock,,,ok,scrape,"https://images-eu.ssl-images-amazon.com/images/I/51H8XrijmTL._AC_UL300_SR300,200_.jpg",pets,"PETS EMPIRE Soft Cozy Pet Hut Bed for Cats, Kittens & Puppies – Comfortable Fabric, Indoor Sleeping Bed, White & Black Stripe",beds_accessories
2026-07-07,amazon_in,B0CN6HPRDK,81e16798369ec2f1,https://www.amazon.in/Foodie-Puppies-Scratching-Scratcher-Cat/dp/B0CN6HPRDK/ref=zg_bs_g_4771375031_d_sccl_19/522-4724523-7365803?psc=1,bestseller,Beds & Accessories,17,False,599.0,599.0,,4.4,237.0,In Stock,,,ok,scrape,"https://images-eu.ssl-images-amazon.com/images/I/81Bgw6J0OxL._AC_UL300_SR300,200_.jpg",foodie,Foodie Puppies Scratching Pad with Catnip for Cats and Kittens - (Delta Scratcher) | Corrugated Cat Scratcher Cardboard for,beds_accessories
2026-07-07,amazon_in,B0DJMR286Z,e716b6d7cf64e43a,https://www.amazon.in/Dog-Trust-Cat-Scratcher-Reversible/dp/B0DJMR286Z/ref=zg_bs_g_4771375031_d_sccl_20/522-4724523-7365803?psc=1,bestseller,Beds & Accessories,18,False,540.0,540.0,,4.4,48.0,In Stock,,,ok,scrape,"https://images-eu.ssl-images-amazon.com/images/I/51S79BT+vXL._AC_UL300_SR300,200_.jpg",dog,"Dog Trust Extra Large Cat Scratcher Cardboard, Scratch Pad with Cat Scratcher Box, Reversible Cardboard Refill Pad",beds_accessories
2026-07-07,amazon_in,B0GP6NT8ZZ,44bf3ce0faa58bec,https://www.amazon.in/Adhesive-Scratching-Protects-Furniture-Cuttable/dp/B0GP6NT8ZZ/ref=zg_bs_g_4771375031_d_sccl_21/522-4724523-7365803?psc=1,bestseller,Beds & Accessories,19,False,439.0,439.0,,4.7,1326.0,In Stock,,,ok,scrape,"https://images-eu.ssl-images-amazon.com/images/I/71V0rS0s67L._AC_UL300_SR300,200_.jpg",amazon basics,"Amazon Basics Cat Scratch Pad | Adhesive Scratching Mat for Cats | Protects Furniture, Walls & Sofa | Cuttable Design with Fi",beds_accessories
2026-07-07,amazon_in,B0DWSMZYJL,7010009312822c20,https://www.amazon.in/Agirav-Cardboard-scratchers-Reversible-Corrugated/dp/B0DWSMZYJL/ref=zg_bs_g_4771375031_d_sccl_22/522-4724523-7365803?psc=1,bestseller,Beds & Accessories,20,False,229.0,229.0,,3.7,93.0,In Stock,,,ok,scrape,"https://images-eu.ssl-images-amazon.com/images/I/71aUm5mm3hL._AC_UL300_SR300,200_.jpg",agirav,"Agirav Cat Scratch Pad Cardboard cat scratchers for Indoor Cats Reversible Large Wide Corrugated with Catnip (Standard, Strai",beds_accessories
2026-07-07,amazon_in,B0FQCJTDVV,20601c3c35a795f7,https://www.amazon.in/Wudyhub-Climbing-Activity-Scratching-Cat-02-Grey/dp/B0FQCJTDVV/ref=zg_bs_g_4771375031_d_sccl_23/522-4724523-7365803?psc=1,bestseller,Beds & Accessories,21,False,,,,4.2,64.0,In Stock,,,ok,scrape,"https://images-eu.ssl-images-amazon.com/images/I/61SJmOOJUGL._AC_UL300_SR300,200_.jpg",wudyhub,Wudyhub Cat Tree Indoor Climbing Activity Tower with Scratching Posts | Cat-02-Grey | 30x40x66 cm,beds_accessories
2026-07-07,amazon_in,B0CSSRPTLT,eba63bf10e63c938,https://www.amazon.in/FUKUMARU-Scratcher-Natural-Horizontal-Scratching/dp/B0CSSRPTLT/ref=zg_bs_g_4771375031_d_sccl_24/522-4724523-7365803?psc=1,bestseller,Beds & Accessories,22,False,895.0,895.0,,4.3,20715.0,In Stock,,,ok,scrape,"https://images-eu.ssl-images-amazon.com/images/I/71RqPxMK7lL._AC_UL300_SR300,200_.jpg",fukumaru,"FUKUMARU Cat Scratcher Mat, 23.6 X 15.7 Inch Natural Sisal Cat Scratch Mats, Horizontal Cat Floor Scratching Pad Rug with Sti",beds_accessories
2026-07-07,amazon_in,B07G3GVBVF,5b45b3e921d675d9,https://www.amazon.in/amazon-basics-Platform-Piece-X-Large/dp/B07G3GVBVF/ref=zg_bs_g_4771375031_d_sccl_25/522-4724523-7365803?psc=1,bestseller,Beds & Accessories,23,False,2849.0,2849.0,,4.0,2705.0,In Stock,,,ok,scrape,"https://images-eu.ssl-images-amazon.com/images/I/71ggmM4GxkS._AC_UL300_SR300,200_.jpg",amazon basics,"AmazonBasics Cat Tree with Platform, Grey ,1 Piece,X-Large",beds_accessories
2026-07-07,amazon_in,B0FQCG4VVG,20601c3c35a795f7,https://www.amazon.in/Wudyhub-Climbing-Activity-Scratching-Cat-37-Brown/dp/B0FQCG4VVG/ref=zg_bs_g_4771375031_d_sccl_26/522-4724523-7365803?psc=1,bestseller,Beds & Accessories,24,False,,,,4.1,63.0,In Stock,,,ok,scrape,"https://images-eu.ssl-images-amazon.com/images/I/610HVufFIvL._AC_UL300_SR300,200_.jpg",wudyhub,Wudyhub Cat Tree Indoor Climbing Activity Tower with Scratching Posts | Cat-37-Brown | 40x30x80 cm,beds_accessories
2026-07-07,amazon_in,B0F3X6XFGM,d1b086a8478e8ba6,https://www.amazon.in/Natural-Horizontal-Scratching-Furniture-Protector/dp/B0F3X6XFGM/ref=zg_bs_g_4771375031_d_sccl_27/522-4724523-7365803?psc=1,bestseller,Beds & Accessories,25,False,281.0,281.0,,4.4,12.0,In Stock,,,ok,scrape,"https://images-eu.ssl-images-amazon.com/images/I/810sslw2LJL._AC_UL300_SR300,200_.jpg",natural,"Natural Cotton Rope Scratch Pad, 15.7'' Round Horizontal Floor Scratching Mat for Indoor Cats, Furniture Protector for Wall,",beds_accessories
2026-07-07,amazon_in,B0G44GKQ33,821e30f3dc933a39,https://www.amazon.in/Pawptails-Scratcher-Corrugated-Cardboard-Protection/dp/B0G44GKQ33/ref=zg_bs_g_4771375031_d_sccl_28/522-4724523-7365803?psc=1,bestseller,Beds & Accessories,26,False,209.0,209.0,,4.2,3.0,In Stock,,,ok,scrape,"https://images-eu.ssl-images-amazon.com/images/I/61FhGV22FfL._AC_UL300_SR300,200_.jpg",pawptails,Pawptails Cat Scratcher with Organic Catnip| Corrugated Cardboard Cat Scratch Pad for Indoor Cats & Kittens |Durable Scratche,beds_accessories
2026-07-07,amazon_in,B0GK1NHXZJ,bf3f3d054e609e84,https://www.amazon.in/FURRLOVERS-Wall-Mounted-Multi-Level-Scratching-Space-Saving/dp/B0GK1NHXZJ/ref=zg_bs_g_4771375031_d_sccl_29/522-4724523-7365803?psc=1,bestseller,Beds & Accessories,27,False,1899.0,1899.0,,4.4,9.0,In Stock,,,ok,scrape,"https://images-eu.ssl-images-amazon.com/images/I/71--+SOcMBL._AC_UL300_SR300,200_.jpg",furrlovers,"FURRLOVERS Wall-Mounted Cat Climber, Multi-Level Cat Tree with Jute Scratching Posts, Grey Plush Platforms, Space-Saving Corn",beds_accessories
2026-07-07,amazon_in,B0G42PW1K9,0ce80c1f2fd97edd,https://www.amazon.in/Zexsazone-Portable-Removable-Washable-Foldable/dp/B0G42PW1K9/ref=zg_bs_g_4771375031_d_sccl_30/522-4724523-7365803?psc=1,bestseller,Beds & Accessories,28,False,928.0,928.0,,4.5,63.0,In Stock,,,ok,scrape,"https://images-eu.ssl-images-amazon.com/images/I/61OIRBDEtCL._AC_UL300_SR300,200_.jpg",zexsazone,"Zexsazone Summer Cat House, Portable Cat Bed with Removable Cushion, 2-in-1 Washable Cozy Puppy Bed Hut Cat Cave, Foldable Wa",beds_accessories
2026-07-07,amazon_in,B0DPXJF3N7,eafb2e93ce979a64,https://www.amazon.in/Absolut-Supplement-Probiotics-Scratching-Paw-Licking/dp/B0DPXJF3N7/ref=zg_bs_g_4771397031_d_sccl_1/522-4724523-7365803?psc=1,bestseller,Health & Wellness,1,False,699.0,699.0,,4.1,572.0,In Stock,,,ok,scrape,"https://images-eu.ssl-images-amazon.com/images/I/516FzD1Z-AL._AC_UL300_SR300,200_.jpg",absolut,"Absolut Pet Dog Supplement for Gut Health, Probiotics for Dogs That Reduces Scratching & Paw-Licking (30 Chews)",health_wellness
2026-07-07,amazon_in,B01BBXRK7K,a50618a7f7ffb993,https://www.amazon.in/Pedigree-Dentastix-Medium-10-25kg-Monthly/dp/B01BBXRK7K/ref=zg_bs_g_4771397031_d_sccl_2/522-4724523-7365803?psc=1,bestseller,Health & Wellness,2,False,624.0,624.0,,4.5,9077.0,In Stock,,,ok,scrape,"https://images-eu.ssl-images-amazon.com/images/I/71xgVTxZQiL._AC_UL300_SR300,200_.jpg",pedigree,"Pedigree Dentastix Oral Care Dog Treat, Adult Medium Breed (10-25 kg), 720 g, Recommended by Vets, Supports Gum Health,",health_wellness
2026-07-07,amazon_in,B0DWX243RY,9e55ce6d64648104,https://www.amazon.in/Joint-Supplements-Mobility-Strength-Glucosamine-Chondroitin/dp/B0DWX243RY/ref=zg_bs_g_4771397031_d_sccl_4/522-4724523-7365803?psc=1,bestseller,Health & Wellness,3,False,999.0,999.0,,4.0,89.0,In Stock,,,ok,scrape,"https://images-eu.ssl-images-amazon.com/images/I/5112RijP1rL._AC_UL300_SR300,200_.jpg",absolut,"Absolut Pet Hip and Joint-Supplements for Dogs Chews that Improve Mobility & Bone Strength with Glucosamine, Chondroitin & Co",health_wellness
2026-07-07,amazon_in,B01BBXRICM,a50618a7f7ffb993,https://www.amazon.in/Pedigree-Dentastix-Value-Monthly-Sticks/dp/B01BBXRICM/ref=zg_bs_g_4771397031_d_sccl_5/522-4724523-7365803?psc=1,bestseller,Health & Wellness,4,False,519.0,519.0,,4.4,4282.0,In Stock,,,ok,scrape,"https://images-eu.ssl-images-amazon.com/images/I/71C7OcYaC1L._AC_UL300_SR300,200_.jpg",pedigree,"Pedigree Dentastix Oral Care Dog Treat, Adult Small Breed (5-10 kg), 440 g, Recommended by Vets, Supports Gum Health, Reduces",health_wellness
2026-07-07,amazon_in,B01BBXRC5U,,https://www.amazon.in/Pedigree-Dentastix-Value-Monthly-Sticks/dp/B01BBXRC5U/ref=zg_bs_g_4771397031_d_sccl_6/522-4724523-7365803?psc=1,bestseller,Health & Wellness,5,False,998.0,998.0,,4.5,2747.0,In Stock,,,ok,scrape,"https://images-eu.ssl-images-amazon.com/images/I/715mwkGd-hL._AC_UL300_SR300,200_.jpg",pedigree,"Pedigree Dentastix Oral Care Dog Treat, Adult Large Breed (25+ kg), 1.08 kg, Recommended by Vets, Supports Gum Health, Reduce",health_wellness
2026-07-07,amazon_in,B01IEXX5HE,b913eaf3383a045c,https://www.amazon.in/Drools-Absolute-Skin-Tablet-Supplement/dp/B01IEXX5HE/ref=zg_bs_g_4771397031_d_sccl_7/522-4724523-7365803?psc=1,bestseller,Health & Wellness,6,False,446.0,446.0,,4.2,6393.0,In Stock,,,ok,scrape,"https://images-eu.ssl-images-amazon.com/images/I/61s337s6ShL._AC_UL300_SR300,200_.jpg",drools,"Drools Absolute Dog Supplement Tablet, Skin+ Coat 400g 110 Pieces Jar | Turmeric Flavour | Supports Skin& Food Sensitivity",health_wellness
2026-07-07,amazon_in,B01IEXX5M4,1e71ce03bb1aebcd,https://www.amazon.in/Drools-Absolute-Vitamin-Tablet-Supplement/dp/B01IEXX5M4/ref=zg_bs_g_4771397031_d_sccl_8/522-4724523-7365803?psc=1,bestseller,Health & Wellness,7,False,446.0,446.0,,4.4,4910.0,In Stock,,,ok,scrape,"https://images-eu.ssl-images-amazon.com/images/I/61gngaiA2jL._AC_UL300_SR300,200_.jpg",drools,"Drools Absolute Dog Supplement Tablets 400g, 110 Pieces Jar | Vitamin Flavour | Supports Growth | Maintains Healthy Body Cond",health_wellness
2026-07-07,amazon_in,B0BWYGG8HH,1ef73538baa8641d,https://www.amazon.in/Goofy-Tails-Vegetarian-Puppies-Seaweed/dp/B0BWYGG8HH/ref=zg_bs_g_4771397031_d_sccl_9/522-4724523-7365803?psc=1,bestseller,Health & Wellness,8,False,338.0,338.0,,4.2,473.0,In Stock,,,ok,scrape,"https://images-eu.ssl-images-amazon.com/images/I/618aYF5QntL._AC_UL300_SR300,200_.jpg",goofy,"Goofy Tails Active Seaweed Dental Stick 220g, Dog Treats Vegetarian, Dental Sticks for Dogs, Chew Sticks for Dogs, Dog Chew S",health_wellness
2026-07-07,amazon_in,B014PCY54U,,https://www.amazon.in/Pedigree-Dentastix-Treat-Adult-Large/dp/B014PCY54U/ref=zg_bs_g_4771397031_d_sccl_10/522-4724523-7365803?psc=1,bestseller,Health & Wellness,9,False,224.0,224.0,,4.5,2161.0,In Stock,,,ok,scrape,"https://images-eu.ssl-images-amazon.com/images/I/613YeXGNn6L._AC_UL300_SR300,200_.jpg",pedigree,"Pedigree Dentastix Oral Care Dog Treat, Adult Large Breed (25+ kg), 270 g, Recommended by Vets, Supports Gum Health, Reduces",health_wellness
2026-07-07,amazon_in,B0FFT8NK8P,5ec29ac83a19bb91,https://www.amazon.in/Absolut-Supplement-Shedding-Collagen-Probiotic/dp/B0FFT8NK8P/ref=zg_bs_g_4771397031_d_sccl_11/522-4724523-7365803?psc=1,bestseller,Health & Wellness,10,False,998.0,998.0,,4.0,287.0,In Stock,,,ok,scrape,"https://images-eu.ssl-images-amazon.com/images/I/61X2w0s-ZvL._AC_UL300_SR300,200_.jpg",absolut,"Absolut Pet Dog Supplement for Skin & Coat, Chews for Reduced Shedding, Healthy Skin & with Omega, Collagen & Biotin (Probiot",health_wellness
2026-07-07,amazon_in,B01IEXX362,,https://www.amazon.in/Drools-Absolute-Calcium-Tablet-Supplement/dp/B01IEXX362/ref=zg_bs_g_4771397031_d_sccl_12/522-4724523-7365803?psc=1,bestseller,Health & Wellness,11,False,431.0,431.0,,4.3,6372.0,In Stock,,,ok,scrape,"https://images-eu.ssl-images-amazon.com/images/I/61MLQdQeXRL._AC_UL300_SR300,200_.jpg",drools,"Drools Absolute Dog Supplement Tablets 400g, 110 Pieces Jar | Calcium Flavour | Promotes Better Joint Health | Healthy Skelet",health_wellness
2026-07-07,amazon_in,B0CN2JZS1F,cb85f712aabe420b,https://www.amazon.in/Velvet-Skin-Coat-Tonic-Omega/dp/B0CN2JZS1F/ref=zg_bs_g_4771397031_d_sccl_13/522-4724523-7365803?psc=1,bestseller,Health & Wellness,12,False,654.0,654.0,,4.4,1036.0,In Stock,,,ok,scrape,"https://images-eu.ssl-images-amazon.com/images/I/51+oRHavLPL._AC_UL300_SR300,200_.jpg",humane,Humane & Hound Velvet Skin & Coat Tonic with Omega 3 6 9 for Dogs & Cats (300 ML),health_wellness
2026-07-07,amazon_in,B0BHTBZTL3,8a4dbbd5b2692e30,https://www.amazon.in/Medfly-Healthcare-Defender-Dewormer-Stages/dp/B0BHTBZTL3/ref=zg_bs_g_4771397031_d_sccl_15/522-4724523-7365803?psc=1,bestseller,Health & Wellness,13,False,329.0,329.0,,4.2,1401.0,In Stock,,,ok,scrape,"https://images-eu.ssl-images-amazon.com/images/I/71m6run0ItL._AC_UL300_SR300,200_.jpg",medfly,Medfly Healthcare Defender Pro Deworming Tablet for Dogs of All Life Stages (Pack of 1) | Natural & Herbal Ingredients | Effe,health_wellness
2026-07-07,amazon_in,B01C72NYE2,f6f4a97210f745c8,https://www.amazon.in/Vivaldis-Endewor-Natural-Deworming-Supplement/dp/B01C72NYE2/ref=zg_bs_g_4771397031_d_sccl_16/522-4724523-7365803?psc=1,bestseller,Health & Wellness,14,False,216.0,216.0,,4.0,2820.0,In Stock,,,ok,scrape,"https://images-eu.ssl-images-amazon.com/images/I/614+STg+yfL._AC_UL300_SR300,200_.jpg",vivaldis,"Vivaldis Endewor Dewormer for Dogs and Cats, Natural Enzyme and Probiotic Based Supplements for Gut Health to Kill & Expels P",health_wellness
2026-07-07,amazon_in,B0BRJG1BRL,805ad7478e2721b5,https://www.amazon.in/Ayurvedic-Bacterial-Vet-Approved-Dermatitis-Applications/dp/B0BRJG1BRL/ref=zg_bs_g_4771397031_d_sccl_17/522-4724523-7365803?psc=1,bestseller,Health & Wellness,15,False,163.0,163.0,,4.1,633.0,In Stock,,,ok,scrape,"https://images-eu.ssl-images-amazon.com/images/I/61WvskuayrL._AC_UL300_SR300,200_.jpg",fur,"FUR BALL STORY Eczo Pet Anti Fungal & Anti Bacterial Cream|Itchy Skin Treatment for Dogs & Cats | Helps with Eczema, Ringworm",health_wellness
2026-07-07,amazon_in,B0DV3S2F37,c91705438f48f586,https://www.amazon.in/BARK-OUT-LOUD-Removes-Chicken/dp/B0DV3S2F37/ref=zg_bs_g_4771397031_d_sccl_18/522-4724523-7365803?psc=1,bestseller,Health & Wellness,16,False,227.0,227.0,,4.4,429.0,In Stock,,,ok,scrape,"https://images-eu.ssl-images-amazon.com/images/I/6178qIV7s6L._AC_UL300_SR300,200_.jpg",bark,BARK OUT LOUD - Dental Treats | Brush Shape Dog Chews | Removes Plaque/Tartar | Fresh Smell | Oral Care Gluten Free| Chicken,health_wellness
2026-07-07,amazon_in,B079TTTV6Z,42f572ee42637643,https://www.amazon.in/Drools-Absolute-Calcium-Sausage-Supplement/dp/B079TTTV6Z/ref=zg_bs_g_4771397031_d_sccl_19/522-4724523-7365803?psc=1,bestseller,Health & Wellness,17,False,899.0,899.0,,4.2,556.0,In Stock,,,ok,scrape,"https://images-eu.ssl-images-amazon.com/images/I/51GKdEltXKL._AC_UL300_SR300,200_.jpg",drools,Drools Absolute Dog Supplement Sausages 32 Pieces Jar | Calcium Flavour | Healthy Skeletal System | Maintain Strong Teeth,health_wellness
2026-07-07,amazon_in,B07N8VXPYM,8a02f11f1f77a4b9,https://www.amazon.in/Virbac-Nutrich-Minerals-Vitamins-Supplement/dp/B07N8VXPYM/ref=zg_bs_g_4771397031_d_sccl_20/522-4724523-7365803?psc=1,bestseller,Health & Wellness,18,False,397.0,397.0,,4.6,647.0,In Stock,,,ok,scrape,"https://images-eu.ssl-images-amazon.com/images/I/6197+lkgGwL._AC_UL300_SR300,200_.jpg",virbac,"Virbac Nutrich Tablets 60 Pieces Minerals and Vitamins Supplement for Dog & Cat, 60 Count",health_wellness
2026-07-07,amazon_in,B0CGJ7W9ZJ,c26f8ffde8cb093d,https://www.amazon.in/Bakson-Veterinary-Derm-Aid-Drops/dp/B0CGJ7W9ZJ/ref=zg_bs_g_4771397031_d_sccl_21/522-4724523-7365803?psc=1,bestseller,Health & Wellness,19,False,208.0,208.0,,4.2,596.0,In Stock,,,ok,scrape,"https://images-eu.ssl-images-amazon.com/images/I/81ys3VQjLeL._AC_UL300_SR300,200_.jpg",bakson,"Bakson Veterinary Derm Aid Pet Skin Drop for Animals 30ML | Dogs & Cats Skin Infection Treatment & Allergy Relief | Itching,",health_wellness
2026-07-07,amazon_in,B0DKP3KX86,aa30ffc4d2a8cf11,https://www.amazon.in/PET360-Protectives-Shedding-Nutritional-Supplement/dp/B0DKP3KX86/ref=zg_bs_g_4771397031_d_sccl_22/522-4724523-7365803?psc=1,bestseller,Health & Wellness,20,False,361.0,361.0,,4.2,334.0,In Stock,,,ok,scrape,"https://images-eu.ssl-images-amazon.com/images/I/71A3t6JkQbL._AC_UL300_SR300,200_.jpg",pet360,PET360 Omega 3+6+9 for Dogs | Blend of Salmon & Flax Seed Oils with Fur & Coat Protectives | Reduced Shedding | Shiny Coat,health_wellness
2026-07-07,amazon_in,B0F91FJBGB,2717d8af29735046,https://www.amazon.in/Supplements-Probiotic-Shedding-Improved-Glucosamine/dp/B0F91FJBGB/ref=zg_bs_g_4771397031_d_sccl_24/522-4724523-7365803?psc=1,bestseller,Health & Wellness,21,False,1499.0,1499.0,,4.1,77.0,In Stock,,,ok,scrape,"https://images-eu.ssl-images-amazon.com/images/I/611gbnaeL8L._AC_UL300_SR300,200_.jpg",absolut,"Absolut Pet Dog Supplements Probiotic, Hip & Joint, Skin & Coat Chews for Gut Health, Reduced Shedding & Improved Mobility wi",health_wellness
2026-07-07,amazon_in,B00P7PRCXG,8c9c3f5b734567fc,https://www.amazon.in/Himalaya-Furglow-Oral-Coat-Conditioner/dp/B00P7PRCXG/ref=zg_bs_g_4771397031_d_sccl_27/522-4724523-7365803?psc=1,bestseller,Health & Wellness,22,False,435.0,435.0,,4.2,2443.0,In Stock,,,ok,scrape,"https://images-eu.ssl-images-amazon.com/images/I/71fzIyjLAxL._AC_UL300_SR300,200_.jpg",himalaya,Himalaya Furglow Skin & Coat Tonic Liquid For Dogs & Cats | Daily Supplement forSshiny and Healthy Coat | 400ml,health_wellness
2026-07-07,amazon_in,B0CVV7CGRD,ee283f815a82d654,https://www.amazon.in/Calciur-Calcium-Syrup-Adult-Puppies/dp/B0CVV7CGRD/ref=zg_bs_g_4771397031_d_sccl_28/522-4724523-7365803?psc=1,bestseller,Health & Wellness,23,False,516.0,516.0,,4.3,257.0,In Stock,,,ok,scrape,"https://images-eu.ssl-images-amazon.com/images/I/61TOpRdknDL._AC_UL300_SR300,200_.jpg",pooch,Pooch Harbor Calciur Calcium Syrup for Adult Dogs & Young Puppies - 200 ML (Pack of 03),health_wellness
2026-07-07,amazon_in,B000WFDTSI,07940a514eb42d36,https://www.amazon.in/Trixie-Dog-Toothpaste-Mint-100g/dp/B000WFDTSI/ref=zg_bs_g_4771397031_d_sccl_29/522-4724523-7365803?psc=1,bestseller,Health & Wellness,24,False,216.0,216.0,,4.2,3057.0,In Stock,,,ok,scrape,"https://images-eu.ssl-images-amazon.com/images/I/61Kr1-evHfL._AC_UL300_SR300,200_.jpg",trixie,"Trixie Dog Toothpaste with Mint, Oral Care,100g",health_wellness
2026-07-07,amazon_in,B0GFDM897S,d4aa53ddd6a6b9cb,https://www.amazon.in/Absolut-Supplement-Reduces-Freshens-Supports/dp/B0GFDM897S/ref=zg_bs_g_4771397031_d_sccl_30/522-4724523-7365803?psc=1,bestseller,Health & Wellness,25,False,699.0,699.0,,4.2,28.0,In Stock,,,ok,scrape,"https://images-eu.ssl-images-amazon.com/images/I/51BzBYBru4L._AC_UL300_SR300,200_.jpg",absolut,"Absolut Pet Dog Supplement for Oral Care, Dental Chews for Dogs that Reduces Plaque & Tartar | Freshens Breath & Supports Gum",health_wellness
2026-07-07,amazon_in,B0C3D1T71J,d9979ee004816968,https://www.amazon.in/Pet-Clean-Primrose-Oil-Pads/dp/B0C3D1T71J/ref=zg_bs_g_4771384031_d_sccl_1/522-4724523-7365803?psc=1,bestseller,Health & Wellness,1,False,279.0,279.0,,4.4,427.0,In Stock,,,ok,scrape,"https://images-eu.ssl-images-amazon.com/images/I/41bZHG50S-L._AC_UL300_SR300,200_.jpg",,Pet Clean Primrose Oil Eye & Ear Pads - Gentle Care for Dogs & Cats - 50 Count (Pack of 1),health_wellness
2026-07-07,amazon_in,B0041TN666,c85f84af07615489,https://www.amazon.in/Royal-Canin-Urinary-Feline-Cat/dp/B0041TN666/ref=zg_bs_g_4771384031_d_sccl_2/522-4724523-7365803?psc=1,bestseller,Health & Wellness,2,False,1900.0,1900.0,,4.6,1762.0,In Stock,,,ok,scrape,"https://images-eu.ssl-images-amazon.com/images/I/41AHmvGxX1L._AC_UL300_SR300,200_.jpg",royal canin,Royal Canin Urinary Adult Feline (Cat) Powder 1.5 Kg,health_wellness
2026-07-07,amazon_in,B08L33TR9Q,57c66c4fa83f4ddb,https://www.amazon.in/ProDen-PlaqueOff-Powder-Supports-Healthy/dp/B08L33TR9Q/ref=zg_bs_g_4771384031_d_sccl_3/522-4724523-7365803?psc=1,bestseller,Health & Wellness,3,False,1119.0,1119.0,,3.9,225.0,In Stock,,,ok,scrape,"https://images-eu.ssl-images-amazon.com/images/I/61VBz0ZTbYL._AC_UL300_SR300,200_.jpg",proden,"ProDen PlaqueOff Powder Supports Normal, Healthy Teeth, Gums, and Breath Odour in Dogs 20 gm",health_wellness
2026-07-07,amazon_in,B0CQ1TL64W,3394c7e88ba5f39a,https://www.amazon.in/SmileDenX-Dental-Care-Finger-Wipes/dp/B0CQ1TL64W/ref=zg_bs_g_4771384031_d_sccl_4/522-4724523-7365803?psc=1,bestseller,Health & Wellness,4,False,249.0,249.0,,4.2,2144.0,In Stock,,,ok,scrape,"https://images-eu.ssl-images-amazon.com/images/I/71eqt0l1a1L._AC_UL300_SR300,200_.jpg",smiledenx,"SmileDenX Teeth Cleaning Wipes for Dogs & Cats, Dog Finger Toothbrush Wipes, Dog Dental Care Finger Wipes, Dog Tooth Brushing",health_wellness
2026-07-07,amazon_in,B0GXB2XY9D,4ffd3147b5888403,https://www.amazon.in/Venkys-VentriPro-Kitten-Supplement-Enriched/dp/B0GXB2XY9D/ref=zg_bs_g_4771384031_d_sccl_5/522-4724523-7365803?psc=1,bestseller,Health & Wellness,5,False,349.0,349.0,,3.6,7.0,In Stock,,,ok,scrape,"https://images-eu.ssl-images-amazon.com/images/I/31TKlmhbrGL._AC_UL300_SR300,200_.jpg",venkys,"Venky's VentriPro Kitten Feed Supplement, Enriched with Omega 3 & 6 Fatty Acids, 200 g",health_wellness
2026-07-07,amazon_in,B09TKYC9QD,b931f6b0f5b12912,https://www.amazon.in/Sky-Star-Multivitamin-Syrup-Cats/dp/B09TKYC9QD/ref=zg_bs_g_4771384031_d_sccl_6/522-4724523-7365803?psc=1,bestseller,Health & Wellness,6,False,245.0,245.0,,4.2,81.0,In Stock,,,ok,scrape,"https://images-eu.ssl-images-amazon.com/images/I/61CNJLSF64L._AC_UL300_SR300,200_.jpg",fifozone,Fifozone Sky Ec Cat Star Multivitamin Syrup for Cats - 100 Ml by Jolly and Cutie Pets by Fifozone,health_wellness
2026-07-07,amazon_in,B0BQFG1WQ5,cecae55fceae9914,https://www.amazon.in/Deworming-Spot-Cats-Pack-Cat/dp/B0BQFG1WQ5/ref=zg_bs_g_4771384031_d_sccl_7/522-4724523-7365803?psc=1,bestseller,Health & Wellness,7,False,295.0,295.0,,4.2,107.0,In Stock,,,ok,scrape,"https://images-eu.ssl-images-amazon.com/images/I/71nNyr-sWHL._AC_UL300_SR300,200_.jpg",defender,Defender Nex Pro Deworming Tablet for Cats & Kittens of Over 6 Weeks Old (Pack of 1) | Natural & Herbal Ingredients | Effecti,health_wellness
2026-07-07,amazon_in,B0CNXX8JZL,2e8c101c833dcaef,https://www.amazon.in/Vetina-Cardio-Support-Tablets-Cardiac/dp/B0CNXX8JZL/ref=zg_bs_g_4771384031_d_sccl_8/522-4724523-7365803?psc=1,bestseller,Health & Wellness,8,False,543.0,543.0,,4.8,24.0,In Stock,,,ok,scrape,"https://images-eu.ssl-images-amazon.com/images/I/31o8dwsVonL._AC_UL300_SR300,200_.jpg",vetina,Vetina Cardio Support Tablets for Cardiac Care for Dogs & Cats 30 Tablets,health_wellness
2026-07-07,amazon_in,B005VD0JXY,2a2000e18f9fde28,https://www.amazon.in/Beaphar-Tooth-Gel-Cats-Dogs/dp/B005VD0JXY/ref=zg_bs_g_4771384031_d_sccl_9/522-4724523-7365803?psc=1,bestseller,Health & Wellness,9,False,730.0,730.0,,4.3,3093.0,In Stock,,,ok,scrape,"https://images-eu.ssl-images-amazon.com/images/I/51bNWllaX5L._AC_UL300_SR300,200_.jpg",beaphar,"Beaphar Tooth Gel in Liver Flavour for Dog & Cat, 100 Gram",health_wellness
2026-07-07,amazon_in,B0CD7BW9HM,c3732a5e8a3dafb4,https://www.amazon.in/Planter-Vitamin-Rich-Nutritious-Supports-Digestion/dp/B0CD7BW9HM/ref=zg_bs_g_4771384031_d_sccl_10/522-4724523-7365803?psc=1,bestseller,Health & Wellness,10,False,337.5,337.5,,3.4,108.0,In Stock,,,ok,scrape,"https://images-eu.ssl-images-amazon.com/images/I/71B9qEG-T+L._AC_UL300_SR300,200_.jpg",trixie,"Trixie Cat Grass Seeds with Plastic Planter for Kittens and All Cats, Soft, Vitamin-Rich, Easy Grow, Nutritious & Natural, Su",health_wellness
2026-07-07,amazon_in,B0B45MJ5X8,e26e469712420281,https://www.amazon.in/Fifozone-Supplement-Mother-Replacement-Kittens/dp/B0B45MJ5X8/ref=zg_bs_g_4771384031_d_sccl_11/522-4724523-7365803?psc=1,bestseller,Health & Wellness,11,False,425.0,425.0,,4.5,49.0,In Stock,,,ok,scrape,"https://images-eu.ssl-images-amazon.com/images/I/31sun-NXrqL._AC_UL300_SR300,200_.jpg",fifozone,"Fifozone Feed Supplement Mother Milk Replacement for Young Kittens 200GM, Tablet",health_wellness
2026-07-07,amazon_in,B0G4RRB547,36c37c637bc63b49,https://www.amazon.in/TAIL-TOWN-Cleaning-Removal-Hygiene/dp/B0G4RRB547/ref=zg_bs_g_4771384031_d_sccl_12/522-4724523-7365803?psc=1,bestseller,Health & Wellness,12,False,331.0,331.0,,4.6,17.0,In Stock,,,ok,scrape,"https://images-eu.ssl-images-amazon.com/images/I/51CC38ogEyL._AC_UL300_SR300,200_.jpg",tail,"TAIL TOWN Pet Teeth Cleaning Finger Wipes for Dogs & Cats | 50 Count | Fresh Breath, Plaque & Tartar Removal (Cleaning Finger",health_wellness
2026-07-07,amazon_in,B0FRZCX7PP,46a3b1efd3350ebb,https://www.amazon.in/Berlins-Adjustable-Cat-Protective-Anti-Bite/dp/B0FRZCX7PP/ref=zg_bs_g_4771384031_d_sccl_13/522-4724523-7365803?psc=1,bestseller,Health & Wellness,13,False,189.0,189.0,,3.8,27.0,In Stock,,,ok,scrape,"https://images-eu.ssl-images-amazon.com/images/I/612OxkXbb4L._AC_UL300_SR300,200_.jpg",berlins,Berlin's Adjustable Cat Cone for Kitten Size 3 Small Plastic E-Collar Protective Collar After Surgery Anti-Bite Lick Wound He,health_wellness
2026-07-07,amazon_in,B0C3W2NZZ6,33d98dd4c42beb7e,https://www.amazon.in/Petroyale-Digestive-Probiotics-Enzymes-Supplement/dp/B0C3W2NZZ6/ref=zg_bs_g_4771384031_d_sccl_14/522-4724523-7365803?psc=1,bestseller,Health & Wellness,14,False,439.0,439.0,,4.0,47.0,In Stock,,,ok,scrape,"https://images-eu.ssl-images-amazon.com/images/I/81lcfYb7cZL._AC_UL300_SR300,200_.jpg",petroyale,Petroyale Cat Digestive Probiotics - Cat Prebiotics & Probiotics Supplement - Prevents Diarrhea & Improves Gut Health - Cats,health_wellness
2026-07-07,amazon_in,B0B68KLNY7,736972d3c46b5b1b,https://www.amazon.in/Purrfect-Dental-Sticks-Cranberry-Treats/dp/B0B68KLNY7/ref=zg_bs_g_4771384031_d_sccl_15/522-4724523-7365803?psc=1,bestseller,Health & Wellness,15,False,156.0,156.0,,3.8,231.0,In Stock,,,ok,scrape,"https://images-eu.ssl-images-amazon.com/images/I/517JfhkAzWL._AC_UL300_SR300,200_.jpg",basil,"Basil Purrfect Cat Dental Sticks | Tuna & Cranberry Dental Sticks for Cats, Cat Treats | Cats Oral Hygiene & Helps Control Ha",health_wellness
2026-07-07,amazon_in,B0FBN8YCFQ,76fd84508693c0be,https://www.amazon.in/PetFunda-Enriched-Extract-Reduces-Paraben-Free/dp/B0FBN8YCFQ/ref=zg_bs_g_4771384031_d_sccl_16/522-4724523-7365803?psc=1,bestseller,Health & Wellness,16,False,279.0,279.0,,3.8,33.0,In Stock,,,ok,scrape,"https://images-eu.ssl-images-amazon.com/images/I/51ivvybk--L._AC_UL300_SR300,200_.jpg",petfunda,PetFunda Fresh Mint Dental Spray for Dogs & Cats| Enriched with Mint & Clove Extract | Reduces Plaque & Tarter | Paraben-Free,health_wellness
2026-07-07,amazon_in,B08291HDV4,71f5e677fad29cd2,https://www.amazon.in/Trixie-Cats-Dental-Hygiene-Set/dp/B08291HDV4/ref=zg_bs_g_4771384031_d_sccl_17/522-4724523-7365803?psc=1,bestseller,Health & Wellness,17,False,445.5,445.5,,3.7,197.0,In Stock,,,ok,scrape,"https://images-eu.ssl-images-amazon.com/images/I/61jbL3gw9ML._AC_UL300_SR300,200_.jpg",trixie,Trixie Cats Dental Hygiene Set - Cat Toothbrush and Toothpaste,health_wellness
2026-07-07,amazon_in,B0CGJJ16CH,676ad9a43bc07636,https://www.amazon.in/Bakson-Veterinary-Blood-Purifed-Drops/dp/B0CGJJ16CH/ref=zg_bs_g_4771384031_d_sccl_18/522-4724523-7365803?psc=1,bestseller,Health & Wellness,18,False,150.0,150.0,,4.1,17.0,In Stock,,,ok,scrape,"https://images-eu.ssl-images-amazon.com/images/I/71jZ8iyF1eL._AC_UL300_SR300,200_.jpg",me-o,"Bakson Veterinary V61 Blood Purifier Drops 30ML | Homeopathic Blood Cleanser for Pets, Dogs & Cats | Supports Clear Skin, All",health_wellness
2026-07-07,amazon_in,B0GXPQD2KC,8e541b52dedf7915,https://www.amazon.in/Chompz-Supplement-Supports-Immunity-Unflavoured/dp/B0GXPQD2KC/ref=zg_bs_g_4771384031_d_sccl_20/522-4724523-7365803?psc=1,bestseller,Health & Wellness,19,False,499.0,499.0,,4.5,2.0,In Stock,,,ok,scrape,"https://images-eu.ssl-images-amazon.com/images/I/613ynsuFjlL._AC_UL300_SR300,200_.jpg",chompz,"Chompz Taurine Supplement for Cats | 50g Powder | Supports Heart, Vision & Immunity | Unflavoured & Pure | Mixes into Any Mea",health_wellness
2026-07-07,amazon_in,B0DJVWJHHJ,ffa8066bcdb6b66c,https://www.amazon.in/BuddyCheer-Wipes-Dental-Dogs-Cats/dp/B0DJVWJHHJ/ref=zg_bs_g_4771384031_d_sccl_21/522-4724523-7365803?psc=1,bestseller,Health & Wellness,20,False,239.0,239.0,,4.0,42.0,In Stock,,,ok,scrape,"https://images-eu.ssl-images-amazon.com/images/I/71XE9FMiSsL._AC_UL300_SR300,200_.jpg",buddycheer,"BuddyCheer Dog Teeth Cleaning Wipes, Pet Dental Finger Wipes for Dogs, No-Rinse Finger Toothbrush Wipes to Reduce Plaque & Ta",health_wellness
2026-07-07,amazon_in,B01KD7Q91I,8ba26177c26938a2,https://www.amazon.in/Arm-Hammer-Advanced-Dental-Additive/dp/B01KD7Q91I/ref=zg_bs_g_4771384031_d_sccl_22/522-4724523-7365803?psc=1,bestseller,Health & Wellness,21,False,340.0,340.0,,4.2,2507.0,In Stock,,,ok,scrape,"https://images-eu.ssl-images-amazon.com/images/I/61s3szSVh4L._AC_UL300_SR300,200_.jpg",arm,"Arm & Hammer, Advanced Care Dental Rinse/Water Additive for Cats",health_wellness
2026-07-07,amazon_in,B0G48NG41R,b57d88b2c1fb5ce0,https://www.amazon.in/Wuuff-Meow-Multi-Vitamin-Vitamins-L-Carnitine/dp/B0G48NG41R/ref=zg_bs_g_4771384031_d_sccl_23/522-4724523-7365803?psc=1,bestseller,Health & Wellness,22,False,846.0,846.0,,4.7,9.0,In Stock,,,ok,scrape,"https://images-eu.ssl-images-amazon.com/images/I/71YuSM-bvmL._AC_UL300_SR300,200_.jpg",me-o,"Wuuff&Meow GimCat Premium Cat Multi-Vitamin Paste with 13 Vitamins, Oils, Zinc, Biotin, L-Carnitine for Immunity Support, Ski",health_wellness
2026-07-07,amazon_in,B0FS78PLDZ,412df0b7321d1669,https://www.amazon.in/Collar-Surgery-Comfortable-Design-Circumference/dp/B0FS78PLDZ/ref=zg_bs_g_4771384031_d_sccl_24/522-4724523-7365803?psc=1,bestseller,Health & Wellness,23,False,669.0,669.0,,3.8,15.0,In Stock,,,ok,scrape,"https://images-eu.ssl-images-amazon.com/images/I/61QnKt6Y9jL._AC_UL300_SR300,200_.jpg",cat,"Cat Collar, Cat Neck Collar for Small Cats and Dogs, Soft E Collar for Cats Post Surgery, Comfortable Cat Cone Collar with Be",health_wellness
2026-07-07,amazon_in,B00C37XFNC,fd86169d9daf8e2b,https://www.amazon.in/Palamountains-Beau-Cats-Essential-Absorption/dp/B00C37XFNC/ref=zg_bs_g_4771384031_d_sccl_25/522-4724523-7365803?psc=1,bestseller,Health & Wellness,24,False,1300.0,1300.0,,4.3,346.0,In Stock,,,ok,scrape,"https://images-eu.ssl-images-amazon.com/images/I/712KhaHLHGL._AC_UL300_SR300,200_.jpg",palamountains,"Palamountains My Beau for Cats – Omega 3 & 6, Essential Vitamins – Enhances Skin, Coat, Immunity, Digestion & Reduces Fur Bal",health_wellness
2026-07-07,amazon_in,B0FBGBS845,1a36cbdee1bc61da,https://www.amazon.in/Goofy-Tails-Feline-Vitality-Curcuminoids/dp/B0FBGBS845/ref=zg_bs_g_4771384031_d_sccl_26/522-4724523-7365803?psc=1,bestseller,Health & Wellness,25,False,169.0,169.0,,4.2,20.0,In Stock,,,ok,scrape,"https://images-eu.ssl-images-amazon.com/images/I/61J0mjj14IL._AC_UL300_SR300,200_.jpg",goofy,"Goofy Tails Feline Vitality+(100Mlx1Pack) Liquid Immunity Booster for Cats, Cat Coat Supplement, Gut Supplement, Boosted with",health_wellness
2026-07-07,amazon_in,B0CW1NRHBL,b074bd7b698931a2,https://www.amazon.in/Petroyale-Multivitamin-Chews-Cats-Supplements/dp/B0CW1NRHBL/ref=zg_bs_g_4771384031_d_sccl_27/522-4724523-7365803?psc=1,bestseller,Health & Wellness,26,False,478.0,478.0,,4.2,5.0,In Stock,,,ok,scrape,"https://images-eu.ssl-images-amazon.com/images/I/71E+7tGqCJL._AC_UL300_SR300,200_.jpg",petroyale,Petroyale Multivitamin Chews for Cats - Cat Multivitamin Tablets - Cat Health Supplement - Daily Supplements for Cats - for G,health_wellness
2026-07-07,amazon_in,B0DKBHLX3W,64ed1e1afe2dbe27,https://www.amazon.in/Biotin-Taurine-Tablets-Healthy-Hairs/dp/B0DKBHLX3W/ref=zg_bs_g_4771384031_d_sccl_28/522-4724523-7365803?psc=1,bestseller,Health & Wellness,27,False,335.0,335.0,,3.8,19.0,In Stock,,,ok,scrape,"https://images-eu.ssl-images-amazon.com/images/I/51sE6tEMcjL._AC_UL300_SR300,200_.jpg",biotin,"Biotin and Taurine, 75 Tablets for Dogs & Cats, for Healthy Skin & Hairs.",health_wellness
2026-07-07,amazon_in,B0FDLGCHFZ,24322f4c16b14157,https://www.amazon.in/DD-Presents-KIWOFF-Chews-Kittens/dp/B0FDLGCHFZ/ref=zg_bs_g_4771384031_d_sccl_29/522-4724523-7365803?psc=1,bestseller,Health & Wellness,28,False,449.0,449.0,,4.7,11.0,In Stock,,,ok,scrape,"https://images-eu.ssl-images-amazon.com/images/I/61th8qO464L._AC_UL300_SR300,200_.jpg",og,(OG) DD Presents KIWOFF Easy Chews for Cats and Kittens,health_wellness
2026-07-07,amazon_in,B0CY9LRRDX,56a8bf6d425cfae7,https://www.amazon.in/Agirav-Pull-Dog-Harness-Adjustable/dp/B0CY9LRRDX/ref=zg_bs_g_4771392031_d_sccl_1/522-4724523-7365803?psc=1,bestseller,"Collars, Leashes & Harnesses",1,False,174.0,174.0,,3.8,1709.0,In Stock,,,ok,scrape,"https://images-eu.ssl-images-amazon.com/images/I/51ez5oWoCSL._AC_UL300_SR300,200_.jpg",agirav,Agirav No Pull Dog Harness - Step in Dog Harness and Leash for Small Medium Large Dog - Escape Proof Adjustable Soft Leash Co,collars_leashes
2026-07-07,amazon_in,B0BT4VLWHP,572e52cb523eff92,https://www.amazon.in/Wooflix-Leash-Medium-Harness-Reflective/dp/B0BT4VLWHP/ref=zg_bs_g_4771392031_d_sccl_2/522-4724523-7365803?psc=1,bestseller,"Collars, Leashes & Harnesses",2,False,379.0,379.0,,4.4,715.0,In Stock,,,ok,scrape,"https://images-eu.ssl-images-amazon.com/images/I/71mv7oAPiaL._AC_UL300_SR300,200_.jpg",wooflix,Wooflix Heavy Duty Nylon Dog Leash | Anti Slip Padded Handle Long Dog Leash | Highly Reflective Leash for Dogs | Dog Rope for,collars_leashes
2026-07-07,amazon_in,B0DSG7G27R,239fb3bee4fd7602,https://www.amazon.in/Pawpro-Adjustable-Collar-Secure-D-Ring/dp/B0DSG7G27R/ref=zg_bs_g_4771392031_d_sccl_3/522-4724523-7365803?psc=1,bestseller,"Collars, Leashes & Harnesses",3,False,199.0,199.0,,4.1,840.0,In Stock,,,ok,scrape,"https://images-eu.ssl-images-amazon.com/images/I/71JDZ1uGD2L._AC_UL300_SR300,200_.jpg",pawpro,"Pawpro Adjustable Nylon Dog Collar with Secure D-Ring from Small - Medium to Large Breeds (Brown, Large)",collars_leashes
2026-07-07,amazon_in,B0D6B7BT3M,1d7f59bc9a932631,https://www.amazon.in/Buraq-Reflective-No-Pull-Harness-Leash/dp/B0D6B7BT3M/ref=zg_bs_g_4771392031_d_sccl_4/522-4724523-7365803?psc=1,bestseller,"Collars, Leashes & Harnesses",4,False,975.0,975.0,,4.2,210.0,In Stock,,,ok,scrape,"https://images-eu.ssl-images-amazon.com/images/I/816yoA-iJFL._AC_UL300_SR300,200_.jpg",buraq,"Buraq Premium Reflective Dog Harness with 5FT Leash, No-Pull Adjustable Belt Vest for Small, Medium & Large Dogs, Escape-Proo",collars_leashes
2026-07-07,amazon_in,B0FNMN55GZ,,https://www.amazon.in/Agirav-Pull-Dog-Harness-Adjustable/dp/B0FNMN55GZ/ref=zg_bs_g_4771392031_d_sccl_5/522-4724523-7365803?psc=1,bestseller,"Collars, Leashes & Harnesses",5,False,174.0,174.0,,4.0,1573.0,In Stock,,,ok,scrape,"https://images-eu.ssl-images-amazon.com/images/I/71GsQJ9VYqL._AC_UL300_SR300,200_.jpg",agirav,Agirav No Pull Dog Harness - Step in and Leash for Small Medium Large Dog - Escape Proof Adjustable Soft Dog Harness Leash Co,collars_leashes
2026-07-07,amazon_in,B071Y3YRZ3,20d33b58a09c1a00,https://www.amazon.in/AmazonBasics-Tie-Out-Cable-Leash-Dogs/dp/B071Y3YRZ3/ref=zg_bs_g_4771392031_d_sccl_6/522-4724523-7365803?psc=1,bestseller,"Collars, Leashes & Harnesses",6,False,399.0,399.0,,4.3,28352.0,In Stock,,,ok,scrape,"https://images-eu.ssl-images-amazon.com/images/I/71174zxkimL._AC_UL300_SR300,200_.jpg",amazon basics,Amazon Basics Tie-Out Cable/ Leash for Dogs Up to 57 kg | 30 Feet | Red | Large Size | Durable Metal Clips for Quick and Easy,collars_leashes
2026-07-07,amazon_in,B0DSG59VD3,0cc5a6bb4bf3393c,https://www.amazon.in/PawPro-Reflective-Yellow-Engraved-Adjustable/dp/B0DSG59VD3/ref=zg_bs_g_4771392031_d_sccl_7/522-4724523-7365803?psc=1,bestseller,"Collars, Leashes & Harnesses",7,False,199.0,199.0,,4.1,282.0,In Stock,,,ok,scrape,"https://images-eu.ssl-images-amazon.com/images/I/6109gRRNhSL._AC_UL300_SR300,200_.jpg",pawpro,PAWPRO HANDMADE Reflective Yellow Nylon Dog Collar with Custom Engraved Bone ID Tag- Adjustable for Medium Dogs (15-21 inch),collars_leashes
2026-07-07,amazon_in,B0CQTRZSLQ,d476439e13eeb5b4,https://www.amazon.in/WOOFLIX-Dog-Harness-Small-Dogs/dp/B0CQTRZSLQ/ref=zg_bs_g_4771392031_d_sccl_8/522-4724523-7365803?psc=1,bestseller,"Collars, Leashes & Harnesses",8,False,649.0,649.0,,4.0,434.0,In Stock,,,ok,scrape,"https://images-eu.ssl-images-amazon.com/images/I/81UzWL2RXlL._AC_UL300_SR300,200_.jpg",wooflix,"WOOFLIX Dog Harness for Small Dogs, Puppies and Cats | Suitable for Small Size Dogs, Cats & Puppies of 2.5kg -4.5kg | Reflect",collars_leashes
2026-07-07,amazon_in,B09H6636YY,49768cb3c036667d,https://www.amazon.in/MS-PET-HOUSE-Training-10/dp/B09H6636YY/ref=zg_bs_g_4771392031_d_sccl_9/522-4724523-7365803?psc=1,bestseller,"Collars, Leashes & Harnesses",9,False,299.0,299.0,,4.3,1360.0,In Stock,,,ok,scrape,"https://images-eu.ssl-images-amazon.com/images/I/7174awAq0wL._AC_UL300_SR300,200_.jpg",ms,"MS PET HOUSE Padded Dog Training Lead Dog Leash 10 Feet Long Leash for Dogs (1"" Wide by 10 Ft Long Red Colour)",collars_leashes
2026-07-07,amazon_in,B0C5TLNYTV,65bb51c3da6cbd56,https://www.amazon.in/PAWPRO-HANDMADE-Customized-Personalize-Engraved/dp/B0C5TLNYTV/ref=zg_bs_g_4771392031_d_sccl_10/522-4724523-7365803?psc=1,bestseller,"Collars, Leashes & Harnesses",10,False,189.0,189.0,,4.4,1155.0,In Stock,,,ok,scrape,"https://images-eu.ssl-images-amazon.com/images/I/51thhblqZ1L._AC_UL300_SR300,200_.jpg",pawpro,"PAWPRO HANDMADE Customized Pet ID Tag Personalize Black Engraved Name Collar Tag with Breed face for Your Loving Pet Dog, Cat",collars_leashes
2026-07-07,amazon_in,B0GFWYGR7M,cf54eb93b831896d,https://www.amazon.in/Lyrovo-Adjustable-No-Pull-Harness-Medium/dp/B0GFWYGR7M/ref=zg_bs_g_4771392031_d_sccl_12/522-4724523-7365803?psc=1,bestseller,"Collars, Leashes & Harnesses",11,False,849.0,849.0,,4.1,113.0,In Stock,,,ok,scrape,"https://images-eu.ssl-images-amazon.com/images/I/71bRCC3rr4L._AC_UL300_SR300,200_.jpg",lyrovo,"Lyrovo Adjustable No-Pull Dog Harness with Leash Set for Small, Medium & Large Dogs – Reflective, Breathable, Comfortable Ves",collars_leashes
2026-07-07,amazon_in,B0DZ2GVP3B,883b9c9868236e09,https://www.amazon.in/Berlins-PET-ACCESSORIES-Personalized-Harness/dp/B0DZ2GVP3B/ref=zg_bs_g_4771392031_d_sccl_13/522-4724523-7365803?psc=1,bestseller,"Collars, Leashes & Harnesses",12,False,454.0,454.0,,3.9,148.0,In Stock,,,ok,scrape,"https://images-eu.ssl-images-amazon.com/images/I/61hY6s4rnOL._AC_UL300_SR300,200_.jpg",berlins,"Berlin's PET ACCESSORIES Personalized Dog Harness with Pet Name & Phone Number, No Pull Dog Vest,Escape Proof Reflective Dog",collars_leashes
2026-07-07,amazon_in,B089CVGV56,829a78cfad599a96,https://www.amazon.in/Sage-Square-Adjustable-Safety-Muzzle/dp/B089CVGV56/ref=zg_bs_g_4771392031_d_sccl_14/522-4724523-7365803?psc=1,bestseller,"Collars, Leashes & Harnesses",13,False,166.0,166.0,,3.4,2877.0,In Stock,,,ok,scrape,"https://images-eu.ssl-images-amazon.com/images/I/617d+dhlEGS._AC_UL300_SR300,200_.jpg",sage,"Sage Square Adjustable Strap Muzzle - Ensure Pet Safety & Comfort, Prevent Biting - Perfect for Medium-Sized Dogs, Ideal for",collars_leashes
2026-07-07,amazon_in,B0BGGPNNR1,a262b1048d578163,https://www.amazon.in/RvPaws-Mouth-Muzzle-Adjustable-Medium/dp/B0BGGPNNR1/ref=zg_bs_g_4771392031_d_sccl_15/522-4724523-7365803?psc=1,bestseller,"Collars, Leashes & Harnesses",14,False,198.0,198.0,,3.6,305.0,In Stock,,,ok,scrape,"https://images-eu.ssl-images-amazon.com/images/I/71-QE+jlzOL._AC_UL300_SR300,200_.jpg",rvpaws,RvPaws Dog Mouth Cover Muzzle/Bite Guard with Adjustable Strap Size (Medium No.- 4),collars_leashes
2026-07-07,amazon_in,B08GHB163G,7eb910a2f520424d,https://www.amazon.in/Foodie-Puppies-Stylish-Training-Strong/dp/B08GHB163G/ref=zg_bs_g_4771392031_d_sccl_16/522-4724523-7365803?psc=1,bestseller,"Collars, Leashes & Harnesses",15,False,199.0,199.0,,4.0,2054.0,In Stock,,,ok,scrape,"https://images-eu.ssl-images-amazon.com/images/I/71ms1P70B+L._AC_UL300_SR300,200_.jpg",foodie,Foodie Puppies Dog Training Walking Leash Rope - (Nylon Leash - 18mm) Dog Cord Leash for Medium to Large-Sized Dogs with Hook,collars_leashes
2026-07-07,amazon_in,B0DMLYWBX2,4160635a73686757,https://www.amazon.in/Reflective-Breathable-Adjustable-No-Choke-Leash-22mm/dp/B0DMLYWBX2/ref=zg_bs_g_4771392031_d_sccl_17/522-4724523-7365803?psc=1,bestseller,"Collars, Leashes & Harnesses",16,False,1424.0,1424.0,,3.9,186.0,In Stock,,,ok,scrape,"https://images-eu.ssl-images-amazon.com/images/I/61PJSqSWn7L._AC_UL300_SR300,200_.jpg",doggo,Doggo Bite Premium Reflective Dog Vest Harness| Soft Breathable| Padded Handle| Adjustable Straps & Dual Lock Buckle| No-Chok,collars_leashes
2026-07-07,amazon_in,B0D2L57FJ6,2bd5cf79adc928c5,https://www.amazon.in/Dog-Heart-Martingale-Collar-Large/dp/B0D2L57FJ6/ref=zg_bs_g_4771392031_d_sccl_18/522-4724523-7365803?psc=1,bestseller,"Collars, Leashes & Harnesses",17,False,585.0,585.0,,4.3,186.0,In Stock,,,ok,scrape,"https://images-eu.ssl-images-amazon.com/images/I/71pD1UCRcEL._AC_UL300_SR300,200_.jpg",dog-o-bow,"Dog-O-Bow Cotton Blue and Red Heart Martingale Dog Collar, Durable, Comfortable & Adjustable Training Collar (Extra Large)",collars_leashes
2026-07-07,amazon_in,B0FHFRPVJR,16cbf8c73a99f71a,https://www.amazon.in/Petology-Reflective-Anti-Slip-Padded-Handle/dp/B0FHFRPVJR/ref=zg_bs_g_4771392031_d_sccl_20/522-4724523-7365803?psc=1,bestseller,"Collars, Leashes & Harnesses",18,False,175.0,175.0,,4.1,744.0,In Stock,,,ok,scrape,"https://images-eu.ssl-images-amazon.com/images/I/716PfHm0gxL._AC_UL300_SR300,200_.jpg",petology,"Petology Dog Leash 4FT Long, 1cm Thick Reflective Heavy Duty Rope with Anti-Slip Padded Handle for Small Dogs",collars_leashes
2026-07-07,amazon_in,B0CVMYW12F,337fec1cd2b97a41,https://www.amazon.in/KIKA-Personalized-Dog-Harness-Customized/dp/B0CVMYW12F/ref=zg_bs_g_4771392031_d_sccl_21/522-4724523-7365803?psc=1,bestseller,"Collars, Leashes & Harnesses",19,False,840.0,840.0,,4.3,444.0,In Stock,,,ok,scrape,"https://images-eu.ssl-images-amazon.com/images/I/71Nj+GB1zsL._AC_UL300_SR300,200_.jpg",kika,"KIKA Pets Personalized Dog Harness|Dog Harness For Shih Tzu With Name|Customized Dog Vest Harness,Small Size (For 5-12 Kg Dog",collars_leashes
2026-07-07,amazon_in,B0F2N4XTCX,685f58d5166d70fd,https://www.amazon.in/Amazon-Basics-Retractable-Anti-Slip-One-Click/dp/B0F2N4XTCX/ref=zg_bs_g_4771392031_d_sccl_22/522-4724523-7365803?psc=1,bestseller,"Collars, Leashes & Harnesses",20,False,659.0,659.0,,4.2,93.0,In Stock,,,ok,scrape,"https://images-eu.ssl-images-amazon.com/images/I/61iDQqE1kGL._AC_UL300_SR300,200_.jpg",amazon basics,"Amazon Basics Retractable Dog Leash | 5 Meter | for Large Dogs Up to 50 Kg | Heavy Duty Leash for Pets | Strong Nylon Tape,",collars_leashes
2026-07-07,amazon_in,B0DRJBT3SD,cbced39ebb93d72f,https://www.amazon.in/BURAQ-Tactical-Dog-Collar-Military-Grade/dp/B0DRJBT3SD/ref=zg_bs_g_4771392031_d_sccl_23/522-4724523-7365803?psc=1,bestseller,"Collars, Leashes & Harnesses",21,False,299.0,299.0,,3.6,187.0,In Stock,,,ok,scrape,"https://images-eu.ssl-images-amazon.com/images/I/710TdIA8wFL._AC_UL300_SR300,200_.jpg",buraq,"Buraq Tactical Dog Collar, Military-Grade Nylon, Reinforced Buckle & Control Handle, Adjustable & Heavy Duty Training Belt fo",collars_leashes
2026-07-07,amazon_in,B0CY9L768J,8a8b46f626c0fbea,https://www.amazon.in/Agirav-Harness-Collar-Waterproof-1-5M-2M/dp/B0CY9L768J/ref=zg_bs_g_4771392031_d_sccl_24/522-4724523-7365803?psc=1,bestseller,"Collars, Leashes & Harnesses",22,False,169.0,169.0,,4.1,60.0,In Stock,,,ok,scrape,"https://images-eu.ssl-images-amazon.com/images/I/71smvN5z9eL._AC_UL300_SR300,200_.jpg",agirav,"Agirav Dog Combo Pack of Harness, Neck Collar Belt and Rope Set (Black, Medium, Waterproof, Rope Size 1.5M-2M) (Black)",collars_leashes
2026-07-07,amazon_in,B09QYYYVMR,9d455d5757b266b5,https://www.amazon.in/RvPaws-Combo-Collar-Lengthy-Golden/dp/B09QYYYVMR/ref=zg_bs_g_4771392031_d_sccl_26/522-4724523-7365803?psc=1,bestseller,"Collars, Leashes & Harnesses",23,False,284.0,284.0,,4.1,1397.0,In Stock,,,ok,scrape,"https://images-eu.ssl-images-amazon.com/images/I/81xyT8NBEdL._AC_UL300_SR300,200_.jpg",rvpaws,RvPaws Combo Nylon Dog Belt - 1 Inch Collar with Heavy Dog Chain 63 Inch Lengthy Dog Collar Chain Adjustable (Collar Neck Siz,collars_leashes
2026-07-07,amazon_in,B0GZ86M78L,7095a61b20cc2778,https://www.amazon.in/Cuddly-Beans-Adjustable-Comfortable-Breathable/dp/B0GZ86M78L/ref=zg_bs_g_4771392031_d_sccl_27/522-4724523-7365803?psc=1,bestseller,"Collars, Leashes & Harnesses",24,False,999.0,999.0,,4.2,35.0,In Stock,,,ok,scrape,"https://images-eu.ssl-images-amazon.com/images/I/61BnCyQjdDL._AC_UL300_SR300,200_.jpg",cuddly,"Cuddly Beans Dog Harness with Leash | No Pull Adjustable Pet Harness for Dogs | Comfortable, Breathable & Reflective | Heavy",collars_leashes
2026-07-07,amazon_in,B0GHLBB3G5,b157cb49ff831b96,https://www.amazon.in/CottonCat-Dog-Harness-Anti-Choke-Reflective/dp/B0GHLBB3G5/ref=zg_bs_g_4771392031_d_sccl_28/522-4724523-7365803?psc=1,bestseller,"Collars, Leashes & Harnesses",25,False,789.57,789.57,,4.1,41.0,In Stock,,,ok,scrape,"https://images-eu.ssl-images-amazon.com/images/I/81JFChdqSbL._AC_UL300_SR300,200_.jpg",cottoncat,"CottonCat Dog Harness – No Pull, Anti-Choke with Reflective Leash, Adjustable Breathable Dog Belt for Walking & Training – Sm",collars_leashes
2026-07-07,amazon_in,B07P621LMH,c318cdb58483410c,https://www.amazon.in/PSK-Chain-Silver-Grind-No-8/dp/B07P621LMH/ref=zg_bs_g_4771392031_d_sccl_29/522-4724523-7365803?psc=1,bestseller,"Collars, Leashes & Harnesses",26,False,229.0,229.0,,4.0,1572.0,In Stock,,,ok,scrape,"https://images-eu.ssl-images-amazon.com/images/I/71Z8zCU95-L._AC_UL300_SR300,200_.jpg",psk,PSK PET MART Dog Chain Silver Grind No.8 Heavy Weight Dogs Leash Heavy Duty Dog Chain with Heavy Hook (L - 60 Inch) for Large,collars_leashes
2026-07-07,amazon_in,B0DHZYD6XX,c0092c7bdfe5eef7,https://www.amazon.in/Zigly-Lifestyle-Classic-Adjustable-Collar/dp/B0DHZYD6XX/ref=zg_bs_g_4771392031_d_sccl_30/522-4724523-7365803?psc=1,bestseller,"Collars, Leashes & Harnesses",27,False,269.0,269.0,,4.2,223.0,In Stock,,,ok,scrape,"https://images-eu.ssl-images-amazon.com/images/I/61gHyz1wS5L._AC_UL300_SR300,200_.jpg",zigly,Zigly Lifestyle Classic Adjustable Padded Dog Collar for Dogs & Puppies | Soft Comfortable Durable Everyday Walking Neck Coll,collars_leashes
2026-07-07,amazon_in,B0F7LNQXGC,9b4e77828c947ff2,https://www.amazon.in/Harness-Escape-Ultra-Light-Aesthetic-Adjustable/dp/B0F7LNQXGC/ref=zg_bs_g_4771379031_d_sccl_1/522-4724523-7365803?psc=1,bestseller,"Collars, Leashes & Harnesses",1,False,359.0,359.0,,4.0,1315.0,In Stock,,,ok,scrape,"https://images-eu.ssl-images-amazon.com/images/I/719xjPAItDL._AC_UL300_SR300,200_.jpg",buraq,"Buraq No Pull Cat Harness with Leash, Escape Proof, Ultra-Light Weight, Air Mesh Fabric, Aesthetic Design Adjustable Cat Leas",collars_leashes
2026-07-07,amazon_in,B0G5LNYPG4,abe6b14ee36b6ce1,https://www.amazon.in/PAWPRO-HANDMADE-Reflective-Collar-Custom/dp/B0G5LNYPG4/ref=zg_bs_g_4771379031_d_sccl_2/522-4724523-7365803?psc=1,bestseller,"Collars, Leashes & Harnesses",2,False,189.0,189.0,,4.1,206.0,In Stock,,,ok,scrape,"https://images-eu.ssl-images-amazon.com/images/I/51W0z6fTiYL._AC_UL300_SR300,200_.jpg",pawpro,PAWPRO HANDMADE Reflective Pet Collar with Custom ID Tag – Adjustable Collar with Bell for Cats & Small Dogs – Personalized N,collars_leashes
2026-07-07,amazon_in,B0DW42X1YX,131c5e189a8f6c38,https://www.amazon.in/Harness-Kittens-Release-Escape-Proof-Outdoor/dp/B0DW42X1YX/ref=zg_bs_g_4771379031_d_sccl_3/522-4724523-7365803?psc=1,bestseller,"Collars, Leashes & Harnesses",3,False,258.0,258.0,,4.2,326.0,In Stock,,,ok,scrape,"https://images-eu.ssl-images-amazon.com/images/I/51hhSgAil2L._AC_UL300_SR300,200_.jpg",qpets,"Qpets Cat Harness with Leash for Kittens with Quick Release Buckle, Escape-Proof Cute Flower Cat Belt for Outdoor Walking &",collars_leashes
2026-07-07,amazon_in,B0FHKW1KWJ,3460346d2a2ba286,https://www.amazon.in/Yuppy-Puppy-Cat-Harness-Leash/dp/B0FHKW1KWJ/ref=zg_bs_g_4771379031_d_sccl_4/522-4724523-7365803?psc=1,bestseller,"Collars, Leashes & Harnesses",4,False,323.0,323.0,,4.1,48.0,In Stock,,,ok,scrape,"https://images-eu.ssl-images-amazon.com/images/I/71ViwAKB8hL._AC_UL300_SR300,200_.jpg",yuppy,Yuppy Puppy Cat Harness with Leash - Adjustable Floral Vest Belt for Persian Cats & Small Pets - Soft Padded Escape Proof Cat,collars_leashes
2026-07-07,amazon_in,B0D6YZ186D,0c372850ac12e7ef,https://www.amazon.in/Cat-Collar-Breakaway-Adjustable-Accessories/dp/B0D6YZ186D/ref=zg_bs_g_4771379031_d_sccl_5/522-4724523-7365803?psc=1,bestseller,"Collars, Leashes & Harnesses",5,False,199.0,199.0,,4.1,396.0,In Stock,,,ok,scrape,"https://images-eu.ssl-images-amazon.com/images/I/71M-pOTawUL._AC_UL300_SR300,200_.jpg",buraq,"Buraq 4 Pcs Perfect Plain Cat Collar for Indoor & Outdoor Use, Strong Cat Belt, Adjustable & Durable, Accessories for Cats -",collars_leashes
2026-07-07,amazon_in,B0CQS7JHTV,dd3c53184b48fefc,https://www.amazon.in/Qpets%C2%AE-Collar-Flower-Release-Adjustable/dp/B0CQS7JHTV/ref=zg_bs_g_4771379031_d_sccl_6/522-4724523-7365803?psc=1,bestseller,"Collars, Leashes & Harnesses",6,False,211.0,211.0,,4.3,215.0,In Stock,,,ok,scrape,"https://images-eu.ssl-images-amazon.com/images/I/51Qa2KvbQnL._AC_UL300_SR300,200_.jpg",qpets,"Qpets Cat Collar - Cute Pink Flower Cat Collar with Bell, Quick Release Adjustable Soft Plush Collar",collars_leashes
2026-07-07,amazon_in,B07P1RW182,cda8279f5e363ede,https://www.amazon.in/HASTHIP%C2%AE-Adjustable-Buckle-Velvet-13-8inch/dp/B07P1RW182/ref=zg_bs_g_4771379031_d_sccl_7/522-4724523-7365803?psc=1,bestseller,"Collars, Leashes & Harnesses",7,False,197.0,197.0,,3.9,2173.0,In Stock,,,ok,scrape,"https://images-eu.ssl-images-amazon.com/images/I/51pybFOifvL._AC_UL300_SR300,200_.jpg",hasthip,"HASTHIP Adjustable Cat Belt, Strong Breakaway Buckle, Cat Collar With Bell, Velvet Neck Strap for Small and medium-sized Cat",collars_leashes
2026-07-07,amazon_in,B0FPMNR6ZV,3feb3ee857f73f97,https://www.amazon.in/PhotoWalaa-Adjustable-Kittens-Lightweight-Comfortable/dp/B0FPMNR6ZV/ref=zg_bs_g_4771379031_d_sccl_8/522-4724523-7365803?psc=1,bestseller,"Collars, Leashes & Harnesses",8,False,173.0,173.0,,3.9,88.0,In Stock,,,ok,scrape,"https://images-eu.ssl-images-amazon.com/images/I/319IBPJmPxL._AC_UL300_SR300,200_.jpg",cottoncat,"CottonCat Set of 3 Adjustable Paw Cat Collar with Bell for Kittens, Cats & Small Pets | Soft, Safe Pet Collar | Lightweight,",collars_leashes
2026-07-07,amazon_in,B0FVT5YCRN,116510e6416eaf3f,https://www.amazon.in/Berlins-Cat-Harness-Adjustable-Black-Printed/dp/B0FVT5YCRN/ref=zg_bs_g_4771379031_d_sccl_9/522-4724523-7365803?psc=1,bestseller,"Collars, Leashes & Harnesses",9,False,275.0,275.0,,3.7,169.0,In Stock,,,ok,scrape,"https://images-eu.ssl-images-amazon.com/images/I/514fUBQhlYL._AC_UL300_SR300,200_.jpg",berlins,"Berlin's Cat Harness with Leash for Outdoor, Walking, Escape Proof, Air Mesh Fabric, Easy Control, Adjustable & Durable Cat L",collars_leashes
2026-07-07,amazon_in,B0B867FSX5,0c372850ac12e7ef,https://www.amazon.in/BURAQ-Breakaway-Adjustable-Accessories-Cats-Color/dp/B0B867FSX5/ref=zg_bs_g_4771379031_d_sccl_11/522-4724523-7365803?psc=1,bestseller,"Collars, Leashes & Harnesses",10,False,175.0,175.0,,4.1,924.0,In Stock,,,ok,scrape,"https://images-eu.ssl-images-amazon.com/images/I/71H1cxz+c2L._AC_UL300_SR300,200_.jpg",buraq,"Buraq 4 Pcs Perfect Plain Cat Collar for Indoor & Outdoor Use, Strong Cat Belt, Adjustable & Durable, Accessories for Cats -",collars_leashes
2026-07-07,amazon_in,B0B7P52KJL,a642a90c4aef1bf0,https://www.amazon.in/YellowCult-Pet-Collar-Adjustable-Release/dp/B0B7P52KJL/ref=zg_bs_g_4771379031_d_sccl_12/522-4724523-7365803?psc=1,bestseller,"Collars, Leashes & Harnesses",11,False,165.0,165.0,,4.1,872.0,In Stock,,,ok,scrape,"https://images-eu.ssl-images-amazon.com/images/I/5108fYXrxqL._AC_UL300_SR300,200_.jpg",yellowcult,"YellowCult Pet Collar - Adjustable [8-11 inch], with Bell, Fast Release Buckle, Neck Collar for Kitten, Cat, Small Dogs & Pup",collars_leashes
2026-07-07,amazon_in,B07PWY6VNH,84d65fc9c4d3fca8,https://www.amazon.in/PetWale-Cat-Collar-Red-Corduroy/dp/B07PWY6VNH/ref=zg_bs_g_4771379031_d_sccl_14/522-4724523-7365803?psc=1,bestseller,"Collars, Leashes & Harnesses",12,False,235.0,235.0,,4.4,467.0,In Stock,,,ok,scrape,"https://images-eu.ssl-images-amazon.com/images/I/71nY9AHqJ5L._AC_UL300_SR300,200_.jpg",petwale,PetWale Cat Collar | Adjustable | Durable | Safety Collar | Pet Supplies | Cat Accessories | Cat Collar | Cat Belt | Soft and,collars_leashes
2026-07-07,amazon_in,B0GKMTV7GF,b142e35f78de7a43,https://www.amazon.in/Tinyfingers-Reflective-Harness-Adjustable-Avilable/dp/B0GKMTV7GF/ref=zg_bs_g_4771379031_d_sccl_15/522-4724523-7365803?psc=1,bestseller,"Collars, Leashes & Harnesses",13,False,469.0,469.0,,4.2,19.0,In Stock,,,ok,scrape,"https://images-eu.ssl-images-amazon.com/images/I/51n1yDrr7EL._AC_UL300_SR300,200_.jpg",tinyfingers,Tinyfingers Puppy Cotton Reflective Padded Harness & Leash Set for Small Dogs & Cats Adjustable no Pull Harness Set with Owl,collars_leashes
2026-07-07,amazon_in,B0BTHKTWSH,5c0108ae572870d3,https://www.amazon.in/Qpets%C2%AE-Harness-Walking-Adjustable-Reflective/dp/B0BTHKTWSH/ref=zg_bs_g_4771379031_d_sccl_17/522-4724523-7365803?psc=1,bestseller,"Collars, Leashes & Harnesses",14,False,420.0,420.0,,4.0,780.0,In Stock,,,ok,scrape,"https://images-eu.ssl-images-amazon.com/images/I/61W+G2Y3QDL._AC_UL300_SR300,200_.jpg",qpets,Qpets Cat Vest Harness with 1.5m Leash Adjustable Size Pet Vest Harness Breathable Suede Fabric with Safety Reflective Strip,collars_leashes
2026-07-07,amazon_in,B0FHHS5SCB,32b35e1b7921ddae,https://www.amazon.in/Pull-Cat-Harness-Leash-Walking/dp/B0FHHS5SCB/ref=zg_bs_g_4771379031_d_sccl_19/522-4724523-7365803?psc=1,bestseller,"Collars, Leashes & Harnesses",15,False,299.0,299.0,,3.9,46.0,In Stock,,,ok,scrape,"https://images-eu.ssl-images-amazon.com/images/I/61p2XLxZdgL._AC_UL300_SR300,200_.jpg",no,"No Pull Cat Harness and Leash Set for Walking – Escape Proof, Soft Air Mesh, Adjustable Vest Harness for Kittens, Cats, Puppy",collars_leashes
2026-07-07,amazon_in,B0FP4MFXDX,dcb13c305b09c825,https://www.amazon.in/Cybersnc-Cotton-Breakaway-Collar-Pendant/dp/B0FP4MFXDX/ref=zg_bs_g_4771379031_d_sccl_20/522-4724523-7365803?psc=1,bestseller,"Collars, Leashes & Harnesses",16,False,263.0,263.0,,4.5,70.0,In Stock,,,ok,scrape,"https://images-eu.ssl-images-amazon.com/images/I/61MLdMVZI2L._AC_UL300_SR300,200_.jpg",cybersnc,"Cybersnc Cotton Breakaway Cat Collar, White Heart Shaped Pendant, Cute Kitten Cat Collar with Bell (Light Green, XS)",collars_leashes
2026-07-07,amazon_in,B07MZ55CYV,5b7655bd18945cf6,https://www.amazon.in/Newlly-Textile-Adjustable-Kitten-Safety/dp/B07MZ55CYV/ref=zg_bs_g_4771379031_d_sccl_21/522-4724523-7365803?psc=1,bestseller,"Collars, Leashes & Harnesses",17,False,269.0,269.0,,3.9,1288.0,In Stock,,,ok,scrape,"https://images-eu.ssl-images-amazon.com/images/I/61YFyoBVPuL._AC_UL300_SR300,200_.jpg",newlly,"Newlly Adjustable Pet Kitten Cat Safety Collar Bell Buckle Neck (Red), Velvet, (Pack Of 1),27 Cm",collars_leashes
2026-07-07,amazon_in,B0GWFDSDB8,201a85d002fb61f5,https://www.amazon.in/CottonCat-Cat-Harness-Leash-Lightweight/dp/B0GWFDSDB8/ref=zg_bs_g_4771379031_d_sccl_22/522-4724523-7365803?psc=1,bestseller,"Collars, Leashes & Harnesses",18,False,349.0,349.0,,4.5,2.0,In Stock,,,ok,scrape,"https://images-eu.ssl-images-amazon.com/images/I/81c9XZjpblL._AC_UL300_SR300,200_.jpg",cottoncat,"CottonCat Cat Harness with Leash – Escape Proof, Adjustable Soft Mesh Vest for Cats, Breathable Lightweight Kitten Harness wi",collars_leashes
2026-07-07,amazon_in,B0BLZN7GRH,764a203af0527566,https://www.amazon.in/Pets-Company-Harness-Kittens-Inches/dp/B0BLZN7GRH/ref=zg_bs_g_4771379031_d_sccl_23/522-4724523-7365803?psc=1,bestseller,"Collars, Leashes & Harnesses",19,False,185.0,185.0,,3.6,621.0,In Stock,,,ok,scrape,"https://images-eu.ssl-images-amazon.com/images/I/61Tv+ih9X6L._AC_UL300_SR300,200_.jpg",,"The Pets Company Cat Harness Leash Set for Cats & Kittens, 45 Inches Black",collars_leashes
2026-07-07,amazon_in,B0BLNYPHB6,eeeca6c53f532fdd,https://www.amazon.in/Litvibes-Collar-Adjustable-Breakaway-Puppies/dp/B0BLNYPHB6/ref=zg_bs_g_4771379031_d_sccl_24/522-4724523-7365803?psc=1,bestseller,"Collars, Leashes & Harnesses",20,False,165.0,165.0,,4.2,237.0,In Stock,,,ok,scrape,"https://images-eu.ssl-images-amazon.com/images/I/41xg2kiwPEL._AC_UL300_SR300,200_.jpg",litvibes,"LitVibes Paw Cat Collar With Bell,Kitten And Small Dogs Soft Adjustable Collar,Safe,Breakaway For Cats And Puppies-Red,?14 cm",collars_leashes
2026-07-07,amazon_in,B09QY8TSWS,1fdba39a7cca8cbd,https://www.amazon.in/Stuffed-Adjustable-Washable-Anti-Licking-Recovery/dp/B09QY8TSWS/ref=zg_bs_g_4771379031_d_sccl_25/522-4724523-7365803?psc=1,bestseller,"Collars, Leashes & Harnesses",21,False,494.0,494.0,,4.1,384.0,In Stock,,,ok,scrape,"https://images-eu.ssl-images-amazon.com/images/I/61cSo4LVGVL._AC_UL300_SR300,200_.jpg",qpets,"Qpets Cat Cone Collar Comfy & Soft Stuffed PP Cotton Adjustable Size Machine Washable, After Surgery for Anti-Licking Dog E",collars_leashes
2026-07-07,amazon_in,B0FSDP1YTH,c9e8dc6c99230730,https://www.amazon.in/Berlins-Cat-Harness-Leash-Set/dp/B0FSDP1YTH/ref=zg_bs_g_4771379031_d_sccl_26/522-4724523-7365803?psc=1,bestseller,"Collars, Leashes & Harnesses",22,False,256.0,256.0,,3.1,47.0,In Stock,,,ok,scrape,"https://images-eu.ssl-images-amazon.com/images/I/61KMnodnglL._AC_UL300_SR300,200_.jpg",berlins,"Berlin's Cat Harness and Leash Set – Escape Proof, No Pull, Lightweight Breathable Air Mesh, Adjustable & Comfortable Cat Ves",collars_leashes
2026-07-07,amazon_in,B0D2ZRRPHF,c602daed66607355,https://www.amazon.in/Qpets%C2%AE-Embroidery-Handmade-Adjustable-Release/dp/B0D2ZRRPHF/ref=zg_bs_g_4771379031_d_sccl_27/522-4724523-7365803?psc=1,bestseller,"Collars, Leashes & Harnesses",23,False,259.0,259.0,,4.3,53.0,In Stock,,,ok,scrape,"https://images-eu.ssl-images-amazon.com/images/I/61UFOQl559L._AC_UL300_SR300,200_.jpg",qpets,"Qpets Floral Cat Collar, Cute Color Flower Cat Collar With Bell, Embroidery Handmade Sakura Charm Adjustable Quick Release Sm",collars_leashes
2026-07-07,amazon_in,B0DK5SR5QK,16a9960e5d468f13,https://www.amazon.in/PAWPRO-HANDMADE-Collar-Customisable-Adjustable/dp/B0DK5SR5QK/ref=zg_bs_g_4771379031_d_sccl_28/522-4724523-7365803?psc=1,bestseller,"Collars, Leashes & Harnesses",24,False,189.0,189.0,,4.2,289.0,In Stock,,,ok,scrape,"https://images-eu.ssl-images-amazon.com/images/I/51GF25YO1jL._AC_UL300_SR300,200_.jpg",pawpro,"PAWPRO HANDMADE Cat Nylon Collar With Customisable Name & Icon Tag, Bell, Adjustable Buckle, 15-30 Cm (Orange)",collars_leashes
2026-07-07,amazon_in,B09231NQ3J,3c68bcbc9470ec25,https://www.amazon.in/Harness-Walking-Escape-Adjustable-Durable/dp/B09231NQ3J/ref=zg_bs_g_4771379031_d_sccl_29/522-4724523-7365803?psc=1,bestseller,"Collars, Leashes & Harnesses",25,False,166.0,166.0,,4.0,264.0,In Stock,,,ok,scrape,"https://images-eu.ssl-images-amazon.com/images/I/51dCviepd-L._AC_UL300_SR300,200_.jpg",buraq,Buraq Basic Full Body Cat Harness with Leash Set for Walking | Escape Proof | Adjustable & Durable for Cats (Red),collars_leashes
2026-07-07,amazon_in,B0C9X5PX7D,093a8a2e0fba9722,https://www.amazon.in/Dog-Trust-Adjustable-Cat-Necklace/dp/B0C9X5PX7D/ref=zg_bs_g_4771379031_d_sccl_30/522-4724523-7365803?psc=1,bestseller,"Collars, Leashes & Harnesses",26,False,175.0,175.0,,3.6,136.0,In Stock,,,ok,scrape,"https://images-eu.ssl-images-amazon.com/images/I/512oagA17TL._AC_UL300_SR300,200_.jpg",dog,Dog Trust Ethnic Pet Collar with Bell Safety Adjustable Cat Necklace Ethnic Style Cat Collar Pack of 1 pcs,collars_leashes
2026-07-07,flipkart,PFDGMNMSAV3K8ENV,21e795b776ac9c35,https://www.flipkart.com/pedigree-100-nutrition-chicken-vegetable-5-5-kg-dry-adult-dog-food/p/itm9ca8d47b436ea?pid=PFDGMNMSAV3K8ENV&lid=LSTPFDGMNMSAV3K8ENV3HKAPW&marketplace=FLIPKART&q=dog+food&store=p3t%2Fea3%2F8zj&srno=s_1_1&otracker=search&fm=organic&iid=en_QhKca4nkYYOegTQrduDDLS4EXKpZIMlPKdzKMVaU3BA1kyjbQQN5b88bA3RaCSLsQyrtha6dtxjAQiorO3BImENtrRvXx9khSC7YlCpGa5dA3gFVRixB5gU3HI9E74Rk&ppt=None&ppn=None&ssid=lgrgkfgnxc0000001783424247932&qH=c53c2ce8b3bccaa1&ov_redirect=true,keyword_search,dog food,1,False,1209.0,1390.0,13.0,4.5,80652.0,In Stock,nan,,ok,scrape,https://rukminim2.flixcart.com/image/312/312/xif0q/pet-food/l/0/r/-original-imahjayzu8esmejy.jpeg?q=70,pedigree,"PEDIGREE 100% Nutrition Chicken, Vegetable 5.5 kg Dry Adult Dog Food",dog_food
2026-07-07,flipkart,PFDHDF9EXQBSZGBH,2ec73ea173332356,https://www.flipkart.com/active-buy-1-get-meat-rice-adult-dog-food-6-kg-2x3-kg-dry/p/itm452c381b954e7?pid=PFDHDF9EXQBSZGBH&lid=LSTPFDHDF9EXQBSZGBH1DJECW&marketplace=FLIPKART&q=dog+food&store=p3t%2Fea3%2F8zj&srno=s_1_2&otracker=search&fm=organic&iid=en_QhKca4nkYYOegTQrduDDLS4EXKpZIMlPKdzKMVaU3BD3MTDEuyENhBZ8PE5NM3FRYFrEvLCLReD7N1nkYKpQcZUOkHdBKCfsYTT9rvTnm55A3gFVRixB5gU3HI9E74Rk&ppt=None&ppn=None&ssid=lgrgkfgnxc0000001783424247932&qH=c53c2ce8b3bccaa1&ov_redirect=true,keyword_search,dog food,2,False,630.0,989.0,36.0,4.5,1857.0,In Stock,nan,,ok,scrape,https://rukminim2.flixcart.com/image/312/312/xif0q/pet-food/w/o/i/-original-imahz6g4ypte5may.jpeg?q=70,active,Active Buy 1 Get 1 Meat And Rice Adult Dog Food Rice 6 kg (2x3 kg) Dry Adult Dog Food,dog_food
2026-07-07,flipkart,PFDFKYG5YYTVMWBY,b27245302f3b3372,https://www.flipkart.com/active-buy-1-get-2x1-2-kg-chicken-vegetable-2-4-kg-dry-adult-dog-food/p/itma17665b310b19?pid=PFDFKYG5YYTVMWBY&lid=LSTPFDFKYG5YYTVMWBYGK2B1Q&marketplace=FLIPKART&q=dry+dog+food&store=p3t%2Fea3%2F8zj&srno=s_1_2&otracker=search&fm=organic&iid=en_ZfnZX11QBAUqlgPN3IAcSf1Nx_YpkRuU9pFm0N0KUIpJ3OSgkGflj9_EeAl8c0xqY2AAYGBqnYRkOSYHxUp2yorzDA186n9IvnNAv1ZohBeJ9C0glUjBRMNoscYFgoCB&ppt=None&ppn=None&ssid=n0x8tqtwmo0000001783424253242&qH=f912ea67325edc4a&ov_redirect=true,keyword_search,dry dog food,2,False,334.0,449.0,26.0,4.3,57031.0,In Stock,nan,,ok,scrape,https://rukminim2.flixcart.com/image/312/312/xif0q/pet-food/s/t/b/-enriched-transparent-original-imahduezghfrc3gg.png?q=70,active,Active Buy 1 get 1 (2x1.2 kg) Chicken & Vegetable 2.4 kg (2x1.2 kg) Dry Adult Dog Food,dog_food
2026-07-07,flipkart,PFDH4MFFHWGV8DGQ,60b9775315f5e188,https://www.flipkart.com/drools-chicken-liver-chunks-real-0-72-kg-12x0-06-kg-wet-young-dog-food/p/itm5bc7907385205?pid=PFDH4MFFHWGV8DGQ&lid=LSTPFDH4MFFHWGV8DGQZLR9TM&marketplace=FLIPKART&q=drools+dog+food&store=p3t%2Fea3%2F8zj&srno=s_1_3&otracker=search&fm=organic&iid=f8b07989-357d-477e-8458-731b5e3795f0.PFDH4MFFHWGV8DGQ.SEARCH&ppt=None&ppn=None&ssid=yg62mojrq80000001783424260931&qH=38ac4fbf0eca81e5&ov_redirect=true,keyword_search,drools dog food,3,False,270.0,319.0,15.0,4.4,690.0,In Stock,nan,,ok,scrape,https://rukminim2.flixcart.com/image/312/312/xif0q/pet-food/k/k/6/-original-imahz8zbyxygsyhy.jpeg?q=70,drools,Drools Chicken Liver Chunks and Real Chicken 0.72 kg (12x0.06 kg) Wet Young Dog Food,dog_food
2026-07-07,flipkart,PFDEG58ZGZCKFZBQ,4a887c584af2a94c,https://www.flipkart.com/pedigree-100-nutrition-meat-rice-3-kg-dry-adult-dog-food/p/itm804727a8eb374?pid=PFDEG58ZGZCKFZBQ&lid=LSTPFDEG58ZGZCKFZBQLVP1I0&marketplace=FLIPKART&q=dog+food&store=p3t%2Fea3%2F8zj&srno=s_1_6&otracker=search&fm=organic&iid=en_QhKca4nkYYOegTQrduDDLS4EXKpZIMlPKdzKMVaU3BBqGvvoMsH3i_180ShCi1y6wjW-1D5wKLI5gLd9PUaKBs1w14CoLPzblVbCp3MvwfZ1BXYhXS-sldQsm4WRBuvC&ppt=None&ppn=None&ssid=lgrgkfgnxc0000001783424247932&qH=c53c2ce8b3bccaa1&ov_redirect=true,keyword_search,dog food,6,False,672.0,730.0,8.0,4.4,54125.0,In Stock,nan,,ok,scrape,https://rukminim2.flixcart.com/image/312/312/xif0q/pet-food/a/g/f/-original-imahjayzmrzcghzh.jpeg?q=70,pedigree,"PEDIGREE 100% Nutrition Meat, Rice 3 kg Dry Adult Dog Food",dog_food
2026-07-07,flipkart,PFDGQ4XYXVNEPMP5,cdbeecb7014662c7,https://www.flipkart.com/aviean-international-1-4-kg-dog-biscuit-0-7kg-0-7kg-combo-pack-baked-chicken-puppy-treats-2x0-7-kg-dry-new-born-young-adult-senior-food/p/itmb58b77a8974c3?pid=PFDGQ4XYXVNEPMP5&lid=LSTPFDGQ4XYXVNEPMP5CIFRZZ&marketplace=FLIPKART&q=puppy+food&store=p3t%2Fea3%2F8zj&spotlightTagId=default_TrendingId_p3t%2Fea3%2F8zj&srno=s_1_4&otracker=search&fm=organic&iid=bd00ce40-63e5-4628-8bfb-22760bef423a.PFDGQ4XYXVNEPMP5.SEARCH&ppt=None&ppn=None&ssid=jgnht7d6n40000001783424250669&qH=1b10931195d885ee&ov_redirect=true,keyword_search,puppy food,4,False,147.0,600.0,76.0,4.0,2141.0,In Stock,nan,,ok,scrape,https://rukminim2.flixcart.com/image/312/312/xif0q/pet-food/h/g/u/1-4-dog-2-mark-23-aviean-international-original-imahm3y8rfgeezbq.jpeg?q=70,aviean,Aviean International 1.4 Kg Dog Biscuit (0.7Kg+0.7Kg) Combo Pack Baked Chicken Biscuit Puppy Treats Ch...,dog_food
2026-07-07,flipkart,PFDHZAWGB4A6DPCV,c4c16fdf9421e052,https://www.flipkart.com/canine-creek-ultra-premium-grain-free-chicken-6-kg-2x3-kg-dry-adult-dog-food/p/itm8c4914d3ac0a9?pid=PFDHZAWGB4A6DPCV&lid=LSTPFDHZAWGB4A6DPCVTV9OBK&marketplace=FLIPKART&q=dog+food&store=p3t%2Fea3%2F8zj&srno=s_1_8&otracker=search&fm=organic&iid=65ea97b5-f6ce-4efe-833e-65bb77220492.PFDHZAWGB4A6DPCV.SEARCH&ppt=None&ppn=None&ssid=lgrgkfgnxc0000001783424247932&qH=c53c2ce8b3bccaa1&ov_redirect=true,keyword_search,dog food,8,False,3703.0,4000.0,7.0,,,In Stock,nan,,ok,scrape,https://rukminim2.flixcart.com/image/312/312/xif0q/pet-food/k/v/v/6-dog-2-ultra-premium-adult-dry-dog-food-canine-creek-original-imahzawg2gnnyegf.jpeg?q=70,canine,Canine Creek Canine Creek Ultra-Premium Grain Free Chicken 6 kg (2x3 kg) Dry Adult Dog Food,dog_food
2026-07-07,flipkart,PFDFKYG5E3NZYXH9,afe09fc162350e92,https://www.flipkart.com/active-chicken-vegetable-20-kg-2x10-kg-dry-adult-dog-food/p/itm8615ae5f049a7?pid=PFDFKYG5E3NZYXH9&lid=LSTPFDFKYG5E3NZYXH98VKIAJ&marketplace=FLIPKART&q=dry+dog+food&store=p3t%2Fea3%2F8zj&srno=s_1_5&otracker=search&fm=organic&iid=8d9aa516-43ed-4b9d-a939-1d67a85a55c3.PFDFKYG5E3NZYXH9.SEARCH&ppt=None&ppn=None&ssid=n0x8tqtwmo0000001783424253242&qH=f912ea67325edc4a&ov_redirect=true,keyword_search,dry dog food,5,False,1900.0,2749.0,31.0,4.3,57031.0,In Stock,nan,,ok,scrape,https://rukminim2.flixcart.com/image/312/312/xif0q/pet-food/u/w/w/-original-imahnefcgfbszbg9.jpeg?q=70,active,Active Chicken and Vegetable 20 kg (2x10 kg) Dry Adult Dog Food,dog_food
2026-07-07,flipkart,PFDE77VQENECGHTC,,https://www.flipkart.com/pedigree-100-nutrition-chicken-vegetable-1-2-kg-dry-adult-dog-food/p/itmfb020f942ee1e?pid=PFDE77VQENECGHTC&lid=LSTPFDE77VQENECGHTCGIKHCO&marketplace=FLIPKART&q=pedigree+dog+food&store=p3t%2Fea3%2F8zj&spotlightTagId=default_BestsellerId_p3t%2Fea3%2F8zj&srno=s_1_4&otracker=search&fm=organic&iid=1de9ea02-cf71-4643-a824-9e6c79d2912c.PFDE77VQENECGHTC.SEARCH&ppt=None&ppn=None&ssid=fr9eewrscw0000001783424258431&qH=b948d4492dbee74a&ov_redirect=true,keyword_search,pedigree dog food,4,False,269.0,340.0,21.0,4.5,80652.0,In Stock,nan,,ok,scrape,https://rukminim2.flixcart.com/image/312/312/xif0q/pet-food/v/f/0/-enriched-transparent-original-imahjayzhzbw5fgw.png?q=70,pedigree,"PEDIGREE 100% Nutrition Chicken, Vegetable 1.2 kg Dry Adult Dog Food",dog_food
2026-07-07,flipkart,PFDE6SD5FYVCZ6SA,,https://www.flipkart.com/pedigree-100-nutrition-chicken-vegetable-3-kg-dry-adult-dog-food/p/itma8ce9b7c251c7?pid=PFDE6SD5FYVCZ6SA&lid=LSTPFDE6SD5FYVCZ6SAD9ZMKY&marketplace=FLIPKART&q=pedigree+dog+food&store=p3t%2Fea3%2F8zj&srno=s_1_7&otracker=search&fm=organic&iid=1de9ea02-cf71-4643-a824-9e6c79d2912c.PFDE6SD5FYVCZ6SA.SEARCH&ppt=None&ppn=None&ssid=fr9eewrscw0000001783424258431&qH=b948d4492dbee74a&ov_redirect=true,keyword_search,pedigree dog food,7,False,667.0,730.0,9.0,4.5,80652.0,In Stock,nan,,ok,scrape,https://rukminim2.flixcart.com/image/312/312/xif0q/pet-food/9/y/c/-original-imahjayz7hyfp6n7.jpeg?q=70,pedigree,"PEDIGREE 100% Nutrition Chicken, Vegetable 3 kg Dry Adult Dog Food",dog_food
2026-07-07,flipkart,PFDFKYG52ZDE5FHE,e81b4b927aa992ee,https://www.flipkart.com/active-buy-1-get-2x3-kg-chicken-vegetable-6-kg-dry-young-dog-food/p/itmfb8149f9f8553?pid=PFDFKYG52ZDE5FHE&lid=LSTPFDFKYG52ZDE5FHE7TT0GH&marketplace=FLIPKART&q=puppy+food&store=p3t%2Fea3%2F8zj&srno=s_1_1&otracker=search&fm=organic&iid=en_42EwgwMC1g4fxHycuIDf_dSEkgHLTM7uFA9YirQyWaxb0Q03s8ZpsVUSTIsnjrTxVApRQnDZEoVcszroUdahy9UtN1oAqrLhBzTh6vEkOo1xa8rnJ1fn4dtHJUSuoMWJ&ppt=None&ppn=None&ssid=jgnht7d6n40000001783424250669&qH=1b10931195d885ee&ov_redirect=true,keyword_search,puppy food,1,False,630.0,949.0,34.0,4.3,45873.0,In Stock,nan,,ok,scrape,https://rukminim2.flixcart.com/image/312/312/xif0q/pet-food/e/j/9/-original-imahdufypex6b7af.jpeg?q=70,active,Active Buy 1 Get 1 (2x3 kg) Chicken & Vegetable 6 kg (2x3 kg) Dry Young Dog Food,dog_food
2026-07-07,flipkart,PFDGXGG3SMGHHBRU,c956e3ce79f4e881,https://www.flipkart.com/drools-adult-nutrition-chicken-egg-1-2-kg-dry-dog-food/p/itm95933f9362b67?pid=PFDGXGG3SMGHHBRU&lid=LSTPFDGXGG3SMGHHBRUJZG0TX&marketplace=FLIPKART&q=dry+dog+food&store=p3t%2Fea3%2F8zj&srno=s_1_4&otracker=search&fm=organic&iid=8d9aa516-43ed-4b9d-a939-1d67a85a55c3.PFDGXGG3SMGHHBRU.SEARCH&ppt=None&ppn=None&ssid=n0x8tqtwmo0000001783424253242&qH=f912ea67325edc4a&ov_redirect=true,keyword_search,dry dog food,4,False,350.0,350.0,,4.4,2978.0,In Stock,nan,,ok,scrape,https://rukminim2.flixcart.com/image/312/312/xif0q/pet-food/l/x/y/-original-imahmjndfbzyufdx.jpeg?q=70,drools,Drools Adult Nutrition Chicken and Egg Egg 1.2 kg Dry Adult Dog Food,dog_food
2026-07-07,flipkart,PFDGWWCRA2X9GYGF,22d433fc2ff38b8c,https://www.flipkart.com/barkz-cllawz-dog-snacks-protien-chicken-mutton-chew-sticks-450g-chicken-0-45-kg-dry-adult-young-food/p/itm6e56fb9291d6e?pid=PFDGWWCRA2X9GYGF&lid=LSTPFDGWWCRA2X9GYGF6JUU5H&marketplace=FLIPKART&q=dog+food&store=p3t%2Fea3%2F8zj&srno=s_1_15&otracker=search&fm=organic&iid=65ea97b5-f6ce-4efe-833e-65bb77220492.PFDGWWCRA2X9GYGF.SEARCH&ppt=None&ppn=None&ssid=lgrgkfgnxc0000001783424247932&qH=c53c2ce8b3bccaa1&ov_redirect=true,keyword_search,dog food,15,False,157.0,499.0,69.0,4.1,2690.0,In Stock,nan,,ok,scrape,https://rukminim2.flixcart.com/image/312/312/xif0q/pet-food/y/m/v/0-9-dog-1-chew-mix-flavours-900-gram-dogs-snacks-treats-chicken-original-imah4y7uzzpa8dhq.jpeg?q=70,barkz,"BARKZ & CLLAWZ Dog Snacks Protien Chicken & Mutton Chew Sticks (450g) Chicken, Mutton 0.45 kg Dry Adul...",dog_toys
2026-07-07,flipkart,PFDGHVTYJ9YYR67X,52b55b473451ec79,https://www.flipkart.com/bones-up-dog-chew-chicken-mutton-stick-2-x-450-gm-900-gram-sticks-snacks-chicken-0-9-kg-dry-young-adult-food/p/itmc729f14c2edc3?pid=PFDGHVTYJ9YYR67X&lid=LSTPFDGHVTYJ9YYR67XMSNVQK&marketplace=FLIPKART&q=dog+food&store=p3t%2Fea3%2F8zj&srno=s_1_16&otracker=search&fm=organic&iid=65ea97b5-f6ce-4efe-833e-65bb77220492.PFDGHVTYJ9YYR67X.SEARCH&ppt=None&ppn=None&ssid=lgrgkfgnxc0000001783424247932&qH=c53c2ce8b3bccaa1&ov_redirect=true,keyword_search,dog food,16,False,184.0,499.0,63.0,4.2,4328.0,In Stock,nan,,ok,scrape,https://rukminim2.flixcart.com/image/312/312/xif0q/pet-food/a/y/g/dog-cmm950gx2-bonesup-original-imaghzaq9kx7xzgy.jpeg?q=70,bones,"Bones UP Dog Chew Chicken & Mutton Stick 2 x (450 gm) - 900 gram, Dog Sticks, Dog Snacks Chicken, Mutt...",dog_toys
2026-07-07,flipkart,PFDHF3KHVJHYD98C,54b37cf471fe5482,https://www.flipkart.com/drools-inside-container-egg-chicken-5-kg-dry-adult-dog-food/p/itm21f908ea06d44?pid=PFDHF3KHVJHYD98C&lid=LSTPFDHF3KHVJHYD98CY22R8E&marketplace=FLIPKART&q=drools+dog+food&store=p3t%2Fea3%2F8zj&srno=s_1_5&otracker=search&fm=organic&iid=f8b07989-357d-477e-8458-731b5e3795f0.PFDHF3KHVJHYD98C.SEARCH&ppt=None&ppn=None&ssid=yg62mojrq80000001783424260931&qH=38ac4fbf0eca81e5&ov_redirect=true,keyword_search,drools dog food,5,False,934.0,1099.0,15.0,4.4,29635.0,In Stock,nan,,ok,scrape,https://rukminim2.flixcart.com/image/312/312/xif0q/pet-food/a/x/g/-original-imahkgpyqwzrksf6.jpeg?q=70,drools,Drools Inside Container Egg and Chicken 5 kg Dry Adult Dog Food,dog_food
2026-07-07,flipkart,PFDHZ4VSEYUF3BGZ,cb4bc9486c149eb5,https://www.flipkart.com/haven-dog-food-meat-rice-1-6-kg-2x0-8-kg-dry-adult/p/itm3af624dae49cd?pid=PFDHZ4VSEYUF3BGZ&lid=LSTPFDHZ4VSEYUF3BGZKETE9N&marketplace=FLIPKART&q=dog+food&store=p3t%2Fea3%2F8zj&srno=s_1_19&otracker=search&fm=organic&iid=65ea97b5-f6ce-4efe-833e-65bb77220492.PFDHZ4VSEYUF3BGZ.SEARCH&ppt=None&ppn=None&ssid=lgrgkfgnxc0000001783424247932&qH=c53c2ce8b3bccaa1&ov_redirect=true,keyword_search,dog food,19,False,230.0,399.0,42.0,,,In Stock,nan,,ok,scrape,https://rukminim2.flixcart.com/image/312/312/xif0q/pet-food/0/m/v/1-dog-1-dog-food-1kg-shopoice-original-imahnxj5zdfk2xyg.jpeg?q=70,haven,"Haven Dog Food Meat, Rice 1.6 kg (2x0.8 kg) Dry Adult Dog Food",dog_food
2026-07-07,flipkart,PFDEQYHB9HF3RKHB,bbb2a99a36aa0c72,https://www.flipkart.com/chip-chops-chicken-sausages-0-21-kg-3x0-07-kg-dry-young-dog-food/p/itm08add42f5c91c?pid=PFDEQYHB9HF3RKHB&lid=LSTPFDEQYHB9HF3RKHBUFTESK&marketplace=FLIPKART&q=dog+food&store=p3t%2Fea3%2F8zj&srno=s_1_20&otracker=search&fm=organic&iid=65ea97b5-f6ce-4efe-833e-65bb77220492.PFDEQYHB9HF3RKHB.SEARCH&ppt=None&ppn=None&ssid=lgrgkfgnxc0000001783424247932&qH=c53c2ce8b3bccaa1&ov_redirect=true,keyword_search,dog food,20,False,526.0,585.0,10.0,4.5,523.0,In Stock,nan,,ok,scrape,https://rukminim2.flixcart.com/image/312/312/jc5458w0/pet-food/k/h/b/70-dog-cc1203-chip-chops-original-imaeu9vy7meajwvf.jpeg?q=70,chip,Chip Chops Chicken Sausages Chicken 0.21 kg (3x0.07 kg) Dry Young Dog Food,dog_food
2026-07-07,flipkart,PFDFKYG5GWWFNUSW,f1b5d7571ffaeafb,https://www.flipkart.com/active-buy-1-get-chicken-vegetable-20-kg-2x10-kg-dry-young-dog-food/p/itma6dc6bc42725a?pid=PFDFKYG5GWWFNUSW&lid=LSTPFDFKYG5GWWFNUSWT9L3BB&marketplace=FLIPKART&q=puppy+food&store=p3t%2Fea3%2F8zj&srno=s_1_2&otracker=search&fm=organic&iid=en_42EwgwMC1g4fxHycuIDf_dSEkgHLTM7uFA9YirQyWaxPatK1oDl7_X4BSYG2d4l0ron6bWq-h4sEPjNJAwcoIYQxgwUb5tbDRkj8VJUyCL9xa8rnJ1fn4dtHJUSuoMWJ&ppt=None&ppn=None&ssid=jgnht7d6n40000001783424250669&qH=1b10931195d885ee&ov_redirect=true,keyword_search,puppy food,2,False,1800.0,2599.0,31.0,4.3,45873.0,In Stock,nan,,ok,scrape,https://rukminim2.flixcart.com/image/312/312/xif0q/pet-food/b/d/q/-original-imahn9fepevrv6hq.jpeg?q=70,active,"Active Buy 1 Get 1 ,Chicken and Vegetable 20 kg (2x10 kg) Dry Young Dog Food",dog_food
2026-07-07,flipkart,PFDFKYG5HTZ5VWHG,eacceebca33524db,https://www.flipkart.com/active-2x1-2kg-chicken-vegetable-2-4-kg-2x1-2-kg-dry-young-dog-food/p/itm17673d2634bf5?pid=PFDFKYG5HTZ5VWHG&lid=LSTPFDFKYG5HTZ5VWHGG7ABSQ&marketplace=FLIPKART&q=puppy+food&store=p3t%2Fea3%2F8zj&srno=s_1_3&otracker=search&fm=organic&iid=bd00ce40-63e5-4628-8bfb-22760bef423a.PFDFKYG5HTZ5VWHG.SEARCH&ppt=None&ppn=None&ssid=jgnht7d6n40000001783424250669&qH=1b10931195d885ee&ov_redirect=true,keyword_search,puppy food,3,False,334.0,429.0,22.0,4.3,45873.0,In Stock,nan,,ok,scrape,https://rukminim2.flixcart.com/image/312/312/xif0q/pet-food/d/a/e/-enriched-transparent-original-imahdufypyzbymar.png?q=70,active,"Active (2x1.2kg) , Chicken and Vegetable 2.4 kg (2x1.2 kg) Dry Young Dog Food",dog_food
2026-07-07,flipkart,PFDHET232RPYVETC,94a48567222ed4a9,https://www.flipkart.com/dr-pets-dog-dry-food-puppy-chicken-milk-1-kg-new-born-young/p/itm8fa1a260523f5?pid=PFDHET232RPYVETC&lid=LSTPFDHET232RPYVETC65I8DJ&marketplace=FLIPKART&q=puppy+food&store=p3t%2Fea3%2F8zj&srno=s_1_7&otracker=search&fm=organic&iid=bd00ce40-63e5-4628-8bfb-22760bef423a.PFDHET232RPYVETC.SEARCH&ppt=None&ppn=None&ssid=jgnht7d6n40000001783424250669&qH=1b10931195d885ee&ov_redirect=true,keyword_search,puppy food,7,False,242.0,349.0,31.0,4.2,274.0,In Stock,nan,,ok,scrape,https://rukminim2.flixcart.com/image/312/312/xif0q/pet-food/a/v/d/1-dog-1-sd-puppy-1kg-dr-pets-original-imahmuqdrtz272k2.jpeg?q=70,drpets,"Dr.pets Dog Dry Food Puppy Chicken & Milk – 1 kg Chicken 1 kg Dry New Born, Young Dog Food",dog_food
2026-07-07,flipkart,PFDHZFPVRUVGGJVF,cf469d65d63fc6a2,https://www.flipkart.com/vjoy-chicken-vegetable-500gmx3-dry-puppy-dog-food-chicken-1-kg-3x0-33-kg-young/p/itm3cca042fc6085?pid=PFDHZFPVRUVGGJVF&lid=LSTPFDHZFPVRUVGGJVFBZCWN6&marketplace=FLIPKART&q=puppy+food&store=p3t%2Fea3%2F8zj&srno=s_1_8&otracker=search&fm=organic&iid=bd00ce40-63e5-4628-8bfb-22760bef423a.PFDHZFPVRUVGGJVF.SEARCH&ppt=None&ppn=None&ssid=jgnht7d6n40000001783424250669&qH=1b10931195d885ee&ov_redirect=true,keyword_search,puppy food,8,False,281.0,599.0,53.0,,,In Stock,nan,,ok,scrape,https://rukminim2.flixcart.com/image/312/312/xif0q/pet-food/l/o/q/1-dog-3-vj500x3pup-vjoy-original-imahzfpu3zadsqqp.jpeg?q=70,vjoy,"VJOY Chicken and Vegetable (500gmX3) Dry Puppy Dog Food Chicken, Vegetable 1 kg (3x0.33 kg) Dry Young ...",dog_food
2026-07-07,flipkart,PFDGMNMSQMHD4U2N,3a68f6527a985f29,https://www.flipkart.com/pedigree-100-nutrition-chicken-milk-5-5-kg-dry-young-puppy-food/p/itme4489e1a38ebd?pid=PFDGMNMSQMHD4U2N&lid=LSTPFDGMNMSQMHD4U2N1UP3SS&marketplace=FLIPKART&q=puppy+food&store=p3t%2Fea3%2F8zj&srno=s_1_9&otracker=search&fm=organic&iid=bd00ce40-63e5-4628-8bfb-22760bef423a.PFDGMNMSQMHD4U2N.SEARCH&ppt=None&ppn=None&ssid=jgnht7d6n40000001783424250669&qH=1b10931195d885ee&ov_redirect=true,keyword_search,puppy food,9,False,1262.0,1450.0,13.0,4.4,110881.0,In Stock,nan,,ok,scrape,https://rukminim2.flixcart.com/image/312/312/xif0q/pet-food/9/h/w/-enriched-transparent-original-imahjayzgh9rrjeg.png?q=70,pedigree,"PEDIGREE 100% Nutrition Chicken, Milk 5.5 kg Dry Young Puppy Food",dog_food
2026-07-07,flipkart,PFDFSZSNW3WRZKZR,95c2aaceea1669d4,https://www.flipkart.com/drools-chunks-gravy-puppy-chicken-liver-real-2-25-kg-15x0-15-kg-wet-young-dog-food/p/itm78d4a812b5cba?pid=PFDFSZSNW3WRZKZR&lid=LSTPFDFSZSNW3WRZKZRGFBXTH&marketplace=FLIPKART&q=puppy+food&store=p3t%2Fea3%2F8zj&spotlightTagId=default_FkPickId_p3t%2Fea3%2F8zj&srno=s_1_10&otracker=search&fm=organic&iid=bd00ce40-63e5-4628-8bfb-22760bef423a.PFDFSZSNW3WRZKZR.SEARCH&ppt=None&ppn=None&ssid=jgnht7d6n40000001783424250669&qH=1b10931195d885ee&ov_redirect=true,keyword_search,puppy food,10,False,608.0,675.0,10.0,4.3,5800.0,In Stock,nan,,ok,scrape,https://rukminim2.flixcart.com/image/312/312/xif0q/pet-food/v/e/d/-original-imahn72ae2wya63c.jpeg?q=70,drools,Drools Chunks in gravy for Puppy - Chicken Liver and Real Chicken 2.25 kg (15x0.15 kg) Wet Young Dog F...,dog_food
2026-07-07,flipkart,PFDE6SD5EJGMGFGH,,https://www.flipkart.com/pedigree-100-nutrition-chicken-milk-3-kg-dry-young-puppy-food/p/itmd944d8f56a322?pid=PFDE6SD5EJGMGFGH&lid=LSTPFDE6SD5EJGMGFGH4JUVNC&marketplace=FLIPKART&q=pedigree+dog+food&store=p3t%2Fea3%2F8zj&srno=s_1_5&otracker=search&fm=organic&iid=1de9ea02-cf71-4643-a824-9e6c79d2912c.PFDE6SD5EJGMGFGH.SEARCH&ppt=None&ppn=None&ssid=fr9eewrscw0000001783424258431&qH=b948d4492dbee74a&ov_redirect=true,keyword_search,pedigree dog food,5,False,699.0,770.0,9.0,4.4,110881.0,In Stock,nan,,ok,scrape,https://rukminim2.flixcart.com/image/312/312/xif0q/pet-food/f/o/f/-enriched-transparent-original-imahjayzsh4mfvfr.png?q=70,pedigree,"PEDIGREE 100% Nutrition Chicken, Milk 3 kg Dry Young Puppy Food",dog_food
2026-07-07,flipkart,PFDHBKEPJJXAHXF3,3971d142492c477a,https://www.flipkart.com/petstar-mankind-puppy-dog-food-high-protein-pack-muscle-strength-boosts-immunity-salmon-rice-1-kg-dry-young-food/p/itm67ee3ab4e3a8f?pid=PFDHBKEPJJXAHXF3&lid=LSTPFDHBKEPJJXAHXF3TMAOUK&marketplace=FLIPKART&q=puppy+food&store=p3t%2Fea3%2F8zj&srno=s_1_12&otracker=search&fm=organic&iid=en_42EwgwMC1g4fxHycuIDf_dSEkgHLTM7uFA9YirQyWax274hiCuBnOevKn8Koz7mbOtI7wYU5iX1OAYswZu6owNazeysyoajNZ80dvIkkvL2nest-6MSw_lz4YWWTVGRW&ppt=None&ppn=None&ssid=jgnht7d6n40000001783424250669&qH=1b10931195d885ee&ov_redirect=true,keyword_search,puppy food,12,False,490.0,599.0,18.0,4.5,6.0,In Stock,nan,,ok,scrape,https://rukminim2.flixcart.com/image/312/312/xif0q/pet-food/n/p/u/1-dog-1-puppy-1-kg-salmon-rice-petstar-original-imahgzrfhhgm8gau.jpeg?q=70,petstar,"PetStar By Mankind Puppy Dog Food, High Protein Pack |Muscle Strength & Boosts Immunity Salmon, Rice 1...",dog_food
2026-07-07,flipkart,PFDHEC8HTGR3GXGU,1e9f373706031659,https://www.flipkart.com/bowlers-nutrimax-dry-dog-food-puppy-chicken-milk-1-2-kg-stronger-sharper-puppies-adult/p/itm6673ff2e8405a?pid=PFDHEC8HTGR3GXGU&lid=LSTPFDHEC8HTGR3GXGUJABBNI&marketplace=FLIPKART&q=puppy+food&store=p3t%2Fea3%2F8zj&srno=s_1_13&otracker=search&fm=organic&iid=bd00ce40-63e5-4628-8bfb-22760bef423a.PFDHEC8HTGR3GXGU.SEARCH&ppt=None&ppn=None&ssid=jgnht7d6n40000001783424250669&qH=1b10931195d885ee&ov_redirect=true,keyword_search,puppy food,13,False,262.0,290.0,10.0,4.3,315.0,In Stock,nan,,ok,scrape,https://rukminim2.flixcart.com/image/312/312/xif0q/pet-food/e/z/e/1-2-dog-1-nutrimax-puppy-chicken-milk-bowlers-original-imahkarbq9gvhtfk.jpeg?q=70,bowlers,Bowlers Nutrimax Dry Dog Food Puppy Chicken & Milk 1.2 Kg | Stronger and sharper puppies Chicken 1.2 k...,dog_food
2026-07-07,flipkart,PFDGYCHVNGG5JJFP,243f2b555b8bbe5e,https://www.flipkart.com/aviean-international-dog-puppy-milk-biscuit-200-gm-flavor-soft-oven-baked-biscuits-0-2-kg-dry-new-born-young-adult-senior-food/p/itm66e53274e91ef?pid=PFDGYCHVNGG5JJFP&lid=LSTPFDGYCHVNGG5JJFPD0ELUF&marketplace=FLIPKART&q=puppy+food&store=p3t%2Fea3%2F8zj&srno=s_1_14&otracker=search&fm=organic&iid=bd00ce40-63e5-4628-8bfb-22760bef423a.PFDGYCHVNGG5JJFP.SEARCH&ppt=None&ppn=None&ssid=jgnht7d6n40000001783424250669&qH=1b10931195d885ee&ov_redirect=true,keyword_search,puppy food,14,False,93.0,250.0,63.0,4.0,194.0,In Stock,nan,,ok,scrape,https://rukminim2.flixcart.com/image/312/312/xif0q/pet-food/f/d/y/0-2-dog-1-232-aviean-international-original-imahm32y8uhjahfj.jpeg?q=70,aviean,Aviean International Dog Puppy Milk Biscuit 200 Gm Milk Flavor Soft Oven Baked Biscuits Milk 0.2 kg Dr...,dog_food
2026-07-07,flipkart,PFDHAPHQTGSHMJSH,c6cc381a51f4d566,https://www.flipkart.com/drools-puppy-dry-dog-food-chicken-egg-400gm-0-5-kg-new-born/p/itm63b8d2d2ba7fb?pid=PFDHAPHQTGSHMJSH&lid=LSTPFDHAPHQTGSHMJSHF8HG9X&marketplace=FLIPKART&q=puppy+food&store=p3t%2Fea3%2F8zj&srno=s_1_15&otracker=search&fm=organic&iid=bd00ce40-63e5-4628-8bfb-22760bef423a.PFDHAPHQTGSHMJSH.SEARCH&ppt=None&ppn=None&ssid=jgnht7d6n40000001783424250669&qH=1b10931195d885ee&ov_redirect=true,keyword_search,puppy food,15,False,168.0,245.0,31.0,3.8,28.0,In Stock,nan,,ok,scrape,https://rukminim2.flixcart.com/image/312/312/xif0q/pet-food/0/d/c/0-5-dog-1-1-drools-original-imahamtr8ftcysjq.jpeg?q=70,drools,Drools Drools Puppy Dry Dog Food Chicken and Egg 400gm Chicken 0.5 kg Dry New Born Dog Food,dog_food
2026-07-07,flipkart,PFDHZGZZCGMJGR3K,fd4f9d11733a328a,https://www.flipkart.com/barkybite-premium-biscuits-all-breeds-dog-puppy-chicken-meat-4-9-kg-5x0-98-kg-dry-life-stages-food/p/itm0cb63e38093da?pid=PFDHZGZZCGMJGR3K&lid=LSTPFDHZGZZCGMJGR3KRKVGZR&marketplace=FLIPKART&q=puppy+food&store=p3t%2Fea3%2F8zj&srno=s_1_16&otracker=search&fm=organic&iid=bd00ce40-63e5-4628-8bfb-22760bef423a.PFDHZGZZCGMJGR3K.SEARCH&ppt=None&ppn=None&ssid=jgnht7d6n40000001783424250669&qH=1b10931195d885ee&ov_redirect=true,keyword_search,puppy food,16,False,692.0,1999.0,65.0,,,In Stock,nan,,ok,scrape,https://rukminim2.flixcart.com/image/312/312/xif0q/pet-food/n/o/j/4-900-dog-puppy-5-1kg-x-5-barkybite-original-imahzgzzqpxg4skx.jpeg?q=70,barkybite,"Barkybite Barkybite Premium Biscuits For All Breeds Of Dog & Puppy | Chicken, Meat 4.9 kg (5x0.98 kg) ...",dog_food
2026-07-07,flipkart,PFDHF3KH7H2S22EJ,,https://www.flipkart.com/drools-inside-container-egg-chicken-5-kg-dry-young-dog-food/p/itm696198f05cac3?pid=PFDHF3KH7H2S22EJ&lid=LSTPFDHF3KH7H2S22EJYZMXTY&marketplace=FLIPKART&q=drools+dog+food&store=p3t%2Fea3%2F8zj&srno=s_1_10&otracker=search&fm=organic&iid=f8b07989-357d-477e-8458-731b5e3795f0.PFDHF3KH7H2S22EJ.SEARCH&ppt=None&ppn=None&ssid=yg62mojrq80000001783424260931&qH=38ac4fbf0eca81e5&ov_redirect=true,keyword_search,drools dog food,10,False,989.0,1049.0,6.0,4.4,17296.0,In Stock,nan,,ok,scrape,https://rukminim2.flixcart.com/image/312/312/xif0q/pet-food/r/a/h/-original-imahz7x2pgh2suyk.jpeg?q=70,drools,Drools Inside Container Egg and Chicken 5 kg Dry Young Dog Food,dog_food
2026-07-07,flipkart,PFDGXCDKWFSK7GQ3,edd0232064044ac5,https://www.flipkart.com/aviean-international-dog-1-4-kg-puppy-biscuits-0-7-2-pack-700gm-free-chicken-2x1-kg-dry-senior-adult-young-new-born-food/p/itmb58b77a8974c3?pid=PFDGXCDKWFSK7GQ3&lid=LSTPFDGXCDKWFSK7GQ3NEJI1J&marketplace=FLIPKART&q=puppy+food&store=p3t%2Fea3%2F8zj&srno=s_1_18&otracker=search&fm=organic&iid=en_42EwgwMC1g4fxHycuIDf_dSEkgHLTM7uFA9YirQyWazlzB8hHLhzKDIgREAzlsRJwRd5t5BduEXU-7e7JjgPsMGBuinmYc42u0Yt78MM4C5DlD1KbEBq99Er5wwsxgAh&ppt=None&ppn=None&ssid=jgnht7d6n40000001783424250669&qH=1b10931195d885ee&ov_redirect=true,keyword_search,puppy food,18,False,147.0,400.0,63.0,3.9,569.0,In Stock,nan,,ok,scrape,https://rukminim2.flixcart.com/image/312/312/xif0q/pet-food/z/6/b/1-4-dog-2-mark-23-aviean-international-original-imahkdyajtreyfuh.jpeg?q=70,aviean,Aviean International Dog 1.4 Kg Puppy Biscuits (0.7) Kg 2 Pack With 700Gm Free Pack Of 2 Chicken 2 kg ...,dog_food
2026-07-07,flipkart,PFDHGCPCWNPFYRRM,915c5feb2f96897a,https://www.flipkart.com/tailwagz-900gm-delicious-milk-veg-puppy-biscuits-healthy-treats-rich-milk-vegetable-0-9-kg-2x0-45-kg-dry-new-born-adult-senior-young-dog-food/p/itmaf39ec87cc876?pid=PFDHGCPCWNPFYRRM&lid=LSTPFDHGCPCWNPFYRRMYPKMAQ&marketplace=FLIPKART&q=puppy+food&store=p3t%2Fea3%2F8zj&srno=s_1_19&otracker=search&fm=organic&iid=bd00ce40-63e5-4628-8bfb-22760bef423a.PFDHGCPCWNPFYRRM.SEARCH&ppt=None&ppn=None&ssid=jgnht7d6n40000001783424250669&qH=1b10931195d885ee&ov_redirect=true,keyword_search,puppy food,19,False,146.0,480.0,70.0,4.1,117.0,In Stock,nan,,ok,scrape,https://rukminim2.flixcart.com/image/312/312/xif0q/pet-food/b/h/p/1-4-dog-1-veg-and-milk-dog-treat-ideal-for-all-breads-tailwagz-original-imahgsbcghkud4hy.jpeg?q=70,tailwagz,"TAILWAGZ 900gm Delicious Milk And Veg Puppy Biscuits Healthy Treats Rich In Milk, Vegetable 0.9 kg (2x...",dog_food
2026-07-07,flipkart,PFDFJMWGFFGBYGWK,fe631cec12f0bf6e,https://www.flipkart.com/skyec-pup-start-weaning-diet-above-15-days-all-breeds-puppy-food-vanilla-0-055-kg-dry-new-born-dog/p/itma2a896cd4c8b9?pid=PFDFJMWGFFGBYGWK&lid=LSTPFDFJMWGFFGBYGWKREWJGN&marketplace=FLIPKART&q=puppy+food&store=p3t%2Fea3%2F8zj&srno=s_1_20&otracker=search&fm=organic&iid=bd00ce40-63e5-4628-8bfb-22760bef423a.PFDFJMWGFFGBYGWK.SEARCH&ppt=None&ppn=None&ssid=jgnht7d6n40000001783424250669&qH=1b10931195d885ee&ov_redirect=true,keyword_search,puppy food,20,False,319.0,380.0,16.0,4.3,749.0,In Stock,nan,,ok,scrape,https://rukminim2.flixcart.com/image/312/312/jzog9e80/pet-food/g/w/k/300-dog-55-skyec-original-imafjhbgeky98ykf.jpeg?q=70,skyec,skyec Pup Start Weaning Diet Above 15 Days for All Breeds Puppy Food Vanilla 0.055 kg Dry New Born Dog...,dog_food
2026-07-07,flipkart,PFDHDF9EKYYN5NPH,8632da445573ebfa,https://www.flipkart.com/active-buy-1-get-all-breed-100-vegetable-6-kg-2x3-kg-dry-adult-dog-food/p/itmae1978d1a8b66?pid=PFDHDF9EKYYN5NPH&lid=LSTPFDHDF9EKYYN5NPHKI2AB4&marketplace=FLIPKART&q=dry+dog+food&store=p3t%2Fea3%2F8zj&srno=s_1_6&otracker=search&fm=organic&iid=en_ZfnZX11QBAUqlgPN3IAcSf1Nx_YpkRuU9pFm0N0KUIopKoqARzXTXsAnHDIGkAKAY_WNi-pZRyzx7JL-VthtCjXMRj5D8iexv0Ny9OcCXE_DKUjawKf21UJgwStmfMPu9QWMJPI4egdmz5nn89L_DQ%3D%3D&ppt=None&ppn=None&ssid=n0x8tqtwmo0000001783424253242&qH=f912ea67325edc4a&ov_redirect=true,keyword_search,dry dog food,6,False,630.0,1299.0,52.0,4.4,531.0,In Stock,nan,,ok,scrape,https://rukminim2.flixcart.com/image/312/312/xif0q/pet-food/o/h/r/-original-imahghjahhn98hpa.jpeg?q=70,active,Active Buy 1 Get 1 All Breed 100% Vegetable 6 kg (2x3 kg) Dry Adult Dog Food,dog_food
2026-07-07,flipkart,PFDHJGUEPH7YTQMK,30eee502afca682a,https://www.flipkart.com/drools-jerky-chicken-60-g-dry-adult-dog-food/p/itmad3e831b523f0?pid=PFDHJGUEPH7YTQMK&lid=LSTPFDHJGUEPH7YTQMKQIHDUG&marketplace=FLIPKART&q=dry+dog+food&store=p3t%2Fea3%2F8zj&srno=s_1_8&otracker=search&fm=organic&iid=8d9aa516-43ed-4b9d-a939-1d67a85a55c3.PFDHJGUEPH7YTQMK.SEARCH&ppt=None&ppn=None&ssid=n0x8tqtwmo0000001783424253242&qH=f912ea67325edc4a&ov_redirect=true,keyword_search,dry dog food,8,False,227.0,249.0,9.0,,,In Stock,nan,,ok,scrape,https://rukminim2.flixcart.com/image/312/312/xif0q/pet-food/h/i/2/-original-imahjjq3ygjpb5pn.jpeg?q=70,drools,Drools Jerky Chicken 60 g Dry Adult Dog Food,dog_food
2026-07-07,flipkart,PFDEG58ZJQ8CAPVF,b78cf4954388d007,https://www.flipkart.com/chappi-complete-balanced-chicken-rice-20-kg-dry-adult-dog-food/p/itm5b8da2648a60f?pid=PFDEG58ZJQ8CAPVF&lid=LSTPFDEG58ZJQ8CAPVFVHH7OA&marketplace=FLIPKART&q=dry+dog+food&store=p3t%2Fea3%2F8zj&srno=s_1_10&otracker=search&fm=organic&iid=8d9aa516-43ed-4b9d-a939-1d67a85a55c3.PFDEG58ZJQ8CAPVF.SEARCH&ppt=None&ppn=None&ssid=n0x8tqtwmo0000001783424253242&qH=f912ea67325edc4a&ov_redirect=true,keyword_search,dry dog food,10,False,2542.0,3100.0,18.0,4.4,11359.0,In Stock,nan,,ok,scrape,https://rukminim2.flixcart.com/image/312/312/xif0q/pet-food/b/y/k/-original-imahgwq9kr5dqb6f.jpeg?q=70,chappi,"Chappi Complete and Balanced Chicken, Rice 20 kg Dry Adult Dog Food",dog_food
2026-07-07,flipkart,PFDEVK8JQJHKWMDC,12b91d2dba092ea2,https://www.flipkart.com/drools-performance-chicken-10-kg-dry-adult-dog-food/p/itm6fc2e6fa38f24?pid=PFDEVK8JQJHKWMDC&lid=LSTPFDEVK8JQJHKWMDCPEZNMC&marketplace=FLIPKART&q=drools+dog+food&store=p3t%2Fea3%2F8zj&srno=s_1_1&otracker=search&fm=organic&iid=en_XOVSFvyjOTNT5WT3rKO4M6HIF7bs4VdUlhdjcRAsjwRHAKDe2dJLlWouRgEvXCvE8G5zpGyBQqGF1YnwYYzKwSHdbLrVhnPajaQd0Nl3ehyXqW8vfklI3oO-IZwA5e4-&ppt=None&ppn=None&ssid=yg62mojrq80000001783424260931&qH=38ac4fbf0eca81e5&ov_redirect=true,keyword_search,drools dog food,1,False,1599.0,1599.0,,4.4,13479.0,In Stock,nan,,ok,scrape,https://rukminim2.flixcart.com/image/312/312/xif0q/pet-food/k/w/n/-original-imahmjndgyggwztz.jpeg?q=70,drools,Drools Performance Chicken 10 kg Dry Adult Dog Food,dog_food
2026-07-07,flipkart,PFDFT8TCASSMGV2V,80e21af7a5d2d5f8,https://www.flipkart.com/drools-real-chicken-egg-10-kg-dry-young-dog-food/p/itmb8eb9b8b5c375?pid=PFDFT8TCASSMGV2V&lid=LSTPFDFT8TCASSMGV2V4SMFPK&marketplace=FLIPKART&q=dry+dog+food&store=p3t%2Fea3%2F8zj&srno=s_1_12&otracker=search&fm=organic&iid=en_ZfnZX11QBAUqlgPN3IAcSf1Nx_YpkRuU9pFm0N0KUIr-6uY4ifURRES5w2Ss8MwnMuYCjLTq2O7NTwwzI0sDHTywRXsODkjCDFhQa8A8wBFoNpS-E9GCHrubDJZxwkX1&ppt=None&ppn=None&ssid=n0x8tqtwmo0000001783424253242&qH=f912ea67325edc4a&ov_redirect=true,keyword_search,dry dog food,12,False,1912.0,2199.0,13.0,4.4,17296.0,In Stock,nan,,ok,scrape,https://rukminim2.flixcart.com/image/312/312/xif0q/pet-food/a/b/i/-original-imah48t4gt4gcq57.jpeg?q=70,drools,Drools Real Chicken Egg 10 Kg Dry Young Dog Food,dog_food
2026-07-07,flipkart,PFDEVK8HWBEDUPAY,0ff9c99cc1107822,https://www.flipkart.com/purepet-chicken-vegetable-9-kg-dry-adult-dog-food/p/itm5fe24efcb219e?pid=PFDEVK8HWBEDUPAY&lid=LSTPFDEVK8HWBEDUPAYRLDWC4&marketplace=FLIPKART&q=dry+dog+food&store=p3t%2Fea3%2F8zj&spotlightTagId=default_FkPickId_p3t%2Fea3%2F8zj&srno=s_1_15&otracker=search&fm=organic&iid=8d9aa516-43ed-4b9d-a939-1d67a85a55c3.PFDEVK8HWBEDUPAY.SEARCH&ppt=None&ppn=None&ssid=n0x8tqtwmo0000001783424253242&qH=f912ea67325edc4a&ov_redirect=true,keyword_search,dry dog food,15,False,1199.0,1199.0,,4.3,12630.0,In Stock,nan,,ok,scrape,https://rukminim2.flixcart.com/image/312/312/xif0q/pet-food/u/r/u/-original-imahztyc3h58cejq.jpeg?q=70,purepet,Purepet Chicken and Vegetable 9 kg Dry Adult Dog Food,dog_food
2026-07-07,flipkart,PFDG22ZYTVUYCYGX,6bf8927b83e90ffd,https://www.flipkart.com/drools-real-chicken-egg-10-kg-dry-adult-dog-food/p/itmc46d111358247?pid=PFDG22ZYTVUYCYGX&lid=LSTPFDG22ZYTVUYCYGXJZDWFK&marketplace=FLIPKART&q=drools+dog+food&store=p3t%2Fea3%2F8zj&srno=s_1_6&otracker=search&fm=organic&iid=en_XOVSFvyjOTNT5WT3rKO4M6HIF7bs4VdUlhdjcRAsjwSLwg8JfFYwyfsBnFHIvtgDnAarSsZOYCVFQEvq-ygGv6iM9oIrPnsgr5qF0LGf3jWfi8Aege4OQ8c4meNrfMM4&ppt=None&ppn=None&ssid=yg62mojrq80000001783424260931&qH=38ac4fbf0eca81e5&ov_redirect=true,keyword_search,drools dog food,6,False,1869.0,2199.0,15.0,4.4,29635.0,In Stock,nan,,ok,scrape,https://rukminim2.flixcart.com/image/312/312/xif0q/pet-food/z/u/4/10-dog-1-9951021-drools-original-imah9atkchtzdymf.jpeg?q=70,drools,Drools Real Chicken Egg 10 Kg Dry Adult Dog Food,dog_food
2026-07-07,flipkart,PFDEZWYY6P7CUW3X,97e3876083d86e83,https://www.flipkart.com/pedigree-large-breed-18-months-onwards-chicken-3-kg-dry-adult-dog-food/p/itmd6f227d974b2a?pid=PFDEZWYY6P7CUW3X&lid=LSTPFDEZWYY6P7CUW3XQREBHR&marketplace=FLIPKART&q=pedigree+dog+food&store=p3t%2Fea3%2F8zj&srno=s_1_13&otracker=search&fm=organic&iid=1de9ea02-cf71-4643-a824-9e6c79d2912c.PFDEZWYY6P7CUW3X.SEARCH&ppt=None&ppn=None&ssid=fr9eewrscw0000001783424258431&qH=b948d4492dbee74a&ov_redirect=true,keyword_search,pedigree dog food,13,False,1074.0,1220.0,12.0,4.4,6457.0,In Stock,nan,,ok,scrape,https://rukminim2.flixcart.com/image/312/312/xif0q/pet-food/c/n/z/-enriched-transparent-original-imah27qppjfgvtyc.png?q=70,pedigree,PEDIGREE Large Breed (18 Months Onwards) Chicken 3 kg Dry Adult Dog Food,dog_food
2026-07-07,flipkart,PFDFRP3AN97WJRWE,f5cfeedf51988625,https://www.flipkart.com/purepet-meat-rice-10-kg-dry-adult-dog-food/p/itm3fc6b5c07e825?pid=PFDFRP3AN97WJRWE&lid=LSTPFDFRP3AN97WJRWE93S8A4&marketplace=FLIPKART&q=dry+dog+food&store=p3t%2Fea3%2F8zj&srno=s_1_20&otracker=search&fm=organic&iid=8d9aa516-43ed-4b9d-a939-1d67a85a55c3.PFDFRP3AN97WJRWE.SEARCH&ppt=None&ppn=None&ssid=n0x8tqtwmo0000001783424253242&qH=f912ea67325edc4a&ov_redirect=true,keyword_search,dry dog food,20,False,1299.0,1299.0,,4.3,9856.0,In Stock,nan,,ok,scrape,https://rukminim2.flixcart.com/image/312/312/xif0q/pet-food/o/x/e/-original-imahn9bxg4gjsqbh.jpeg?q=70,purepet,Purepet Meat and Rice 10 kg Dry Adult Dog Food,dog_food
2026-07-07,flipkart,PFDFFXP56WZPHXBV,51cb78901eae8c84,https://www.flipkart.com/canine-creek-starter-dry-dog-food-ultra-premium-chicken-13-5-kg-new-born/p/itmd02e881d67527?pid=PFDFFXP56WZPHXBV&lid=LSTPFDFFXP56WZPHXBVJ8KAG1&marketplace=FLIPKART&q=royal+canin+dog+food&store=p3t%2Fea3%2F8zj&srno=s_1_1&otracker=search&fm=organic&iid=en_xB7X-bFUCXe4y9u4hklvzh2PlNSc8v0K-WgNpjV0rb3PN1ZUdm2ii5siymRn68wjUbTGWuhh7E4GzUWHE84s3gRhK3AhJzp2gMroCk3djwnwHPi55dKfmtL_k8PRExlT&ppt=None&ppn=None&ssid=tuz9tvum340000001783424255774&qH=daddb49dcea591ec&ov_redirect=true,keyword_search,royal canin dog food,1,False,6969.0,7999.0,13.0,4.4,531.0,In Stock,nan,,ok,scrape,https://rukminim2.flixcart.com/image/312/312/xif0q/pet-food/i/k/8/-original-imahnefcgcvdghmh.jpeg?q=70,canine,"Canine Creek Starter dry dog food , Ultra Premium Chicken 13.5 Kg Dry New Born Dog Food",dog_food
2026-07-07,flipkart,PFDFFXP5N7ZVXFR2,ccf7c0628619e2aa,https://www.flipkart.com/canine-creek-ultra-premium-grain-free-formula-real-chicken-1-2-kg-dry-young-dog-food/p/itmabf06f118fd8b?pid=PFDFFXP5N7ZVXFR2&lid=LSTPFDFFXP5N7ZVXFR2UUQFJI&marketplace=FLIPKART&q=royal+canin+dog+food&store=p3t%2Fea3%2F8zj&srno=s_1_2&otracker=search&fm=organic&iid=en_xB7X-bFUCXe4y9u4hklvzh2PlNSc8v0K-WgNpjV0rb2k6RotxwvWru7orVN9pV9_jC5VtJPy-j5qCF6rRs6bnxxxqqwg3QzUSBrQH3v4VvbwHPi55dKfmtL_k8PRExlT&ppt=None&ppn=None&ssid=tuz9tvum340000001783424255774&qH=daddb49dcea591ec&ov_redirect=true,keyword_search,royal canin dog food,2,False,722.0,799.0,10.0,4.4,1219.0,In Stock,nan,,ok,scrape,https://rukminim2.flixcart.com/image/312/312/xif0q/pet-food/q/b/7/-original-imahn9fejcm2a5zz.jpeg?q=70,canine,Canine Creek Ultra Premium Grain Free Formula Real Chicken 1.2 kg Dry Young Dog Food,dog_food
2026-07-07,flipkart,PFDE6QF9ZYG8DSB5,d16832e32fb7f621,https://www.flipkart.com/royal-canin-maxi-adult-1-kg-dry-dog-food/p/itmbc79d31872f6c?pid=PFDE6QF9ZYG8DSB5&lid=LSTPFDE6QF9ZYG8DSB5IXEFSV&marketplace=FLIPKART&q=royal+canin+dog+food&store=p3t%2Fea3%2F8zj&srno=s_1_3&otracker=search&fm=organic&iid=b50ca4cc-10f2-4e61-9c64-b71ef01ff18f.PFDE6QF9ZYG8DSB5.SEARCH&ppt=None&ppn=None&ssid=tuz9tvum340000001783424255774&qH=daddb49dcea591ec&ov_redirect=true,keyword_search,royal canin dog food,3,False,920.0,1050.0,12.0,4.5,2256.0,In Stock,nan,,ok,scrape,https://rukminim2.flixcart.com/image/312/312/xif0q/pet-food/8/h/9/10-dog-3182550774581-royal-canin-enriched-transparent-original-imafe7j5yprfyzvs.png?q=70,royal canin,Royal Canin Maxi Adult 1 Kg Dry Adult Dog Food,dog_food
2026-07-07,flipkart,PFDH46R6HQ6BJFSX,d3a9b6fa9c52ebf2,https://www.flipkart.com/royal-canin-maxi-starter-dry-dog-food-meat-1-kg-young/p/itmcf0dd0e0582a7?pid=PFDH46R6HQ6BJFSX&lid=LSTPFDH46R6HQ6BJFSXKS5P7N&marketplace=FLIPKART&q=royal+canin+dog+food&store=p3t%2Fea3%2F8zj&srno=s_1_4&otracker=search&fm=organic&iid=b50ca4cc-10f2-4e61-9c64-b71ef01ff18f.PFDH46R6HQ6BJFSX.SEARCH&ppt=None&ppn=None&ssid=tuz9tvum340000001783424255774&qH=daddb49dcea591ec&ov_redirect=true,keyword_search,royal canin dog food,4,False,1013.0,1120.0,10.0,4.3,59.0,In Stock,nan,,ok,scrape,https://rukminim2.flixcart.com/image/312/312/xif0q/pet-food/p/q/j/1-dog-1-otrfo1859-royal-canin-original-imah46r5xxhhcafe.jpeg?q=70,royal canin,Royal Canin Maxi Starter Dry Dog Food Meat 1 kg Dry Young Dog Food,dog_food
2026-07-07,flipkart,PFDE6QFESFGKHCYH,1703df8ec624c055,https://www.flipkart.com/royal-canin-maxi-puppy-1-kg-dry-young-dog-food/p/itmb059243505c2d?pid=PFDE6QFESFGKHCYH&lid=LSTPFDE6QFESFGKHCYHHIGMGD&marketplace=FLIPKART&q=royal+canin+dog+food&store=p3t%2Fea3%2F8zj&srno=s_1_5&otracker=search&fm=organic&iid=b50ca4cc-10f2-4e61-9c64-b71ef01ff18f.PFDE6QFESFGKHCYH.SEARCH&ppt=None&ppn=None&ssid=tuz9tvum340000001783424255774&qH=daddb49dcea591ec&ov_redirect=true,keyword_search,royal canin dog food,5,False,1020.0,1110.0,8.0,4.5,7218.0,In Stock,nan,,ok,scrape,https://rukminim2.flixcart.com/image/312/312/xif0q/pet-food/f/q/w/1-dog-1-3182550402460-royal-canin-enriched-transparent-original-imah2hfxeagkzpwq.png?q=70,royal canin,Royal Canin Maxi Puppy 1 kg Dry Young Dog Food,dog_food
2026-07-07,flipkart,PFDGARPGH6CYC2TS,ccf7c0628619e2aa,https://www.flipkart.com/canine-creek-ultra-premium-grain-free-formula-real-chicken-13-5-kg-dry-adult-dog-food/p/itme82f97e8417f6?pid=PFDGARPGH6CYC2TS&lid=LSTPFDGARPGH6CYC2TSBBWNOZ&marketplace=FLIPKART&q=royal+canin+dog+food&store=p3t%2Fea3%2F8zj&srno=s_1_6&otracker=search&fm=organic&iid=en_xB7X-bFUCXe4y9u4hklvzh2PlNSc8v0K-WgNpjV0rb04tHWp7_OtGQIc923T5I8F7WltXJ4TUvXlKSKuDeHnsQjpW03lPl9lYIsIUnguuQ9BegWPYJ5JYmr_1YtfRWTN&ppt=None&ppn=None&ssid=tuz9tvum340000001783424255774&qH=daddb49dcea591ec&ov_redirect=true,keyword_search,royal canin dog food,6,False,5780.0,6800.0,15.0,4.4,725.0,In Stock,nan,,ok,scrape,https://rukminim2.flixcart.com/image/312/312/xif0q/pet-food/s/r/f/-original-imahnefcwz9pfv4k.jpeg?q=70,canine,Canine Creek Ultra Premium Grain Free Formula Real Chicken 13.5 kg Dry Adult Dog Food,dog_food
2026-07-07,flipkart,PFDE6QFER9Q9SHV5,3af5a3fc66f7404e,https://www.flipkart.com/royal-canin-medium-puppy-1-kg-dry-young-dog-food/p/itm7762e287b6120?pid=PFDE6QFER9Q9SHV5&lid=LSTPFDE6QFER9Q9SHV5WXBFU9&marketplace=FLIPKART&q=royal+canin+dog+food&store=p3t%2Fea3%2F8zj&srno=s_1_7&otracker=search&fm=organic&iid=b50ca4cc-10f2-4e61-9c64-b71ef01ff18f.PFDE6QFER9Q9SHV5.SEARCH&ppt=None&ppn=None&ssid=tuz9tvum340000001783424255774&qH=daddb49dcea591ec&ov_redirect=true,keyword_search,royal canin dog food,7,False,959.0,1080.0,11.0,4.4,1041.0,In Stock,nan,,ok,scrape,https://rukminim2.flixcart.com/image/312/312/xif0q/pet-food/7/t/k/10-dog-3182550778077-royal-canin-enriched-transparent-original-imaf8yuhxsrqxyqn.png?q=70,royal canin,Royal Canin Medium Puppy 1 kg Dry Young Dog Food,dog_food
2026-07-07,flipkart,PFDH47VEMK8H5AEG,eeeea5dedf78d962,https://www.flipkart.com/royal-canin-maxi-puppy-dry-food-meat-1-kg-young/p/itm8eeed9f38af41?pid=PFDH47VEMK8H5AEG&lid=LSTPFDH47VEMK8H5AEG2BIILH&marketplace=FLIPKART&q=royal+canin+dog+food&store=p3t%2Fea3%2F8zj&srno=s_1_8&otracker=search&fm=organic&iid=b50ca4cc-10f2-4e61-9c64-b71ef01ff18f.PFDH47VEMK8H5AEG.SEARCH&ppt=None&ppn=None&ssid=tuz9tvum340000001783424255774&qH=daddb49dcea591ec&ov_redirect=true,keyword_search,royal canin dog food,8,False,1020.0,1110.0,8.0,4.6,181.0,In Stock,nan,,ok,scrape,https://rukminim2.flixcart.com/image/312/312/xif0q/pet-food/l/a/m/1-puppy-1-otrfo2143-royal-canin-original-imah47ve65bdnfe6.jpeg?q=70,royal canin,Royal Canin Maxi Puppy Dry Food Meat 1 kg Dry Young Puppy Food,dog_food
2026-07-07,flipkart,PFDE6QF9VBYUG6XP,1e6841f5e44d1b88,https://www.flipkart.com/royal-canin-medium-adult-1-kg-dry-dog-food/p/itmdcedd1383dd68?pid=PFDE6QF9VBYUG6XP&lid=LSTPFDE6QF9VBYUG6XP7UMJAW&marketplace=FLIPKART&q=royal+canin+dog+food&store=p3t%2Fea3%2F8zj&srno=s_1_9&otracker=search&fm=organic&iid=b50ca4cc-10f2-4e61-9c64-b71ef01ff18f.PFDE6QF9VBYUG6XP.SEARCH&ppt=None&ppn=None&ssid=tuz9tvum340000001783424255774&qH=daddb49dcea591ec&ov_redirect=true,keyword_search,royal canin dog food,9,False,1020.0,1110.0,8.0,4.5,308.0,In Stock,nan,,ok,scrape,https://rukminim2.flixcart.com/image/312/312/xif0q/pet-food/q/b/4/10-dog-3182550774536-royal-canin-enriched-transparent-original-imafcaffqrdknk9v.png?q=70,royal canin,Royal Canin Medium Adult 1 Kg Dry Adult Dog Food,dog_food
2026-07-07,flipkart,PFDF7QA7BBTHMGZ2,b66b28872a7102bf,https://www.flipkart.com/royal-canin-maxi-dermacomfort-3-kg-dry-adult-dog-food/p/itmc91032c7a0092?pid=PFDF7QA7BBTHMGZ2&lid=LSTPFDF7QA7BBTHMGZ2CGULEB&marketplace=FLIPKART&q=royal+canin+dog+food&store=p3t%2Fea3%2F8zj&srno=s_1_10&otracker=search&fm=organic&iid=b50ca4cc-10f2-4e61-9c64-b71ef01ff18f.PFDF7QA7BBTHMGZ2.SEARCH&ppt=None&ppn=None&ssid=tuz9tvum340000001783424255774&qH=daddb49dcea591ec&ov_redirect=true,keyword_search,royal canin dog food,10,False,3539.0,3540.0,,3.5,8.0,In Stock,nan,,ok,scrape,https://rukminim2.flixcart.com/image/312/312/jnnhua80/pet-food/g/z/2/3-dog-3182550773850-royal-canin-original-imafaatskvjc5d9q.jpeg?q=70,royal canin,Royal Canin Maxi Dermacomfort 3 kg Dry Adult Dog Food,dog_food
2026-07-07,flipkart,PFDGARPGNFNY2CEQ,f63f80da57522587,https://www.flipkart.com/let-s-bite-active-chicken-11-kg-dry-adult-dog-food/p/itm1ec8640ee7eb1?pid=PFDGARPGNFNY2CEQ&lid=LSTPFDGARPGNFNY2CEQL5FPTM&marketplace=FLIPKART&q=royal+canin+dog+food&store=p3t%2Fea3%2F8zj&srno=s_1_11&otracker=search&fm=organic&iid=en_xB7X-bFUCXe4y9u4hklvzh2PlNSc8v0K-WgNpjV0rb3ZsQ8_tOgk7weACOcJ22P6CuZlouypcr3U_m4aMsglNRbm-HbH4d8DqZx2PlewIKn9futUDx2k-nxcS7olu2Di&ppt=None&ppn=None&ssid=tuz9tvum340000001783424255774&qH=daddb49dcea591ec&ov_redirect=true,keyword_search,royal canin dog food,11,False,1699.0,1920.0,12.0,4.4,116.0,In Stock,nan,,ok,scrape,https://rukminim2.flixcart.com/image/312/312/xif0q/pet-food/d/7/q/-original-imahztycgtcumyzy.jpeg?q=70,lets,Let's bite Active Chicken 11 kg Dry Adult Dog Food,dog_food
2026-07-07,flipkart,PFDGARPGUCYZQGYH,2984f74a12fc7868,https://www.flipkart.com/let-s-bite-active-chicken-10-kg-dry-young-dog-food/p/itm48806f48bd724?pid=PFDGARPGUCYZQGYH&lid=LSTPFDGARPGUCYZQGYHDLASC5&marketplace=FLIPKART&q=royal+canin+dog+food&store=p3t%2Fea3%2F8zj&srno=s_1_12&otracker=search&fm=organic&iid=en_xB7X-bFUCXe4y9u4hklvzh2PlNSc8v0K-WgNpjV0rb2uFazqWQtjzyy0RQSRFHpWN51O3WadooKJlCtqpEKu5nL4cAslchOkvzXNibqm6xP9futUDx2k-nxcS7olu2Di&ppt=None&ppn=None&ssid=tuz9tvum340000001783424255774&qH=daddb49dcea591ec&ov_redirect=true,keyword_search,royal canin dog food,12,False,1784.0,2099.0,15.0,4.2,44.0,In Stock,nan,,ok,scrape,https://rukminim2.flixcart.com/image/312/312/xif0q/pet-food/b/c/z/-original-imahztyctvvszhad.jpeg?q=70,lets,Let's bite Active Chicken 10 Kg Dry Young Dog Food,dog_food
2026-07-07,flipkart,PFDE6QF9BQYUBJ2D,ecf09756a19f387e,https://www.flipkart.com/royal-canin-mini-adult-0-8-kg-dry-dog-food/p/itma0a6118165f5c?pid=PFDE6QF9BQYUBJ2D&lid=LSTPFDE6QF9BQYUBJ2DQFSHGM&marketplace=FLIPKART&q=royal+canin+dog+food&store=p3t%2Fea3%2F8zj&srno=s_1_13&otracker=search&fm=organic&iid=b50ca4cc-10f2-4e61-9c64-b71ef01ff18f.PFDE6QF9BQYUBJ2D.SEARCH&ppt=None&ppn=None&ssid=tuz9tvum340000001783424255774&qH=daddb49dcea591ec&ov_redirect=true,keyword_search,royal canin dog food,13,False,796.0,880.0,10.0,4.6,1167.0,In Stock,nan,,ok,scrape,https://rukminim2.flixcart.com/image/312/312/xif0q/pet-food/s/7/n/-enriched-transparent-original-imagjdugdxrhwudr.png?q=70,royal canin,Royal Canin Mini Adult 0.8 kg Dry Adult Dog Food,dog_food
2026-07-07,flipkart,PFDHBGFFHPJKJEX9,b99ecd69e42bfab9,https://www.flipkart.com/royal-canin-maxi-adult-220-gm-0-22-kg-dry-dog-food/p/itm42efd32cf8de2?pid=PFDHBGFFHPJKJEX9&lid=LSTPFDHBGFFHPJKJEX92MLAH1&marketplace=FLIPKART&q=royal+canin+dog+food&store=p3t%2Fea3%2F8zj&srno=s_1_14&otracker=search&fm=organic&iid=b50ca4cc-10f2-4e61-9c64-b71ef01ff18f.PFDHBGFFHPJKJEX9.SEARCH&ppt=None&ppn=None&ssid=tuz9tvum340000001783424255774&qH=daddb49dcea591ec&ov_redirect=true,keyword_search,royal canin dog food,14,False,228.0,250.0,9.0,4.1,34.0,In Stock,nan,,ok,scrape,https://rukminim2.flixcart.com/image/312/312/xif0q/pet-food/o/g/l/0-22-dog-1-mxadult01-royal-canin-original-imahdz62gkdzvpzh.jpeg?q=70,royal canin,Royal Canin Royal Canin MAXI ADULT 220 gm 0.22 kg Dry Adult Dog Food,dog_food
2026-07-07,flipkart,PFDG2GFHHAQ92MFX,c168fb929d84140b,https://www.flipkart.com/royal-canin-mini-puppy-800gm-meat-0-8-kg-dry-young-dog-food/p/itm93a15284e49bc?pid=PFDG2GFHHAQ92MFX&lid=LSTPFDG2GFHHAQ92MFXVODIR1&marketplace=FLIPKART&q=royal+canin+dog+food&store=p3t%2Fea3%2F8zj&srno=s_1_15&otracker=search&fm=organic&iid=b50ca4cc-10f2-4e61-9c64-b71ef01ff18f.PFDG2GFHHAQ92MFX.SEARCH&ppt=None&ppn=None&ssid=tuz9tvum340000001783424255774&qH=daddb49dcea591ec&ov_redirect=true,keyword_search,royal canin dog food,15,False,901.0,980.0,8.0,4.6,253.0,In Stock,nan,,ok,scrape,https://rukminim2.flixcart.com/image/312/312/knxiavk0/pet-food/o/h/q/0-800-dog-10121000-royal-canin-original-imag2gfhqszpeuzh.jpeg?q=70,royal canin,Royal Canin MINI PUPPY 800GM Meat 0.8 kg Dry Young Dog Food,dog_food
2026-07-07,flipkart,PFDE6QF9F4GA8BGF,d86bc5b4a0ddd1bd,https://www.flipkart.com/royal-canin-giant-puppy-1-kg-dry-young-dog-food/p/itm2f6487da42680?pid=PFDE6QF9F4GA8BGF&lid=LSTPFDE6QF9F4GA8BGFKF60V1&marketplace=FLIPKART&q=royal+canin+dog+food&store=p3t%2Fea3%2F8zj&srno=s_1_16&otracker=search&fm=organic&iid=b50ca4cc-10f2-4e61-9c64-b71ef01ff18f.PFDE6QF9F4GA8BGF.SEARCH&ppt=None&ppn=None&ssid=tuz9tvum340000001783424255774&qH=daddb49dcea591ec&ov_redirect=true,keyword_search,royal canin dog food,16,False,1000.0,1020.0,2.0,4.3,493.0,In Stock,nan,,ok,scrape,https://rukminim2.flixcart.com/image/312/312/jt7jhjk0/pet-food/2/g/3/3-5-dog-rc01-royal-canin-original-imafcaff72ahmydr.jpeg?q=70,royal canin,Royal Canin Giant Puppy 1 kg Dry Young Dog Food,dog_food
2026-07-07,flipkart,PFDFFXP5YB5GEHUZ,,https://www.flipkart.com/canine-creek-ultra-premium-grain-free-formula-real-chicken-1-2-kg-dry-adult-dog-food/p/itmb7ad576cfa034?pid=PFDFFXP5YB5GEHUZ&lid=LSTPFDFFXP5YB5GEHUZBSBSKM&marketplace=FLIPKART&q=royal+canin+dog+food&store=p3t%2Fea3%2F8zj&srno=s_1_17&otracker=search&fm=organic&iid=en_xB7X-bFUCXe4y9u4hklvzh2PlNSc8v0K-WgNpjV0rb0tDAb9Fd2nWw9QdlIRefpWdBakFqySrbRsOtQ8oNrDiBNOAGGOpgVQnfFNT-23p1Wh0XBuG_uq0ZrlM_tknI7p&ppt=None&ppn=None&ssid=tuz9tvum340000001783424255774&qH=daddb49dcea591ec&ov_redirect=true,keyword_search,royal canin dog food,17,False,637.0,699.0,9.0,4.4,725.0,In Stock,nan,,ok,scrape,https://rukminim2.flixcart.com/image/312/312/xif0q/pet-food/u/m/b/-original-imahn9ajwyvmgbfz.jpeg?q=70,canine,Canine Creek Ultra Premium Grain Free Formula Real Chicken 1.2 kg Dry Adult Dog Food,dog_food
2026-07-07,flipkart,PFDH5H8QXUXWTAPZ,0ca3ea708f674548,https://www.flipkart.com/royal-canin-intestinal-can-400-gm-0-4-kg-dry-adult-dog-food/p/itmb2a8b7fd1bdd7?pid=PFDH5H8QXUXWTAPZ&lid=LSTPFDH5H8QXUXWTAPZ4VEBE8&marketplace=FLIPKART&q=royal+canin+dog+food&store=p3t%2Fea3%2F8zj&srno=s_1_18&otracker=search&fm=organic&iid=b50ca4cc-10f2-4e61-9c64-b71ef01ff18f.PFDH5H8QXUXWTAPZ.SEARCH&ppt=None&ppn=None&ssid=tuz9tvum340000001783424255774&qH=daddb49dcea591ec&ov_redirect=true,keyword_search,royal canin dog food,18,False,561.0,620.0,10.0,2.7,3.0,In Stock,nan,,ok,scrape,https://rukminim2.flixcart.com/image/312/312/xif0q/pet-food/y/f/5/0-4-dog-1-otrfo3144-royal-canin-original-imah5h8qfj8eqvpf.jpeg?q=70,royal canin,Royal Canin Royal Canin Intestinal Can 400 gm 0.4 kg Dry Adult Dog Food,dog_food
2026-07-07,flipkart,PFDH46ZTTHHTDAND,f27386d8b06f2eda,https://www.flipkart.com/royal-canin-medium-adult-meat-granule-dry-dog-food-1-kg/p/itm8c9e26466fd06?pid=PFDH46ZTTHHTDAND&lid=LSTPFDH46ZTTHHTDAND1CKQ6F&marketplace=FLIPKART&q=royal+canin+dog+food&store=p3t%2Fea3%2F8zj&srno=s_1_19&otracker=search&fm=organic&iid=b50ca4cc-10f2-4e61-9c64-b71ef01ff18f.PFDH46ZTTHHTDAND.SEARCH&ppt=None&ppn=None&ssid=tuz9tvum340000001783424255774&qH=daddb49dcea591ec&ov_redirect=true,keyword_search,royal canin dog food,19,False,1009.0,1110.0,9.0,4.4,11.0,In Stock,nan,,ok,scrape,https://rukminim2.flixcart.com/image/312/312/xif0q/pet-food/r/y/z/1-dog-1-otrfo1856-royal-canin-original-imah46ztffvujpgs.jpeg?q=70,royal canin,Royal Canin Medium Adult Meat Granule Dry Dog Food Meat 1 kg Dry Adult Dog Food,dog_food
2026-07-07,flipkart,PFDF7QA7AYZZYHHZ,2bee726961e0ec0d,https://www.flipkart.com/royal-canin-shih-tzu-1-5-kg-dry-young-dog-food/p/itmcaf3d2c23b21e?pid=PFDF7QA7AYZZYHHZ&lid=LSTPFDF7QA7AYZZYHHZFJIABX&marketplace=FLIPKART&q=royal+canin+dog+food&store=p3t%2Fea3%2F8zj&srno=s_1_20&otracker=search&fm=organic&iid=b50ca4cc-10f2-4e61-9c64-b71ef01ff18f.PFDF7QA7AYZZYHHZ.SEARCH&ppt=None&ppn=None&ssid=tuz9tvum340000001783424255774&qH=daddb49dcea591ec&ov_redirect=true,keyword_search,royal canin dog food,20,False,1879.0,2080.0,10.0,4.5,139.0,In Stock,nan,,ok,scrape,https://rukminim2.flixcart.com/image/312/312/xif0q/pet-food/u/r/m/1-5-dog-1-3182550722605-royal-canin-original-imah4dd9xsyuwekt.jpeg?q=70,royal canin,Royal Canin Shih Tzu 1.5 kg Dry Young Dog Food,dog_food
2026-07-07,flipkart,PFDFKYG5ZNY7DRMN,f5533c6e17a211b8,https://www.flipkart.com/active-buy-1-get-chicken-vegetable-6-kg-2x3-kg-dry-adult-dog-food/p/itma17665b310b19?pid=PFDFKYG5ZNY7DRMN&lid=LSTPFDFKYG5ZNY7DRMNBM56PM&marketplace=FLIPKART&q=pedigree+dog+food&store=p3t%2Fea3%2F8zj&srno=s_1_1&otracker=search&fm=organic&iid=en_9Zb-bBRv164uaoGBSMrsfswy0fJW_gYqH7cYSTOSw9iYgb4K0uqy6zIhMsxM_oElxWe_grLavTLrAZUewm_ChIUqLwcxl6HJN1ad_Dhk04zZ7rLVH-m73BTz87jCcUCt&ppt=None&ppn=None&ssid=fr9eewrscw0000001783424258431&qH=b948d4492dbee74a&ov_redirect=true,keyword_search,pedigree dog food,1,False,630.0,849.0,26.0,4.3,57031.0,In Stock,nan,,ok,scrape,https://rukminim2.flixcart.com/image/312/312/xif0q/pet-food/9/6/l/-enriched-transparent-original-imahnefczzhz6m3g.png?q=70,active,Active Buy 1 Get 1 Chicken and Vegetable 6 kg (2x3 kg) Dry Adult Dog Food,dog_food
2026-07-07,flipkart,PFDECGWH2XHJGBFG,a89a069a4ca181d5,https://www.flipkart.com/pedigree-adult-chicken-vegetables-chicken-vegetable-10-kg-dry-dog-food/p/itm1f81bef55f75b?pid=PFDECGWH2XHJGBFG&lid=LSTPFDECGWH2XHJGBFGSQOVJD&marketplace=FLIPKART&q=pedigree+dog+food&store=p3t%2Fea3%2F8zj&srno=s_1_2&otracker=search&fm=organic&iid=en_9Zb-bBRv164uaoGBSMrsfswy0fJW_gYqH7cYSTOSw9i9uEhwxGz3GsPVSuQ71uguEUAlSTcb4vl5woxOS99T2AuhN9a53PwROLpmp6eKYxHZ7rLVH-m73BTz87jCcUCt&ppt=None&ppn=None&ssid=fr9eewrscw0000001783424258431&qH=b948d4492dbee74a&ov_redirect=true,keyword_search,pedigree dog food,2,False,2103.0,2390.0,12.0,4.5,80652.0,In Stock,nan,,ok,scrape,https://rukminim2.flixcart.com/image/312/312/xif0q/pet-food/l/t/9/-original-imahjayzzyjawk75.jpeg?q=70,pedigree,"PEDIGREE Adult Chicken & Vegetables Chicken, Vegetable 10 kg Dry Adult Dog Food",dog_food
2026-07-07,flipkart,PFDE77VP3J3GUAXM,,https://www.flipkart.com/pedigree-100-nutrition-chicken-milk-1-2-kg-dry-young-puppy-food/p/itmb73e43802ff4a?pid=PFDE77VP3J3GUAXM&lid=LSTPFDE77VP3J3GUAXMJEKMQM&marketplace=FLIPKART&q=pedigree+dog+food&store=p3t%2Fea3%2F8zj&srno=s_1_3&otracker=search&fm=organic&iid=1de9ea02-cf71-4643-a824-9e6c79d2912c.PFDE77VP3J3GUAXM.SEARCH&ppt=None&ppn=None&ssid=fr9eewrscw0000001783424258431&qH=b948d4492dbee74a&ov_redirect=true,keyword_search,pedigree dog food,3,False,269.0,365.0,26.0,4.4,110881.0,In Stock,nan,,ok,scrape,https://rukminim2.flixcart.com/image/312/312/xif0q/pet-food/0/o/8/-enriched-transparent-original-imahjayzzct85gjj.png?q=70,pedigree,"PEDIGREE 100% Nutrition Chicken, Milk 1.2 kg Dry Young Puppy Food",dog_food
2026-07-07,flipkart,PFDEHZR6GCFYTRHV,58cf71ebfe212a42,https://www.flipkart.com/pedigree-gravy-chicken-liver-chunks-1-05-kg-15x0-07-kg-wet-adult-dog-food/p/itmd19c01ed25c5a?pid=PFDEHZR6GCFYTRHV&lid=LSTPFDEHZR6GCFYTRHVSZIYDC&marketplace=FLIPKART&q=pedigree+dog+food&store=p3t%2Fea3%2F8zj&srno=s_1_8&otracker=search&fm=organic&iid=1de9ea02-cf71-4643-a824-9e6c79d2912c.PFDEHZR6GCFYTRHV.SEARCH&ppt=None&ppn=None&ssid=fr9eewrscw0000001783424258431&qH=b948d4492dbee74a&ov_redirect=true,keyword_search,pedigree dog food,8,False,675.0,750.0,10.0,4.6,34413.0,In Stock,nan,,ok,scrape,https://rukminim2.flixcart.com/image/312/312/xif0q/pet-food/a/a/e/-original-imahhszj8bqutezt.jpeg?q=70,pedigree,"PEDIGREE Gravy Chicken, Liver Chunks 1.05 kg (15x0.07 kg) Wet Adult Dog Food",dog_food
2026-07-07,flipkart,PFDG3FC2E62GGQ83,4a887c584af2a94c,https://www.flipkart.com/pedigree-100-nutrition-meat-rice-20-kg-dry-adult-dog-food/p/itm6610556fd9cfc?pid=PFDG3FC2E62GGQ83&lid=LSTPFDG3FC2E62GGQ83K6QJIQ&marketplace=FLIPKART&q=pedigree+dog+food&store=p3t%2Fea3%2F8zj&srno=s_1_10&otracker=search&fm=organic&iid=1de9ea02-cf71-4643-a824-9e6c79d2912c.PFDG3FC2E62GGQ83.SEARCH&ppt=None&ppn=None&ssid=fr9eewrscw0000001783424258431&qH=b948d4492dbee74a&ov_redirect=true,keyword_search,pedigree dog food,10,False,3315.0,3900.0,15.0,4.4,54125.0,In Stock,nan,,ok,scrape,https://rukminim2.flixcart.com/image/312/312/xif0q/pet-food/7/f/w/-original-imahjayzfjjtbxaz.jpeg?q=70,pedigree,"PEDIGREE 100% Nutrition Meat, Rice 20 kg Dry Adult Dog Food",dog_food
2026-07-07,flipkart,PFDGWYREMC4XREFV,6d204eae07ef1fe6,https://www.flipkart.com/pedigree-gravy-chicken-liver-chunks-1-56-kg-12x0-13-kg-wet-adult-dog-food/p/itmc22d62e437944?pid=PFDGWYREMC4XREFV&lid=LSTPFDGWYREMC4XREFVASXWNC&marketplace=FLIPKART&q=pedigree+dog+food&store=p3t%2Fea3%2F8zj&srno=s_1_15&otracker=search&fm=organic&iid=1de9ea02-cf71-4643-a824-9e6c79d2912c.PFDGWYREMC4XREFV.SEARCH&ppt=None&ppn=None&ssid=fr9eewrscw0000001783424258431&qH=b948d4492dbee74a&ov_redirect=true,keyword_search,pedigree dog food,15,False,756.0,840.0,10.0,4.5,1941.0,In Stock,nan,,ok,scrape,https://rukminim2.flixcart.com/image/312/312/xif0q/pet-food/5/i/y/-enriched-transparent-original-imahm2ymgg6bkujg.png?q=70,pedigree,"PEDIGREE Gravy Chicken, Liver Chunks 1.56 kg (12x0.13 kg) Wet Adult Dog Food",dog_food
2026-07-07,flipkart,PFDEHFZ7BCTFY3SA,,https://www.flipkart.com/pedigree-100-nutrition-chicken-milk-10-kg-dry-young-puppy-food/p/itme3947bf1c1e6c?pid=PFDEHFZ7BCTFY3SA&lid=LSTPFDEHFZ7BCTFY3SACDXMFG&marketplace=FLIPKART&q=pedigree+dog+food&store=p3t%2Fea3%2F8zj&srno=s_1_16&otracker=search&fm=organic&iid=1de9ea02-cf71-4643-a824-9e6c79d2912c.PFDEHFZ7BCTFY3SA.SEARCH&ppt=None&ppn=None&ssid=fr9eewrscw0000001783424258431&qH=b948d4492dbee74a&ov_redirect=true,keyword_search,pedigree dog food,16,False,2260.0,2490.0,9.0,4.4,110881.0,In Stock,nan,,ok,scrape,https://rukminim2.flixcart.com/image/312/312/xif0q/pet-food/o/e/8/-enriched-transparent-original-imahjayzgyc9hejq.png?q=70,pedigree,"PEDIGREE 100% Nutrition Chicken, Milk 10 kg Dry Young Puppy Food",dog_food
2026-07-07,flipkart,PFDE77VPYKCHZHQW,,https://www.flipkart.com/pedigree-100-nutrition-chicken-vegetable-15-kg-dry-adult-dog-food/p/itm6a81455dd09e2?pid=PFDE77VPYKCHZHQW&lid=LSTPFDE77VPYKCHZHQWJVJSA3&marketplace=FLIPKART&q=pedigree+dog+food&store=p3t%2Fea3%2F8zj&srno=s_1_17&otracker=search&fm=organic&iid=en_9Zb-bBRv164uaoGBSMrsfswy0fJW_gYqH7cYSTOSw9iaCaJtdrXnDIQTF5YNSGmhvtPjjssWqw9Nhn8xIuKcd3TZpPNBbBIrpab3Z_M8ZPkwLxvYccPUjTJ-61ZVKpWT9QWMJPI4egdmz5nn89L_DQ%3D%3D&ppt=None&ppn=None&ssid=fr9eewrscw0000001783424258431&qH=b948d4492dbee74a&ov_redirect=true,keyword_search,pedigree dog food,17,False,2349.0,3400.0,31.0,4.5,80652.0,In Stock,nan,,ok,scrape,https://rukminim2.flixcart.com/image/312/312/xif0q/pet-food/6/x/p/-original-imahjayz3ce7sg7x.jpeg?q=70,pedigree,"PEDIGREE 100% Nutrition Chicken, Vegetable 15 kg Dry Adult Dog Food",dog_food
2026-07-07,flipkart,PFDE77VPKHF3XBZ4,,https://www.flipkart.com/pedigree-100-nutrition-chicken-milk-15-kg-dry-young-puppy-food/p/itm37b89e6ea3bf9?pid=PFDE77VPKHF3XBZ4&lid=LSTPFDE77VPKHF3XBZ4CFRWVE&marketplace=FLIPKART&q=pedigree+dog+food&store=p3t%2Fea3%2F8zj&srno=s_1_18&otracker=search&fm=organic&iid=en_9Zb-bBRv164uaoGBSMrsfswy0fJW_gYqH7cYSTOSw9gs1fSWgNOQ689RanyIq6XCurDmJlJz0D9JEesiWxtl-cTXHQPVWYzxThp-6NxOsD54fkzrjyNyRKvrMpqgPR-2&ppt=None&ppn=None&ssid=fr9eewrscw0000001783424258431&qH=b948d4492dbee74a&ov_redirect=true,keyword_search,pedigree dog food,18,False,2349.0,3540.0,34.0,4.4,110881.0,In Stock,nan,,ok,scrape,https://rukminim2.flixcart.com/image/312/312/xif0q/pet-food/q/l/k/-original-imahjayzywsmzzvy.jpeg?q=70,pedigree,"PEDIGREE 100% Nutrition Chicken, Milk 15 kg Dry Young Puppy Food",dog_food
2026-07-07,flipkart,PFDF85UGRX9V4HPV,8235cb59a46a512e,https://www.flipkart.com/pedigree-100-nutrition-chicken-egg-rice-3-kg-dry-adult-dog-food/p/itm9e4474ebe82c7?pid=PFDF85UGRX9V4HPV&lid=LSTPFDF85UGRX9V4HPVK3JNNR&marketplace=FLIPKART&q=pedigree+dog+food&store=p3t%2Fea3%2F8zj&spotlightTagId=default_TrendingId_p3t%2Fea3%2F8zj&srno=s_1_19&otracker=search&fm=organic&iid=1de9ea02-cf71-4643-a824-9e6c79d2912c.PFDF85UGRX9V4HPV.SEARCH&ppt=None&ppn=None&ssid=fr9eewrscw0000001783424258431&qH=b948d4492dbee74a&ov_redirect=true,keyword_search,pedigree dog food,19,False,711.0,889.0,20.0,4.5,12546.0,In Stock,nan,,ok,scrape,https://rukminim2.flixcart.com/image/312/312/xif0q/pet-food/5/k/s/-enriched-transparent-original-imahjayznfdgdthm.png?q=70,pedigree,"PEDIGREE 100% Nutrition Chicken, Egg, Rice 3 kg Dry Adult Dog Food",dog_food
2026-07-07,flipkart,PFDFF5FDYGNV3K35,99e57c2284c34536,https://www.flipkart.com/pedigree-gravy-chicken-liver-chunks-70-g-wet-adult-dog-food/p/itm2f61d9aed50a1?pid=PFDFF5FDYGNV3K35&lid=LSTPFDFF5FDYGNV3K35XBW0PB&marketplace=FLIPKART&q=pedigree+dog+food&store=p3t%2Fea3%2F8zj&spotlightTagId=default_BestsellerId_p3t%2Fea3%2F8zj&srno=s_1_20&otracker=search&fm=organic&iid=1de9ea02-cf71-4643-a824-9e6c79d2912c.PFDFF5FDYGNV3K35.SEARCH&ppt=None&ppn=None&ssid=fr9eewrscw0000001783424258431&qH=b948d4492dbee74a&ov_redirect=true,keyword_search,pedigree dog food,20,False,13.0,39.0,67.0,4.6,34413.0,In Stock,nan,,ok,scrape,https://rukminim2.flixcart.com/image/312/312/xif0q/pet-treat/c/4/m/-enriched-transparent-original-imahhszjq5rnp3nj.png?q=70,pedigree,"PEDIGREE Gravy Chicken, Liver Chunks 70 g Wet Adult Dog Food",dog_food
2026-07-07,flipkart,PFDFB24FXUGR8PF9,1e05a5d05c7f2bff,https://www.flipkart.com/drools-3-1-2-kg-egg-real-chicken-4-2-kg-2x2-1-dry-adult-dog-food/p/itm08656df820977?pid=PFDFB24FXUGR8PF9&lid=LSTPFDFB24FXUGR8PF9WGZ6XH&marketplace=FLIPKART&q=drools+dog+food&store=p3t%2Fea3%2F8zj&srno=s_1_7&otracker=search&fm=organic&iid=f8b07989-357d-477e-8458-731b5e3795f0.PFDFB24FXUGR8PF9.SEARCH&ppt=None&ppn=None&ssid=yg62mojrq80000001783424260931&qH=38ac4fbf0eca81e5&ov_redirect=true,keyword_search,drools dog food,7,False,833.0,849.0,2.0,4.4,29635.0,In Stock,nan,,ok,scrape,https://rukminim2.flixcart.com/image/312/312/xif0q/pet-food/z/c/x/-original-imahmjndfzgzqjbn.jpeg?q=70,drools,Drools (3+ 1.2 kg) Egg & Real Chicken 4.2 kg (2x2.1 kg) Dry Adult Dog Food,dog_food
2026-07-07,flipkart,PFDHJZJ2YAJHNQVQ,aa2822d593103330,https://www.flipkart.com/drools-duck-pumpkin-kale-gravy-6x120g-lamb-720-g-6x120-g-wet-adult-dog-food/p/itm2523f448a025f?pid=PFDHJZJ2YAJHNQVQ&lid=LSTPFDHJZJ2YAJHNQVQDDN1XP&marketplace=FLIPKART&q=drools+dog+food&store=p3t%2Fea3%2F8zj&srno=s_1_8&otracker=search&fm=organic&iid=f8b07989-357d-477e-8458-731b5e3795f0.PFDHJZJ2YAJHNQVQ.SEARCH&ppt=None&ppn=None&ssid=yg62mojrq80000001783424260931&qH=38ac4fbf0eca81e5&ov_redirect=true,keyword_search,drools dog food,8,False,220.0,250.0,12.0,,,In Stock,nan,,ok,scrape,https://rukminim2.flixcart.com/image/312/312/xif0q/pet-food/9/0/1/-original-imahk68snhgcqgum.jpeg?q=70,drools,"Drools Drools Duck with Pumpkin & Kale Gravy,(6x120g) Lamb 720 g (6x120 g) Wet Adult Dog Food",dog_food
2026-07-07,flipkart,PFDGXGG3MTQGY3TV,80e21af7a5d2d5f8,https://www.flipkart.com/drools-real-chicken-egg-1-2-kg-dry-young-dog-food/p/itma2f2b8504b6f6?pid=PFDGXGG3MTQGY3TV&lid=LSTPFDGXGG3MTQGY3TVHQCZ4A&marketplace=FLIPKART&q=drools+dog+food&store=p3t%2Fea3%2F8zj&srno=s_1_9&otracker=search&fm=organic&iid=f8b07989-357d-477e-8458-731b5e3795f0.PFDGXGG3MTQGY3TV.SEARCH&ppt=None&ppn=None&ssid=yg62mojrq80000001783424260931&qH=38ac4fbf0eca81e5&ov_redirect=true,keyword_search,drools dog food,9,False,240.0,300.0,20.0,4.4,17296.0,In Stock,nan,,ok,scrape,https://rukminim2.flixcart.com/image/312/312/xif0q/pet-food/t/d/u/-original-imahmjndmk6hjcdz.jpeg?q=70,drools,Drools Real Chicken and Egg 1.2 kg Dry Young Dog Food,dog_food
2026-07-07,flipkart,PFDFSEZYFGUN5FVU,097431722b82dca5,https://www.flipkart.com/drools-chunks-gravy-adult-chicken-liver-real-3-6-kg-24x0-15-kg-wet-dog-food/p/itm9c8a94874e1bc?pid=PFDFSEZYFGUN5FVU&lid=LSTPFDFSEZYFGUN5FVUUNO3NM&marketplace=FLIPKART&q=drools+dog+food&store=p3t%2Fea3%2F8zj&srno=s_1_11&otracker=search&fm=organic&iid=en_XOVSFvyjOTNT5WT3rKO4M6HIF7bs4VdUlhdjcRAsjwR5xmJr1RriZCoxgjwowVHWXDxPceVrcEZUKvR34REoa06xqzv7xzsk5B9e1ET1rJEzyfFcmKPJXOGTOLeMDzcs&ppt=None&ppn=None&ssid=yg62mojrq80000001783424260931&qH=38ac4fbf0eca81e5&ov_redirect=true,keyword_search,drools dog food,11,False,918.0,1080.0,15.0,4.4,15107.0,In Stock,nan,,ok,scrape,https://rukminim2.flixcart.com/image/312/312/xif0q/pet-food/q/u/m/-enriched-transparent-original-imahn72afrxb64qh.png?q=70,drools,Drools Chunks in gravy for Adult - Chicken Liver and Real Chicken Chicken 3.6 kg (24x0.15 kg) Wet Adul...,dog_food
2026-07-07,flipkart,PFDG22ZZBQHTGFJA,eddf61479e991852,https://www.flipkart.com/drools-3-1-2-kg-inside-egg-real-chicken-4-2-dry-young-dog-food/p/itm04de05cec66f2?pid=PFDG22ZZBQHTGFJA&lid=LSTPFDG22ZZBQHTGFJASIKCIF&marketplace=FLIPKART&q=drools+dog+food&store=p3t%2Fea3%2F8zj&srno=s_1_14&otracker=search&fm=organic&iid=f8b07989-357d-477e-8458-731b5e3795f0.PFDG22ZZBQHTGFJA.SEARCH&ppt=None&ppn=None&ssid=yg62mojrq80000001783424260931&qH=38ac4fbf0eca81e5&ov_redirect=true,keyword_search,drools dog food,14,False,828.0,849.0,2.0,4.4,17296.0,In Stock,nan,,ok,scrape,https://rukminim2.flixcart.com/image/312/312/xif0q/pet-food/k/u/y/-original-imahhzhfagu5mcau.jpeg?q=70,drools,Drools (3+ 1.2 kg inside) Egg and Real Chicken 4.2 kg Dry Young Dog Food,dog_food
2026-07-07,flipkart,PFDFSZSNNYAZZAZP,,https://www.flipkart.com/drools-chunks-gravy-adult-chicken-liver-real-2-25-kg-15x0-15-kg-wet-dog-food/p/itm75141197e554c?pid=PFDFSZSNNYAZZAZP&lid=LSTPFDFSZSNNYAZZAZP54LTXB&marketplace=FLIPKART&q=drools+dog+food&store=p3t%2Fea3%2F8zj&srno=s_1_18&otracker=search&fm=organic&iid=en_XOVSFvyjOTNT5WT3rKO4M6HIF7bs4VdUlhdjcRAsjwRSn5Gw2orql2mGELzbxdXG5vTB-KhiBsAYWcwEo9FRBTNa08lEJZpexvTjfOWhDQMzyfFcmKPJXOGTOLeMDzcs&ppt=None&ppn=None&ssid=yg62mojrq80000001783424260931&qH=38ac4fbf0eca81e5&ov_redirect=true,keyword_search,drools dog food,18,False,574.0,675.0,15.0,4.4,15107.0,In Stock,nan,,ok,scrape,https://rukminim2.flixcart.com/image/312/312/xif0q/pet-food/m/h/a/-original-imahn72aw27zkzkm.jpeg?q=70,drools,Drools Chunks in gravy for Adult - Chicken Liver and Real Chicken 2.25 kg (15x0.15 kg) Wet Adult Dog F...,dog_food
2026-07-07,flipkart,PFDHJZJ2YDKFJW25,f0bf551658ac184e,https://www.flipkart.com/drools-turkey-wild-rice-pumpkin-gravy-720-g-6x120-g-wet-adult-dog-food/p/itmbfbe9e7103bc0?pid=PFDHJZJ2YDKFJW25&lid=LSTPFDHJZJ2YDKFJW25NCT9BE&marketplace=FLIPKART&q=drools+dog+food&store=p3t%2Fea3%2F8zj&srno=s_1_19&otracker=search&fm=organic&iid=f8b07989-357d-477e-8458-731b5e3795f0.PFDHJZJ2YDKFJW25.SEARCH&ppt=None&ppn=None&ssid=yg62mojrq80000001783424260931&qH=38ac4fbf0eca81e5&ov_redirect=true,keyword_search,drools dog food,19,False,264.0,300.0,12.0,,,In Stock,nan,,ok,scrape,https://rukminim2.flixcart.com/image/312/312/xif0q/pet-food/h/f/3/-original-imahkygxhmwvubym.jpeg?q=70,drools,Drools Turkey with Wild Rice & Pumpkin Gravy Pumpkin 720 g (6x120 g) Wet Adult Dog Food,dog_food
2026-07-07,flipkart,PFDGJSD8HHXMGDZW,f68fcd2bea268378,https://www.flipkart.com/purepet-real-mackerel-6-kg-dry-adult-cat-food/p/itm16c1fb144deb3?pid=PFDGJSD8HHXMGDZW&lid=LSTPFDGJSD8HHXMGDZWSBFAYN&marketplace=FLIPKART&q=cat+food&store=p3t%2F0mo%2Foiv&srno=s_1_5&otracker=search&fm=organic&iid=49af5483-7d40-4f2e-bddd-d5bd2a4699e9.PFDGJSD8HHXMGDZW.SEARCH&ppt=None&ppn=None&ssid=072jdsvxlc0000001783424263463&qH=1f38ae66827779c2&ov_redirect=true&ov_redirect=true,keyword_search,cat food,5,False,949.0,999.0,5.0,4.4,,In Stock,nan,,ok,scrape,https://rukminim2.flixcart.com/image/612/612/xif0q/pet-food/d/x/f/-enriched-transparent-original-imahmz9swuk5gvyu.png?q=70,purepet,Purepet Real Mackerel 6 kg Dry Adult Cat Food,cat_food
2026-07-07,flipkart,PFDHJZJ2D79DZKTW,ba924d120adbea66,https://www.flipkart.com/grain-zero-mousse-adult-cats-salmon-0-4-kg-5x0-08-kg-wet-young-cat-food/p/itmceb99cae2ac4f?pid=PFDHJZJ2D79DZKTW&lid=LSTPFDHJZJ2D79DZKTWLSEYDN&marketplace=FLIPKART&q=cat+food&store=p3t%2F0mo%2Foiv&srno=s_1_8&otracker=search&fm=organic&iid=49af5483-7d40-4f2e-bddd-d5bd2a4699e9.PFDHJZJ2D79DZKTW.SEARCH&ppt=None&ppn=None&ssid=072jdsvxlc0000001783424263463&qH=1f38ae66827779c2&ov_redirect=true&ov_redirect=true,keyword_search,cat food,8,False,144.0,160.0,10.0,4.7,,In Stock,nan,,ok,scrape,https://rukminim2.flixcart.com/image/612/612/xif0q/pet-food/y/a/8/-original-imahknx3kgecs5q5.jpeg?q=70,grain,Grain Zero Mousse For Adult Cats Salmon 0.4 kg (5x0.08 kg) Wet Young Cat Food,cat_food
2026-07-07,flipkart,PFDHDF9ESVMNFBXX,c1d80f420d31b2c1,https://www.flipkart.com/active-buy-1-get-mackerel-2-4-kg-2x1-2-kg-dry-adult-cat-food/p/itmd77953a1f4f31?pid=PFDHDF9ESVMNFBXX&lid=LSTPFDHDF9ESVMNFBXXVX8UMB&marketplace=FLIPKART&q=cat+food&store=p3t%2F0mo%2Foiv&srno=s_1_9&otracker=search&fm=organic&iid=49af5483-7d40-4f2e-bddd-d5bd2a4699e9.PFDHDF9ESVMNFBXX.SEARCH&ppt=None&ppn=None&ssid=072jdsvxlc0000001783424263463&qH=1f38ae66827779c2&ov_redirect=true&ov_redirect=true,keyword_search,cat food,9,False,334.0,429.0,22.0,4.4,,In Stock,nan,,ok,scrape,https://rukminim2.flixcart.com/image/612/612/xif0q/pet-food/g/c/1/-original-imahghjaybbj9fhz.jpeg?q=70,active,Active Buy 1 Get 1 Mackerel 2.4 kg (2x1.2 kg) Dry Adult Cat Food,cat_food
2026-07-07,flipkart,PFDHDF9EYJFCF4GG,8bdce41d42f607f0,https://www.flipkart.com/active-buy-1-get-tuna-salmon-2-4-kg-2x1-2-kg-dry-adult-cat-food/p/itm25adccfdac9b8?pid=PFDHDF9EYJFCF4GG&lid=LSTPFDHDF9EYJFCF4GGREBZ0A&marketplace=FLIPKART&q=cat+food&store=p3t%2F0mo%2Foiv&srno=s_1_10&otracker=search&fm=organic&iid=49af5483-7d40-4f2e-bddd-d5bd2a4699e9.PFDHDF9EYJFCF4GG.SEARCH&ppt=None&ppn=None&ssid=072jdsvxlc0000001783424263463&qH=1f38ae66827779c2&ov_redirect=true&ov_redirect=true,keyword_search,cat food,10,False,334.0,499.0,33.0,4.4,,In Stock,nan,,ok,scrape,https://rukminim2.flixcart.com/image/612/612/xif0q/pet-food/j/9/r/-original-imahz6g5xyhpghqz.jpeg?q=70,active,Active Buy 1 Get 1 Tuna And Salmon 2.4 kg (2x1.2 kg) Dry Adult Cat Food,cat_food
2026-07-07,flipkart,PFDGJSD8UZKYEGS9,114e35d9dd289e82,https://www.flipkart.com/purepet-sea-food-6-kg-dry-adult-cat/p/itma5f0671f3dcb6?pid=PFDGJSD8UZKYEGS9&lid=LSTPFDGJSD8UZKYEGS9QFDU6I&marketplace=FLIPKART&q=cat+food&store=p3t%2F0mo%2Foiv&srno=s_1_13&otracker=search&fm=organic&iid=49af5483-7d40-4f2e-bddd-d5bd2a4699e9.PFDGJSD8UZKYEGS9.SEARCH&ppt=None&ppn=None&ssid=072jdsvxlc0000001783424263463&qH=1f38ae66827779c2&ov_redirect=true&ov_redirect=true,keyword_search,cat food,13,False,849.0,999.0,15.0,4.4,,In Stock,nan,,ok,scrape,https://rukminim2.flixcart.com/image/612/612/xif0q/pet-food/a/d/f/-original-imahn5y2tu7gfbhy.jpeg?q=70,purepet,Purepet Sea Food 6 kg Dry Adult Cat Food,cat_food
2026-07-07,flipkart,PFDGYYW9A8PPKBWC,a2bc34487123928e,https://www.flipkart.com/drools-tuna-salmon-1-2-kg-dry-adult-cat-food/p/itmc2e2ea5b5d552?pid=PFDGYYW9A8PPKBWC&lid=LSTPFDGYYW9A8PPKBWCF6IT50&marketplace=FLIPKART&q=cat+food&store=p3t%2F0mo%2Foiv&srno=s_1_17&otracker=search&fm=organic&iid=en_Vge6mZDrTjkrX7UGOtYXtzZ4dz_KwUIPXcAXP_UJCKQcK_PqcagkpYGqFYvkbWNu77gud4j5xWDB8tfaRT3rETmJwVCIOqQWuRhWENtDIW7GD1B6it65MfAi5PYCl_r1&ppt=None&ppn=None&ssid=072jdsvxlc0000001783424263463&qH=1f38ae66827779c2&ov_redirect=true&ov_redirect=true,keyword_search,cat food,17,False,327.0,350.0,7.0,4.4,,In Stock,nan,,ok,scrape,https://rukminim2.flixcart.com/image/612/612/xif0q/pet-food/j/7/w/1-2-cat-1-9950959-drools-original-imagy2nwyupzhxzz.jpeg?q=70,drools,Drools Tuna and Salmon 1.2 kg Dry Adult Cat Food,cat_food
2026-07-07,flipkart,PFDGYYW9F9RYKP8Q,b47e876693c0d753,https://www.flipkart.com/drools-real-chicken-3-kg-dry-adult-cat-food/p/itm1039f1e4ad4f2?pid=PFDGYYW9F9RYKP8Q&lid=LSTPFDGYYW9F9RYKP8QMWMWB9&marketplace=FLIPKART&q=cat+food&store=p3t%2F0mo%2Foiv&srno=s_1_18&otracker=search&fm=organic&iid=en_Vge6mZDrTjkrX7UGOtYXtzZ4dz_KwUIPXcAXP_UJCKRkFcflnOa16Dyi3TPG-QnR8k2nzM86t8ZAPWYQ8KC60xQzIPiIZnLgSKStPX9t7qTGD1B6it65MfAi5PYCl_r1&ppt=None&ppn=None&ssid=072jdsvxlc0000001783424263463&qH=1f38ae66827779c2&ov_redirect=true&ov_redirect=true,keyword_search,cat food,18,False,808.0,875.0,8.0,4.4,,In Stock,nan,,ok,scrape,https://rukminim2.flixcart.com/image/612/612/xif0q/pet-food/o/0/r/3-cat-1-9950967-drools-original-imagy2nuuvam5ffz.jpeg?q=70,drools,Drools Real Chicken 3 kg Dry Adult Cat Food,cat_food
2026-07-07,flipkart,PFDHZA7YG5H7DCXZ,6ebf1d834724fe88,https://www.flipkart.com/smudges-gravy-crabsticks-tuna-0-96-kg-12x0-08-kg-wet-adult-cat-food/p/itm29c9d707346ef?pid=PFDHZA7YG5H7DCXZ&lid=LSTPFDHZA7YG5H7DCXZGK0HOG&marketplace=FLIPKART&q=cat+food&store=p3t%2F0mo%2Foiv&srno=s_1_19&otracker=search&fm=organic&iid=49af5483-7d40-4f2e-bddd-d5bd2a4699e9.PFDHZA7YG5H7DCXZ.SEARCH&ppt=None&ppn=None&ssid=072jdsvxlc0000001783424263463&qH=1f38ae66827779c2&ov_redirect=true&ov_redirect=true,keyword_search,cat food,19,False,793.0,1320.0,40.0,,,In Stock,nan,,ok,scrape,https://rukminim2.flixcart.com/image/612/612/xif0q/pet-food/u/o/p/0-96-cat-12-a7257-12-smudges-original-imahza6tebbasgpn.jpeg?q=70,smudges,Smudges Smudges in Gravy Crabsticks with Tuna 0.96 kg (12x0.08 kg) Wet Adult Cat Food,cat_food
2026-07-07,flipkart,PFDFJQKQXTPC686F,1c0235758562b5ea,https://www.flipkart.com/whiskas-2-12-months-mackerel-1-1-kg-dry-young-kitten-food/p/itmd2594733de051?pid=PFDFJQKQXTPC686F&lid=LSTPFDFJQKQXTPC686FUGMV6P&marketplace=FLIPKART&q=kitten+food&store=p3t%2F0mo%2Foiv&srno=s_1_5&otracker=search&fm=organic&iid=81b000e9-9804-4c1d-aa50-455e3f95f0c4.PFDFJQKQXTPC686F.SEARCH&ppt=None&ppn=None&ssid=htm787lr280000001783424266045&qH=8a534960bbeaf1fe&ov_redirect=true&ov_redirect=true,keyword_search,kitten food,5,False,391.0,425.0,8.0,4.5,,In Stock,nan,,ok,scrape,https://rukminim2.flixcart.com/image/612/612/xif0q/pet-food/k/1/d/-enriched-transparent-original-imahkyffmh8tjyb2.png?q=70,whiskas,Whiskas (2-12 Months) Mackerel 1.1 kg Dry Young Kitten Food,cat_food
2026-07-07,flipkart,PFDHHHXH4RHGCCCH,5f05af81cc812b59,https://www.flipkart.com/petstar-salmon-kitten-1-kg-dry-young-cat-food/p/itm5c34a48b6a3cb?pid=PFDHHHXH4RHGCCCH&lid=LSTPFDHHHXH4RHGCCCHWTR0GH&marketplace=FLIPKART&q=kitten+food&store=p3t%2F0mo%2Foiv&srno=s_1_6&otracker=search&fm=organic&iid=en_KjiqfUV3hF8xnTClTEm8vFZzXJngCDWsP3EOIseRvInlnfHiR8t4hanBUls4CESSAe1SGFT85J2F_Y-HZobRn70CcLEcODaR0c-gF79pCFqHsIXLtXAzA2Zax8ahN0KT&ppt=None&ppn=None&ssid=htm787lr280000001783424266045&qH=8a534960bbeaf1fe&ov_redirect=true&ov_redirect=true,keyword_search,kitten food,6,False,319.0,399.0,20.0,3.7,,In Stock,nan,,ok,scrape,https://rukminim2.flixcart.com/image/612/612/xif0q/pet-food/7/g/n/1-cat-1-salmon-kitten-1000-gram-petstar-original-imahhhxhxgmn9zsb.jpeg?q=70,petstar,"PetStar Salmon , Kitten Salmon 1 kg Dry Young Cat Food",cat_food
2026-07-07,flipkart,PFDHHHGGNAQRJ5QK,e5d61693e02768a8,https://www.flipkart.com/breedo-pack-2-salmon-flavour-kitten-dry-cat-food-400gm-400gm-tuna-0-8-kg-2x0-4-kg-young-food/p/itm2fc525685350c?pid=PFDHHHGGNAQRJ5QK&lid=LSTPFDHHHGGNAQRJ5QKYNCGC2&marketplace=FLIPKART&q=kitten+food&store=p3t%2F0mo%2Foiv&srno=s_1_9&otracker=search&fm=organic&iid=81b000e9-9804-4c1d-aa50-455e3f95f0c4.PFDHHHGGNAQRJ5QK.SEARCH&ppt=None&ppn=None&ssid=htm787lr280000001783424266045&qH=8a534960bbeaf1fe&ov_redirect=true&ov_redirect=true,keyword_search,kitten food,9,False,249.0,698.0,64.0,,,In Stock,nan,,ok,scrape,https://rukminim2.flixcart.com/image/612/612/xif0q/pet-food/s/m/l/0-8-cat-1-buy-1-get-1-free-salmon-flavour-kitten-dry-cat-food-0-original-imahh6zmxfxbp2dd.jpeg?q=70,breedo,Breedo (Pack of 2) Salmon Flavour Kitten Dry Cat Food-400gm+400gm Tuna 0.8 kg (2x0.4 kg) Dry Young Cat Food,cat_food
2026-07-07,flipkart,PFDHHRFPM5PM4YPA,e5d61693e02768a8,https://www.flipkart.com/breedo-salmon-flavour-kitten-dry-cat-food-contains-41-essential-nutrients-400gm-0-4-kg-young/p/itma5f9ddbf8ee7f?pid=PFDHHRFPM5PM4YPA&lid=LSTPFDHHRFPM5PM4YPABA5WTD&marketplace=FLIPKART&q=kitten+food&store=p3t%2F0mo%2Foiv&srno=s_1_10&otracker=search&fm=organic&iid=81b000e9-9804-4c1d-aa50-455e3f95f0c4.PFDHHRFPM5PM4YPA.SEARCH&ppt=None&ppn=None&ssid=htm787lr280000001783424266045&qH=8a534960bbeaf1fe&ov_redirect=true&ov_redirect=true,keyword_search,kitten food,10,False,180.0,349.0,48.0,,,In Stock,nan,,ok,scrape,https://rukminim2.flixcart.com/image/612/612/xif0q/pet-food/c/j/m/0-400-cat-1-salmon-flavour-kitten-dry-cat-food-contains-41-original-imahhrfph5nb7g8u.jpeg?q=70,breedo,Breedo Salmon Flavour Kitten Dry Cat Food | Contains 41 Essential Nutrients-400gm Salmon 0.4 kg Dry Young Cat Food,cat_food
2026-07-07,flipkart,PFDHHSM9GY4DD4RF,9dc8b34e1b6f268f,https://www.flipkart.com/petstar-kitten-tuna-1-kg-dry-young-cat-food/p/itm71e342c0760ae?pid=PFDHHSM9GY4DD4RF&lid=LSTPFDHHSM9GY4DD4RFKWPD9E&marketplace=FLIPKART&q=kitten+food&store=p3t%2F0mo%2Foiv&srno=s_1_12&otracker=search&fm=organic&iid=en_KjiqfUV3hF8xnTClTEm8vFZzXJngCDWsP3EOIseRvIkhdDLlnE0h5bf_IsGfIYWDyMefSKnM98P5z-yV5eAcdb0CcLEcODaR0c-gF79pCFqHsIXLtXAzA2Zax8ahN0KT&ppt=None&ppn=None&ssid=htm787lr280000001783424266045&qH=8a534960bbeaf1fe&ov_redirect=true&ov_redirect=true,keyword_search,kitten food,12,False,318.0,399.0,20.0,4.0,,In Stock,nan,,ok,scrape,https://rukminim2.flixcart.com/image/612/612/xif0q/pet-food/z/k/s/1-cat-1-kitten-cat-food-tuna-flavour-1-kg-petstar-original-imahgj6fgdrqjzqa.jpeg?q=70,petstar,PetStar Kitten Tuna 1 kg Dry Young Cat Food,cat_food
2026-07-07,flipkart,PFDGYYW9RWNT9R8P,be7bd7f917166cac,https://www.flipkart.com/drools-real-chicken-1-2-kg-dry-young-cat-food/p/itm9e00ab65b5592?pid=PFDGYYW9RWNT9R8P&lid=LSTPFDGYYW9RWNT9R8PBFR3JN&marketplace=FLIPKART&q=kitten+food&store=p3t%2F0mo%2Foiv&srno=s_1_17&otracker=search&fm=organic&iid=en_KjiqfUV3hF8xnTClTEm8vFZzXJngCDWsP3EOIseRvImCgoKcdolwPSvZNcGx8gcXIl7giXRbeypMlQZoDneyF6VUDfZEd5EnhnrWRSbOToDR_da4e2BzFey0c3jdJfa-&ppt=None&ppn=None&ssid=htm787lr280000001783424266045&qH=8a534960bbeaf1fe&ov_redirect=true&ov_redirect=true,keyword_search,kitten food,17,False,319.0,365.0,13.0,4.4,,In Stock,nan,,ok,scrape,https://rukminim2.flixcart.com/image/612/612/xif0q/pet-food/m/n/3/-original-imahnzzh2nhbjv7n.jpeg?q=70,drools,Drools Real Chicken 1.2 kg Dry Young Cat Food,cat_food
2026-07-07,flipkart,PFDHJHYDYXA5FTGG,,https://www.flipkart.com/breedo-buy-1-get-salmon-flavour-kitten-dry-cat-food-0-800g-0-400g-0-400g-salmon-0-8-kg-young/p/itma226a2bf35818?pid=PFDHJHYDYXA5FTGG&lid=LSTPFDHJHYDYXA5FTGGCU5KWB&marketplace=FLIPKART&q=kitten+food&store=p3t%2F0mo%2Foiv&srno=s_1_18&otracker=search&fm=organic&iid=en_KjiqfUV3hF8xnTClTEm8vFZzXJngCDWsP3EOIseRvImcUasnbqaLsDSV3Vwyj-txdUKW4bJZEFyTroeCfpSMqhSUJZoyRcu2BqWGnd9tXGqHsIXLtXAzA2Zax8ahN0KT&ppt=None&ppn=None&ssid=htm787lr280000001783424266045&qH=8a534960bbeaf1fe&ov_redirect=true&ov_redirect=true,keyword_search,kitten food,18,False,247.0,549.0,55.0,3.7,,In Stock,nan,,ok,scrape,https://rukminim2.flixcart.com/image/612/612/xif0q/pet-food/s/m/l/0-8-cat-1-buy-1-get-1-free-salmon-flavour-kitten-dry-cat-food-0-original-imahh6zmxfxbp2dd.jpeg?q=70,breedo,"Breedo Buy 1 Get 1 ,Salmon Flavour Kitten Dry Cat Food 0.800g(0.400g+0.400g) Salmon 0.8 kg Dry Young Cat Food",cat_food
2026-07-07,flipkart,PFDFBFH4NGWWCGZD,b6a0d7bdfaa8d654,https://www.flipkart.com/whiskas-1-years-chicken-4-48-kg-56x0-08-kg-wet-adult-cat-food/p/itmbe2640104a466?pid=PFDFBFH4NGWWCGZD&lid=LSTPFDFBFH4NGWWCGZDONTYZ9&marketplace=FLIPKART&q=whiskas+cat+food&store=p3t%2F0mo%2Foiv&srno=s_1_2&otracker=search&fm=organic&iid=en_KVrqAj1gEdBr6ZBiqQXUYFdhhqLYS48FjwD0xKBRsvgBFLbgboQE5UjF255R2toyxWabEMM_9vGXnGNuQQn0_82a3sFa-FBW0T3W13Z-lSYcCfdXIAApDcxiU_zttzNO&ppt=None&ppn=None&ssid=yzr2xmfm9c0000001783424268608&qH=46a274706d720cac&ov_redirect=true&ov_redirect=true,keyword_search,whiskas cat food,2,False,2380.0,2800.0,15.0,4.6,,In Stock,nan,,ok,scrape,https://rukminim2.flixcart.com/image/612/612/xif0q/pet-food/k/u/r/-original-imaheszf2gygvzuz.jpeg?q=70,whiskas,Whiskas (1+ Years) Chicken 4.48 kg (56x0.08 kg) Wet Adult Cat Food,cat_food
2026-07-07,flipkart,PFDFBFH4SJ4KJYVF,3085dc7d2494dd47,https://www.flipkart.com/whiskas-1-years-salmon-4-48-kg-56x0-08-kg-wet-adult-cat-food/p/itm04f226f6d2430?pid=PFDFBFH4SJ4KJYVF&lid=LSTPFDFBFH4SJ4KJYVFTYJTUG&marketplace=FLIPKART&q=whiskas+cat+food&store=p3t%2F0mo%2Foiv&srno=s_1_6&otracker=search&fm=organic&iid=en_KVrqAj1gEdBr6ZBiqQXUYFdhhqLYS48FjwD0xKBRsvgZIc8UQtKxuOet5a9Ny_0YhBAowTr-L0yGK8d8oFoarhbJ3YGXRWSGuOc51drKUWm7qQNxeykfg0kmCp8NsuTc&ppt=None&ppn=None&ssid=yzr2xmfm9c0000001783424268608&qH=46a274706d720cac&ov_redirect=true&ov_redirect=true,keyword_search,whiskas cat food,6,False,2380.0,2800.0,15.0,4.5,,In Stock,nan,,ok,scrape,https://rukminim2.flixcart.com/image/612/612/xif0q/pet-food/m/a/h/-original-imaheszfqawvxwbk.jpeg?q=70,whiskas,Whiskas (1+ Years) Salmon 4.48 kg (56x0.08 kg) Wet Adult Cat Food,cat_food
2026-07-07,flipkart,PFDEG58ZDD3QHHDH,0e63ede8c610383b,https://www.flipkart.com/whiskas-1-years-tuna-7-kg-dry-adult-cat-food/p/itm779132a9213b5?pid=PFDEG58ZDD3QHHDH&lid=LSTPFDEG58ZDD3QHHDHB49QUK&marketplace=FLIPKART&q=whiskas+cat+food&store=p3t%2F0mo%2Foiv&srno=s_1_8&otracker=search&fm=organic&iid=277a2e5a-7f5c-426e-9eca-9fa4eeca5d96.PFDEG58ZDD3QHHDH.SEARCH&ppt=None&ppn=None&ssid=yzr2xmfm9c0000001783424268608&qH=46a274706d720cac&ov_redirect=true&ov_redirect=true,keyword_search,whiskas cat food,8,False,2066.0,2180.0,5.0,4.5,,In Stock,nan,,ok,scrape,https://rukminim2.flixcart.com/image/612/612/xif0q/pet-food/q/z/z/-original-imahkyfftmtkhxzy.jpeg?q=70,whiskas,Whiskas (1+ Years) Tuna 7 kg Dry Adult Cat Food,cat_food
2026-07-07,flipkart,PFDGFXGVVTFZVJSV,7d05ac7d289c5151,https://www.flipkart.com/whiskas-1-tuna-chicken-1-14-kg-12x0-09-kg-wet-adult-cat-food/p/itm6b813296fb776?pid=PFDGFXGVVTFZVJSV&lid=LSTPFDGFXGVVTFZVJSVKZZ17A&marketplace=FLIPKART&q=whiskas+cat+food&store=p3t%2F0mo%2Foiv&srno=s_1_11&otracker=search&fm=organic&iid=en_KVrqAj1gEdBr6ZBiqQXUYFdhhqLYS48FjwD0xKBRsvg813PSrSJAnbdYRDSv7Tc-hMnl0ZaJVYLCVAxb4oP6t8rFbdT7_ZFdAH9kcYPCWK7hT8Z070YqZaPrw-id2b5M&ppt=None&ppn=None&ssid=yzr2xmfm9c0000001783424268608&qH=46a274706d720cac&ov_redirect=true&ov_redirect=true,keyword_search,whiskas cat food,11,False,552.0,650.0,15.0,4.4,,In Stock,nan,,ok,scrape,https://rukminim2.flixcart.com/image/612/612/l572ufk0/pet-food/p/d/f/1-140-cat-12-853301006330-whiskas-original-imagfxgtkewhqvhh.jpeg?q=70,whiskas,"Whiskas Whiskas 1+ Tuna Chicken, Tuna 1.14 kg (12x0.09 kg) Wet Adult Cat Food",cat_food
2026-07-07,flipkart,PFDEHZR6SHNHYJFU,502e605f98c16c6a,https://www.flipkart.com/whiskas-1-years-chicken-1-12-kg-14x0-08-kg-wet-adult-cat-food/p/itmd8725de86073c?pid=PFDEHZR6SHNHYJFU&lid=LSTPFDEHZR6SHNHYJFUZ4NLE5&marketplace=FLIPKART&q=whiskas+cat+food&store=p3t%2F0mo%2Foiv&srno=s_1_12&otracker=search&fm=organic&iid=277a2e5a-7f5c-426e-9eca-9fa4eeca5d96.PFDEHZR6SHNHYJFU.SEARCH&ppt=None&ppn=None&ssid=yzr2xmfm9c0000001783424268608&qH=46a274706d720cac&ov_redirect=true&ov_redirect=true,keyword_search,whiskas cat food,12,False,440.0,700.0,37.0,4.6,,In Stock,nan,,ok,scrape,https://rukminim2.flixcart.com/image/612/612/xif0q/pet-food/y/m/o/-enriched-transparent-original-imah5z73ydkwdqx4.png?q=70,whiskas,Whiskas (1+ Years) Chicken 1.12 kg (14x0.08 kg) Wet Adult Cat Food,cat_food
2026-07-07,flipkart,PFDH5AQ4PNHAQY5Z,52165159929147fa,https://www.flipkart.com/whiskas-1-years-tuna-1-12-kg-14x0-08-kg-wet-adult-cat-food/p/itme441ec9b78f16?pid=PFDH5AQ4PNHAQY5Z&lid=LSTPFDH5AQ4PNHAQY5Z9OHT7O&marketplace=FLIPKART&q=whiskas+cat+food&store=p3t%2F0mo%2Foiv&srno=s_1_13&otracker=search&fm=organic&iid=277a2e5a-7f5c-426e-9eca-9fa4eeca5d96.PFDH5AQ4PNHAQY5Z.SEARCH&ppt=None&ppn=None&ssid=yzr2xmfm9c0000001783424268608&qH=46a274706d720cac&ov_redirect=true&ov_redirect=true,keyword_search,whiskas cat food,13,False,630.0,700.0,10.0,4.5,,In Stock,nan,,ok,scrape,https://rukminim2.flixcart.com/image/612/612/xif0q/pet-food/d/s/i/-original-imaheszfsznuepft.jpeg?q=70,whiskas,Whiskas (1+ Years) Tuna 1.12 kg (14x0.08 kg) Wet Adult Cat Food,cat_food
2026-07-07,flipkart,PFDGEPNQHBVE9MZG,f048f4b9cba78231,https://www.flipkart.com/whiskas-1-years-chicken-3-kg-dry-adult-cat-food/p/itmb4583b9e8c62d?pid=PFDGEPNQHBVE9MZG&lid=LSTPFDGEPNQHBVE9MZGQEPPOC&marketplace=FLIPKART&q=whiskas+cat+food&store=p3t%2F0mo%2Foiv&spotlightTagId=default_FkPickId_p3t%2F0mo%2Foiv&srno=s_1_14&otracker=search&fm=organic&iid=277a2e5a-7f5c-426e-9eca-9fa4eeca5d96.PFDGEPNQHBVE9MZG.SEARCH&ppt=None&ppn=None&ssid=yzr2xmfm9c0000001783424268608&qH=46a274706d720cac&ov_redirect=true&ov_redirect=true,keyword_search,whiskas cat food,14,False,1030.0,1120.0,8.0,4.5,,In Stock,nan,,ok,scrape,https://rukminim2.flixcart.com/image/612/612/xif0q/pet-food/b/r/u/-original-imahkyff3hhczxpx.jpeg?q=70,whiskas,Whiskas (1+ Years) Chicken 3 kg Dry Adult Cat Food,cat_food
2026-07-07,flipkart,PFDEGNF2TH339M2Z,0e63ede8c610383b,https://www.flipkart.com/whiskas-1-years-tuna-1-2-kg-dry-adult-cat-food/p/itm318cc6975f726?pid=PFDEGNF2TH339M2Z&lid=LSTPFDEGNF2TH339M2ZE0NK7J&marketplace=FLIPKART&q=whiskas+cat+food&store=p3t%2F0mo%2Foiv&srno=s_1_15&otracker=search&fm=organic&iid=277a2e5a-7f5c-426e-9eca-9fa4eeca5d96.PFDEGNF2TH339M2Z.SEARCH&ppt=None&ppn=None&ssid=yzr2xmfm9c0000001783424268608&qH=46a274706d720cac&ov_redirect=true&ov_redirect=true,keyword_search,whiskas cat food,15,False,414.0,450.0,8.0,4.5,,In Stock,nan,,ok,scrape,https://rukminim2.flixcart.com/image/612/612/xif0q/pet-food/7/u/r/-enriched-transparent-original-imahkyffjfbjwg9k.png?q=70,whiskas,Whiskas (1+ Years) Tuna 1.2 kg Dry Adult Cat Food,cat_food
2026-07-07,flipkart,PFDE6QF9RFRGX6F4,,https://www.flipkart.com/whiskas-1-years-tuna-3-kg-dry-adult-cat-food/p/itm7a87ad6bba169?pid=PFDE6QF9RFRGX6F4&lid=LSTPFDE6QF9RFRGX6F4SA0ZRP&marketplace=FLIPKART&q=whiskas+cat+food&store=p3t%2F0mo%2Foiv&srno=s_1_16&otracker=search&fm=organic&iid=277a2e5a-7f5c-426e-9eca-9fa4eeca5d96.PFDE6QF9RFRGX6F4.SEARCH&ppt=None&ppn=None&ssid=yzr2xmfm9c0000001783424268608&qH=46a274706d720cac&ov_redirect=true&ov_redirect=true,keyword_search,whiskas cat food,16,False,1030.0,1120.0,8.0,4.5,,In Stock,nan,,ok,scrape,https://rukminim2.flixcart.com/image/612/612/xif0q/pet-food/h/g/a/-enriched-transparent-original-imahkyff5ngbupa2.png?q=70,whiskas,Whiskas (1+ Years) Tuna 3 kg Dry Adult Cat Food,cat_food
2026-07-07,flipkart,PFDEGNF2R6HSWHNT,53d77b5e3211f13a,https://www.flipkart.com/whiskas-1-years-mackerel-1-2-kg-dry-adult-cat-food/p/itmd73588ee2a141?pid=PFDEGNF2R6HSWHNT&lid=LSTPFDEGNF2R6HSWHNTZ2JQ8R&marketplace=FLIPKART&q=whiskas+cat+food&store=p3t%2F0mo%2Foiv&srno=s_1_17&otracker=search&fm=organic&iid=277a2e5a-7f5c-426e-9eca-9fa4eeca5d96.PFDEGNF2R6HSWHNT.SEARCH&ppt=None&ppn=None&ssid=yzr2xmfm9c0000001783424268608&qH=46a274706d720cac&ov_redirect=true&ov_redirect=true,keyword_search,whiskas cat food,17,False,414.0,450.0,8.0,4.6,,In Stock,nan,,ok,scrape,https://rukminim2.flixcart.com/image/612/612/xif0q/pet-food/x/c/k/-enriched-transparent-original-imahkyffgzzwbny5.png?q=70,whiskas,Whiskas (1+ Years) Mackerel 1.2 kg Dry Adult Cat Food,cat_food
2026-07-07,flipkart,PFDG7W9V5KQ8KARX,,https://www.flipkart.com/whiskas-1-years-tuna-80-g-wet-adult-cat-food/p/itm663e5fe332493?pid=PFDG7W9V5KQ8KARX&lid=LSTPFDG7W9V5KQ8KARXVEVJ1R&marketplace=FLIPKART&q=whiskas+cat+food&store=p3t%2F0mo%2Foiv&srno=s_1_18&otracker=search&fm=organic&iid=277a2e5a-7f5c-426e-9eca-9fa4eeca5d96.PFDG7W9V5KQ8KARX.SEARCH&ppt=None&ppn=None&ssid=yzr2xmfm9c0000001783424268608&qH=46a274706d720cac&ov_redirect=true&ov_redirect=true,keyword_search,whiskas cat food,18,False,50.0,50.0,,4.5,,In Stock,nan,,ok,scrape,https://rukminim2.flixcart.com/image/612/612/xif0q/pet-food/z/h/l/-enriched-transparent-original-imahkbjtzb5aqrs7.png?q=70,whiskas,Whiskas (1+ Years) Tuna 80 g Wet Adult Cat Food,cat_food
2026-07-07,flipkart,PFDG7W9VGXJEHMGQ,,https://www.flipkart.com/whiskas-1-years-chicken-80-g-wet-adult-cat-food/p/itm1c963cdf0681a?pid=PFDG7W9VGXJEHMGQ&lid=LSTPFDG7W9VGXJEHMGQCLJUZU&marketplace=FLIPKART&q=whiskas+cat+food&store=p3t%2F0mo%2Foiv&srno=s_1_19&otracker=search&fm=organic&iid=277a2e5a-7f5c-426e-9eca-9fa4eeca5d96.PFDG7W9VGXJEHMGQ.SEARCH&ppt=None&ppn=None&ssid=yzr2xmfm9c0000001783424268608&qH=46a274706d720cac&ov_redirect=true&ov_redirect=true,keyword_search,whiskas cat food,19,False,37.0,37.0,,4.6,,In Stock,nan,,ok,scrape,https://rukminim2.flixcart.com/image/612/612/xif0q/pet-food/8/g/g/-enriched-transparent-original-imahkbjtfczzu92x.png?q=70,whiskas,Whiskas (1+ Years) Chicken 80 g Wet Adult Cat Food,cat_food
2026-07-07,flipkart,PFDGWYRJQHGRFF3Z,62d7755bcbd16cfe,https://www.flipkart.com/whiskas-tasty-mix-1-years-sea-food-980-g-14x70-g-wet-adult-cat/p/itm66d5e04b254e9?pid=PFDGWYRJQHGRFF3Z&lid=LSTPFDGWYRJQHGRFF3Z7JMQXU&marketplace=FLIPKART&q=whiskas+cat+food&store=p3t%2F0mo%2Foiv&srno=s_1_20&otracker=search&fm=organic&iid=277a2e5a-7f5c-426e-9eca-9fa4eeca5d96.PFDGWYRJQHGRFF3Z.SEARCH&ppt=None&ppn=None&ssid=yzr2xmfm9c0000001783424268608&qH=46a274706d720cac&ov_redirect=true&ov_redirect=true,keyword_search,whiskas cat food,20,False,630.0,700.0,10.0,4.6,,In Stock,nan,,ok,scrape,https://rukminim2.flixcart.com/image/612/612/xif0q/pet-food/t/i/x/-original-imahgb2z7az9x6zp.jpeg?q=70,whiskas,Whiskas Tasty Mix (1+ Years) Sea Food 980 g (14x70 g) Wet Adult Cat Food,cat_food
2026-07-07,flipkart,PFDFYWJQ7U7DFYGS,04e5995532663163,https://www.flipkart.com/royal-canin-regular-fit-0-4-kg-dry-adult-cat-food/p/itm6f6088b22ba0b?pid=PFDFYWJQ7U7DFYGS&lid=LSTPFDFYWJQ7U7DFYGSUVNR2F&marketplace=FLIPKART&q=royal+canin+cat+food&store=p3t%2F0mo%2Foiv&srno=s_1_3&otracker=search&fm=organic&iid=8c819297-3b7e-4c85-b19b-312f8798d713.PFDFYWJQ7U7DFYGS.SEARCH&ppt=None&ppn=None&ssid=htiipb2zbk0000001783424271148&qH=d9e0c635368b029a&ov_redirect=true&ov_redirect=true,keyword_search,royal canin cat food,3,False,403.0,440.0,8.0,4.5,,In Stock,nan,,ok,scrape,https://rukminim2.flixcart.com/image/612/612/xif0q/pet-food/c/n/q/4-cat-pfdf3kyegsqjrsen-royal-canin-enriched-transparent-original-imafcafjkthce5mt.png?q=70,royal canin,Royal Canin Regular Fit 0.4 kg Dry Adult Cat Food,cat_food
2026-07-07,flipkart,PFDFYWJQTSCSFZHG,5ea9655966d95a51,https://www.flipkart.com/royal-canin-persian-0-4-kg-dry-adult-cat-food/p/itm8b11a596a9609?pid=PFDFYWJQTSCSFZHG&lid=LSTPFDFYWJQTSCSFZHGEXJEFU&marketplace=FLIPKART&q=royal+canin+cat+food&store=p3t%2F0mo%2Foiv&srno=s_1_4&otracker=search&fm=organic&iid=8c819297-3b7e-4c85-b19b-312f8798d713.PFDFYWJQTSCSFZHG.SEARCH&ppt=None&ppn=None&ssid=htiipb2zbk0000001783424271148&qH=d9e0c635368b029a&ov_redirect=true&ov_redirect=true,keyword_search,royal canin cat food,4,False,639.0,640.0,,4.6,,In Stock,nan,,ok,scrape,https://rukminim2.flixcart.com/image/612/612/xif0q/pet-food/z/h/g/0-4-cat-3182550702607-royal-canin-enriched-transparent-original-imafcafjmyhharyz.png?q=70,royal canin,Royal Canin Persian 0.4 kg Dry Adult Cat Food,cat_food
2026-07-07,flipkart,PFDH5FBUBMXPWSGV,c8b94669b4fe83fb,https://www.flipkart.com/royal-canin-fit-32-adult-dry-cat-food-400-gm-chicken-0-4-kg/p/itmed7941353ebb5?pid=PFDH5FBUBMXPWSGV&lid=LSTPFDH5FBUBMXPWSGVG5TOER&marketplace=FLIPKART&q=royal+canin+cat+food&store=p3t%2F0mo%2Foiv&srno=s_1_5&otracker=search&fm=organic&iid=8c819297-3b7e-4c85-b19b-312f8798d713.PFDH5FBUBMXPWSGV.SEARCH&ppt=None&ppn=None&ssid=htiipb2zbk0000001783424271148&qH=d9e0c635368b029a&ov_redirect=true&ov_redirect=true,keyword_search,royal canin cat food,5,False,403.0,440.0,8.0,4.7,,In Stock,nan,,ok,scrape,https://rukminim2.flixcart.com/image/612/612/xif0q/pet-food/y/x/k/0-4-cat-1-otrfo1752-royal-canin-original-imah5fbufcgfk2hd.jpeg?q=70,royal canin,Royal Canin Royal Canin Fit 32 Adult Dry Cat Food - 400 gm Chicken 0.4 kg Dry Adult Cat Food,cat_food
2026-07-07,flipkart,PFDH5FBUHMNQRFGH,db8ebba558397376,https://www.flipkart.com/royal-canin-hair-skin-care-adult-dry-cat-food-400-gm-chicken-0-4-kg/p/itm0a2d4dcb0683e?pid=PFDH5FBUHMNQRFGH&lid=LSTPFDH5FBUHMNQRFGHEJO0XQ&marketplace=FLIPKART&q=royal+canin+cat+food&store=p3t%2F0mo%2Foiv&srno=s_1_7&otracker=search&fm=organic&iid=8c819297-3b7e-4c85-b19b-312f8798d713.PFDH5FBUHMNQRFGH.SEARCH&ppt=None&ppn=None&ssid=htiipb2zbk0000001783424271148&qH=d9e0c635368b029a&ov_redirect=true&ov_redirect=true,keyword_search,royal canin cat food,7,False,470.0,520.0,10.0,4.4,,In Stock,nan,,ok,scrape,https://rukminim2.flixcart.com/image/612/612/xif0q/pet-food/3/r/7/0-4-cat-1-otrfo1734-royal-canin-original-imah5fbumu8qn8ze.jpeg?q=70,royal canin,Royal Canin Royal Canin Hair & Skin Care Adult Dry Cat Food - 400 gm Chicken 0.4 kg Dry Adult Cat Food,cat_food
2026-07-07,flipkart,PFDH5HFG6AMCBSAX,e0cee90e0428645f,https://www.flipkart.com/royal-canin-hairball-care-adult-dry-cat-food-1-02-kg-wet/p/itmfddbaf286503a?pid=PFDH5HFG6AMCBSAX&lid=LSTPFDH5HFG6AMCBSAXBQV3YL&marketplace=FLIPKART&q=royal+canin+cat+food&store=p3t%2F0mo%2Foiv&srno=s_1_8&otracker=search&fm=organic&iid=8c819297-3b7e-4c85-b19b-312f8798d713.PFDH5HFG6AMCBSAX.SEARCH&ppt=None&ppn=None&ssid=htiipb2zbk0000001783424271148&qH=d9e0c635368b029a&ov_redirect=true&ov_redirect=true,keyword_search,royal canin cat food,8,False,500.0,540.0,7.0,4.4,,In Stock,nan,,ok,scrape,https://rukminim2.flixcart.com/image/612/612/xif0q/pet-food/q/n/e/2-cat-1-otrfo1756-royal-canin-original-imah47xgmrpsqnc4.jpeg?q=70,royal canin,Royal Canin Hairball Care Adult Dry Cat Food 1.02 kg Wet Adult Cat Food,cat_food
2026-07-07,flipkart,PFDH5HF9UDGHH8CW,ed1c0d93b8b374d9,https://www.flipkart.com/royal-canin-adult-dry-cat-food-400-gm-0-4-kg/p/itm3e8328640834a?pid=PFDH5HF9UDGHH8CW&lid=LSTPFDH5HF9UDGHH8CWDX5JQL&marketplace=FLIPKART&q=royal+canin+cat+food&store=p3t%2F0mo%2Foiv&srno=s_1_9&otracker=search&fm=organic&iid=8c819297-3b7e-4c85-b19b-312f8798d713.PFDH5HF9UDGHH8CW.SEARCH&ppt=None&ppn=None&ssid=htiipb2zbk0000001783424271148&qH=d9e0c635368b029a&ov_redirect=true&ov_redirect=true,keyword_search,royal canin cat food,9,False,587.0,640.0,8.0,4.4,,In Stock,nan,,ok,scrape,https://rukminim2.flixcart.com/image/612/612/xif0q/pet-food/w/b/x/0-4-cat-1-otrfo1743-royal-canin-enriched-transparent-original-imah5hf9gep7hute.png?q=70,royal canin,Royal Canin Adult Dry Cat Food - 400 gm 0.4 kg Dry Adult Cat Food,cat_food
2026-07-07,flipkart,PFDF3VCB86R6HD7Y,de7b20c5c6a8721e,https://www.flipkart.com/royal-canin-hair-skin-2-kg-dry-adult-cat-food/p/itmf57476f1268c3?pid=PFDF3VCB86R6HD7Y&lid=LSTPFDF3VCB86R6HD7YU6ODJD&marketplace=FLIPKART&q=royal+canin+cat+food&store=p3t%2F0mo%2Foiv&srno=s_1_10&otracker=search&fm=organic&iid=8c819297-3b7e-4c85-b19b-312f8798d713.PFDF3VCB86R6HD7Y.SEARCH&ppt=None&ppn=None&ssid=htiipb2zbk0000001783424271148&qH=d9e0c635368b029a&ov_redirect=true&ov_redirect=true,keyword_search,royal canin cat food,10,False,1976.0,2200.0,10.0,4.5,,In Stock,nan,,ok,scrape,https://rukminim2.flixcart.com/image/612/612/jt7jhjk0/pet-food/d/7/y/2-cat-pfdf3kyezvpfnyh9-royal-canin-original-imafem4m8zvzchtw.jpeg?q=70,royal canin,Royal Canin Hair and Skin 2 kg Dry Adult Cat Food,cat_food
2026-07-07,flipkart,PFDF7QA74FTAUN5G,ed9ec588b69895be,https://www.flipkart.com/royal-canin-kitten-jelly-1-02-kg-12x0-09-kg-wet-young-cat-food/p/itm102bffd1c42c3?pid=PFDF7QA74FTAUN5G&lid=LSTPFDF7QA74FTAUN5G954TM9&marketplace=FLIPKART&q=royal+canin+cat+food&store=p3t%2F0mo%2Foiv&srno=s_1_12&otracker=search&fm=organic&iid=8c819297-3b7e-4c85-b19b-312f8798d713.PFDF7QA74FTAUN5G.SEARCH&ppt=None&ppn=None&ssid=htiipb2zbk0000001783424271148&qH=d9e0c635368b029a&ov_redirect=true&ov_redirect=true,keyword_search,royal canin cat food,12,False,1263.0,1440.0,12.0,4.5,,In Stock,nan,,ok,scrape,https://rukminim2.flixcart.com/image/612/612/jq8dgnk0/pet-food/n/5/g/1-02-cat-9003579311783-royal-canin-original-imafcaf4pwzmenh7.jpeg?q=70,royal canin,Royal Canin Kitten Jelly 1.02 kg (12x0.09 kg) Wet Young Cat Food,cat_food
2026-07-07,flipkart,PFDGZF7BE2TGQGXE,fa23d4d1d9b9bcfb,https://www.flipkart.com/royal-canin-mother-babycat-1-2-kg-dry-new-born-cat-food/p/itm5de2204d3f5b9?pid=PFDGZF7BE2TGQGXE&lid=LSTPFDGZF7BE2TGQGXEUHTFXK&marketplace=FLIPKART&q=royal+canin+cat+food&store=p3t%2F0mo%2Foiv&srno=s_1_13&otracker=search&fm=organic&iid=8c819297-3b7e-4c85-b19b-312f8798d713.PFDGZF7BE2TGQGXE.SEARCH&ppt=None&ppn=None&ssid=htiipb2zbk0000001783424271148&qH=d9e0c635368b029a&ov_redirect=true&ov_redirect=true,keyword_search,royal canin cat food,13,False,1306.0,1420.0,8.0,4.7,,In Stock,nan,,ok,scrape,https://rukminim2.flixcart.com/image/612/612/xif0q/pet-food/t/k/5/1-2-cat-1-3182550930888-royal-canin-original-imahbzpfshqwgffe.jpeg?q=70,royal canin,Royal Canin Mother & BabyCat 1.2 kg Dry New Born Cat Food,cat_food
2026-07-07,flipkart,PFDF3V8RSKU7RYDP,097b2e5e6b2cc3c8,https://www.flipkart.com/royal-canin-indoor-27-dry-cat-food-2-kg-adult/p/itm1981438d2995c?pid=PFDF3V8RSKU7RYDP&lid=LSTPFDF3V8RSKU7RYDPJVSIVF&marketplace=FLIPKART&q=royal+canin+cat+food&store=p3t%2F0mo%2Foiv&srno=s_1_14&otracker=search&fm=organic&iid=8c819297-3b7e-4c85-b19b-312f8798d713.PFDF3V8RSKU7RYDP.SEARCH&ppt=None&ppn=None&ssid=htiipb2zbk0000001783424271148&qH=d9e0c635368b029a&ov_redirect=true&ov_redirect=true,keyword_search,royal canin cat food,14,False,1988.0,2210.0,10.0,4.5,,In Stock,nan,,ok,scrape,https://rukminim2.flixcart.com/image/612/612/xif0q/pet-food/y/d/p/2-cat-pfdf3kyeehkzauzx-royal-canin-enriched-transparent-original-imaf3v8evvfwzr7k.png?q=70,royal canin,Royal Canin Indoor 27 Dry Cat Food 2 kg Dry Adult Cat Food,cat_food
2026-07-07,flipkart,PFDE6S268GDPCKKJ,97f1daa8af58ede6,https://www.flipkart.com/royal-canin-instinctive-1-02-kg-12x0-09-kg-wet-adult-cat-food/p/itm625924160c9a1?pid=PFDE6S268GDPCKKJ&lid=LSTPFDE6S268GDPCKKJEJMS5C&marketplace=FLIPKART&q=royal+canin+cat+food&store=p3t%2F0mo%2Foiv&srno=s_1_15&otracker=search&fm=organic&iid=8c819297-3b7e-4c85-b19b-312f8798d713.PFDE6S268GDPCKKJ.SEARCH&ppt=None&ppn=None&ssid=htiipb2zbk0000001783424271148&qH=d9e0c635368b029a&ov_redirect=true&ov_redirect=true,keyword_search,royal canin cat food,15,False,1266.0,1440.0,12.0,4.5,,In Stock,nan,,ok,scrape,https://rukminim2.flixcart.com/image/612/612/xif0q/pet-food/e/c/b/-enriched-transparent-original-imagjgvgwfk9cztb.png?q=70,royal canin,Royal Canin Instinctive 1.02 kg (12x0.09 kg) Wet Adult Cat Food,cat_food
2026-07-07,flipkart,PFDE6UG6U5QCS5JH,135aef943f9fd960,https://www.flipkart.com/royal-canin-persian-kitten-2-kg-dry-new-born-cat-food/p/itm804367876c753?pid=PFDE6UG6U5QCS5JH&lid=LSTPFDE6UG6U5QCS5JHP4TYQU&marketplace=FLIPKART&q=royal+canin+cat+food&store=p3t%2F0mo%2Foiv&srno=s_1_16&otracker=search&fm=organic&iid=8c819297-3b7e-4c85-b19b-312f8798d713.PFDE6UG6U5QCS5JH.SEARCH&ppt=None&ppn=None&ssid=htiipb2zbk0000001783424271148&qH=d9e0c635368b029a&ov_redirect=true&ov_redirect=true,keyword_search,royal canin cat food,16,False,2662.0,2950.0,10.0,4.5,,In Stock,nan,,ok,scrape,https://rukminim2.flixcart.com/image/612/612/xif0q/pet-food/h/9/b/-original-imagjdx82eyytcsv.jpeg?q=70,royal canin,Royal Canin Persian Kitten 2 kg Dry New Born Cat Food,cat_food
2026-07-07,flipkart,PFDFYWJQZCJE5NVF,0fe2e8083e3a24a3,https://www.flipkart.com/royal-canin-kitten-36-4-kg-dry-new-born-cat-food/p/itm219da5b25fd6c?pid=PFDFYWJQZCJE5NVF&lid=LSTPFDFYWJQZCJE5NVFUXUQLP&marketplace=FLIPKART&q=royal+canin+cat+food&store=p3t%2F0mo%2Foiv&srno=s_1_17&otracker=search&fm=organic&iid=8c819297-3b7e-4c85-b19b-312f8798d713.PFDFYWJQZCJE5NVF.SEARCH&ppt=None&ppn=None&ssid=htiipb2zbk0000001783424271148&qH=d9e0c635368b029a&ov_redirect=true&ov_redirect=true,keyword_search,royal canin cat food,17,False,3960.0,4400.0,10.0,4.6,,In Stock,nan,,ok,scrape,https://rukminim2.flixcart.com/image/612/612/xif0q/pet-food/n/y/n/4-cat-1-3182550702447-royal-canin-original-imahbzzc4f3ckzv8.jpeg?q=70,royal canin,Royal Canin Kitten 36 4 kg Dry New Born Cat Food,cat_food
2026-07-07,flipkart,PFDHGY873DFBXHTG,5bc871487f11275d,https://www.flipkart.com/royal-canin-fit-32-adult-dry-cat-food-1-kg-chicken/p/itm152ad26a47fcb?pid=PFDHGY873DFBXHTG&lid=LSTPFDHGY873DFBXHTGT5VT7T&marketplace=FLIPKART&q=royal+canin+cat+food&store=p3t%2F0mo%2Foiv&srno=s_1_18&otracker=search&fm=organic&iid=8c819297-3b7e-4c85-b19b-312f8798d713.PFDHGY873DFBXHTG.SEARCH&ppt=None&ppn=None&ssid=htiipb2zbk0000001783424271148&qH=d9e0c635368b029a&ov_redirect=true&ov_redirect=true,keyword_search,royal canin cat food,18,False,984.0,1070.0,8.0,4.7,,In Stock,nan,,ok,scrape,https://rukminim2.flixcart.com/image/612/612/xif0q/pet-food/2/m/u/1-cat-1-otrfo17196-royal-canin-original-imahgy87crwsnc69.jpeg?q=70,royal canin,Royal Canin Royal Canin Fit 32 Adult Dry Cat Food - 1 kg Chicken 1 kg Dry Adult Cat Food,cat_food
2026-07-07,flipkart,PFDE6S26KGNFJFE7,fe2b597877b00d8f,https://www.flipkart.com/royal-canin-hair-skin-care-adult-gravy-1-02-kg-12x0-09-kg-wet-cat-food/p/itmdbbc9e0f4311b?pid=PFDE6S26KGNFJFE7&lid=LSTPFDE6S26KGNFJFE7G5G4LA&marketplace=FLIPKART&q=royal+canin+cat+food&store=p3t%2F0mo%2Foiv&srno=s_1_19&otracker=search&fm=organic&iid=8c819297-3b7e-4c85-b19b-312f8798d713.PFDE6S26KGNFJFE7.SEARCH&ppt=None&ppn=None&ssid=htiipb2zbk0000001783424271148&qH=d9e0c635368b029a&ov_redirect=true&ov_redirect=true,keyword_search,royal canin cat food,19,False,1434.0,1440.0,,4.5,,In Stock,nan,,ok,scrape,https://rukminim2.flixcart.com/image/612/612/xif0q/pet-food/e/5/f/1-02-cat-12-9003579308707-royal-canin-original-imagzwfbsagxxsjg.jpeg?q=70,royal canin,Royal Canin Hair & Skin Care Adult Gravy 1.02 kg (12x0.09 kg) Wet Adult Cat Food,cat_food
2026-07-07,flipkart,PFDE6S26TDDUC75Y,f5768d803f34e7a7,https://www.flipkart.com/royal-canin-sterilised-1-02-kg-12x0-09-kg-wet-adult-cat-food/p/itm533a3ffc048cf?pid=PFDE6S26TDDUC75Y&lid=LSTPFDE6S26TDDUC75YTSWAZZ&marketplace=FLIPKART&q=royal+canin+cat+food&store=p3t%2F0mo%2Foiv&srno=s_1_20&otracker=search&fm=organic&iid=8c819297-3b7e-4c85-b19b-312f8798d713.PFDE6S26TDDUC75Y.SEARCH&ppt=None&ppn=None&ssid=htiipb2zbk0000001783424271148&qH=d9e0c635368b029a&ov_redirect=true&ov_redirect=true,keyword_search,royal canin cat food,20,False,1266.0,1440.0,12.0,4.6,,In Stock,nan,,ok,scrape,https://rukminim2.flixcart.com/image/612/612/xif0q/pet-food/t/j/t/-original-imagjcu94avazeck.jpeg?q=70,royal canin,Royal Canin Sterilised 1.02 kg (12x0.09 kg) Wet Adult Cat Food,cat_food
2026-07-07,flipkart,PFDFUNMSGEVWTKKC,092a64b432e65e27,https://www.flipkart.com/me-o-jp-pet-products-mackrel-1-2kg-mackerel-1-2-kg-dry-adult-cat-food/p/itm111422e0fd1bc?pid=PFDFUNMSGEVWTKKC&lid=LSTPFDFUNMSGEVWTKKCCV4240&marketplace=FLIPKART&q=meo+cat+food&store=p3t%2F0mo%2Foiv&srno=s_1_1&otracker=search&fm=organic&iid=8a0975ac-f6d1-49ba-a9a5-4c6a973ead86.PFDFUNMSGEVWTKKC.SEARCH&ppt=None&ppn=None&ssid=kuu7d4pgps0000001783424273731&qH=c9e60ce57aa2b156&ov_redirect=true&ov_redirect=true,keyword_search,meo cat food,1,False,515.0,800.0,36.0,4.5,,In Stock,nan,,ok,scrape,https://rukminim2.flixcart.com/image/612/612/xif0q/pet-food/h/t/4/1-2-cat-1-mackrel-1-2kg-me-o-original-imahh2kad9ygsy5n.jpeg?q=70,me-o,Me-O JP Pet Products Mackrel-1.2kg Mackerel 1.2 kg Dry Adult Cat Food,cat_food
2026-07-07,flipkart,PFDHBGASPQ5HHUSE,4b1a2ddbe0b2588c,https://www.flipkart.com/me-o-meo-tuna-1-2-kg-dry-adult-cat-food/p/itm3bd2dc4db628e?pid=PFDHBGASPQ5HHUSE&lid=LSTPFDHBGASPQ5HHUSEJXZ0I4&marketplace=FLIPKART&q=meo+cat+food&store=p3t%2F0mo%2Foiv&srno=s_1_2&otracker=search&fm=organic&iid=8a0975ac-f6d1-49ba-a9a5-4c6a973ead86.PFDHBGASPQ5HHUSE.SEARCH&ppt=None&ppn=None&ssid=kuu7d4pgps0000001783424273731&qH=c9e60ce57aa2b156&ov_redirect=true&ov_redirect=true,keyword_search,meo cat food,2,False,568.0,1000.0,43.0,4.3,,In Stock,nan,,ok,scrape,https://rukminim2.flixcart.com/image/612/612/xif0q/pet-food/v/m/t/3-cat-1-meo-tuna-3kg-me-o-original-imahccff8szk3tse.jpeg?q=70,me-o,Me-O meo tuna Tuna 1.2 kg Dry Adult Cat Food,cat_food
2026-07-07,flipkart,PFDFUNNF7KJGV5SS,75e60b3bc7731687,https://www.flipkart.com/me-o-jp-pet-products-persian-adult-1-1kg-1-1-kg-dry-new-born-cat-food/p/itm37bbefc9491a7?pid=PFDFUNNF7KJGV5SS&lid=LSTPFDFUNNF7KJGV5SSF0JBVZ&marketplace=FLIPKART&q=meo+cat+food&store=p3t%2F0mo%2Foiv&srno=s_1_5&otracker=search&fm=organic&iid=8a0975ac-f6d1-49ba-a9a5-4c6a973ead86.PFDFUNNF7KJGV5SS.SEARCH&ppt=None&ppn=None&ssid=kuu7d4pgps0000001783424273731&qH=c9e60ce57aa2b156&ov_redirect=true&ov_redirect=true,keyword_search,meo cat food,5,False,557.0,900.0,38.0,4.2,,In Stock,nan,,ok,scrape,https://rukminim2.flixcart.com/image/612/612/xif0q/pet-food/s/4/z/1-1-cat-1-persan-adult-1-1kg-me-o-original-imahktztynnzsaug.jpeg?q=70,me-o,Me-O JP Pet Products Persian Adult.1.1Kg 1.1 kg Dry New Born Cat Food,cat_food
2026-07-07,flipkart,PFDFRCGBGBHRNJWZ,d86d7cd598d30de9,https://www.flipkart.com/me-o-mackerel-jelly-1-2-kg-12x0-1-kg-wet-adult-cat-food/p/itm31c8b9af6291f?pid=PFDFRCGBGBHRNJWZ&lid=LSTPFDFRCGBGBHRNJWZ7N75BT&marketplace=FLIPKART&q=meo+cat+food&store=p3t%2F0mo%2Foiv&srno=s_1_6&otracker=search&fm=organic&iid=8a0975ac-f6d1-49ba-a9a5-4c6a973ead86.PFDFRCGBGBHRNJWZ.SEARCH&ppt=None&ppn=None&ssid=kuu7d4pgps0000001783424273731&qH=c9e60ce57aa2b156&ov_redirect=true&ov_redirect=true,keyword_search,meo cat food,6,False,719.0,999.0,28.0,4.5,,In Stock,nan,,ok,scrape,https://rukminim2.flixcart.com/image/612/612/k9loccw0/pet-food/j/w/z/1-2-cat-8850477584808-me-o-original-imafrcjhwwjfcyzk.jpeg?q=70,me-o,Me-O Mackerel in Jelly Mackerel 1.2 kg (12x0.1 kg) Wet Adult Cat Food,cat_food
2026-07-07,flipkart,PFDFUNNFZHSHKXRC,c1145c76b262bf3d,https://www.flipkart.com/me-o-jp-pet-products-persian-kitten-1-1kg-1-1-kg-dry-new-born-cat-food/p/itm14ff1059eb5ec?pid=PFDFUNNFZHSHKXRC&lid=LSTPFDFUNNFZHSHKXRCWMAAYW&marketplace=FLIPKART&q=meo+cat+food&store=p3t%2F0mo%2Foiv&srno=s_1_7&otracker=search&fm=organic&iid=8a0975ac-f6d1-49ba-a9a5-4c6a973ead86.PFDFUNNFZHSHKXRC.SEARCH&ppt=None&ppn=None&ssid=kuu7d4pgps0000001783424273731&qH=c9e60ce57aa2b156&ov_redirect=true&ov_redirect=true,keyword_search,meo cat food,7,False,595.0,950.0,37.0,4.3,,In Stock,nan,,ok,scrape,https://rukminim2.flixcart.com/image/612/612/kdukgi80/pet-food/x/r/c/1-1-cat-persian-kitten-1-1kg-me-o-original-imafunx4ry65egwz.jpeg?q=70,me-o,Me-O JP Pet Products Persian Kitten.1.1Kg 1.1 kg Dry New Born Cat Food,cat_food
2026-07-07,flipkart,PFDE6QF9KEZWGF4Z,7aa0adf7162f32bb,https://www.flipkart.com/me-o-mackerel-3-kg-cat-food/p/itm457771ff017b8?pid=PFDE6QF9KEZWGF4Z&lid=LSTPFDE6QF9KEZWGF4ZZXFRMR&marketplace=FLIPKART&q=meo+cat+food&store=p3t%2F0mo%2Foiv&srno=s_1_9&otracker=search&fm=organic&iid=8a0975ac-f6d1-49ba-a9a5-4c6a973ead86.PFDE6QF9KEZWGF4Z.SEARCH&ppt=None&ppn=None&ssid=kuu7d4pgps0000001783424273731&qH=c9e60ce57aa2b156&ov_redirect=true&ov_redirect=true,keyword_search,meo cat food,9,False,1654.0,1999.0,17.0,4.2,,In Stock,nan,,ok,scrape,https://rukminim2.flixcart.com/image/612/612/xif0q/pet-food/v/r/t/-original-imagjgvgcefmzzrd.jpeg?q=70,me-o,Me-O Mackerel 3 kg Cat Food,cat_food
2026-07-07,flipkart,PFDFHF9A7PCFWUSZ,4c0d15aabed83d82,https://www.flipkart.com/me-o-persian-kitten-1-1-kg-dry-young-cat-food/p/itmfded4bdb38326?pid=PFDFHF9A7PCFWUSZ&lid=LSTPFDFHF9A7PCFWUSZELAIKS&marketplace=FLIPKART&q=meo+cat+food&store=p3t%2F0mo%2Foiv&srno=s_1_10&otracker=search&fm=organic&iid=8a0975ac-f6d1-49ba-a9a5-4c6a973ead86.PFDFHF9A7PCFWUSZ.SEARCH&ppt=None&ppn=None&ssid=kuu7d4pgps0000001783424273731&qH=c9e60ce57aa2b156&ov_redirect=true&ov_redirect=true,keyword_search,meo cat food,10,False,599.0,1000.0,40.0,4.2,,In Stock,nan,,ok,scrape,https://rukminim2.flixcart.com/image/612/612/xif0q/pet-food/c/t/5/1-1-cat-1-id5ck51-1-1-me-o-original-imahh2kcthky2wjf.jpeg?q=70,me-o,Me-O persian Kitten 1.1 kg Dry Young Cat Food,cat_food
2026-07-07,flipkart,PFDHCFYPYDCVHYT4,031b34ef4a986a65,https://www.flipkart.com/me-o-kitten-chicken-chunk-gravy-80gx12pack-0-96-kg-wet-young-cat-food/p/itmee17babcd0067?pid=PFDHCFYPYDCVHYT4&lid=LSTPFDHCFYPYDCVHYT4BGGUQI&marketplace=FLIPKART&q=meo+cat+food&store=p3t%2F0mo%2Foiv&srno=s_1_12&otracker=search&fm=organic&iid=8a0975ac-f6d1-49ba-a9a5-4c6a973ead86.PFDHCFYPYDCVHYT4.SEARCH&ppt=None&ppn=None&ssid=kuu7d4pgps0000001783424273731&qH=c9e60ce57aa2b156&ov_redirect=true&ov_redirect=true,keyword_search,meo cat food,12,False,617.0,777.0,21.0,5.0,,In Stock,nan,,ok,scrape,https://rukminim2.flixcart.com/image/612/612/xif0q/pet-food/h/m/i/0-960-cat-1-kitten-chicken-chunk-in-gravy-80gx12pack-me-o-original-imahcfypn7wkhy3h.jpeg?q=70,me-o,Me-O Kitten chicken chunk in gravy(80gx12pack) Chicken 0.96 kg Wet Young Cat Food,cat_food
2026-07-07,flipkart,PFDGGAD52UTZRTN7,a91378623b3b7893,https://www.flipkart.com/me-o-meo-creamy-treats-salmon-flavor-20pc-x-15g-each-300g-0-3-kg-wet-adult-senior-young-cat-food/p/itm83d29fdf3c034?pid=PFDGGAD52UTZRTN7&lid=LSTPFDGGAD52UTZRTN7AGS8GI&marketplace=FLIPKART&q=meo+cat+food&store=p3t%2F0mo%2Foiv&srno=s_1_14&otracker=search&fm=organic&iid=8a0975ac-f6d1-49ba-a9a5-4c6a973ead86.PFDGGAD52UTZRTN7.SEARCH&ppt=None&ppn=None&ssid=kuu7d4pgps0000001783424273731&qH=c9e60ce57aa2b156&ov_redirect=true&ov_redirect=true,keyword_search,meo cat food,14,False,508.0,999.0,49.0,4.3,,In Stock,nan,,ok,scrape,https://rukminim2.flixcart.com/image/612/612/xif0q/pet-food/r/r/i/0-300-cat-1-45234532-me-o-original-imaggad5kphzkzyy.jpeg?q=70,me-o,"Me-O Meo Creamy treats Salmon flavor 20pc x 15g each (300g) Salmon 0.3 kg Wet Adult, Senior, Young Cat Food",cat_food
2026-07-07,flipkart,PFDHBJ6NYJDHWDGY,fa43a29b8ec72bfa,https://www.flipkart.com/me-o-meo-mackerel-1-2-kg-dry-adult-cat-food/p/itm99e8c511d8e3b?pid=PFDHBJ6NYJDHWDGY&lid=LSTPFDHBJ6NYJDHWDGYE8BKSX&marketplace=FLIPKART&q=meo+cat+food&store=p3t%2F0mo%2Foiv&srno=s_1_15&otracker=search&fm=organic&iid=8a0975ac-f6d1-49ba-a9a5-4c6a973ead86.PFDHBJ6NYJDHWDGY.SEARCH&ppt=None&ppn=None&ssid=kuu7d4pgps0000001783424273731&qH=c9e60ce57aa2b156&ov_redirect=true&ov_redirect=true,keyword_search,meo cat food,15,False,524.0,799.0,34.0,4.3,,In Stock,nan,,ok,scrape,https://rukminim2.flixcart.com/image/612/612/xif0q/pet-food/w/3/j/1-2-cat-1-meo-mackerel-me-o-original-imahccy6yhn5eatd.jpeg?q=70,me-o,Me-O meo mackerel Mackerel 1.2 kg Dry Adult Cat Food,cat_food
2026-07-07,flipkart,PFDFTN6HJ93DXJ3E,7201b351057bff5a,https://www.flipkart.com/me-o-pet-food-cats-pack-1-4pcs-06kg-salmon-0-6-kg-wet-adult-cat/p/itm83d29fdf3c034?pid=PFDFTN6HJ93DXJ3E&lid=LSTPFDFTN6HJ93DXJ3EZBQFVP&marketplace=FLIPKART&q=meo+cat+food&store=p3t%2F0mo%2Foiv&srno=s_1_16&otracker=search&fm=organic&iid=8a0975ac-f6d1-49ba-a9a5-4c6a973ead86.PFDFTN6HJ93DXJ3E.SEARCH&ppt=None&ppn=None&ssid=kuu7d4pgps0000001783424273731&qH=c9e60ce57aa2b156&ov_redirect=true&ov_redirect=true,keyword_search,meo cat food,16,False,435.0,701.0,38.0,4.3,,In Stock,nan,,ok,scrape,https://rukminim2.flixcart.com/image/612/612/kcjexe80/pet-food/j/3/e/0-6-cat-20-me-o-original-imaftnape2nmuygz.jpeg?q=70,me-o,Me-O pet food for cats pack of 1 (4pcs) .06kg Salmon 0.6 kg Wet Adult Cat Food,cat_food
2026-07-07,flipkart,PFDFGDBGCDUEJS2R,f39257f41c5efc0c,https://www.flipkart.com/me-o-adult-cat-food-tuna-3-kg-dry/p/itm6b34c4b79875b?pid=PFDFGDBGCDUEJS2R&lid=LSTPFDFGDBGCDUEJS2RMGDYGB&marketplace=FLIPKART&q=meo+cat+food&store=p3t%2F0mo%2Foiv&srno=s_1_17&otracker=search&fm=organic&iid=8a0975ac-f6d1-49ba-a9a5-4c6a973ead86.PFDFGDBGCDUEJS2R.SEARCH&ppt=None&ppn=None&ssid=kuu7d4pgps0000001783424273731&qH=c9e60ce57aa2b156&ov_redirect=true&ov_redirect=true,keyword_search,meo cat food,17,False,1561.0,1710.0,9.0,4.4,,In Stock,nan,,ok,scrape,https://rukminim2.flixcart.com/image/612/612/jvgzl3k0/pet-food/s/2/r/3-cat-3kg-cf-tuna-me-o-original-imafg8uywdsxtqrn.jpeg?q=70,me-o,Me-O Adult Cat Food - Tuna 3 kg Dry Adult Cat Food,cat_food
2026-07-07,flipkart,PFDE6QF93EZKNMYG,637f6c790632f07f,https://www.flipkart.com/me-o-tuna-3-kg-cat-food/p/itmfa69d15ab4255?pid=PFDE6QF93EZKNMYG&lid=LSTPFDE6QF93EZKNMYGOWCH1Y&marketplace=FLIPKART&q=meo+cat+food&store=p3t%2F0mo%2Foiv&srno=s_1_18&otracker=search&fm=organic&iid=8a0975ac-f6d1-49ba-a9a5-4c6a973ead86.PFDE6QF93EZKNMYG.SEARCH&ppt=None&ppn=None&ssid=kuu7d4pgps0000001783424273731&qH=c9e60ce57aa2b156&ov_redirect=true&ov_redirect=true,keyword_search,meo cat food,18,False,1480.0,2005.0,26.0,4.2,,In Stock,nan,,ok,scrape,https://rukminim2.flixcart.com/image/612/612/xif0q/pet-food/2/p/v/-original-imagjgvgzpndjgth.jpeg?q=70,me-o,Me-O Tuna Tuna 3 kg Cat Food,cat_food
2026-07-07,flipkart,PFDE6QF9J5GZSZQB,cd78fa87149a8998,https://www.flipkart.com/me-o-sea-food-3-kg-cat/p/itm1a2edb737d859?pid=PFDE6QF9J5GZSZQB&lid=LSTPFDE6QF9J5GZSZQBOIJLEI&marketplace=FLIPKART&q=meo+cat+food&store=p3t%2F0mo%2Foiv&srno=s_1_19&otracker=search&fm=organic&iid=8a0975ac-f6d1-49ba-a9a5-4c6a973ead86.PFDE6QF9J5GZSZQB.SEARCH&ppt=None&ppn=None&ssid=kuu7d4pgps0000001783424273731&qH=c9e60ce57aa2b156&ov_redirect=true&ov_redirect=true,keyword_search,meo cat food,19,False,1684.0,2000.0,16.0,4.2,,In Stock,nan,,ok,scrape,https://rukminim2.flixcart.com/image/612/612/xif0q/pet-food/x/n/x/-original-imagjgvgchctegh3.jpeg?q=70,me-o,Me-O Sea Sea Food 3 kg Cat Food,cat_food
2026-07-07,flipkart,PTYGZVDGZQGDYVFG,a2342a24a9a42590,https://www.flipkart.com/decorvaiz-toys-puppies-small-dogs-rope-ball-toy-cotton-rubber-ball-bone-chew-toy-squeaky-training-aid-tug-dog/p/itm455003a6b99f9?pid=PTYGZVDGZQGDYVFG&lid=LSTPTYGZVDGZQGDYVFGHUA26D&marketplace=FLIPKART&q=dog+toys&store=search.flipkart.com&srno=s_1_1&otracker=search&fm=organic&iid=en_gHzQJMae_tGFBP10eGOpYk-CyXuLcZx2YC67D8ZHQ6CpKkqqhyw4Y-cEWrbzqL4ouJ1DdkMCWmRXdixlf5_NPO7r21P-h15DWKoJ3LMzRx03H8gPsHYlOzQeVQta_bdH&ppt=None&ppn=None&ssid=kznhsbimtc0000001783424276401&qH=656c5ee0f079e36b&ov_redirect=true&ov_redirect=true,keyword_search,dog toys,1,False,138.0,699.0,80.0,4.2,,In Stock,nan,,ok,scrape,https://rukminim2.flixcart.com/image/612/612/xif0q/pet-toy/x/h/p/6-dtspckof6toys-decorvaiz-original-imahd7ckfwqkssjc.jpeg?q=70,decorvaiz,"decorvaiz Toys for Puppies & Small Dogs Toys | Rope Ball Toy | Cotton, Rubber Ball, Bone, Chew Toy, Rubber Toy, Squeaky Toy, Training Aid, Tug Toy For Dog",dog_toys
2026-07-07,flipkart,PTYHDTQJPNG4GHTG,11b73ffbee761ecd,https://www.flipkart.com/decorvaiz-interactive-cat-ball-toy-new-automatic-premium-smart-self-rolling-silicone-plastic-dog/p/itm15f583bf3627d?pid=PTYHDTQJPNG4GHTG&lid=LSTPTYHDTQJPNG4GHTGDSVILU&marketplace=FLIPKART&q=dog+toys&store=search.flipkart.com&srno=s_1_2&otracker=search&fm=organic&iid=en_gHzQJMae_tGFBP10eGOpYk-CyXuLcZx2YC67D8ZHQ6AXYvQwPH6CjsCVSX0cMMb_HsqDN6cZjLCbveCKwEge5ZOGKoH_FsvKt6Qrfyh3-co3H8gPsHYlOzQeVQta_bdH&ppt=None&ppn=None&ssid=kznhsbimtc0000001783424276401&qH=656c5ee0f079e36b&ov_redirect=true&ov_redirect=true,keyword_search,dog toys,2,False,149.0,1396.0,89.0,3.7,,In Stock,nan,,ok,scrape,https://rukminim2.flixcart.com/image/612/612/xif0q/pet-toy/3/o/j/1-interactive-cat-ball-decorvaiz-original-imaheej9afwmurrw.jpeg?q=70,decorvaiz,"decorvaiz decorvaiz Interactive Cat Ball Toy, New Automatic Premium Smart Self Rolling Silicone, Plastic Ball For Dog & Cat",cat_toys
2026-07-07,flipkart,PTYH9TYYMJRK8R2U,144e537ca66336ae,https://www.flipkart.com/decorvaiz-tail-dog-toys-dog-chew-toys-rope-toys-small-medium-cotton-rubber-ball-bone-toy-squeaky-training-aid-tug-toy/p/itm3c730c230d38d?pid=PTYH9TYYMJRK8R2U&lid=LSTPTYH9TYYMJRK8R2UB1JVXF&marketplace=FLIPKART&q=dog+toys&store=search.flipkart.com&srno=s_1_3&otracker=search&fm=organic&iid=72b68f00-cfc5-43ef-aa2c-9fbf9afa59ca.PTYH9TYYMJRK8R2U.SEARCH&ppt=None&ppn=None&ssid=kznhsbimtc0000001783424276401&qH=656c5ee0f079e36b&ov_redirect=true&ov_redirect=true,keyword_search,dog toys,3,False,214.0,999.0,79.0,4.5,,In Stock,nan,,ok,scrape,https://rukminim2.flixcart.com/image/612/612/xif0q/pet-toy/o/z/n/9-exercise-toy-decorvaiz-original-imah9szztrcfdp5b.jpeg?q=70,decorvaiz,"decorvaiz Tail Dog Toys+Dog Chew Toys+Rope Toys+Dog Toys for Small to Medium Dog Cotton, Rubber Ball, Bone, Chew Toy, Rubber Toy, Squeaky Toy, Training Aid, Tug Toy For Dog",dog_toys
2026-07-07,flipkart,PTYH9SZYH8ZGYD3G,,https://www.flipkart.com/decorvaiz-tail-dog-toys-dog-chew-toys-puppy-teething-toys-rope-toy-dog-toys-cotton-rubber-ball-bone-toy-squeaky-training-aid-tug-toy/p/itm3c730c230d38d?pid=PTYH9SZYH8ZGYD3G&lid=LSTPTYH9SZYH8ZGYD3GXINTZN&marketplace=FLIPKART&q=dog+toys&store=search.flipkart.com&srno=s_1_4&otracker=search&fm=organic&iid=72b68f00-cfc5-43ef-aa2c-9fbf9afa59ca.PTYH9SZYH8ZGYD3G.SEARCH&ppt=None&ppn=None&ssid=kznhsbimtc0000001783424276401&qH=656c5ee0f079e36b&ov_redirect=true&ov_redirect=true,keyword_search,dog toys,4,False,217.0,999.0,78.0,4.3,,In Stock,nan,,ok,scrape,https://rukminim2.flixcart.com/image/612/612/xif0q/pet-toy/a/l/a/8-exercise-toy-decorvaiz-original-imah9szydbwa9njg.jpeg?q=70,decorvaiz,"decorvaiz Tail Dog Toys+Dog Chew Toys+Puppy Teething Toys+Rope Dog Toy+Dog Toys Cotton, Rubber Ball, Bone, Chew Toy, Rubber Toy, Squeaky Toy, Training Aid, Tug Toy For Dog",dog_toys
2026-07-07,flipkart,PTYH9SZYBG9RATDR,,https://www.flipkart.com/decorvaiz-tail-dog-toys-dog-chew-toys-puppy-teething-toys-rope-toy-dog-toys-cotton-rubber-ball-bone-toy-squeaky-training-aid-tug-toy/p/itm0967c2d9f3876?pid=PTYH9SZYBG9RATDR&lid=LSTPTYH9SZYBG9RATDRQFMZVT&marketplace=FLIPKART&q=dog+toys&store=search.flipkart.com&srno=s_1_5&otracker=search&fm=organic&iid=72b68f00-cfc5-43ef-aa2c-9fbf9afa59ca.PTYH9SZYBG9RATDR.SEARCH&ppt=None&ppn=None&ssid=kznhsbimtc0000001783424276401&qH=656c5ee0f079e36b&ov_redirect=true&ov_redirect=true,keyword_search,dog toys,5,False,288.0,999.0,71.0,4.4,,In Stock,nan,,ok,scrape,https://rukminim2.flixcart.com/image/612/612/xif0q/pet-toy/b/f/f/1-pj12ptb101-pet-joy-original-imah875edtsyryef.jpeg?q=70,decorvaiz,"decorvaiz Tail Dog Toys+Dog Chew Toys+Puppy Teething Toys+Rope Dog Toy+Dog Toys Cotton, Rubber Ball, Bone, Chew Toy, Rubber Toy, Squeaky Toy, Training Aid, Tug Toy For Dog",dog_toys
2026-07-07,flipkart,PTYHB4VTQ4ZWZWRE,,https://www.flipkart.com/decorvaiz-toys-puppies-small-dogs-rope-ball-toy-chew-cotton-rubber-toy-training-aid-tug-bone-dog-cat/p/itm4fb537623dd53?pid=PTYHB4VTQ4ZWZWRE&lid=LSTPTYHB4VTQ4ZWZWRE2EHQFI&marketplace=FLIPKART&q=dog+toys&store=search.flipkart.com&srno=s_1_6&otracker=search&fm=organic&iid=en_gHzQJMae_tGFBP10eGOpYk-CyXuLcZx2YC67D8ZHQ6CCwCXSDqCzhtycrhILHdo1KdTHKt18YCpco40mvluVjt691TMbe7N_xxH3A0DyPs0iu2dC9Gh40ooIRhlc1jIx&ppt=None&ppn=None&ssid=kznhsbimtc0000001783424276401&qH=656c5ee0f079e36b&ov_redirect=true&ov_redirect=true,keyword_search,dog toys,6,False,138.0,499.0,72.0,4.2,,In Stock,nan,,ok,scrape,https://rukminim2.flixcart.com/image/612/612/xif0q/pet-toy/e/r/o/1-pet-toy-combo-decorvaiz-original-imahdnxwjr2gfgvu.jpeg?q=70,decorvaiz,"decorvaiz Toys for Puppies & Small Dogs Toys | Rope Ball Toy | Chew Toys Cotton, Rubber Chew Toy, Rubber Toy, Training Aid, Tug Toy, Bone, Ball For Dog & Cat",dog_toys
2026-07-07,flipkart,PTYHEA8HHEUGMCSZ,5a017ff94bd7f5fd,https://www.flipkart.com/decorvaiz-dog-chew-rope-squeaky-toy-set-durable-interactive-medium-dogs-cotton-ball-toy-fetch-cat/p/itm6f7e0e01fea16?pid=PTYHEA8HHEUGMCSZ&lid=LSTPTYHEA8HHEUGMCSZL78TE0&marketplace=FLIPKART&q=dog+toys&store=search.flipkart.com&srno=s_1_7&otracker=search&fm=organic&iid=72b68f00-cfc5-43ef-aa2c-9fbf9afa59ca.PTYHEA8HHEUGMCSZ.SEARCH&ppt=None&ppn=None&ssid=kznhsbimtc0000001783424276401&qH=656c5ee0f079e36b&ov_redirect=true&ov_redirect=true,keyword_search,dog toys,7,False,142.0,999.0,86.0,4.1,,In Stock,nan,,ok,scrape,https://rukminim2.flixcart.com/image/612/612/xif0q/pet-toy/l/s/g/1-new-f-combo-173-decorvaiz-original-imahea8hgnqnwtrq.jpeg?q=70,decorvaiz,"decorvaiz Dog Chew Rope & Squeaky Toy Set -Durable Interactive for Medium Dogs Cotton Ball, Chew Toy, Fetch Toy, Squeaky Toy For Dog & Cat",dog_toys
2026-07-07,flipkart,PTYH9SZZCHYH7BDZ,,https://www.flipkart.com/decorvaiz-tail-dog-toys-dog-chew-toys-puppy-teething-toys-rope-toy-dog-toys-cotton-rubber-ball-bone-toy-squeaky-training-aid-tug-toy/p/itm5f20d80da3e4e?pid=PTYH9SZZCHYH7BDZ&lid=LSTPTYH9SZZCHYH7BDZDPMPQV&marketplace=FLIPKART&q=dog+toys&store=search.flipkart.com&srno=s_1_8&otracker=search&fm=organic&iid=72b68f00-cfc5-43ef-aa2c-9fbf9afa59ca.PTYH9SZZCHYH7BDZ.SEARCH&ppt=None&ppn=None&ssid=kznhsbimtc0000001783424276401&qH=656c5ee0f079e36b&ov_redirect=true&ov_redirect=true,keyword_search,dog toys,8,False,213.0,999.0,79.0,4.3,,In Stock,nan,,ok,scrape,https://rukminim2.flixcart.com/image/612/612/xif0q/pet-toy/w/a/w/10-chew-toy-decorvaiz-original-imah9szzajgday6f.jpeg?q=70,decorvaiz,"decorvaiz Tail Dog Toys+Dog Chew Toys+Puppy Teething Toys+Rope Dog Toy+Dog Toys Cotton, Rubber Ball, Bone, Chew Toy, Rubber Toy, Squeaky Toy, Training Aid, Tug Toy For Dog",dog_toys
2026-07-07,flipkart,PTYHEA8H2VSCYDDQ,b36923eddeb94238,https://www.flipkart.com/decorvaiz-dog-toys-squawking-chicken-rubber-squeeze-toys-large-chew-rope-cotton-ball-fetch-toy-chew-tug-squeaky-toy/p/itm273f5a38f9217?pid=PTYHEA8H2VSCYDDQ&lid=LSTPTYHEA8H2VSCYDDQTVQCZW&marketplace=FLIPKART&q=dog+toys&store=search.flipkart.com&srno=s_1_9&otracker=search&fm=organic&iid=72b68f00-cfc5-43ef-aa2c-9fbf9afa59ca.PTYHEA8H2VSCYDDQ.SEARCH&ppt=None&ppn=None&ssid=kznhsbimtc0000001783424276401&qH=656c5ee0f079e36b&ov_redirect=true&ov_redirect=true,keyword_search,dog toys,9,False,172.0,999.0,83.0,4.2,,In Stock,nan,,ok,scrape,https://rukminim2.flixcart.com/image/612/612/xif0q/pet-toy/s/i/v/5-new-combo-toys0285-decorvaiz-original-imahea8hjekfxyzz.jpeg?q=70,decorvaiz,"decorvaiz Dog Toys |Squawking Chicken Rubber Squeeze Dog Toys(LARGE)|Chew Rope Cotton Ball, Fetch Toy, Chew Toy, Tug Toy, Rubber Toy, Squeaky Toy For Dog",dog_toys
2026-07-07,flipkart,PTYH9SZYC6ZHJJ56,,https://www.flipkart.com/decorvaiz-tail-dog-toys-dog-chew-toys-puppy-teething-toys-rope-toy-dog-toys-cotton-rubber-ball-bone-toy-squeaky-training-aid-tug-toy/p/itm5f20d80da3e4e?pid=PTYH9SZYC6ZHJJ56&lid=LSTPTYH9SZYC6ZHJJ56FEUZZB&marketplace=FLIPKART&q=dog+toys&store=search.flipkart.com&srno=s_1_10&otracker=search&fm=organic&iid=72b68f00-cfc5-43ef-aa2c-9fbf9afa59ca.PTYH9SZYC6ZHJJ56.SEARCH&ppt=None&ppn=None&ssid=kznhsbimtc0000001783424276401&qH=656c5ee0f079e36b&ov_redirect=true&ov_redirect=true,keyword_search,dog toys,10,False,360.0,999.0,64.0,4.2,,In Stock,nan,,ok,scrape,https://rukminim2.flixcart.com/image/612/612/xif0q/pet-toy/t/0/e/15-chew-toy-decorvaiz-original-imah9szyj4zyfzrv.jpeg?q=70,decorvaiz,"decorvaiz Tail Dog Toys+Dog Chew Toys+Puppy Teething Toys+Rope Dog Toy+Dog Toys Cotton, Rubber Ball, Bone, Chew Toy, Rubber Toy, Squeaky Toy, Training Aid, Tug Toy For Dog",dog_toys
2026-07-07,flipkart,PTYHDP3NZ7HWPUH4,97611549b7087a10,https://www.flipkart.com/decorvaiz-360-interactive-dog-cat-toys-ball-electric-rolling-ball-automatic-moving-silicone-plastic-dog/p/itmbcaa9ed64647b?pid=PTYHDP3NZ7HWPUH4&lid=LSTPTYHDP3NZ7HWPUH4XNUCHJ&marketplace=FLIPKART&q=interactive+dog+toy&store=p3t&srno=s_1_1&otracker=search&fm=organic&iid=en_Vf9HD0ojSiUt_W0awIT38Ll2n89ss4IF2MjQc5eekk8bMchKkk60KUP1QI56sGrcooEBoGclD2l_9YpEnBFYaJOGKoH_FsvKt6Qrfyh3-crLDVtuqiXjFppKSszARXcC&ppt=None&ppn=None&ssid=ef5gxxp0xs0000001783424284222&qH=53ab0f799320af1a&ov_redirect=true&ov_redirect=true,keyword_search,interactive dog toy,1,False,149.0,1394.0,89.0,3.9,,In Stock,nan,,ok,scrape,https://rukminim2.flixcart.com/image/612/612/xif0q/pet-toy/v/y/g/1-interactive-cat-and-dog-ball-decorvaiz-original-imahdp3nxt55znwr.jpeg?q=70,decorvaiz,"decorvaiz 360° Interactive Dog, Cat Toys Ball, Electric Rolling Ball Automatic Moving Ball Silicone, Plastic Ball For Dog & Cat",cat_toys
2026-07-07,flipkart,PTYHNWW3JMHGZPKM,,https://www.flipkart.com/decorvaiz-toys-puppies-small-dogs-rope-ball-toy-chew-toys-100-cotton-rubber-toy-training-aid-tug-bone-dog-cat/p/itmdc3669fd265fe?pid=PTYHNWW3JMHGZPKM&lid=LSTPTYHNWW3JMHGZPKMLTDPNR&marketplace=FLIPKART&q=dog+toys&store=search.flipkart.com&srno=s_1_12&otracker=search&fm=organic&iid=en_gHzQJMae_tGFBP10eGOpYk-CyXuLcZx2YC67D8ZHQ6DLZTw6a10Sc1vl62mI0OKKI-AfwVjW0sVxr7aL2Gebq9691TMbe7N_xxH3A0DyPs0iu2dC9Gh40ooIRhlc1jIx&ppt=None&ppn=None&ssid=kznhsbimtc0000001783424276401&qH=656c5ee0f079e36b&ov_redirect=true&ov_redirect=true,keyword_search,dog toys,12,False,143.0,499.0,71.0,,,In Stock,nan,,ok,scrape,https://rukminim2.flixcart.com/image/612/612/xif0q/pet-toy/h/x/x/1-p-combo-01-f-331-decorvaiz-original-imahnsfekzjhe9qg.jpeg?q=70,decorvaiz,"decorvaiz Toys for Puppies & Small Dogs Toys | Rope Ball Toy | Chew Toys, 100% Cotton, Rubber Chew Toy, Rubber Toy, Training Aid, Tug Toy, Bone, Ball For Dog & Cat",dog_toys
2026-07-07,flipkart,PTYHB4VT5MBFKZBX,fe585fa6c39fc690,https://www.flipkart.com/decorvaiz-dog-rope-toy-cotton-chew-cat/p/itm01f0f678c8afc?pid=PTYHB4VT5MBFKZBX&lid=LSTPTYHB4VT5MBFKZBXFAUEOG&marketplace=FLIPKART&q=dog+toys&store=search.flipkart.com&srno=s_1_13&otracker=search&fm=organic&iid=72b68f00-cfc5-43ef-aa2c-9fbf9afa59ca.PTYHB4VT5MBFKZBX.SEARCH&ppt=None&ppn=None&ssid=kznhsbimtc0000001783424276401&qH=656c5ee0f079e36b&ov_redirect=true&ov_redirect=true,keyword_search,dog toys,13,False,163.0,799.0,80.0,3.9,,In Stock,nan,,ok,scrape,https://rukminim2.flixcart.com/image/612/612/xif0q/pet-toy/9/k/6/6-pet-109-decorvaiz-original-imahd79cmqvg9ks3.jpeg?q=70,decorvaiz,decorvaiz dog rope toy || Cotton Chew Toy For Dog & Cat,dog_toys
2026-07-07,flipkart,PTYHNSFEZHDUY9CD,992e1992bf519919,https://www.flipkart.com/decorvaiz-toys-medium-puppies-dogs-toy-combo-multicolor-foam-ball-cotton-ball-fetch-toy-chew-tug-rubber-squeaky-dog/p/itmbbec914accb82?pid=PTYHNSFEZHDUY9CD&lid=LSTPTYHNSFEZHDUY9CDQAIXJF&marketplace=FLIPKART&q=dog+toys&store=search.flipkart.com&srno=s_1_14&otracker=search&fm=organic&iid=72b68f00-cfc5-43ef-aa2c-9fbf9afa59ca.PTYHNSFEZHDUY9CD.SEARCH&ppt=None&ppn=None&ssid=kznhsbimtc0000001783424276401&qH=656c5ee0f079e36b&ov_redirect=true&ov_redirect=true,keyword_search,dog toys,14,False,175.0,499.0,65.0,,,In Stock,nan,,ok,scrape,https://rukminim2.flixcart.com/image/612/612/xif0q/pet-toy/y/q/l/5-combo-toys0285-f-246-decorvaiz-original-imahnsfe3tmfbk5b.jpeg?q=70,decorvaiz,"decorvaiz Toys for Medium Puppies Dogs Toy Combo | Multicolor | Foam Ball Cotton Ball, Fetch Toy, Chew Toy, Tug Toy, Rubber Toy, Squeaky Toy For Dog",dog_toys
2026-07-07,flipkart,PTYHNSFEGTGYAYU7,d5ef61a3b62dab3a,https://www.flipkart.com/decorvaiz-cotton-chew-toy-dog/p/itm73d61738922aa?pid=PTYHNSFEGTGYAYU7&lid=LSTPTYHNSFEGTGYAYU7BFFQZC&marketplace=FLIPKART&q=dog+toys&store=search.flipkart.com&srno=s_1_15&otracker=search&fm=organic&iid=72b68f00-cfc5-43ef-aa2c-9fbf9afa59ca.PTYHNSFEGTGYAYU7.SEARCH&ppt=None&ppn=None&ssid=kznhsbimtc0000001783424276401&qH=656c5ee0f079e36b&ov_redirect=true&ov_redirect=true,keyword_search,dog toys,15,False,106.0,599.0,82.0,,,In Stock,nan,,ok,scrape,https://rukminim2.flixcart.com/image/612/612/xif0q/pet-toy/g/q/v/3-toys-for-pets-f-12-ghalibb-original-imahmu4gtmnhux8g.jpeg?q=70,decorvaiz,decorvaiz Cotton Chew Toy For Dog,dog_toys
2026-07-07,flipkart,PTYHNSFE4PVXZHGJ,55eab211fcb50b13,https://www.flipkart.com/decorvaiz-plastic-chew-toy-dog/p/itm79f792869aa78?pid=PTYHNSFE4PVXZHGJ&lid=LSTPTYHNSFE4PVXZHGJKPCFY3&marketplace=FLIPKART&q=dog+toys&store=search.flipkart.com&srno=s_1_16&otracker=search&fm=organic&iid=72b68f00-cfc5-43ef-aa2c-9fbf9afa59ca.PTYHNSFE4PVXZHGJ.SEARCH&ppt=None&ppn=None&ssid=kznhsbimtc0000001783424276401&qH=656c5ee0f079e36b&ov_redirect=true&ov_redirect=true,keyword_search,dog toys,16,False,139.0,599.0,77.0,,,In Stock,nan,,ok,scrape,https://rukminim2.flixcart.com/image/612/612/xif0q/pet-toy/i/7/a/2-toys-for-pets-f-7-ghalibb-original-imahmu4gkwnm3p7a.jpeg?q=70,decorvaiz,decorvaiz Plastic Chew Toy For Dog,dog_toys
2026-07-07,flipkart,PTYHMF3VAJFCNTG4,1a5878c4e9c5a26f,https://www.flipkart.com/vixora-decorvaiz-ball-cats-dogs-silicone-chew-toy-dog-cat/p/itmfe33ba55e1c47?pid=PTYHMF3VAJFCNTG4&lid=LSTPTYHMF3VAJFCNTG4NFZGKU&marketplace=FLIPKART&q=dog+toys&store=search.flipkart.com&srno=s_1_17&otracker=search&fm=organic&iid=en_gHzQJMae_tGFBP10eGOpYk-CyXuLcZx2YC67D8ZHQ6DsKsNLayYnqMb4lt4PtfkhsnwLiHrvWO_K_E1xImUhgT44dPU4PYxCy405l-8TugIiu2dC9Gh40ooIRhlc1jIx&ppt=None&ppn=None&ssid=kznhsbimtc0000001783424276401&qH=656c5ee0f079e36b&ov_redirect=true&ov_redirect=true,keyword_search,dog toys,17,False,212.0,999.0,79.0,4.2,,In Stock,nan,,ok,scrape,https://rukminim2.flixcart.com/image/612/612/xif0q/pet-toy/5/b/s/1-kittens-cats-toys-for-big-cats-tails-smart-ball-interactive-original-imah92bqzfzuekkz.jpeg?q=70,vixora,"Vixora decorvaiz Ball for Cats & Dogs Silicone Chew Toy, Ball For Dog & Cat",cat_toys
2026-07-07,flipkart,PTYHZT8YMKB8MUKE,50d4fb29220be625,https://www.flipkart.com/cozy-kiddos-youhavedeal-multicolor-medium-large-dogs-cotton-chew-toy-fetch-soft-toy-dog-cat/p/itm08410c3f87aed?pid=PTYHZT8YMKB8MUKE&lid=LSTPTYHZT8YMKB8MUKEPJBLEB&marketplace=FLIPKART&q=dog+toys&store=search.flipkart.com&srno=s_1_18&otracker=search&fm=organic&iid=en_gHzQJMae_tGFBP10eGOpYk-CyXuLcZx2YC67D8ZHQ6C5QO0iXOspYXSPwENxh9TGGba0zooCcfMRumjM7L3Z3jI41Cp7c_9rJAx14G9WPcYiu2dC9Gh40ooIRhlc1jIx&ppt=None&ppn=None&ssid=kznhsbimtc0000001783424276401&qH=656c5ee0f079e36b&ov_redirect=true&ov_redirect=true,keyword_search,dog toys,18,False,175.0,999.0,82.0,,,In Stock,nan,,ok,scrape,https://rukminim2.flixcart.com/image/612/612/xif0q/pet-toy/f/z/4/4-0210-cozy-kiddos-original-imahzt8yhcrhgqzs.jpeg?q=70,cozy,"Cozy Kiddos YOUHAVEDEAL multicolor Medium to Large dogs Cotton Chew Toy, Fetch Toy, Soft Toy For Dog & Cat",dog_toys
2026-07-07,flipkart,PTYHNSFFUQHRGHNT,81e7b38252848126,https://www.flipkart.com/decorvaiz-youhavedeal-toys-puppies-medium-dogs-color-may-vary-rope-ball-toy-cotton-ball-tug-toy-fetch-training-aid-chew-dog-cat/p/itmb8bb84366793d?pid=PTYHNSFFUQHRGHNT&lid=LSTPTYHNSFFUQHRGHNTQEW7XQ&marketplace=FLIPKART&q=dog+toys&store=search.flipkart.com&srno=s_1_19&otracker=search&fm=organic&iid=72b68f00-cfc5-43ef-aa2c-9fbf9afa59ca.PTYHNSFFUQHRGHNT.SEARCH&ppt=None&ppn=None&ssid=kznhsbimtc0000001783424276401&qH=656c5ee0f079e36b&ov_redirect=true&ov_redirect=true,keyword_search,dog toys,19,False,119.0,788.0,85.0,,,In Stock,nan,,ok,scrape,https://rukminim2.flixcart.com/image/612/612/xif0q/pet-toy/w/w/e/6-toys-for-pets-f-74-ghalibb-original-imahmu4hk86fpuze.jpeg?q=70,decorvaiz,"decorvaiz YOUHAVEDEAL Toys for Puppies & Medium Dogs Toys | Color May Vary | Rope Ball Toy Cotton Ball, Tug Toy, Fetch Toy, Training Aid, Chew Toy For Dog & Cat",dog_toys
2026-07-07,flipkart,PTYHNWW3BNRXPZGV,992e1992bf519919,https://www.flipkart.com/decorvaiz-toys-medium-puppies-dogs-toy-combo-multicolor-foam-ball-cotton-ball-chew-toy-fetch-training-aid-dog/p/itmb203bbdd8a65b?pid=PTYHNWW3BNRXPZGV&lid=LSTPTYHNWW3BNRXPZGVUSTUL4&marketplace=FLIPKART&q=dog+toys&store=search.flipkart.com&srno=s_1_20&otracker=search&fm=organic&iid=72b68f00-cfc5-43ef-aa2c-9fbf9afa59ca.PTYHNWW3BNRXPZGV.SEARCH&ppt=None&ppn=None&ssid=kznhsbimtc0000001783424276401&qH=656c5ee0f079e36b&ov_redirect=true&ov_redirect=true,keyword_search,dog toys,20,False,159.0,499.0,68.0,,,In Stock,nan,,ok,scrape,https://rukminim2.flixcart.com/image/612/612/xif0q/pet-toy/4/m/w/1-f-combo-03-f-424-decorvaiz-original-imahnsff9pretr8s.jpeg?q=70,decorvaiz,"decorvaiz Toys for Medium Puppies Dogs Toy Combo | Multicolor | Foam Ball Cotton Ball, Chew Toy, Fetch Toy, Training Aid For Dog",dog_toys
2026-07-07,flipkart,PTYHYKKWAJXHBKMC,d9981fca65fc51c9,https://www.flipkart.com/furry-castle-knitted-bunny-ratle-dog-toy-polyester-cotton-thick-cord-squeakers-pink-polyester-plush/p/itmd37b118fe72ab?pid=PTYHYKKWAJXHBKMC&lid=LSTPTYHYKKWAJXHBKMCSST2YA&marketplace=FLIPKART&q=chew+toy+for+dogs&store=p3t%2Fea3%2Fg4c&srno=s_1_2&otracker=search&fm=organic&iid=en_E5RUJs_g0T94-KiqHUivcw4JJj8KZE69-F90ql2oVj82FYZN8MzGy98VDuK7GWvYAphPxZLIkKuYHDXI-g-OaLN6Eq4v-8iDWHo3eSCAGVFZfPjSMN01CgUUhVvzw7GZ&ppt=None&ppn=None&ssid=epaqy8p1400000001783424279013&qH=c3109da2ecfccdb5&ov_redirect=true&ov_redirect=true,keyword_search,chew toy for dogs,2,False,211.0,448.0,53.0,,,In Stock,nan,,ok,scrape,https://rukminim2.flixcart.com/image/612/612/xif0q/shopsy-pet-toy/u/2/d/1-ttt1001-shopsy-furry-castle-original-imahfyq7szvegckt.jpeg?q=70,furry,"Furry Castle Knitted Bunny Ratle Dog Toy Polyester,Cotton with Thick Cord and Squeakers-Pink Polyester Plush Toy For Dog",dog_toys
2026-07-07,flipkart,PTYGRHCU2ZKHZHDE,3bf8e56ee56266fb,https://www.flipkart.com/petzluv-youhavedeal-toys-puppies-medium-dogs-color-may-vary-rope-ball-toy-cotton-ball-tug-toy-fetch-training-aid-chew-dog-cat/p/itm25e5ff7837cd8?pid=PTYGRHCU2ZKHZHDE&lid=LSTPTYGRHCU2ZKHZHDEDDNH2S&marketplace=FLIPKART&q=chew+toy+for+dogs&store=p3t%2Fea3%2Fg4c&srno=s_1_4&otracker=search&fm=organic&iid=7bd7fbba-2d0c-49d2-998d-02c17cd33c0c.PTYGRHCU2ZKHZHDE.SEARCH&ppt=None&ppn=None&ssid=epaqy8p1400000001783424279013&qH=c3109da2ecfccdb5&ov_redirect=true&ov_redirect=true,keyword_search,chew toy for dogs,4,False,135.0,788.0,83.0,4.4,,In Stock,nan,,ok,scrape,https://rukminim2.flixcart.com/image/612/612/xif0q/pet-toy/t/w/s/5-dog-rope-toys-for-small-and-medium-dogs-g410-petzluv-original-imahdxm4gg3z5m2n.jpeg?q=70,petzluv,"PETZLUV YOUHAVEDEAL Toys for Puppies & Medium Dogs Toys | Color May Vary | Rope Ball Toy Cotton Ball, Tug Toy, Fetch Toy, Training Aid, Chew Toy For Dog & Cat",dog_toys
2026-07-07,flipkart,PTYH3GFMRZ9NNFV3,a2342a24a9a42590,https://www.flipkart.com/decorvaiz-toys-puppies-small-dogs-rope-ball-toy-color-may-vary-cotton-rubber-ball-bone-chew-toy-training-aid-tug-dog/p/itm4cb0d5e6dce54?pid=PTYH3GFMRZ9NNFV3&lid=LSTPTYH3GFMRZ9NNFV3C0HQ6E&marketplace=FLIPKART&q=chew+toy+for+dogs&store=p3t%2Fea3%2Fg4c&srno=s_1_5&otracker=search&fm=organic&iid=7bd7fbba-2d0c-49d2-998d-02c17cd33c0c.PTYH3GFMRZ9NNFV3.SEARCH&ppt=None&ppn=None&ssid=epaqy8p1400000001783424279013&qH=c3109da2ecfccdb5&ov_redirect=true&ov_redirect=true,keyword_search,chew toy for dogs,5,False,119.0,999.0,88.0,4.3,,In Stock,nan,,ok,scrape,https://rukminim2.flixcart.com/image/612/612/xif0q/pet-toy/d/o/g/5-combotoys003-youhavedeal-original-imah3jrrthgsbgau.jpeg?q=70,decorvaiz,"decorvaiz Toys for Puppies & Small Dogs Toys | Rope Ball Toy | Color May Vary | Cotton, Rubber Ball, Bone, Chew Toy, Rubber Toy, Chew Toy, Training Aid, Tug Toy For Dog",dog_toys
2026-07-07,flipkart,PTYGFUT6YMEAQMJW,fc2cedba5cae21f0,https://www.flipkart.com/petfun-high-quality-teething-chewing-training-nylone-toy-bone-adult-large-dogs-nylon-dog/p/itmcf1416fb158b6?pid=PTYGFUT6YMEAQMJW&lid=LSTPTYGFUT6YMEAQMJW1GWEJO&marketplace=FLIPKART&q=chew+toy+for+dogs&store=p3t%2Fea3%2Fg4c&srno=s_1_7&otracker=search&fm=organic&iid=7bd7fbba-2d0c-49d2-998d-02c17cd33c0c.PTYGFUT6YMEAQMJW.SEARCH&ppt=None&ppn=None&ssid=epaqy8p1400000001783424279013&qH=c3109da2ecfccdb5&ov_redirect=true&ov_redirect=true,keyword_search,chew toy for dogs,7,False,111.0,599.0,81.0,3.9,,In Stock,nan,,ok,scrape,https://rukminim2.flixcart.com/image/612/612/xif0q/pet-toy/q/e/r/1-large-nylon-bone-petfun-original-imahgh5sjwnmdpy9.jpeg?q=70,petfun,Petfun High Quality Teething Chewing Training Nylone Toy Bone for Adult & Large Dogs Nylon Bone For Dog,dog_toys
2026-07-07,flipkart,PTYHNVMFHYX3E2HG,d479618f16600c57,https://www.flipkart.com/petfun-red-hard-ball-nylon-bone-combo-pets-nylon-rubber-ball-bone-chew-toy-fetch-squeaky-stick-tough-tug-toy-dog-cat/p/itm455a8f88ab349?pid=PTYHNVMFHYX3E2HG&lid=LSTPTYHNVMFHYX3E2HGZAFNWN&marketplace=FLIPKART&q=chew+toy+for+dogs&store=p3t%2Fea3%2Fg4c&srno=s_1_8&otracker=search&fm=organic&iid=7bd7fbba-2d0c-49d2-998d-02c17cd33c0c.PTYHNVMFHYX3E2HG.SEARCH&ppt=None&ppn=None&ssid=epaqy8p1400000001783424279013&qH=c3109da2ecfccdb5&ov_redirect=true&ov_redirect=true,keyword_search,chew toy for dogs,8,False,170.0,399.0,57.0,,,In Stock,nan,,ok,scrape,https://rukminim2.flixcart.com/image/612/612/xif0q/pet-toy/y/w/1/1-petfun-red-hard-ball-nylon-bone-combo-for-pets-pet-fun-original-imahnvhsgy9zgt2c.jpeg?q=70,petfun,"Petfun PetFun Red Hard Ball & Nylon Bone Combo for pets Nylon, Rubber Ball, Bone, Chew Toy, Fetch Toy, Rubber Toy, Squeaky Toy, Stick, Tough Toy, Tug Toy For Dog & Cat",cat_toys
2026-07-07,flipkart,PTYHEA8HD9BHBWCD,3b87f2caafe42c00,https://www.flipkart.com/decorvaiz-puppies-combo-kit-small-medium-dog-6in1-chew-toys-puppy-cotton-squeaky-toy-bone-ball-rubber-tug-toy-dog-cat/p/itmf67f69bfd420a?pid=PTYHEA8HD9BHBWCD&lid=LSTPTYHEA8HD9BHBWCDDFKQZH&marketplace=FLIPKART&q=chew+toy+for+dogs&store=p3t%2Fea3%2Fg4c&spotlightTagId=default_FkPickId_p3t%2Fea3%2Fg4c&srno=s_1_9&otracker=search&fm=organic&iid=7bd7fbba-2d0c-49d2-998d-02c17cd33c0c.PTYHEA8HD9BHBWCD.SEARCH&ppt=None&ppn=None&ssid=epaqy8p1400000001783424279013&qH=c3109da2ecfccdb5&ov_redirect=true&ov_redirect=true,keyword_search,chew toy for dogs,9,False,159.0,999.0,84.0,4.1,,In Stock,nan,,ok,scrape,https://rukminim2.flixcart.com/image/612/612/xif0q/pet-toy/h/8/m/1-squea7847toy0-petzluv-original-imahed5mhxgr8zht.jpeg?q=70,decorvaiz,"decorvaiz Puppies Combo Kit for Small and Medium Dog-6in1 Chew Toys for Puppy Cotton Squeaky Toy, Bone, Ball, Rubber Toy, Tug Toy, Chew Toy For Dog & Cat",dog_toys
2026-07-07,flipkart,PTYH9SZZJKKVV2SG,f38a4b02412940f1,https://www.flipkart.com/decorvaiz-squeaky-latex-ball-dogs-rubber-dog/p/itm13eef0de5215c?pid=PTYH9SZZJKKVV2SG&lid=LSTPTYH9SZZJKKVV2SGYYSHIU&marketplace=FLIPKART&q=chew+toy+for+dogs&store=p3t%2Fea3%2Fg4c&srno=s_1_11&otracker=search&fm=organic&iid=en_E5RUJs_g0T94-KiqHUivcw4JJj8KZE69-F90ql2oVj84Rd9QBxsk4gfzJrl-H1XIwDX-Wv1UyrYsVVwtELDD7OgZVvFvez-3jRfInY5WElN3-XqkmLqggt_WSKSoXKEh&ppt=None&ppn=None&ssid=epaqy8p1400000001783424279013&qH=c3109da2ecfccdb5&ov_redirect=true&ov_redirect=true,keyword_search,chew toy for dogs,11,False,105.0,999.0,89.0,3.8,,In Stock,nan,,ok,scrape,https://rukminim2.flixcart.com/image/612/612/xif0q/pet-toy/x/v/d/1-ball-decorvaiz-original-imah9szzawqnsxq9.jpeg?q=70,decorvaiz,decorvaiz Squeaky Latex Ball for Dogs Rubber Ball For Dog,dog_toys
2026-07-07,flipkart,PTYHZY2BZVDCGHYB,a1c011ed78c3a91e,https://www.flipkart.com/pethub-star-rubber-dog-toy-chew-toy-cat/p/itm31f1042609cf6?pid=PTYHZY2BZVDCGHYB&lid=LSTPTYHZY2BZVDCGHYBR4PLVU&marketplace=FLIPKART&q=chew+toy+for+dogs&store=p3t%2Fea3%2Fg4c&srno=s_1_12&otracker=search&fm=organic&iid=en_E5RUJs_g0T94-KiqHUivcw4JJj8KZE69-F90ql2oVj-FUeiOmuCgUQCFM5YvgZadUlVsEQlvNbat8PV5PDAG8XGqe-5byBfJ-wCTrCfKP_13-XqkmLqggt_WSKSoXKEh&ppt=None&ppn=None&ssid=epaqy8p1400000001783424279013&qH=c3109da2ecfccdb5&ov_redirect=true&ov_redirect=true,keyword_search,chew toy for dogs,12,False,73.0,199.0,63.0,,,In Stock,nan,,ok,scrape,https://rukminim2.flixcart.com/image/612/612/xif0q/pet-toy/5/1/m/1-star-shape-squeaky-toy-pet-hub-original-imahzyymxnxu9php.jpeg?q=70,pethub,"Pethub Star rubber dog toy Rubber Chew Toy, Rubber Toy For Dog & Cat",dog_toys
2026-07-07,flipkart,PTYHAPAA2UHG3GTX,0908d76298cb2b63,https://www.flipkart.com/decorvaiz-cotton-ball-bone-chew-toy-fetch-tug-treat-dispensing-tough-soft-rubber-toy-dog/p/itm256ead1d80f36?pid=PTYHAPAA2UHG3GTX&lid=LSTPTYHAPAA2UHG3GTXNWM9RJ&marketplace=FLIPKART&q=chew+toy+for+dogs&store=p3t%2Fea3%2Fg4c&srno=s_1_14&otracker=search&fm=organic&iid=7bd7fbba-2d0c-49d2-998d-02c17cd33c0c.PTYHAPAA2UHG3GTX.SEARCH&ppt=None&ppn=None&ssid=epaqy8p1400000001783424279013&qH=c3109da2ecfccdb5&ov_redirect=true&ov_redirect=true,keyword_search,chew toy for dogs,14,False,157.0,999.0,84.0,4.1,,In Stock,nan,,ok,scrape,https://rukminim2.flixcart.com/image/612/612/xif0q/pet-toy/z/b/j/6-dtspckof6toys-decorvaiz-original-imahap9vtpf5khzz.jpeg?q=70,decorvaiz,"decorvaiz Cotton Ball, Bone, Chew Toy, Fetch Toy, Tug Toy, Treat Dispensing Toy, Tough Toy, Soft Toy, Rubber Toy For Dog",dog_food
2026-07-07,flipkart,PTYH3HSKF7GXZXXZ,a2342a24a9a42590,https://www.flipkart.com/decorvaiz-toys-puppies-small-dogs-rope-ball-toy-color-may-vary-cotton-chew-dog/p/itmaf107a67e63d7?pid=PTYH3HSKF7GXZXXZ&lid=LSTPTYH3HSKF7GXZXXZCEKP44&marketplace=FLIPKART&q=chew+toy+for+dogs&store=p3t%2Fea3%2Fg4c&srno=s_1_15&otracker=search&fm=organic&iid=7bd7fbba-2d0c-49d2-998d-02c17cd33c0c.PTYH3HSKF7GXZXXZ.SEARCH&ppt=None&ppn=None&ssid=epaqy8p1400000001783424279013&qH=c3109da2ecfccdb5&ov_redirect=true&ov_redirect=true,keyword_search,chew toy for dogs,15,False,126.0,999.0,87.0,4.4,,In Stock,nan,,ok,scrape,https://rukminim2.flixcart.com/image/612/612/xif0q/pet-toy/z/c/w/5-yhd17688-youhavedeal-original-imah3j46msnngdza.jpeg?q=70,decorvaiz,decorvaiz Toys for Puppies & Small Dogs Toys | Rope Ball Toy | Color May Vary | Cotton Chew Toy For Dog,dog_toys
2026-07-07,flipkart,PTYHZT8B6R5YM7SG,c2252b3bd0baa3f9,https://www.flipkart.com/cozy-kiddos-multicolor-dog-puppy-toy-washable-cotton-pack-12-ball-bone-chew-toy-rubber-soft-tough-tug-training-aid-cat/p/itma4678f26173da?pid=PTYHZT8B6R5YM7SG&lid=LSTPTYHZT8B6R5YM7SGZJLAWO&marketplace=FLIPKART&q=chew+toy+for+dogs&store=p3t%2Fea3%2Fg4c&srno=s_1_17&otracker=search&fm=organic&iid=en_E5RUJs_g0T94-KiqHUivcw4JJj8KZE69-F90ql2oVj8edxG5p13cRQRuECrGyHpfKFad23yypZFLM3NuFccMCG570X1ekMAj_h0lT43Hc2x3-XqkmLqggt_WSKSoXKEh&ppt=None&ppn=None&ssid=epaqy8p1400000001783424279013&qH=c3109da2ecfccdb5&ov_redirect=true&ov_redirect=true,keyword_search,chew toy for dogs,17,False,270.0,999.0,73.0,,,In Stock,nan,,ok,scrape,https://rukminim2.flixcart.com/image/612/612/xif0q/pet-toy/n/5/3/12-5268-cozy-kiddos-original-imahzt8bufytjhpy.jpeg?q=70,cozy,"Cozy Kiddos multicolor Dog and Puppy Toy Washable Cotton Pack of 12 Cotton Ball, Bone, Chew Toy, Rubber Toy, Soft Toy, Tough Toy, Tug Toy, Training Aid For Dog & Cat",dog_toys
2026-07-07,flipkart,PTYHFXVVVBFMHHWF,764ee5004e658dd7,https://www.flipkart.com/petjoy-dog-toy-rainbow-rubber-ball-dogs-fetch-ball-chewing-medium-rubber-toy-soft-chew/p/itm0063a50c04aba?pid=PTYHFXVVVBFMHHWF&lid=LSTPTYHFXVVVBFMHHWFMCK763&marketplace=FLIPKART&q=chew+toy+for+dogs&store=p3t%2Fea3%2Fg4c&srno=s_1_18&otracker=search&fm=organic&iid=en_E5RUJs_g0T94-KiqHUivcw4JJj8KZE69-F90ql2oVj9QA-eLBSjkbErY2Q9W0bS_qPlb8TrtstnKwhEYx3MkDbh2PnvHM3eyZHWSkkIk5-N3-XqkmLqggt_WSKSoXKEh&ppt=None&ppn=None&ssid=epaqy8p1400000001783424279013&qH=c3109da2ecfccdb5&ov_redirect=true&ov_redirect=true,keyword_search,chew toy for dogs,18,False,170.0,299.0,43.0,4.1,,In Stock,nan,,ok,scrape,https://rukminim2.flixcart.com/image/612/612/xif0q/pet-toy/2/z/9/1-pet-ball-toy-petjoy-original-imahg74zefzu7mgr.jpeg?q=70,petjoy,"PetJoy Dog Toy Rainbow Rubber, Ball Toy for Dogs, Dog Fetch Ball, Chewing Ball, Medium, Rubber Fetch Toy, Soft Toy, Chew Toy For Dog",dog_toys
2026-07-07,flipkart,PTYHNTHHTAZ8EGHA,ca5214bac60d8050,https://www.flipkart.com/richpet-dog-chew-ball-toy-silicone-toy/p/itm02a55cc037be7?pid=PTYHNTHHTAZ8EGHA&lid=LSTPTYHNTHHTAZ8EGHAQK2Y5J&marketplace=FLIPKART&q=chew+toy+for+dogs&store=p3t%2Fea3%2Fg4c&srno=s_1_19&otracker=search&fm=organic&iid=7bd7fbba-2d0c-49d2-998d-02c17cd33c0c.PTYHNTHHTAZ8EGHA.SEARCH&ppt=None&ppn=None&ssid=epaqy8p1400000001783424279013&qH=c3109da2ecfccdb5&ov_redirect=true&ov_redirect=true,keyword_search,chew toy for dogs,19,False,439.0,900.0,51.0,,,In Stock,nan,,ok,scrape,https://rukminim2.flixcart.com/image/612/612/xif0q/pet-toy/d/f/f/1-silicon-ball-1-richpet-original-imahz6vsgcsfdvcr.jpeg?q=70,richpet,"Richpet Dog Chew Ball Toy Silicone Chew Toy, Ball For Dog",dog_toys
2026-07-07,flipkart,MTYFHZPSW6CC9HEG,a6db9fcde363bba8,https://www.flipkart.com/ngs-battery-operated-dog-back-flip-jumping-barking/p/itm981edb6886a3b?pid=MTYFHZPSW6CC9HEG&lid=LSTMTYFHZPSW6CC9HEGPQZLN1&marketplace=FLIPKART&q=kong+dog+toy&store=search.flipkart.com&srno=s_1_1&otracker=search&fm=organic&iid=474ceca2-7edf-42ed-b744-bb801b6b5e42.MTYFHZPSW6CC9HEG.SEARCH&ppt=None&ppn=None&ssid=dj4tyd2ftc0000001783424281567&qH=f85aed73ab1bacb4&ov_redirect=true&ov_redirect=true,keyword_search,kong dog toy,1,False,542.0,999.0,46.0,3.8,,In Stock,nan,,ok,scrape,https://rukminim2.flixcart.com/image/612/612/k2arbm80/musical-toy/h/e/g/battery-operated-dog-back-flip-jumping-and-barking-ngs-original-imafhzr7hmr8fvpe.jpeg?q=70,ngs,NGS Battery Operated Dog Back Flip Jumping and Barking,dog_food
2026-07-07,flipkart,SHIG7FP72DF4GW3P,,https://www.flipkart.com/adwotiz-decorative-showpiece-24-cm/p/itmc885b15f9767f?pid=SHIG7FP72DF4GW3P&lid=LSTSHIG7FP72DF4GW3PHHIQ0G&marketplace=FLIPKART&q=kong+dog+toy&store=search.flipkart.com&srno=s_1_2&otracker=search&fm=organic&iid=474ceca2-7edf-42ed-b744-bb801b6b5e42.SHIG7FP72DF4GW3P.SEARCH&ppt=None&ppn=None&ssid=dj4tyd2ftc0000001783424281567&qH=f85aed73ab1bacb4&ov_redirect=true&ov_redirect=true,keyword_search,kong dog toy,2,False,374.0,999.0,63.0,4.0,,In Stock,nan,,ok,scrape,https://rukminim2.flixcart.com/image/612/612/ktrk13k0/showpiece-figurine/e/a/t/16-26-dashboard-sleeping-dog-with-charcoal-bag-adwotiz-24-original-imag7fp7kk9cj7ww.jpeg?q=70,adwotiz,Adwotiz Decorative Showpiece - 24 cm,dog_toys
2026-07-07,flipkart,STFFD2D6RYXEFZAJ,,https://www.flipkart.com/jaibalajitrading-pug-stuffed-toy-28-cm/p/itmfd3jgyxhgw4um?pid=STFFD2D6RYXEFZAJ&lid=LSTSTFFD2D6RYXEFZAJUNVTEN&marketplace=FLIPKART&q=kong+dog+toy&store=search.flipkart.com&srno=s_1_3&otracker=search&fm=organic&iid=474ceca2-7edf-42ed-b744-bb801b6b5e42.STFFD2D6RYXEFZAJ.SEARCH&ppt=None&ppn=None&ssid=dj4tyd2ftc0000001783424281567&qH=f85aed73ab1bacb4&ov_redirect=true&ov_redirect=true,keyword_search,kong dog toy,3,False,208.0,499.0,58.0,3.9,,In Stock,nan,,ok,scrape,https://rukminim2.flixcart.com/image/612/612/jr9iwsw0/stuffed-toy/z/a/j/pug-stuffed-toy-28-jaibalajitrading-original-imafd2d5v2c53zes.jpeg?q=70,jaibalajitrading,JAIBALAJITRADING Pug Stuffed Toy - 28 cm,dog_toys
2026-07-07,flipkart,MTYFCYNHY6PFVTQE,38c086fd3b1febd6,https://www.flipkart.com/kashti-new-toy-battery-operated-jumping-barking-dog-puppy-color-may-vary/p/itmfcyvt5gzp69wq?pid=MTYFCYNHY6PFVTQE&lid=LSTMTYFCYNHY6PFVTQEJND08L&marketplace=FLIPKART&q=kong+dog+toy&store=search.flipkart.com&srno=s_1_4&otracker=search&fm=organic&iid=474ceca2-7edf-42ed-b744-bb801b6b5e42.MTYFCYNHY6PFVTQE.SEARCH&ppt=None&ppn=None&ssid=dj4tyd2ftc0000001783424281567&qH=f85aed73ab1bacb4&ov_redirect=true&ov_redirect=true,keyword_search,kong dog toy,4,False,577.0,1100.0,48.0,3.2,,In Stock,nan,,ok,scrape,https://rukminim2.flixcart.com/image/612/612/jpvihzk0/musical-toy/t/q/e/new-toy-battery-operated-jumping-and-barking-dog-puppy-color-may-original-imafbpkkrhajg29p.jpeg?q=70,kashti,Kashti New toy Battery Operated Jumping and Barking Dog (Puppy)(color may be vary),dog_toys
2026-07-07,flipkart,PTYHNRZB3Y8XUBWC,4076559b3df34b29,https://www.flipkart.com/canna-pet-long-neck-toy-dog-xxl-size-microfibre-soft-cat/p/itm0389847d966bb?pid=PTYHNRZB3Y8XUBWC&lid=LSTPTYHNRZB3Y8XUBWC4V03T9&marketplace=FLIPKART&q=kong+dog+toy&store=search.flipkart.com&srno=s_1_5&otracker=search&fm=organic&iid=474ceca2-7edf-42ed-b744-bb801b6b5e42.PTYHNRZB3Y8XUBWC.SEARCH&ppt=None&ppn=None&ssid=dj4tyd2ftc0000001783424281567&qH=f85aed73ab1bacb4&ov_redirect=true&ov_redirect=true,keyword_search,kong dog toy,5,False,412.0,700.0,41.0,,,In Stock,nan,,ok,scrape,https://rukminim2.flixcart.com/image/612/612/xif0q/pet-toy/8/u/w/1-00019-canna-pet-original-imahntmvj23ppsbg.jpeg?q=70,canna,canna pet LONG NECK TOY FOR DOG XXL SIZE Microfibre Soft Toy For Dog & Cat,dog_toys
2026-07-07,flipkart,PTYHD5YGZGWJ4XHU,a59ab6704d4ab940,https://www.flipkart.com/plushmate-x-petaholic-interactive-dog-squeaky-plush-squirrel-toy-copper-polyester/p/itmf2b4fb2bea477?pid=PTYHD5YGZGWJ4XHU&lid=LSTPTYHD5YGZGWJ4XHU3WJR3P&marketplace=FLIPKART&q=kong+dog+toy&store=search.flipkart.com&srno=s_1_6&otracker=search&fm=organic&iid=474ceca2-7edf-42ed-b744-bb801b6b5e42.PTYHD5YGZGWJ4XHU.SEARCH&ppt=None&ppn=None&ssid=dj4tyd2ftc0000001783424281567&qH=f85aed73ab1bacb4&ov_redirect=true&ov_redirect=true,keyword_search,kong dog toy,6,False,424.0,525.0,19.0,,,In Stock,nan,,ok,scrape,https://rukminim2.flixcart.com/image/612/612/xif0q/pet-toy/w/w/t/1-tyd12-plushmate-original-imahdyt3sxhurxus.jpeg?q=70,plushmate,"Plushmate Plushmate x Petaholic Interactive Dog Squeaky Plush Squirrel Toy Copper, Polyester Squeaky Toy For Dog",dog_toys
2026-07-07,flipkart,STFHNWSSBHQXKHMM,78d2bb0d4aca5297,https://www.flipkart.com/order-click-dog-soft-toy-ordtd029-45-cm/p/itm990b53edf35d9?pid=STFHNWSSBHQXKHMM&lid=LSTSTFHNWSSBHQXKHMMCOCHBJ&marketplace=FLIPKART&q=kong+dog+toy&store=search.flipkart.com&srno=s_1_7&otracker=search&fm=organic&iid=474ceca2-7edf-42ed-b744-bb801b6b5e42.STFHNWSSBHQXKHMM.SEARCH&ppt=None&ppn=None&ssid=dj4tyd2ftc0000001783424281567&qH=f85aed73ab1bacb4&ov_redirect=true&ov_redirect=true,keyword_search,kong dog toy,7,False,133.0,549.0,76.0,,,In Stock,nan,,ok,scrape,https://rukminim2.flixcart.com/image/612/612/xif0q/stuffed-toy/7/5/s/dog-soft-toy-ordtd029-45-order-on-click-original-imahnwsstzqwwpyy.jpeg?q=70,order,ORDER ON CLICK Dog Soft Toy ORDTD029 - 45 cm,dog_toys
2026-07-07,flipkart,STFHJNASWGGQQBHQ,2c943565288b4313,https://www.flipkart.com/fun-zoo-toys-brown-dog-soft-toy-24-cm/p/itmd1f56db936c94?pid=STFHJNASWGGQQBHQ&lid=LSTSTFHJNASWGGQQBHQKSOMNZ&marketplace=FLIPKART&q=kong+dog+toy&store=search.flipkart.com&srno=s_1_8&otracker=search&fm=organic&iid=474ceca2-7edf-42ed-b744-bb801b6b5e42.STFHJNASWGGQQBHQ.SEARCH&ppt=None&ppn=None&ssid=dj4tyd2ftc0000001783424281567&qH=f85aed73ab1bacb4&ov_redirect=true&ov_redirect=true,keyword_search,kong dog toy,8,False,342.0,799.0,57.0,,,In Stock,nan,,ok,scrape,https://rukminim2.flixcart.com/image/612/612/xif0q/stuffed-toy/y/i/i/brown-dog-soft-toy-24-fun-zoo-toys-original-imahkz925jdgp8dk.jpeg?q=70,fun,Fun Zoo Toys Brown Dog Soft Toy - 24 cm,dog_toys
2026-07-07,flipkart,STFGKAB2RGASPZDF,4c5832de68b227b0,https://www.flipkart.com/suiinterprise-cute-huggable-super-soft-dog-teddy-bear-28-cm/p/itmfcee309fab498?pid=STFGKAB2RGASPZDF&lid=LSTSTFGKAB2RGASPZDFOTWIEE&marketplace=FLIPKART&q=kong+dog+toy&store=search.flipkart.com&srno=s_1_9&otracker=search&fm=organic&iid=474ceca2-7edf-42ed-b744-bb801b6b5e42.STFGKAB2RGASPZDF.SEARCH&ppt=None&ppn=None&ssid=dj4tyd2ftc0000001783424281567&qH=f85aed73ab1bacb4&ov_redirect=true&ov_redirect=true,keyword_search,kong dog toy,9,False,212.0,499.0,58.0,5.0,,In Stock,nan,,ok,scrape,https://rukminim2.flixcart.com/image/612/612/xif0q/stuffed-toy/v/r/a/cute-huggable-super-soft-dog-teddy-bear-soft-28-suiinterprise-original-imagkab25ah3h5em.jpeg?q=70,suiinterprise,SUIinterprise Cute Huggable Super Soft Dog Teddy Bear Soft - 28 cm,dog_food
2026-07-07,flipkart,SHIH77RGMCBUZTZJ,0956616749f739f7,https://www.flipkart.com/carmod-multi-colour-sleeping-dog-toy-decorative-showpiece-10-cm-fabric-multicolor/p/itm08933c571db0f?pid=SHIH77RGMCBUZTZJ&lid=LSTSHIH77RGMCBUZTZJBQMUAV&marketplace=FLIPKART&q=kong+dog+toy&store=search.flipkart.com&srno=s_1_11&otracker=search&fm=organic&iid=474ceca2-7edf-42ed-b744-bb801b6b5e42.SHIH77RGMCBUZTZJ.SEARCH&ppt=None&ppn=None&ssid=dj4tyd2ftc0000001783424281567&qH=f85aed73ab1bacb4&ov_redirect=true&ov_redirect=true,keyword_search,kong dog toy,11,False,787.0,900.0,13.0,,,In Stock,nan,,ok,scrape,https://rukminim2.flixcart.com/image/612/612/xif0q/showpiece-figurine/n/w/v/26-26-multi-colour-cute-sleeping-dog-sleeping-dog-for-car-original-imah77rgymusubkt.jpeg?q=70,carmod,"CARMOD Multi Colour Sleeping Dog Toy Decorative Showpiece - 10 cm (Fabric, Multicolor) Decorative Showpiece - 10 cm",dog_toys
2026-07-07,flipkart,STFGKAB2JQ4ZNYE3,265cbb826b13a516,https://www.flipkart.com/suiinterprise-small-dog-teddy-bear-soft-toy-28-cm/p/itmfcee309fab498?pid=STFGKAB2JQ4ZNYE3&lid=LSTSTFGKAB2JQ4ZNYE3E95T3H&marketplace=FLIPKART&q=kong+dog+toy&store=search.flipkart.com&srno=s_1_12&otracker=search&fm=organic&iid=474ceca2-7edf-42ed-b744-bb801b6b5e42.STFGKAB2JQ4ZNYE3.SEARCH&ppt=None&ppn=None&ssid=dj4tyd2ftc0000001783424281567&qH=f85aed73ab1bacb4&ov_redirect=true&ov_redirect=true,keyword_search,kong dog toy,12,False,212.0,499.0,58.0,4.0,,In Stock,nan,,ok,scrape,https://rukminim2.flixcart.com/image/612/612/xif0q/stuffed-toy/0/l/h/small-dog-teddy-bear-soft-toy-28-suiinterprise-original-imagkab2xnuesd54.jpeg?q=70,suiinterprise,SUIinterprise Small Dog Teddy Bear Soft Toy - 28 cm,dog_toys
2026-07-07,flipkart,PTYHMCY3TXZZHQFN,b631b28370154d2c,https://www.flipkart.com/nutrapet-lop-eared-donkey-polyester-jute-plush-toy-squeaky-toy-dog/p/itm349213473e6f4?pid=PTYHMCY3TXZZHQFN&lid=LSTPTYHMCY3TXZZHQFNJKJ9NB&marketplace=FLIPKART&q=kong+dog+toy&store=search.flipkart.com&srno=s_1_13&otracker=search&fm=organic&iid=474ceca2-7edf-42ed-b744-bb801b6b5e42.PTYHMCY3TXZZHQFN.SEARCH&ppt=None&ppn=None&ssid=dj4tyd2ftc0000001783424281567&qH=f85aed73ab1bacb4&ov_redirect=true&ov_redirect=true,keyword_search,kong dog toy,13,False,808.0,899.0,10.0,,,In Stock,nan,,ok,scrape,https://rukminim2.flixcart.com/image/612/612/xif0q/pet-toy/c/8/x/1-otrnf9955-nutrapet-original-imahmcy2baaj3r45.jpeg?q=70,nutrapet,"nutrapet The Lop Eared Donkey Polyester, Jute Plush Toy, Squeaky Toy For Dog",dog_toys
2026-07-07,flipkart,STFHJ5ZUBTNZJUUR,,https://www.flipkart.com/zingy-zuzu-enterprises-primum-sheep-toy-white-with-music-20-cm/p/itm178b75c8f8dbe?pid=STFHJ5ZUBTNZJUUR&lid=LSTSTFHJ5ZUBTNZJUUR6UPQBK&marketplace=FLIPKART&q=kong+dog+toy&store=search.flipkart.com&srno=s_1_14&otracker=search&fm=organic&iid=474ceca2-7edf-42ed-b744-bb801b6b5e42.STFHJ5ZUBTNZJUUR.SEARCH&ppt=None&ppn=None&ssid=dj4tyd2ftc0000001783424281567&qH=f85aed73ab1bacb4&ov_redirect=true&ov_redirect=true,keyword_search,kong dog toy,14,False,384.0,600.0,36.0,4.0,,In Stock,nan,,ok,scrape,https://rukminim2.flixcart.com/image/612/612/xif0q/stuffed-toy/h/y/6/primum-sheep-toy-white-with-music-20-zingy-zuzu-enterprises-original-imahj5zumgzffhr6.jpeg?q=70,zingy,Zingy & Zuzu Enterprises Primum_Sheep_Toy_White_With_Music - 20 cm,dog_toys
2026-07-07,flipkart,STFH9ZHMGAJYATW7,393bb7a0a2b7a6bf,https://www.flipkart.com/vikausha-enterprises-dog-soft-toys-04-33-cm/p/itmae9466b75b365?pid=STFH9ZHMGAJYATW7&lid=LSTSTFH9ZHMGAJYATW7C7ZREQ&marketplace=FLIPKART&q=kong+dog+toy&store=search.flipkart.com&srno=s_1_16&otracker=search&fm=organic&iid=474ceca2-7edf-42ed-b744-bb801b6b5e42.STFH9ZHMGAJYATW7.SEARCH&ppt=None&ppn=None&ssid=dj4tyd2ftc0000001783424281567&qH=f85aed73ab1bacb4&ov_redirect=true&ov_redirect=true,keyword_search,kong dog toy,16,False,261.0,999.0,74.0,,,In Stock,nan,,ok,scrape,https://rukminim2.flixcart.com/image/612/612/xif0q/stuffed-toy/b/2/w/dog-soft-toys-04-33-vikausha-enterprises-original-imah9zhhwyxgff8d.jpeg?q=70,vikausha,Vikausha Enterprises Dog Soft Toys_04 - 33 cm,dog_food
2026-07-07,flipkart,SHIH2ZFC5Y9UR4JR,7536c417dc71812a,https://www.flipkart.com/atut-dog-showpiece-home-decor-big-size-decorative-showpiece-9-cm/p/itm605d071114671?pid=SHIH2ZFC5Y9UR4JR&lid=LSTSHIH2ZFC5Y9UR4JRFITAVP&marketplace=FLIPKART&q=kong+dog+toy&store=search.flipkart.com&srno=s_1_17&otracker=search&fm=organic&iid=474ceca2-7edf-42ed-b744-bb801b6b5e42.SHIH2ZFC5Y9UR4JR.SEARCH&ppt=None&ppn=None&ssid=dj4tyd2ftc0000001783424281567&qH=f85aed73ab1bacb4&ov_redirect=true&ov_redirect=true,keyword_search,kong dog toy,17,False,233.0,699.0,67.0,,,In Stock,nan,,ok,scrape,https://rukminim2.flixcart.com/image/612/612/xif0q/showpiece-figurine/n/6/n/20-8-dgg006-atut-9-original-imah2zfcagykunyz.jpeg?q=70,atut,"ATUT Dog showpiece, for Home Decor in Big size, Decorative Showpiece - 9 cm",dog_food
2026-07-07,flipkart,PTYHE3EMUUPGBZSZ,b075fe1278f0f7ba,https://www.flipkart.com/dogtrust-plush-dog-toys-interactive-squeaky-durable-chew-long-animals-1pcs-wool-toy-cat/p/itmd9b7950ff432b?pid=PTYHE3EMUUPGBZSZ&lid=LSTPTYHE3EMUUPGBZSZNIMF2L&marketplace=FLIPKART&q=kong+dog+toy&store=search.flipkart.com&srno=s_1_18&otracker=search&fm=organic&iid=474ceca2-7edf-42ed-b744-bb801b6b5e42.PTYHE3EMUUPGBZSZ.SEARCH&ppt=None&ppn=None&ssid=dj4tyd2ftc0000001783424281567&qH=f85aed73ab1bacb4&ov_redirect=true&ov_redirect=true,keyword_search,kong dog toy,18,False,595.0,1299.0,54.0,,,In Stock,nan,,ok,scrape,https://rukminim2.flixcart.com/image/612/612/xif0q/pet-toy/i/r/s/1-plush-toy-squirrel-dogtrust-original-imahe3emhxjjysgd.jpeg?q=70,dogtrust,"DogTrust Plush Dog Toys with Interactive Squeaky, Durable Chew for Long Animals (1Pcs) Wool Plush Toy For Dog & Cat",dog_toys
2026-07-07,flipkart,STFHCYWTHFUQ9DXY,9a1339d9fcec5747,https://www.flipkart.com/play-hour-charlie-dog-plush-soft-long-chocolate-ears-toy-ages-3-years-up-45-cm/p/itmf26550f5f3c4a?pid=STFHCYWTHFUQ9DXY&lid=LSTSTFHCYWTHFUQ9DXYPXEE5N&marketplace=FLIPKART&q=kong+dog+toy&store=search.flipkart.com&srno=s_1_20&otracker=search&fm=organic&iid=474ceca2-7edf-42ed-b744-bb801b6b5e42.STFHCYWTHFUQ9DXY.SEARCH&ppt=None&ppn=None&ssid=dj4tyd2ftc0000001783424281567&qH=f85aed73ab1bacb4&ov_redirect=true&ov_redirect=true,keyword_search,kong dog toy,20,False,588.0,1579.0,63.0,,,In Stock,nan,,ok,scrape,https://rukminim2.flixcart.com/image/612/612/xif0q/stuffed-toy/i/s/5/the-dog-plush-soft-with-long-chocolate-ears-toy-for-ages-3-years-original-imahb85ykzgwgjnx.jpeg?q=70,play,Play Hour Charlie The Dog Plush Soft With Long Chocolate Ears Toy For Ages 3 Years And Up - 45 cm,dog_toys
2026-07-07,flipkart,PTYHJEEURGHTZHAH,30ea44f91502da15,https://www.flipkart.com/trendytresures-interactive-cat-toys-ball-motion-activated-rolling-toy-training-dog-silicone-plastic-ball-fetch-toy-chew-toy/p/itmeaccfedf6219e?pid=PTYHJEEURGHTZHAH&lid=LSTPTYHJEEURGHTZHAHB9N3TW&marketplace=FLIPKART&q=interactive+dog+toy&store=p3t&srno=s_1_4&otracker=search&fm=organic&iid=34a0c700-473e-403a-b3c5-5bb95f7b634f.PTYHJEEURGHTZHAH.SEARCH&ppt=None&ppn=None&ssid=ef5gxxp0xs0000001783424284222&qH=53ab0f799320af1a&ov_redirect=true&ov_redirect=true,keyword_search,interactive dog toy,4,False,170.0,999.0,83.0,4.3,,In Stock,nan,,ok,scrape,https://rukminim2.flixcart.com/image/612/612/xif0q/pet-toy/e/f/z/1-smart-led-360-rotating-cat-toy-ball-cat-dancing-ball-pet-original-imahg6cnvcgz42pb.jpeg?q=70,trendytresures,"TrendyTresures Interactive Cat Toys Ball –Motion Activated Rolling Toy,Training For Dog & Cat Silicone, Plastic Ball, Fetch Toy, Chew Toy For Dog & Cat",cat_toys
2026-07-07,flipkart,PTYHNHGYVJJQSPZA,29e8a3502901dbfa,https://www.flipkart.com/ec-world-dog-toy-plastic-soft/p/itmbb3332a2b1d98?pid=PTYHNHGYVJJQSPZA&lid=LSTPTYHNHGYVJJQSPZARLWAQR&marketplace=FLIPKART&q=interactive+dog+toy&store=p3t&srno=s_1_5&otracker=search&fm=organic&iid=34a0c700-473e-403a-b3c5-5bb95f7b634f.PTYHNHGYVJJQSPZA.SEARCH&ppt=None&ppn=None&ssid=ef5gxxp0xs0000001783424284222&qH=53ab0f799320af1a&ov_redirect=true&ov_redirect=true,keyword_search,interactive dog toy,5,False,344.0,1599.0,78.0,,,In Stock,nan,,ok,scrape,https://rukminim2.flixcart.com/image/612/612/xif0q/pet-toy/w/1/k/2-dog-toy-ec-world-original-imahnhgxngjfbky4.jpeg?q=70,ec,EC World Dog Toy Plastic Soft Toy For Dog,dog_toys
2026-07-07,flipkart,PTYGVWS8FVPGYMZP,734baa322d769fe7,https://www.flipkart.com/paws-samrat-glow-giggle-ball-interactive-dog-toy-laughing-all-pet-dogs-rubber-ball-squeaky-cat/p/itm33dfe9e578e10?pid=PTYGVWS8FVPGYMZP&lid=LSTPTYGVWS8FVPGYMZP6BJZNJ&marketplace=FLIPKART&q=interactive+dog+toy&store=p3t&srno=s_1_6&otracker=search&fm=organic&iid=en_Vf9HD0ojSiUt_W0awIT38Ll2n89ss4IF2MjQc5eekk_PLaoKW6kJ8wcMUxGQDhQqRxd2eCCeZBhi36x96o0d51LQoIis-Ig4VfPj7yejgCwoiFHuHT47RqdAUySCJIYd&ppt=None&ppn=None&ssid=ef5gxxp0xs0000001783424284222&qH=53ab0f799320af1a&ov_redirect=true&ov_redirect=true,keyword_search,interactive dog toy,6,False,519.0,999.0,48.0,4.5,,In Stock,nan,,ok,scrape,https://rukminim2.flixcart.com/image/612/612/xif0q/pet-toy/y/y/2/1-glow-giggle-ball-interactive-dog-toy-laughing-ball-for-all-pet-original-imahds36cgf82qjc.jpeg?q=70,paws,"PAWS SAMRAT Glow Giggle Ball Interactive Dog Toy Laughing Ball for All Pet Dogs | Rubber Ball, Squeaky Toy For Dog & Cat",dog_toys
2026-07-07,flipkart,PTYHGBSPQGZ75QSC,23b09fe8d071b580,https://www.flipkart.com/paw-n-pet-interactive-rotation-toy-ball-cat-dog-automatic-dancing-silicone-dog/p/itmf2e72a6ffa287?pid=PTYHGBSPQGZ75QSC&lid=LSTPTYHGBSPQGZ75QSC4SEEXQ&marketplace=FLIPKART&q=interactive+dog+toy&store=p3t&srno=s_1_7&otracker=search&fm=organic&iid=34a0c700-473e-403a-b3c5-5bb95f7b634f.PTYHGBSPQGZ75QSC.SEARCH&ppt=None&ppn=None&ssid=ef5gxxp0xs0000001783424284222&qH=53ab0f799320af1a&ov_redirect=true&ov_redirect=true,keyword_search,interactive dog toy,7,False,175.0,699.0,75.0,3.0,,In Stock,nan,,ok,scrape,https://rukminim2.flixcart.com/image/612/612/xif0q/pet-toy/o/x/o/1-interactive-pet-rotation-toy-ball-for-cat-dog-cat-dancing-ball-original-imahgbspjtmvfx6k.jpeg?q=70,paw,"Paw N Pet Interactive Pet Rotation Toy Ball For Cat & Dog, Automatic Cat Dancing ball Silicone Ball For Dog & Cat",cat_toys
2026-07-07,flipkart,PTYHNMU3ZZBHCGXU,2580c8ed2558b46f,https://www.flipkart.com/bhadani-interactive-play-dental-health-teething-relief-5-1-rope-combo-toys-cotton-tug-toy-fetch-tough-toy-dog/p/itmdd6b3d8dd942d?pid=PTYHNMU3ZZBHCGXU&lid=LSTPTYHNMU3ZZBHCGXUYPJCQE&marketplace=FLIPKART&q=interactive+dog+toy&store=p3t&srno=s_1_8&otracker=search&fm=organic&iid=34a0c700-473e-403a-b3c5-5bb95f7b634f.PTYHNMU3ZZBHCGXU.SEARCH&ppt=None&ppn=None&ssid=ef5gxxp0xs0000001783424284222&qH=53ab0f799320af1a&ov_redirect=true&ov_redirect=true,keyword_search,interactive dog toy,8,False,265.0,719.0,63.0,,,In Stock,nan,,ok,scrape,https://rukminim2.flixcart.com/image/612/612/xif0q/pet-toy/n/n/m/5-fdgdgokl-right-traders-original-imahnhphqzunfzzj.jpeg?q=70,bhadani,"Bhadani Interactive Play Dental Health Teething Relief 5 in 1 Rope Combo Toys Cotton Tug Toy, Fetch Toy, Tough Toy For Dog",dog_toys
2026-07-07,flipkart,PTYGPMF8A636U2TG,a5d60a43a31a0674,https://www.flipkart.com/pet-needs-combo-4-soft-latex-rubber-interactive-squeaky-toys-small-puppy-ball-fetch-toy-toy-dog-cat/p/itm8609c08c10927?pid=PTYGPMF8A636U2TG&lid=LSTPTYGPMF8A636U2TGN8KDAP&marketplace=FLIPKART&q=interactive+dog+toy&store=p3t&srno=s_1_9&otracker=search&fm=organic&iid=34a0c700-473e-403a-b3c5-5bb95f7b634f.PTYGPMF8A636U2TG.SEARCH&ppt=None&ppn=None&ssid=ef5gxxp0xs0000001783424284222&qH=53ab0f799320af1a&ov_redirect=true&ov_redirect=true,keyword_search,interactive dog toy,9,False,245.0,499.0,51.0,4.6,,In Stock,nan,,ok,scrape,https://rukminim2.flixcart.com/image/612/612/xif0q/pet-toy/3/t/7/4-pa-ty-326-combo-of-4-soft-latex-rubber-interactive-squeaky-original-imah2e59ze6rzs5p.jpeg?q=70,,"Pet Needs Combo of 4 Soft Latex Rubber Interactive Squeaky Toys for Small Puppy; Rubber Ball, Fetch Toy, Rubber Toy, Soft Toy, Squeaky Toy For Dog & Cat",dog_toys
2026-07-07,flipkart,PTYHMKUXSQ4KZGPU,481be18be0d76d5a,https://www.flipkart.com/daeexino-active-moving-pet-plush-toy-smart-interactive-dog-toy-bouncing-balls-plastic-soft/p/itmda7c94e2e0d01?pid=PTYHMKUXSQ4KZGPU&lid=LSTPTYHMKUXSQ4KZGPULRISO3&marketplace=FLIPKART&q=interactive+dog+toy&store=p3t&srno=s_1_10&otracker=search&fm=organic&iid=34a0c700-473e-403a-b3c5-5bb95f7b634f.PTYHMKUXSQ4KZGPU.SEARCH&ppt=None&ppn=None&ssid=ef5gxxp0xs0000001783424284222&qH=53ab0f799320af1a&ov_redirect=true&ov_redirect=true,keyword_search,interactive dog toy,10,False,774.0,1499.0,48.0,,,In Stock,nan,,ok,scrape,https://rukminim2.flixcart.com/image/612/612/xif0q/pet-toy/v/u/b/1-interactive-pig-plush-talking-ball-for-dogs-cats-musical-original-imahg84tvmyagvhg.jpeg?q=70,daeexino,"DAEEXINO Active Moving Pet Plush Toy, Smart Interactive Dog Toy Pet Bouncing Balls Plastic Soft Toy For Dog",dog_toys
2026-07-07,flipkart,PTYHJ6HEKQBMG6XK,500710478c3a015f,https://www.flipkart.com/pawmino-interactive-rolling-ball-toy-dogs-cats-rechargeable-smart-silicone-plastic-dog-cat/p/itm22e0953d5619d?pid=PTYHJ6HEKQBMG6XK&lid=LSTPTYHJ6HEKQBMG6XKIRTLC1&marketplace=FLIPKART&q=interactive+dog+toy&store=p3t&srno=s_1_11&otracker=search&fm=organic&iid=en_Vf9HD0ojSiUt_W0awIT38Ll2n89ss4IF2MjQc5eekk_IJLGoIF9fe-OgSMM6Dm5HHqIo_HHNix3iEwSIK8WBJWPXoCQQy6UPbqrayPfXJ1IoiFHuHT47RqdAUySCJIYd&ppt=None&ppn=None&ssid=ef5gxxp0xs0000001783424284222&qH=53ab0f799320af1a&ov_redirect=true&ov_redirect=true,keyword_search,interactive dog toy,11,False,178.0,999.0,82.0,4.1,,In Stock,nan,,ok,scrape,https://rukminim2.flixcart.com/image/612/612/xif0q/pet-toy/s/e/b/1-rolling-ball-toy-with-tail-and-light-for-dog-cat-pawmino-original-imahz2h8r3hcgqhm.jpeg?q=70,pawmino,"Pawmino Interactive Rolling Ball Toy for Dogs & Cats | Rechargeable Smart Ball | Silicone, Plastic Ball For Dog & Cat",cat_toys
2026-07-07,flipkart,PTYHM3GGXZWBNFNQ,fc2512ae78fe3186,https://www.flipkart.com/petsnplay-pet-toy-interactive-chew-dogs-cat-realistic-burger-rubber-silicone-squeaky-toy-ball-plush-dog/p/itm65341090b9146?pid=PTYHM3GGXZWBNFNQ&lid=LSTPTYHM3GGXZWBNFNQCPWH5Y&marketplace=FLIPKART&q=interactive+dog+toy&store=p3t&srno=s_1_12&otracker=search&fm=organic&iid=en_Vf9HD0ojSiUt_W0awIT38Ll2n89ss4IF2MjQc5eekk8w0VxtLYE9OowX_rLvLwtk9A6RpkkL6k13IqzJiwiLaacfJPwQvURkFVct3RXvdB4wAU6WQE4opj5QqnbaAzWu&ppt=None&ppn=None&ssid=ef5gxxp0xs0000001783424284222&qH=53ab0f799320af1a&ov_redirect=true&ov_redirect=true,keyword_search,interactive dog toy,12,False,169.0,999.0,83.0,2.3,,In Stock,nan,,ok,scrape,https://rukminim2.flixcart.com/image/612/612/xif0q/pet-toy/z/1/q/1-pet-interactive-toy-interactive-squeaky-chew-toy-for-dogs-and-original-imahm3ggp2tzbnzy.jpeg?q=70,petsnplay,"PETSNPLAY Pet toy interactive chew toy for Dogs and cat REALISTIC BURGER Rubber, Silicone Squeaky Toy, Chew Toy, Ball, Plush Toy For Dog & Cat",cat_toys
2026-07-07,flipkart,PTYGY3HNWFHBASXG,9b2f04536369db2c,https://www.flipkart.com/dogtrust-cat-interactive-colorful-feather-pet-toy-plastic-fetch-dog/p/itm1524dfad6d4aa?pid=PTYGY3HNWFHBASXG&lid=LSTPTYGY3HNWFHBASXGXT6NZ2&marketplace=FLIPKART&q=interactive+dog+toy&store=p3t&srno=s_1_13&otracker=search&fm=organic&iid=34a0c700-473e-403a-b3c5-5bb95f7b634f.PTYGY3HNWFHBASXG.SEARCH&ppt=None&ppn=None&ssid=ef5gxxp0xs0000001783424284222&qH=53ab0f799320af1a&ov_redirect=true&ov_redirect=true,keyword_search,interactive dog toy,13,False,170.0,499.0,66.0,4.0,,In Stock,nan,,ok,scrape,https://rukminim2.flixcart.com/image/612/612/xif0q/pet-toy/g/p/m/2-feather-tumbler-cat-toy-ball-kitten-toy-2-pcs-dogtrust-original-imagy3kgfcjyugmv.jpeg?q=70,dogtrust,DogTrust Cat Interactive Colorful Feather Pet Toy Plastic Fetch Toy For Dog & Cat,cat_toys
2026-07-07,flipkart,PTYHHBF9FHZDZD4R,10c3d4c2a75d292a,https://www.flipkart.com/petsoft-interactive-cat-toy-rolling-ball-spring-mouse-plastic-fetch-dog/p/itm7543796e37d29?pid=PTYHHBF9FHZDZD4R&lid=LSTPTYHHBF9FHZDZD4RYRGG9D&marketplace=FLIPKART&q=interactive+dog+toy&store=p3t&srno=s_1_14&otracker=search&fm=organic&iid=34a0c700-473e-403a-b3c5-5bb95f7b634f.PTYHHBF9FHZDZD4R.SEARCH&ppt=None&ppn=None&ssid=ef5gxxp0xs0000001783424284222&qH=53ab0f799320af1a&ov_redirect=true&ov_redirect=true,keyword_search,interactive dog toy,14,False,250.0,699.0,64.0,,,In Stock,nan,,ok,scrape,https://rukminim2.flixcart.com/image/612/612/xif0q/pet-toy/4/w/s/1-interactive-cat-toy-with-rolling-ball-spring-mouse-petsoft-original-imahhbf7bnxaqcd9.jpeg?q=70,petsoft,Petsoft Interactive Cat Toy with Rolling Ball & Spring Mouse Plastic Fetch Toy For Dog & Cat,cat_toys
2026-07-07,flipkart,PTYHM6PFYMACPFVW,c3baec32d90deace,https://www.flipkart.com/wagster-interactive-cat-toy-ball-rolling-rope-cats-dogs-pet-play-fun-silicone-plastic-dog/p/itm9375c35bb3e32?pid=PTYHM6PFYMACPFVW&lid=LSTPTYHM6PFYMACPFVW4LRWX4&marketplace=FLIPKART&q=interactive+dog+toy&store=p3t&srno=s_1_15&otracker=search&fm=organic&iid=34a0c700-473e-403a-b3c5-5bb95f7b634f.PTYHM6PFYMACPFVW.SEARCH&ppt=None&ppn=None&ssid=ef5gxxp0xs0000001783424284222&qH=53ab0f799320af1a&ov_redirect=true&ov_redirect=true,keyword_search,interactive dog toy,15,False,287.0,999.0,71.0,,,In Stock,nan,,ok,scrape,https://rukminim2.flixcart.com/image/612/612/xif0q/pet-toy/d/u/f/1-interactive-cat-and-dog-ball-vrtrend-original-imahjm8tqhvxtjpq.jpeg?q=70,wagster,"Wagster Interactive Cat Toy Ball Rolling Rope Toy for Cats Dogs Pet Play Fun Ball Silicone, Plastic Ball For Dog & Cat",cat_toys
2026-07-07,flipkart,PTYHYF4RGANJSM7B,1bba2504b559452e,https://www.flipkart.com/pet-guard-interactive-cat-wand-feather-toys-bells-indoor-plastic-fetch-toy-dog/p/itm95e37a6e1937a?pid=PTYHYF4RGANJSM7B&lid=LSTPTYHYF4RGANJSM7BCZB6Z8&marketplace=FLIPKART&q=interactive+dog+toy&store=p3t&srno=s_1_16&otracker=search&fm=organic&iid=34a0c700-473e-403a-b3c5-5bb95f7b634f.PTYHYF4RGANJSM7B.SEARCH&ppt=None&ppn=None&ssid=ef5gxxp0xs0000001783424284222&qH=53ab0f799320af1a&ov_redirect=true&ov_redirect=true,keyword_search,interactive dog toy,16,False,180.0,599.0,70.0,4.2,,In Stock,nan,,ok,scrape,https://rukminim2.flixcart.com/image/612/612/xif0q/pet-toy/d/r/8/1-na-pet-guard-original-imahyf4rz2pg7kgp.jpeg?q=70,,Pet Guard Interactive Cat Wand and Cat Feather Toys with Bells For Indoor Cat toys Plastic Fetch Toy For Dog & Cat,cat_toys
2026-07-07,flipkart,PTYHEA8HNV8HZD7G,b13efe801915af6f,https://www.flipkart.com/decorvaiz-toys-big-cats-tails-smart-ball-interactive-pet-rolling-toy-silicone-nylon-pp-polypropylene-dog-cat/p/itm025fd9db7b53f?pid=PTYHEA8HNV8HZD7G&lid=LSTPTYHEA8HNV8HZD7GDCFML2&marketplace=FLIPKART&q=interactive+dog+toy&store=p3t&srno=s_1_17&otracker=search&fm=organic&iid=en_Vf9HD0ojSiUt_W0awIT38Ll2n89ss4IF2MjQc5eekk8EBtsXrkuz0SDD4rMsczz5A7ESXIxg0aQjaAkWwZpHo-gZVvFvez-3jRfInY5WElMwAU6WQE4opj5QqnbaAzWu&ppt=None&ppn=None&ssid=ef5gxxp0xs0000001783424284222&qH=53ab0f799320af1a&ov_redirect=true&ov_redirect=true,keyword_search,interactive dog toy,17,False,149.0,999.0,85.0,3.4,,In Stock,nan,,ok,scrape,https://rukminim2.flixcart.com/image/612/612/xif0q/pet-toy/x/m/d/1-new-self-rotating-pet-ball-cat-toys-ball-for-indoor-cats-fast-original-imahea8hjdkza45x.jpeg?q=70,decorvaiz,"decorvaiz Toys for Big Cats, Tails Smart Ball Interactive Pet Rolling Ball Toy Silicone, Nylon, PP (Polypropylene) Ball For Dog & Cat",cat_toys
2026-07-07,flipkart,PTYHZCBFWUDDNSGH,ab0b59b310cde34e,https://www.flipkart.com/smart-pet-interactive-cat-toy-rolling-feather-teaser-cats-kittens-plastic-fetch-dog/p/itmc99c2b7ee73b6?pid=PTYHZCBFWUDDNSGH&lid=LSTPTYHZCBFWUDDNSGHJWMXVE&marketplace=FLIPKART&q=interactive+dog+toy&store=p3t&srno=s_1_18&otracker=search&fm=organic&iid=en_Vf9HD0ojSiUt_W0awIT38Ll2n89ss4IF2MjQc5eekk9_yLPllh8l32ltMXLLb9DMpUZu7Tpnyvc4ciDnaT9v54sVfRBM-Il-8VJ4R4f5bgAwAU6WQE4opj5QqnbaAzWu&ppt=None&ppn=None&ssid=ef5gxxp0xs0000001783424284222&qH=53ab0f799320af1a&ov_redirect=true&ov_redirect=true,keyword_search,interactive dog toy,18,False,783.0,999.0,22.0,,,In Stock,nan,,ok,scrape,https://rukminim2.flixcart.com/image/612/612/xif0q/pet-toy/m/6/t/1-rolling-toy-smart-pet-original-imahzcbfdguzxttm.jpeg?q=70,smart,Smart pet Interactive Cat Toy Rolling Toy with Feather Teaser for Cats and Kittens Plastic Fetch Toy For Dog & Cat,cat_toys
2026-07-07,flipkart,PTYHZPH8ADV6EUWZ,857487cdd0798ed0,https://www.flipkart.com/zelda-pet-cat-interactive-ball-toy-lightweight-rolling-chase-play-pack-1-plastic-nylon-silicone-dog/p/itm02dd72d5a4870?pid=PTYHZPH8ADV6EUWZ&lid=LSTPTYHZPH8ADV6EUWZVQJVVK&marketplace=FLIPKART&q=interactive+dog+toy&store=p3t&srno=s_1_19&otracker=search&fm=organic&iid=34a0c700-473e-403a-b3c5-5bb95f7b634f.PTYHZPH8ADV6EUWZ.SEARCH&ppt=None&ppn=None&ssid=ef5gxxp0xs0000001783424284222&qH=53ab0f799320af1a&ov_redirect=true&ov_redirect=true,keyword_search,interactive dog toy,19,False,428.0,999.0,57.0,,,In Stock,nan,,ok,scrape,https://rukminim2.flixcart.com/image/612/612/xif0q/cat-scratching-post/a/s/m/cdb01-hellyz-7-original-imahe2fgfnuneaym.jpeg?q=70,zelda,"Zelda Pet Cat Interactive Ball Toy Lightweight Rolling Chase Play Toy Pack of 1 Plastic, Nylon, Silicone Ball For Dog & Cat",cat_toys
2026-07-07,flipkart,PTYHFTEASYGNR9FS,428123f9440a5509,https://www.flipkart.com/vm-mart-interactive-smart-ball-toy-rope-cats-dogs-silicone-dog-cat/p/itmf5145cbd28bbc?pid=PTYHFTEASYGNR9FS&lid=LSTPTYHFTEASYGNR9FSMK0LDT&marketplace=FLIPKART&q=interactive+dog+toy&store=p3t&srno=s_1_20&otracker=search&fm=organic&iid=34a0c700-473e-403a-b3c5-5bb95f7b634f.PTYHFTEASYGNR9FS.SEARCH&ppt=None&ppn=None&ssid=ef5gxxp0xs0000001783424284222&qH=53ab0f799320af1a&ov_redirect=true&ov_redirect=true,keyword_search,interactive dog toy,20,False,297.0,599.0,50.0,,,In Stock,nan,,ok,scrape,https://rukminim2.flixcart.com/image/612/612/xif0q/pet-toy/9/v/s/1-interactive-smart-ball-toy-with-rope-for-cats-and-dogs-vm-mart-original-imahftea3tyryuqs.jpeg?q=70,vm,VM Mart VM Mart Interactive Smart Ball Toy With Rope for Cats and Dogs Silicone Ball For Dog & Cat,cat_toys
2026-07-07,flipkart,STFH7F6YHFCYRD3A,ef82e3c2e9559542,https://www.flipkart.com/super-toy-cute-sleeping-cat-plush-meow-sound-kids-gift-car-dashboard-accessory-5-7-cm/p/itmed872f1ba2635?pid=STFH7F6YHFCYRD3A&lid=LSTSTFH7F6YHFCYRD3AVHE8TM&marketplace=FLIPKART&q=cat+toys&store=tng&srno=s_1_1&otracker=search&fm=organic&iid=en_IzWFNLIKqIzZcTtcUsSXALfkuTTlz48es0czt3AiXTjfFl1qlQRhexV9L7BSSQC27Gy1LzhfS6Q66xYtp6xI5ijrxS4FedM5mHqfRPYdzEIAP_QWpy2gjniOCiPDO9ky&ppt=None&ppn=None&ssid=aofj69zshs0000001783424286813&qH=4372de0f4359aa53&ov_redirect=true&ov_redirect=true,keyword_search,cat toys,1,False,268.0,999.0,73.0,4.4,,In Stock,nan,,ok,scrape,https://rukminim2.flixcart.com/image/612/612/xif0q/showpiece-figurine/1/8/t/3-14-sleeping-cute-cat-for-car-dashboard-and-home-decor-original-imah4f7cctkgs7qy.jpeg?q=70,me-o,"Super Toy Cute Sleeping Cat Plush Toy with Meow Sound, Kids Gift & Car Dashboard Accessory - 5.7 cm",cat_toys
2026-07-07,flipkart,MTYGPZQTGCZ89WWF,4ada4b7fda9197f6,https://www.flipkart.com/funablo-baby-toys-12-18-months-dancing-cat-toddlers-1-year-old-boys-girls/p/itm47c7a23180909?pid=MTYGPZQTGCZ89WWF&lid=LSTMTYGPZQTGCZ89WWFVXNV9W&marketplace=FLIPKART&q=cat+toys&store=tng&srno=s_1_4&otracker=search&fm=organic&iid=578702ef-3270-4863-9036-db59e3e6d0b1.MTYGPZQTGCZ89WWF.SEARCH&ppt=None&ppn=None&ssid=aofj69zshs0000001783424286813&qH=4372de0f4359aa53&ov_redirect=true&ov_redirect=true,keyword_search,cat toys,4,False,4455.0,5550.0,20.0,,,In Stock,nan,,ok,scrape,https://rukminim2.flixcart.com/image/612/612/xif0q/musical-toy/h/w/1/baby-toys-12-18-months-dancing-cat-toddlers-toys-for-1-year-old-original-imagpzqtmaggythy.jpeg?q=70,funablo,FUNABLO Baby Toys 12-18 Months Dancing Cat Toddlers Toys for 1 Year Old Boys Girls,cat_toys
2026-07-07,flipkart,STFHHPMP8GZSHWB4,31db294e6274f8ff,https://www.flipkart.com/baby-melon-soft-fur-musical-cat-meow-sound-animal-toy-30-cm/p/itm23f43ec2adc6b?pid=STFHHPMP8GZSHWB4&lid=LSTSTFHHPMP8GZSHWB4RAYFMW&marketplace=FLIPKART&q=cat+toys&store=tng&srno=s_1_6&otracker=search&fm=organic&iid=578702ef-3270-4863-9036-db59e3e6d0b1.STFHHPMP8GZSHWB4.SEARCH&ppt=None&ppn=None&ssid=aofj69zshs0000001783424286813&qH=4372de0f4359aa53&ov_redirect=true&ov_redirect=true,keyword_search,cat toys,6,False,301.0,799.0,62.0,4.4,,In Stock,nan,,ok,scrape,https://rukminim2.flixcart.com/image/612/612/xif0q/stuffed-toy/k/g/g/soft-fur-musical-cat-with-meow-meow-sound-animal-toy-30-baby-original-imahhpmpbamvzyyj.jpeg?q=70,me-o,Baby Melon Soft fur Musical Cat with meow meow sound Animal toy - 30 cm,cat_toys
2026-07-07,flipkart,STFHZG4FNGZU6FWZ,029c54d93a795fcd,https://www.flipkart.com/bhambhu-store-musical-sleeping-cat-plush-soft-toy-cushion-bed-5-cm/p/itm018006175d334?pid=STFHZG4FNGZU6FWZ&lid=LSTSTFHZG4FNGZU6FWZGOKYBD&marketplace=FLIPKART&q=cat+toys&store=tng&srno=s_1_7&otracker=search&fm=organic&iid=578702ef-3270-4863-9036-db59e3e6d0b1.STFHZG4FNGZU6FWZ.SEARCH&ppt=None&ppn=None&ssid=aofj69zshs0000001783424286813&qH=4372de0f4359aa53&ov_redirect=true&ov_redirect=true,keyword_search,cat toys,7,False,232.0,599.0,61.0,,,In Stock,nan,,ok,scrape,https://rukminim2.flixcart.com/image/612/612/xif0q/stuffed-toy/k/p/l/musical-sleeping-cat-plush-soft-toy-with-cushion-bed-5-original-imahzg4fhs8nyxty.jpeg?q=70,bhambhu,Bhambhu Store Musical Sleeping Cat Plush Soft Toy with Cushion Bed - 5 cm,cat_toys
2026-07-07,flipkart,STFHHXFVHSBVCBK6,31db294e6274f8ff,https://www.flipkart.com/baby-melon-soft-fur-musical-cat-meow-sound-animal-toy-30-cm/p/itm23f43ec2adc6b?pid=STFHHXFVHSBVCBK6&lid=LSTSTFHHXFVHSBVCBK6L9SQZJ&marketplace=FLIPKART&q=cat+toys&store=tng&srno=s_1_8&otracker=search&fm=organic&iid=578702ef-3270-4863-9036-db59e3e6d0b1.STFHHXFVHSBVCBK6.SEARCH&ppt=None&ppn=None&ssid=aofj69zshs0000001783424286813&qH=4372de0f4359aa53&ov_redirect=true&ov_redirect=true,keyword_search,cat toys,8,False,337.0,799.0,58.0,4.4,,In Stock,nan,,ok,scrape,https://rukminim2.flixcart.com/image/612/612/xif0q/stuffed-toy/a/s/7/soft-fur-musical-cat-with-meow-meow-sound-animal-toy-30-baby-original-imahhxfv8h7gccu9.jpeg?q=70,me-o,Baby Melon Soft fur Musical Cat with meow meow sound Animal toy - 30 cm,cat_toys
2026-07-07,flipkart,STFH3854J75NKEYN,322a74fe1e4e5b0d,https://www.flipkart.com/ttw-stuffed-sleeping-cat-plush-toy-press-simulation-sound-animal-fur-soft-6-cm/p/itm3a92e0d365588?pid=STFH3854J75NKEYN&lid=LSTSTFH3854J75NKEYNVE8I3N&marketplace=FLIPKART&q=cat+toys&store=tng&srno=s_1_9&otracker=search&fm=organic&iid=578702ef-3270-4863-9036-db59e3e6d0b1.STFH3854J75NKEYN.SEARCH&ppt=None&ppn=None&ssid=aofj69zshs0000001783424286813&qH=4372de0f4359aa53&ov_redirect=true&ov_redirect=true,keyword_search,cat toys,9,False,239.0,599.0,60.0,4.1,,In Stock,nan,,ok,scrape,https://rukminim2.flixcart.com/image/612/612/xif0q/stuffed-toy/o/c/q/big-sleeping-cute-cat-for-car-dashboard-and-home-decor-with-original-imahadan7rf849me.jpeg?q=70,ttw,"TTW Stuffed Sleeping Cat Plush Toy With Press Simulation Sound, Animal Fur Soft Toy - 6 cm",cat_toys
2026-07-07,flipkart,STFHN3R6CHC7T2ES,e75704ac2975717c,https://www.flipkart.com/ttw-cat-soft-toys-pink-basket-mini-kitten-doll-realistic-meow-sounds-6-cm/p/itm1b200e69e2416?pid=STFHN3R6CHC7T2ES&lid=LSTSTFHN3R6CHC7T2ESYNE9TM&marketplace=FLIPKART&q=cat+toys&store=tng&srno=s_1_10&otracker=search&fm=organic&iid=578702ef-3270-4863-9036-db59e3e6d0b1.STFHN3R6CHC7T2ES.SEARCH&ppt=None&ppn=None&ssid=aofj69zshs0000001783424286813&qH=4372de0f4359aa53&ov_redirect=true&ov_redirect=true,keyword_search,cat toys,10,False,369.0,702.0,47.0,4.2,,In Stock,nan,,ok,scrape,https://rukminim2.flixcart.com/image/612/612/xif0q/stuffed-toy/3/v/g/white-cat-soft-toys-cat-in-basket-mini-kitten-doll-with-original-imahnfgzw95wrcf9.jpeg?q=70,me-o,TTW Cat Soft Toys - Cat In Pink Basket Mini Kitten Doll With Realistic Meow Sounds - 6 cm,cat_toys
2026-07-07,flipkart,STFHNFF5GMQH8NVP,bba2e561e4986d0a,https://www.flipkart.com/ttw-white-cat-soft-toys-basket-mini-kitten-doll-realistic-meow-sounds-6-cm/p/itm141b21910efe7?pid=STFHNFF5GMQH8NVP&lid=LSTSTFHNFF5GMQH8NVPCMVCLA&marketplace=FLIPKART&q=cat+toys&store=tng&srno=s_1_11&otracker=search&fm=organic&iid=578702ef-3270-4863-9036-db59e3e6d0b1.STFHNFF5GMQH8NVP.SEARCH&ppt=None&ppn=None&ssid=aofj69zshs0000001783424286813&qH=4372de0f4359aa53&ov_redirect=true&ov_redirect=true,keyword_search,cat toys,11,False,369.0,798.0,54.0,,,In Stock,nan,,ok,scrape,https://rukminim2.flixcart.com/image/612/612/xif0q/stuffed-toy/2/f/s/white-cat-soft-toys-cat-in-basket-mini-kitten-doll-with-original-imahnff5hqe8hyhn.jpeg?q=70,me-o,TTW White Cat Soft Toys - Cat In Basket Mini Kitten Doll With Realistic Meow Sounds - 6 cm,cat_toys
2026-07-07,flipkart,STFHZG3H693FYMKG,0877e27b72015648,https://www.flipkart.com/bhambhu-store-cute-persian-cat-plush-toy-showpiece-10-cm/p/itm3cc539bcb2a81?pid=STFHZG3H693FYMKG&lid=LSTSTFHZG3H693FYMKG0WFOVE&marketplace=FLIPKART&q=cat+toys&store=tng&srno=s_1_14&otracker=search&fm=organic&iid=578702ef-3270-4863-9036-db59e3e6d0b1.STFHZG3H693FYMKG.SEARCH&ppt=None&ppn=None&ssid=aofj69zshs0000001783424286813&qH=4372de0f4359aa53&ov_redirect=true&ov_redirect=true,keyword_search,cat toys,14,False,205.0,499.0,59.0,,,In Stock,nan,,ok,scrape,https://rukminim2.flixcart.com/image/612/612/xif0q/stuffed-toy/c/2/4/cute-persian-cat-plush-toy-showpiece-10-0-bhambhu-store-original-imahzg3hfvzy7gvk.jpeg?q=70,bhambhu,Bhambhu Store Cute Persian Cat Plush Toy Showpiece - 10 cm,cat_toys
2026-07-07,flipkart,STFH39F2BZ5Z8WW4,0a48b11ef5b75482,https://www.flipkart.com/ttw-stuffed-soft-sleeping-cat-plush-toy-press-simulation-sound-animal-fur-6-cm/p/itm92928a18603e8?pid=STFH39F2BZ5Z8WW4&lid=LSTSTFH39F2BZ5Z8WW4GH2UXM&marketplace=FLIPKART&q=cat+toys&store=tng&srno=s_1_16&otracker=search&fm=organic&iid=578702ef-3270-4863-9036-db59e3e6d0b1.STFH39F2BZ5Z8WW4.SEARCH&ppt=None&ppn=None&ssid=aofj69zshs0000001783424286813&qH=4372de0f4359aa53&ov_redirect=true&ov_redirect=true,keyword_search,cat toys,16,False,240.0,649.0,63.0,4.6,,In Stock,nan,,ok,scrape,https://rukminim2.flixcart.com/image/612/612/xif0q/stuffed-toy/j/n/s/stuffed-soft-sleeping-cat-plush-toy-with-press-simulation-sound-original-imahatj8m9zsfy57.jpeg?q=70,ttw,"TTW Stuffed Soft Sleeping Cat Plush Toy With Press Simulation Sound, Animal Fur Toy - 6 cm",cat_toys
2026-07-07,flipkart,STFH8AG6GDPD2MKS,50bcc84bdb4ee624,https://www.flipkart.com/bogenlite-cat-toy-12-inch/p/itmb4d712c4790ab?pid=STFH8AG6GDPD2MKS&lid=LSTSTFH8AG6GDPD2MKSGZTVH1&marketplace=FLIPKART&q=cat+toys&store=tng&srno=s_1_19&otracker=search&fm=organic&iid=578702ef-3270-4863-9036-db59e3e6d0b1.STFH8AG6GDPD2MKS.SEARCH&ppt=None&ppn=None&ssid=aofj69zshs0000001783424286813&qH=4372de0f4359aa53&ov_redirect=true&ov_redirect=true,keyword_search,cat toys,19,False,612.0,1299.0,53.0,,,In Stock,nan,,ok,scrape,https://rukminim2.flixcart.com/image/612/612/xif0q/stuffed-toy/x/u/0/cat-toy-12-bogenlite-original-imah8ag5f5zkgyd8.jpeg?q=70,bogenlite,Bogenlite Cat Toy - 12 inch,cat_toys
2026-07-07,flipkart,STFHHD3ZMMU3YTZZ,727d33d464c4b071,https://www.flipkart.com/chikly-cat-plush-toy-press-simulation-sound-8-cm/p/itm5f008132062bf?pid=STFHHD3ZMMU3YTZZ&lid=LSTSTFHHD3ZMMU3YTZZ5B69SI&marketplace=FLIPKART&q=cat+toys&store=tng&srno=s_1_20&otracker=search&fm=organic&iid=578702ef-3270-4863-9036-db59e3e6d0b1.STFHHD3ZMMU3YTZZ.SEARCH&ppt=None&ppn=None&ssid=aofj69zshs0000001783424286813&qH=4372de0f4359aa53&ov_redirect=true&ov_redirect=true,keyword_search,cat toys,20,False,329.0,1999.0,84.0,4.7,,In Stock,nan,,ok,scrape,https://rukminim2.flixcart.com/image/612/612/xif0q/stuffed-toy/w/s/p/sleeping-cat-stuffed-animal-fur-soft-toys-with-sound-for-kids-25-original-imah7ed8t5vgmsfv.jpeg?q=70,chikly,CHIKLY Cat Plush Toy with Press Simulation Sound - 8 cm,cat_toys
2026-07-07,flipkart,PTYH6HECXYSMSJMM,b236ea5bda51719a,https://www.flipkart.com/om-zee-cat-toy-catnip-mice-kitten-mouse-3-pcs-pack-cotton-soft/p/itmf94ad664ea974?pid=PTYH6HECXYSMSJMM&lid=LSTPTYH6HECXYSMSJMM0Z9I0C&marketplace=FLIPKART&q=catnip+toy&store=p3t%2F0mo%2Fgba&srno=s_1_1&otracker=search&fm=organic&iid=39e31d82-0a1a-4f12-a245-083e2fba4e25.PTYH6HECXYSMSJMM.SEARCH&ppt=None&ppn=None&ssid=0fjvryz3nk0000001783424289434&qH=f9b349971a41f28d&ov_redirect=true&ov_redirect=true,keyword_search,catnip toy,1,False,110.0,999.0,89.0,3.8,,In Stock,nan,,ok,scrape,https://rukminim2.flixcart.com/image/612/612/xif0q/pet-toy/r/k/a/1-cat-toy-3-om-zee-original-imah6hecej8rn4h6.jpeg?q=70,om,"OM ZEE Cat Toy Catnip Mice, Cat and Kitten Toy Mouse 3 Pcs Pack Cotton Soft Toy For Cat",cat_toys
2026-07-07,flipkart,PTYGXRP3TNZ3STAH,cb1e62f43629d677,https://www.flipkart.com/emily-pets-cat-balls-catnip-toys-cartoon-fuzzy-ball-soft-lightweight-chewing-wooden-chew-toy/p/itm7f0b685891ab6?pid=PTYGXRP3TNZ3STAH&lid=LSTPTYGXRP3TNZ3STAHB6UVNN&marketplace=FLIPKART&q=catnip+toy&store=p3t%2F0mo%2Fgba&srno=s_1_2&otracker=search&fm=organic&iid=39e31d82-0a1a-4f12-a245-083e2fba4e25.PTYGXRP3TNZ3STAH.SEARCH&ppt=None&ppn=None&ssid=0fjvryz3nk0000001783424289434&qH=f9b349971a41f28d&ov_redirect=true&ov_redirect=true,keyword_search,catnip toy,2,False,170.0,312.0,46.0,4.4,,In Stock,nan,,ok,scrape,https://rukminim2.flixcart.com/image/612/612/xif0q/pet-toy/v/r/p/12-cat-balls-catnip-toys-cartoon-fuzzy-ball-soft-lightweight-original-imagxrp2pnuz4njh.jpeg?q=70,emily,"Emily Pets Cat Balls & Catnip Toys - Cartoon Fuzzy Ball, Soft & Lightweight -Chewing Catnip Wooden Chew Toy For Cat",cat_toys
2026-07-07,flipkart,PTYGXGZSB3KEXEAZ,dd56a24cfa45e9b0,https://www.flipkart.com/yms-interactive-cat-toy-nip-silvervine-mint-lickable-treat-dental-plastic-pp-polypropylene-soft-toy-training-aid/p/itmca53761fc07af?pid=PTYGXGZSB3KEXEAZ&lid=LSTPTYGXGZSB3KEXEAZ0O9CDF&marketplace=FLIPKART&q=catnip+toy&store=p3t%2F0mo%2Fgba&srno=s_1_3&otracker=search&fm=organic&iid=39e31d82-0a1a-4f12-a245-083e2fba4e25.PTYGXGZSB3KEXEAZ.SEARCH&ppt=None&ppn=None&ssid=0fjvryz3nk0000001783424289434&qH=f9b349971a41f28d&ov_redirect=true&ov_redirect=true,keyword_search,catnip toy,3,False,127.0,799.0,84.0,3.5,,In Stock,nan,,ok,scrape,https://rukminim2.flixcart.com/image/612/612/xif0q/pet-toy/w/g/a/1-cat-mint-ball-yms-original-imahjxgs3rfug9jn.jpeg?q=70,yms,"YMS Interactive Cat Toy Cat Nip Silvervine Mint Cat Lickable Treat Cat Dental Toy Plastic, PP (Polypropylene) Soft Toy, Training Aid For Cat",cat_food
2026-07-07,flipkart,PTYH8QFCJJ2TZHHS,b3fcc01fc3805236,https://www.flipkart.com/petfun-avocado-paw-catnip-mint-treats-wall-lick-treat-natural-teeth-cleaning-toy-plastic-treat-dispensing-cat/p/itm7a7e7bb6cc925?pid=PTYH8QFCJJ2TZHHS&lid=LSTPTYH8QFCJJ2TZHHS8UCARI&marketplace=FLIPKART&q=catnip+toy&store=p3t%2F0mo%2Fgba&srno=s_1_4&otracker=search&fm=organic&iid=39e31d82-0a1a-4f12-a245-083e2fba4e25.PTYH8QFCJJ2TZHHS.SEARCH&ppt=None&ppn=None&ssid=0fjvryz3nk0000001783424289434&qH=f9b349971a41f28d&ov_redirect=true&ov_redirect=true,keyword_search,catnip toy,4,False,116.0,999.0,88.0,4.3,,In Stock,nan,,ok,scrape,https://rukminim2.flixcart.com/image/612/612/xif0q/pet-toy/0/q/i/1-pf-cat-lick-treats-paw-avacdo-shape-toy-petfun-original-imah8qfcqcfbedgn.jpeg?q=70,petfun,"Petfun Avocado,Paw Catnip Mint Treats Wall Lick Treat, Natural Teeth Cleaning Toy Plastic Treat Dispensing Toy For Cat",cat_food
2026-07-07,flipkart,PTYHNMU6NGSKG6PU,1019b22bf4f9e3f0,https://www.flipkart.com/bhadani-catnip-ball-bite-resistant-smooth-edge-rotating-pp-polypropylene-treat-dispensing-toy-cat/p/itm952a1e050369c?pid=PTYHNMU6NGSKG6PU&lid=LSTPTYHNMU6NGSKG6PU6CBG25&marketplace=FLIPKART&q=catnip+toy&store=p3t%2F0mo%2Fgba&srno=s_1_5&otracker=search&fm=organic&iid=39e31d82-0a1a-4f12-a245-083e2fba4e25.PTYHNMU6NGSKG6PU.SEARCH&ppt=None&ppn=None&ssid=0fjvryz3nk0000001783424289434&qH=f9b349971a41f28d&ov_redirect=true&ov_redirect=true,keyword_search,catnip toy,5,False,217.0,719.0,70.0,,,In Stock,nan,,ok,scrape,https://rukminim2.flixcart.com/image/612/612/xif0q/pet-toy/f/s/m/1-fmr78-right-traders-original-imahnhphdzk8fujr.jpeg?q=70,bhadani,Bhadani Catnip Ball Bite-resistant Smooth Edge Rotating PP (Polypropylene) Treat Dispensing Toy For Cat,cat_food
2026-07-07,flipkart,PTYH6HECNAU5ZKJY,b236ea5bda51719a,https://www.flipkart.com/om-zee-cat-toy-catnip-mice-kitten-mouse-3-pcs-pack-cotton-soft/p/itmdf313039a9496?pid=PTYH6HECNAU5ZKJY&lid=LSTPTYH6HECNAU5ZKJYTBFBAH&marketplace=FLIPKART&q=catnip+toy&store=p3t%2F0mo%2Fgba&srno=s_1_6&otracker=search&fm=organic&iid=39e31d82-0a1a-4f12-a245-083e2fba4e25.PTYH6HECNAU5ZKJY.SEARCH&ppt=None&ppn=None&ssid=0fjvryz3nk0000001783424289434&qH=f9b349971a41f28d&ov_redirect=true&ov_redirect=true,keyword_search,catnip toy,6,False,135.0,999.0,86.0,3.1,,In Stock,nan,,ok,scrape,https://rukminim2.flixcart.com/image/612/612/xif0q/pet-toy/u/q/c/1-cat-toy-3-om-zee-original-imah6hecjw7kme6w.jpeg?q=70,om,"OM ZEE Cat Toy Catnip Mice, Cat and Kitten Toy Mouse 3 Pcs Pack Cotton Soft Toy For Cat",cat_toys
2026-07-07,flipkart,PTYH6HECNXJDUGA3,b236ea5bda51719a,https://www.flipkart.com/om-zee-cat-toy-catnip-mice-kitten-mouse-3-pcs-pack-cotton-soft/p/itm78f54f754ea99?pid=PTYH6HECNXJDUGA3&lid=LSTPTYH6HECNXJDUGA3JE8QNO&marketplace=FLIPKART&q=catnip+toy&store=p3t%2F0mo%2Fgba&srno=s_1_7&otracker=search&fm=organic&iid=39e31d82-0a1a-4f12-a245-083e2fba4e25.PTYH6HECNXJDUGA3.SEARCH&ppt=None&ppn=None&ssid=0fjvryz3nk0000001783424289434&qH=f9b349971a41f28d&ov_redirect=true&ov_redirect=true,keyword_search,catnip toy,7,False,153.0,999.0,85.0,,,In Stock,nan,,ok,scrape,https://rukminim2.flixcart.com/image/612/612/xif0q/pet-toy/t/c/6/1-cat-toy-1-om-zee-original-imah6hecejxydkcd.jpeg?q=70,om,"OM ZEE Cat Toy Catnip Mice, Cat and Kitten Toy Mouse 3 Pcs Pack Cotton Soft Toy For Cat",cat_toys
2026-07-07,flipkart,PTYH6HECJ9HZYHNJ,b236ea5bda51719a,https://www.flipkart.com/om-zee-cat-toy-catnip-mice-kitten-mouse-3-pcs-pack-cotton-soft/p/itmb89c06a7df6f9?pid=PTYH6HECJ9HZYHNJ&lid=LSTPTYH6HECJ9HZYHNJMTL9FN&marketplace=FLIPKART&q=catnip+toy&store=p3t%2F0mo%2Fgba&srno=s_1_8&otracker=search&fm=organic&iid=39e31d82-0a1a-4f12-a245-083e2fba4e25.PTYH6HECJ9HZYHNJ.SEARCH&ppt=None&ppn=None&ssid=0fjvryz3nk0000001783424289434&qH=f9b349971a41f28d&ov_redirect=true&ov_redirect=true,keyword_search,catnip toy,8,False,152.0,999.0,85.0,,,In Stock,nan,,ok,scrape,https://rukminim2.flixcart.com/image/612/612/xif0q/pet-toy/q/j/e/1-cat-toy-9-om-zee-original-imah6heckjy7dwxk.jpeg?q=70,om,"OM ZEE Cat Toy Catnip Mice, Cat and Kitten Toy Mouse 3 Pcs Pack Cotton Soft Toy For Cat",cat_toys
2026-07-07,flipkart,PTYGXGZCRX8WZG9V,86e66132b5b4cb98,https://www.flipkart.com/yms-cat-toy-organic-avocado-nip-silver-vine-mint-lickable-treat-plastic-pp-polypropylene-soft-toy-training-aid/p/itmb7cb559c6cd55?pid=PTYGXGZCRX8WZG9V&lid=LSTPTYGXGZCRX8WZG9VLYEP2W&marketplace=FLIPKART&q=catnip+toy&store=p3t%2F0mo%2Fgba&srno=s_1_9&otracker=search&fm=organic&iid=39e31d82-0a1a-4f12-a245-083e2fba4e25.PTYGXGZCRX8WZG9V.SEARCH&ppt=None&ppn=None&ssid=0fjvryz3nk0000001783424289434&qH=f9b349971a41f28d&ov_redirect=true&ov_redirect=true,keyword_search,catnip toy,9,False,122.0,999.0,88.0,3.1,,In Stock,nan,,ok,scrape,https://rukminim2.flixcart.com/image/612/612/xif0q/pet-toy/w/3/a/1-cat-toy-organic-avocado-yms-original-imagxgjh3hmkyxn7.jpeg?q=70,yms,"YMS Cat Toy Organic Avocado Cat Toy Cat Nip Silver vine Mint Cat Lickable Treat Cat Plastic, PP (Polypropylene) Soft Toy, Training Aid For Cat",cat_food
2026-07-07,flipkart,PTYH6HEVUKYAJEG6,b236ea5bda51719a,https://www.flipkart.com/om-zee-cat-toy-catnip-mice-kitten-mouse-3-pcs-pack-cotton-soft/p/itmcb26b2191eab3?pid=PTYH6HEVUKYAJEG6&lid=LSTPTYH6HEVUKYAJEG6UZMXT9&marketplace=FLIPKART&q=catnip+toy&store=p3t%2F0mo%2Fgba&srno=s_1_10&otracker=search&fm=organic&iid=39e31d82-0a1a-4f12-a245-083e2fba4e25.PTYH6HEVUKYAJEG6.SEARCH&ppt=None&ppn=None&ssid=0fjvryz3nk0000001783424289434&qH=f9b349971a41f28d&ov_redirect=true&ov_redirect=true,keyword_search,catnip toy,10,False,146.0,999.0,85.0,,,In Stock,nan,,ok,scrape,https://rukminim2.flixcart.com/image/612/612/xif0q/pet-toy/9/y/x/1-cat-toy-4-om-zee-original-imahgzwcy5rpfjhv.jpeg?q=70,om,"OM ZEE Cat Toy Catnip Mice, Cat and Kitten Toy Mouse 3 Pcs Pack Cotton Soft Toy For Cat",cat_toys
2026-07-07,flipkart,PTYHJRXNVYT6D7XG,1e34da25806cfddd,https://www.flipkart.com/thevarnit-plastic-ball-cat/p/itm3d8844b14d51b?pid=PTYHJRXNVYT6D7XG&lid=LSTPTYHJRXNVYT6D7XGQAPTV1&marketplace=FLIPKART&q=catnip+toy&store=p3t%2F0mo%2Fgba&srno=s_1_11&otracker=search&fm=organic&iid=39e31d82-0a1a-4f12-a245-083e2fba4e25.PTYHJRXNVYT6D7XG.SEARCH&ppt=None&ppn=None&ssid=0fjvryz3nk0000001783424289434&qH=f9b349971a41f28d&ov_redirect=true&ov_redirect=true,keyword_search,catnip toy,11,False,150.0,499.0,70.0,2.3,,In Stock,nan,,ok,scrape,https://rukminim2.flixcart.com/image/612/612/xif0q/pet-toy/y/r/l/1-catnip-thevarnit-original-imahh985bhekhsfc.jpeg?q=70,thevarnit,THEVARNIT Plastic Ball For Cat,cat_toys
2026-07-07,flipkart,PTYGJHNCHVBGDHYW,31f62a3d08d97f46,https://www.flipkart.com/rvpaws-cat-sisal-ball-interactive-training-balls-bite-resistant-catnip-kitten-jute/p/itm97ae5d5e55694?pid=PTYGJHNCHVBGDHYW&lid=LSTPTYGJHNCHVBGDHYWA5FVT6&marketplace=FLIPKART&q=catnip+toy&store=p3t%2F0mo%2Fgba&srno=s_1_12&otracker=search&fm=organic&iid=39e31d82-0a1a-4f12-a245-083e2fba4e25.PTYGJHNCHVBGDHYW.SEARCH&ppt=None&ppn=None&ssid=0fjvryz3nk0000001783424289434&qH=f9b349971a41f28d&ov_redirect=true&ov_redirect=true,keyword_search,catnip toy,12,False,150.0,499.0,70.0,,,In Stock,nan,,ok,scrape,https://rukminim2.flixcart.com/image/612/612/kz3118w0/pet-toy/x/h/f/1-dt-pet-119-dogtrust-original-imagb6fpw9hhqkcm.jpeg?q=70,rvpaws,Rvpaws Cat sisal ball interactive training balls bite resistant catnip for cat & kitten Jute Ball For Cat,cat_toys
2026-07-07,flipkart,PTYHHBF8MBWAG86A,56e7cc1ad9a91f3c,https://www.flipkart.com/petsoft-avocado-catnip-mint-treats-wall-balls-lick-treat-natural-teeth-cleaning-toy-pp-polypropylene-treat-dispensing-cat/p/itm49f94f25392b0?pid=PTYHHBF8MBWAG86A&lid=LSTPTYHHBF8MBWAG86AOQ8U4R&marketplace=FLIPKART&q=catnip+toy&store=p3t%2F0mo%2Fgba&srno=s_1_13&otracker=search&fm=organic&iid=39e31d82-0a1a-4f12-a245-083e2fba4e25.PTYHHBF8MBWAG86A.SEARCH&ppt=None&ppn=None&ssid=0fjvryz3nk0000001783424289434&qH=f9b349971a41f28d&ov_redirect=true&ov_redirect=true,keyword_search,catnip toy,13,False,167.0,999.0,83.0,2.3,,In Stock,nan,,ok,scrape,https://rukminim2.flixcart.com/image/612/612/xif0q/pet-toy/a/h/r/1-pf-avocado-catnip-ball-toy01-petsoft-original-imahhbf8qbcdywhs.jpeg?q=70,petsoft,"Petsoft Avocado Catnip Mint Treats Wall Balls Lick Treat, Natural Teeth Cleaning Toy PP (Polypropylene) Treat Dispensing Toy For Cat",cat_food
2026-07-07,flipkart,PTYH5F9KGXZMAPU6,b5a9aaffa46347e2,https://www.flipkart.com/fofos-spring-tube-cat-toy-3pk-rubber-training-aid-chew/p/itmee27cf3cbee11?pid=PTYH5F9KGXZMAPU6&lid=LSTPTYH5F9KGXZMAPU6GEUBWY&marketplace=FLIPKART&q=catnip+toy&store=p3t%2F0mo%2Fgba&srno=s_1_15&otracker=search&fm=organic&iid=39e31d82-0a1a-4f12-a245-083e2fba4e25.PTYH5F9KGXZMAPU6.SEARCH&ppt=None&ppn=None&ssid=0fjvryz3nk0000001783424289434&qH=f9b349971a41f28d&ov_redirect=true&ov_redirect=true,keyword_search,catnip toy,15,False,139.0,175.0,21.0,,,In Stock,nan,,ok,scrape,https://rukminim2.flixcart.com/image/612/612/xif0q/pet-toy/h/t/a/1-otrnf15008-fofos-original-imah5f9kfwzyfsmf.jpeg?q=70,fofos,"fofos FOFOS Spring Tube Cat Toy 3Pk Rubber Training Aid, Chew Toy For Cat",cat_toys
2026-07-07,flipkart,PTYHHBFUWA5W7FWP,fd2310b0977209cc,https://www.flipkart.com/petsoft-catnip-shuttlelock-mint-balls-feather-lick-treat-natural-teeth-cleaning-toy-earthenware-treat-dispensing-cat/p/itmb85e8d56cf59c?pid=PTYHHBFUWA5W7FWP&lid=LSTPTYHHBFUWA5W7FWPEETTUZ&marketplace=FLIPKART&q=catnip+toy&store=p3t%2F0mo%2Fgba&srno=s_1_16&otracker=search&fm=organic&iid=39e31d82-0a1a-4f12-a245-083e2fba4e25.PTYHHBFUWA5W7FWP.SEARCH&ppt=None&ppn=None&ssid=0fjvryz3nk0000001783424289434&qH=f9b349971a41f28d&ov_redirect=true&ov_redirect=true,keyword_search,catnip toy,16,False,152.0,599.0,75.0,,,In Stock,nan,,ok,scrape,https://rukminim2.flixcart.com/image/612/612/xif0q/pet-toy/u/n/k/1-pf-catnip-ball-with-feather-toy-01-petsoft-original-imahhbftvwhypqfe.jpeg?q=70,petsoft,"Petsoft Catnip Shuttlelock Mint Balls feather Lick Treat, Natural Teeth Cleaning Toy Earthenware Treat Dispensing Toy For Cat",cat_food
2026-07-07,flipkart,PTYHHBFAPYYWYXAW,5b1eebe6b4ed4c68,https://www.flipkart.com/petsoft-catnip-mint-treats-balls-toy-earthenware-ball-dog-cat/p/itm17798cfaad87c?pid=PTYHHBFAPYYWYXAW&lid=LSTPTYHHBFAPYYWYXAWAEDMYJ&marketplace=FLIPKART&q=catnip+toy&store=p3t%2F0mo%2Fgba&srno=s_1_17&otracker=search&fm=organic&iid=39e31d82-0a1a-4f12-a245-083e2fba4e25.PTYHHBFAPYYWYXAW.SEARCH&ppt=None&ppn=None&ssid=0fjvryz3nk0000001783424289434&qH=f9b349971a41f28d&ov_redirect=true&ov_redirect=true,keyword_search,catnip toy,17,False,150.0,999.0,85.0,,,In Stock,nan,,ok,scrape,https://rukminim2.flixcart.com/image/612/612/xif0q/pet-toy/i/h/i/1-pf-catnip-mint-ball-pack-of-01-petsoft-original-imahhbf9tqvvkkzf.jpeg?q=70,petsoft,Petsoft Catnip Mint Treats Balls Toy Earthenware Ball For Dog & Cat,cat_toys
2026-07-07,flipkart,PTYHHBF7AE6BYF6H,967537369b5f1635,https://www.flipkart.com/petsoft-cat-pocky-catnip-mint-treats-toy-kittens-earthenware-treat-dispensing/p/itmf228e881b9691?pid=PTYHHBF7AE6BYF6H&lid=LSTPTYHHBF7AE6BYF6H0XHE0H&marketplace=FLIPKART&q=catnip+toy&store=p3t%2F0mo%2Fgba&srno=s_1_18&otracker=search&fm=organic&iid=39e31d82-0a1a-4f12-a245-083e2fba4e25.PTYHHBF7AE6BYF6H.SEARCH&ppt=None&ppn=None&ssid=0fjvryz3nk0000001783424289434&qH=f9b349971a41f28d&ov_redirect=true&ov_redirect=true,keyword_search,catnip toy,18,False,150.0,999.0,85.0,,,In Stock,nan,,ok,scrape,https://rukminim2.flixcart.com/image/612/612/xif0q/pet-toy/p/k/z/1-pf-catnip-mint-roll-toy-01-petsoft-original-imahhbf7k7ncazkb.jpeg?q=70,petsoft,Petsoft Cat Pocky Catnip Mint Treats Toy For kittens Earthenware Treat Dispensing Toy For Cat,cat_food
2026-07-07,flipkart,PTYHNNSACRZTPAX8,bbb2697891b69ef3,https://www.flipkart.com/petsnplay-catnip-toys-rubber-ball-chew-toy-cat/p/itmc08896ec84e6f?pid=PTYHNNSACRZTPAX8&lid=LSTPTYHNNSACRZTPAX8ZTLPRD&marketplace=FLIPKART&q=catnip+toy&store=p3t%2F0mo%2Fgba&srno=s_1_19&otracker=search&fm=organic&iid=39e31d82-0a1a-4f12-a245-083e2fba4e25.PTYHNNSACRZTPAX8.SEARCH&ppt=None&ppn=None&ssid=0fjvryz3nk0000001783424289434&qH=f9b349971a41f28d&ov_redirect=true&ov_redirect=true,keyword_search,catnip toy,19,False,171.0,699.0,76.0,,,In Stock,nan,,ok,scrape,https://rukminim2.flixcart.com/image/612/612/xif0q/pet-toy/j/c/b/1-nature-catnip-toys-natural-silvervine-stick-cage-ball-for-original-imahnnsadc6jfymn.jpeg?q=70,petsnplay,"PETSNPLAY Catnip toys Rubber Ball, Chew Toy For Cat",cat_toys
2026-07-07,flipkart,PTYHG7X8PXJUDUZA,8c46b024cb2820f6,https://www.flipkart.com/pet-guard-wall-mounted-egg-shaped-all-natural-rotating-catnip-lick-balls-cat-treat-toy-plastic-wool-chew/p/itmbf3f75fa14fae?pid=PTYHG7X8PXJUDUZA&lid=LSTPTYHG7X8PXJUDUZAZQRQHB&marketplace=FLIPKART&q=catnip+toy&store=p3t%2F0mo%2Fgba&srno=s_1_20&otracker=search&fm=organic&iid=39e31d82-0a1a-4f12-a245-083e2fba4e25.PTYHG7X8PXJUDUZA.SEARCH&ppt=None&ppn=None&ssid=0fjvryz3nk0000001783424289434&qH=f9b349971a41f28d&ov_redirect=true&ov_redirect=true,keyword_search,catnip toy,20,False,194.0,599.0,68.0,4.8,,In Stock,nan,,ok,scrape,https://rukminim2.flixcart.com/image/612/612/xif0q/pet-toy/t/g/c/1-spring-catnip-pet-guard-original-imahg7x8udneh33y.jpeg?q=70,,"Pet Guard Wall Mounted Egg Shaped All Natural Rotating Catnip Lick Balls Cat Treat Toy Plastic, Wool Chew Toy For Cat",cat_food
2026-07-07,flipkart,PTYHNWHGHNXYUZRP,8a5e9dc2559b1740,https://www.flipkart.com/brownlady-interactive-rolling-chewie-ball-cats-dogs-silicone-dog-cat/p/itm56abf4cceeeea?pid=PTYHNWHGHNXYUZRP&lid=LSTPTYHNWHGHNXYUZRPNQXWZI&marketplace=FLIPKART&q=interactive+cat+toy&store=p3t&srno=s_1_2&otracker=search&fm=organic&iid=en_O1C8HtB0IjQQ-oR1jQZaPrgaEMfbbv6oDiGohR0hI7us_74RE9--tN07TQH37pOAVqnUi5Sof0h25GWcSTkUKr1jhG6Hsq3YfzdE4T8SyI4mOHbCOy68vWLs4jWRT-Uk&ppt=None&ppn=None&ssid=keh8997g2o0000001783424292071&qH=6f2caafe5fdbc2f8&ov_redirect=true&ov_redirect=true,keyword_search,interactive cat toy,2,False,221.0,999.0,78.0,5.0,,In Stock,nan,,ok,scrape,https://rukminim2.flixcart.com/image/612/612/xif0q/pet-toy/e/9/z/1-pjctb100-pet-joy-original-imah878yw2snns7b.jpeg?q=70,brownlady,BROWNLADY Interactive Rolling Chewie Ball for Cats & Dogs Silicone Ball For Dog & Cat,cat_toys
2026-07-07,flipkart,PTYHFUCK7BFBEEPN,35c6a4afeef4fb07,https://www.flipkart.com/prefetto-cosmo-cat-teaser-playing-stick-feather-interactive-toy-kitten-plated-steel-perch-stick-training-aid/p/itmbc0836e97f9f6?pid=PTYHFUCK7BFBEEPN&lid=LSTPTYHFUCK7BFBEEPNKM2JMM&marketplace=FLIPKART&q=interactive+cat+toy&store=p3t&srno=s_1_4&otracker=search&fm=organic&iid=c7f1756f-91f9-4944-90cc-2787dea405fa.PTYHFUCK7BFBEEPN.SEARCH&ppt=None&ppn=None&ssid=keh8997g2o0000001783424292071&qH=6f2caafe5fdbc2f8&ov_redirect=true&ov_redirect=true,keyword_search,interactive cat toy,4,False,123.0,999.0,88.0,4.2,,In Stock,nan,,ok,scrape,https://rukminim2.flixcart.com/image/612/612/xif0q/pet-toy/x/d/0/1-cat-teaser-wand-training-feather-bell-creative-cat-training-original-imahfuckgyqrc4ns.jpeg?q=70,prefetto,"Prefetto COSMO Cat teaser playing stick feather interactive toy for cat & kitten Plated, Steel Perch, Stick, Training Aid For Cat",cat_toys
2026-07-07,flipkart,PTYHJJ6SFGTCN3QQ,5b0c9c610a804992,https://www.flipkart.com/waktoro-cat-toys-indoor-cats-interactive-toy-2-speed-adjustment-plastic-training-aid-dog/p/itm48958ca4e0346?pid=PTYHJJ6SFGTCN3QQ&lid=LSTPTYHJJ6SFGTCN3QQOWIJOA&marketplace=FLIPKART&q=interactive+cat+toy&store=p3t&srno=s_1_7&otracker=search&fm=organic&iid=c7f1756f-91f9-4944-90cc-2787dea405fa.PTYHJJ6SFGTCN3QQ.SEARCH&ppt=None&ppn=None&ssid=keh8997g2o0000001783424292071&qH=6f2caafe5fdbc2f8&ov_redirect=true&ov_redirect=true,keyword_search,interactive cat toy,7,False,649.0,1999.0,68.0,,,In Stock,nan,,ok,scrape,https://rukminim2.flixcart.com/image/612/612/xif0q/pet-toy/e/c/e/1-remote-control-automatic-cat-exercise-toys-waktoro-original-imahjj6sazkwhxgt.jpeg?q=70,waktoro,"WAKTORO Cat Toys for Indoor Cats,Interactive Cat Toy with 2-Speed Adjustment Plastic Training Aid For Dog & Cat",cat_toys
2026-07-07,flipkart,PTYHNMU322HFZHCY,b0c9dacf2eed717a,https://www.flipkart.com/bhadani-cat-toys-interactive-feather-toy-set-activity-plastic-training-aid/p/itm4acff734e70a1?pid=PTYHNMU322HFZHCY&lid=LSTPTYHNMU322HFZHCY4KGMVE&marketplace=FLIPKART&q=interactive+cat+toy&store=p3t&srno=s_1_8&otracker=search&fm=organic&iid=c7f1756f-91f9-4944-90cc-2787dea405fa.PTYHNMU322HFZHCY.SEARCH&ppt=None&ppn=None&ssid=keh8997g2o0000001783424292071&qH=6f2caafe5fdbc2f8&ov_redirect=true&ov_redirect=true,keyword_search,interactive cat toy,8,False,180.0,719.0,75.0,,,In Stock,nan,,ok,scrape,https://rukminim2.flixcart.com/image/612/612/xif0q/pet-toy/o/h/g/3-hsufhrjkgh-right-traders-original-imahnhphuabxqw9j.jpeg?q=70,bhadani,Bhadani Cat Toys -Interactive Cat Feather Toy Set -Activity Cat Toys Plastic Training Aid For Cat,cat_toys
2026-07-07,flipkart,PTYHNSFFTADZ4HYZ,98bf975470682aa7,https://www.flipkart.com/decorvaiz-catnip-tumbler-toy-cats-interactive-fun-playtime-jute-rubber-cat/p/itmd4ec8d5fbe045?pid=PTYHNSFFTADZ4HYZ&lid=LSTPTYHNSFFTADZ4HYZACFJ5Q&marketplace=FLIPKART&q=interactive+cat+toy&store=p3t&srno=s_1_9&otracker=search&fm=organic&iid=c7f1756f-91f9-4944-90cc-2787dea405fa.PTYHNSFFTADZ4HYZ.SEARCH&ppt=None&ppn=None&ssid=keh8997g2o0000001783424292071&qH=6f2caafe5fdbc2f8&ov_redirect=true&ov_redirect=true,keyword_search,interactive cat toy,9,False,282.0,999.0,72.0,,,In Stock,nan,,ok,scrape,https://rukminim2.flixcart.com/image/612/612/xif0q/pet-toy/1/o/s/1-catnip-toys-for-cats-tumbler-f-18-decorvaiz-original-imahnsfffmgzznpg.jpeg?q=70,decorvaiz,decorvaiz Catnip Tumbler Toy for Cats – Interactive & Fun Playtime Jute Rubber Toy For Cat,cat_toys
2026-07-07,flipkart,PTYH5EFQUNCNT6E6,2b3660bdfc983c94,https://www.flipkart.com/petjoy-cat-titans-tower-interactive-ball-toy-game-cats-color-may-vary-plastic-training-aid-tough-toy/p/itmf74bce6c32fb6?pid=PTYH5EFQUNCNT6E6&lid=LSTPTYH5EFQUNCNT6E6ZSYPTD&marketplace=FLIPKART&q=interactive+cat+toy&store=p3t&srno=s_1_10&otracker=search&fm=organic&iid=c7f1756f-91f9-4944-90cc-2787dea405fa.PTYH5EFQUNCNT6E6.SEARCH&ppt=None&ppn=None&ssid=keh8997g2o0000001783424292071&qH=6f2caafe5fdbc2f8&ov_redirect=true&ov_redirect=true,keyword_search,interactive cat toy,10,False,285.0,999.0,71.0,4.1,,In Stock,nan,,ok,scrape,https://rukminim2.flixcart.com/image/612/612/xif0q/pet-toy/g/e/l/1-pjct106-petjoy-original-imahjhzasrashhtf.jpeg?q=70,petjoy,"PetJoy Cat Titans Tower, Interactive Cat Ball Toy, Game for Cats(Color may Vary) Plastic Training Aid, Tough Toy For Cat",cat_toys
2026-07-07,flipkart,PTYH4FSE3GNYFQJU,0bc204d5e36be92e,https://www.flipkart.com/petjoy-cat-toy-teaser-playing-stick-mouse-bell-interactive-feather-wand-wooden/p/itm717ffe3284f25?pid=PTYH4FSE3GNYFQJU&lid=LSTPTYH4FSE3GNYFQJUOW7K3B&marketplace=FLIPKART&q=interactive+cat+toy&store=p3t&srno=s_1_11&otracker=search&fm=organic&iid=en_O1C8HtB0IjQQ-oR1jQZaPrgaEMfbbv6oDiGohR0hI7uqSxZryN5Qs6t2zy7j9HncnLLdgQLwLwwBQan6hP82Frh2PnvHM3eyZHWSkkIk5-OOM6mm7wTBsCCcbxDyn13Z&ppt=None&ppn=None&ssid=keh8997g2o0000001783424292071&qH=6f2caafe5fdbc2f8&ov_redirect=true&ov_redirect=true,keyword_search,interactive cat toy,11,False,185.0,399.0,54.0,4.2,,In Stock,nan,,ok,scrape,https://rukminim2.flixcart.com/image/612/612/xif0q/pet-toy/s/e/b/1-pjhe075-petjoy-enriched-transparent-original-imahhzphmv9nn84g.png?q=70,petjoy,"PetJoy Cat Toy Teaser Playing Stick with Mouse And Bell, Interactive Feather Wand Toy Wooden Stick For Cat",cat_toys
2026-07-07,flipkart,PTYHNS752XZ63YFC,99d1b86f13dc3cbe,https://www.flipkart.com/emily-pets-cat-stick-toy-bell-plush-interactive-kitten-wand-color-may-vary-wooden/p/itmb0017909aee96?pid=PTYHNS752XZ63YFC&lid=LSTPTYHNS752XZ63YFC7UBD6V&marketplace=FLIPKART&q=interactive+cat+toy&store=p3t&srno=s_1_13&otracker=search&fm=organic&iid=c7f1756f-91f9-4944-90cc-2787dea405fa.PTYHNS752XZ63YFC.SEARCH&ppt=None&ppn=None&ssid=keh8997g2o0000001783424292071&qH=6f2caafe5fdbc2f8&ov_redirect=true&ov_redirect=true,keyword_search,interactive cat toy,13,False,153.0,299.0,49.0,,,In Stock,nan,,ok,scrape,https://rukminim2.flixcart.com/image/612/612/xif0q/pet-toy/h/e/4/1-ctstk-002-emily-pets-original-imahns6w7yhwzfud.jpeg?q=70,emily,Emily Pets Cat Stick Toy with Bell & Plush | Interactive Kitten Wand (Color May Vary) Wooden Stick For Cat,cat_toys
2026-07-07,flipkart,PTYHNS74GFMENTBK,85b1e04df3d1c616,https://www.flipkart.com/emily-pets-interactive-cat-wand-toy-plush-bell-kittens-color-may-vary-wooden-stick/p/itmba0f4326858c4?pid=PTYHNS74GFMENTBK&lid=LSTPTYHNS74GFMENTBKBRVMBV&marketplace=FLIPKART&q=interactive+cat+toy&store=p3t&srno=s_1_14&otracker=search&fm=organic&iid=c7f1756f-91f9-4944-90cc-2787dea405fa.PTYHNS74GFMENTBK.SEARCH&ppt=None&ppn=None&ssid=keh8997g2o0000001783424292071&qH=6f2caafe5fdbc2f8&ov_redirect=true&ov_redirect=true,keyword_search,interactive cat toy,14,False,144.0,299.0,52.0,,,In Stock,nan,,ok,scrape,https://rukminim2.flixcart.com/image/612/612/xif0q/pet-toy/e/j/w/1-ctstk-004-emily-pets-original-imahns6wxc52h9pg.jpeg?q=70,emily,Emily Pets Interactive Cat Wand Toy with Plush & Bell for Kittens (Color May Vary) Wooden Stick For Cat,cat_toys
2026-07-07,flipkart,PTYHNS75BFDDQYDA,c2434a3dde54f158,https://www.flipkart.com/emily-pets-cat-teaser-toy-bell-plush-interactive-kitten-wand-color-may-vary-wooden-stick/p/itm271aab8b2b5e2?pid=PTYHNS75BFDDQYDA&lid=LSTPTYHNS75BFDDQYDAENC44J&marketplace=FLIPKART&q=interactive+cat+toy&store=p3t&srno=s_1_15&otracker=search&fm=organic&iid=c7f1756f-91f9-4944-90cc-2787dea405fa.PTYHNS75BFDDQYDA.SEARCH&ppt=None&ppn=None&ssid=keh8997g2o0000001783424292071&qH=6f2caafe5fdbc2f8&ov_redirect=true&ov_redirect=true,keyword_search,interactive cat toy,15,False,153.0,299.0,49.0,,,In Stock,nan,,ok,scrape,https://rukminim2.flixcart.com/image/612/612/xif0q/pet-toy/e/g/w/1-ctstk-001-emily-pets-original-imahns7yry4rxbaj.jpeg?q=70,emily,Emily Pets Cat Teaser Toy with Bell & Plush | Interactive Kitten Wand (Color May Vary) Wooden Stick For Cat,cat_toys
2026-07-07,flipkart,PTYHNS75SHHKDRV9,42145f4dfc73d00d,https://www.flipkart.com/emily-pets-cat-teaser-wand-toy-plush-bell-cats-kittens-color-may-vary-wooden-stick/p/itmc75b31f887c04?pid=PTYHNS75SHHKDRV9&lid=LSTPTYHNS75SHHKDRV9GLOB8A&marketplace=FLIPKART&q=interactive+cat+toy&store=p3t&srno=s_1_16&otracker=search&fm=organic&iid=c7f1756f-91f9-4944-90cc-2787dea405fa.PTYHNS75SHHKDRV9.SEARCH&ppt=None&ppn=None&ssid=keh8997g2o0000001783424292071&qH=6f2caafe5fdbc2f8&ov_redirect=true&ov_redirect=true,keyword_search,interactive cat toy,16,False,153.0,299.0,49.0,,,In Stock,nan,,ok,scrape,https://rukminim2.flixcart.com/image/612/612/xif0q/pet-toy/t/o/3/1-ctstk-006-emily-pets-original-imahns7yfgcbh7em.jpeg?q=70,emily,Emily Pets Cat Teaser Wand Toy with Plush & Bell for Cats & Kittens (Color May Vary) Wooden Stick For Cat,cat_toys
2026-07-07,flipkart,PTYHHUJ32G2W5UDY,3f99e882885d8699,https://www.flipkart.com/petsnplay-plastic-treat-dispensing-toy-dog-cat/p/itmb972172828fe1?pid=PTYHHUJ32G2W5UDY&lid=LSTPTYHHUJ32G2W5UDYEZBV1R&marketplace=FLIPKART&q=interactive+cat+toy&store=p3t&srno=s_1_17&otracker=search&fm=organic&iid=en_O1C8HtB0IjQQ-oR1jQZaPrgaEMfbbv6oDiGohR0hI7v_KP7N546RJeNwGC_0WqCq1tuC2p_9OG2m1LdaazeaZcNRzeymU8DAWAGjQumijkmOM6mm7wTBsCCcbxDyn13Z&ppt=None&ppn=None&ssid=keh8997g2o0000001783424292071&qH=6f2caafe5fdbc2f8&ov_redirect=true&ov_redirect=true,keyword_search,interactive cat toy,17,False,285.0,1999.0,86.0,,,In Stock,nan,,ok,scrape,https://rukminim2.flixcart.com/image/612/612/xif0q/pet-toy/g/c/4/1-tumblrfethr17-petsnplay-original-imahhuj3wfmgavgz.jpeg?q=70,petsnplay,PETSNPLAY Plastic Treat Dispensing Toy For Dog & Cat,cat_food
2026-07-07,flipkart,PTYHNS7CSYTENWDU,c2434a3dde54f158,https://www.flipkart.com/emily-pets-cat-teaser-toy-bell-plush-interactive-kitten-wand-color-may-vary-wooden-stick/p/itm491185598094d?pid=PTYHNS7CSYTENWDU&lid=LSTPTYHNS7CSYTENWDUFA2DHX&marketplace=FLIPKART&q=interactive+cat+toy&store=p3t&srno=s_1_18&otracker=search&fm=organic&iid=c7f1756f-91f9-4944-90cc-2787dea405fa.PTYHNS7CSYTENWDU.SEARCH&ppt=None&ppn=None&ssid=keh8997g2o0000001783424292071&qH=6f2caafe5fdbc2f8&ov_redirect=true&ov_redirect=true,keyword_search,interactive cat toy,18,False,153.0,299.0,49.0,,,In Stock,nan,,ok,scrape,https://rukminim2.flixcart.com/image/612/612/xif0q/pet-toy/n/4/z/1-ctstk-005-emily-pets-original-imahns74gn9fndgt.jpeg?q=70,emily,Emily Pets Cat Teaser Toy with Bell & Plush | Interactive Kitten Wand (Color May Vary) Wooden Stick For Cat,cat_toys
2026-07-07,flipkart,PTYH79HKQAFUX2UK,eaf490ed4dd4adb6,https://www.flipkart.com/pet-guard-cat-toys-interactive-feather-toy-set-activity-plastic-training-aid/p/itm280c3b6714c2c?pid=PTYH79HKQAFUX2UK&lid=LSTPTYH79HKQAFUX2UKFOZZD1&marketplace=FLIPKART&q=interactive+cat+toy&store=p3t&srno=s_1_19&otracker=search&fm=organic&iid=c7f1756f-91f9-4944-90cc-2787dea405fa.PTYH79HKQAFUX2UK.SEARCH&ppt=None&ppn=None&ssid=keh8997g2o0000001783424292071&qH=6f2caafe5fdbc2f8&ov_redirect=true&ov_redirect=true,keyword_search,interactive cat toy,19,False,161.0,599.0,73.0,4.5,,In Stock,nan,,ok,scrape,https://rukminim2.flixcart.com/image/612/612/xif0q/pet-toy/8/w/d/1-vvfbdbf-pet-guard-original-imah79hkvmjbj8az.jpeg?q=70,,Pet Guard Cat Toys -Interactive Cat Feather Toy Set -Activity Cat Toys Plastic Training Aid For Cat,cat_toys
2026-07-07,flipkart,CAOHBPXGDZAMS4JG,58da801ad36d8fd7,https://www.flipkart.com/petworld-cat-scratching-inclined-pad/p/itm26152b20e66fa?pid=CAOHBPXGDZAMS4JG&lid=LSTCAOHBPXGDZAMS4JGXEDPFR&marketplace=FLIPKART&q=scratching+post&store=search.flipkart.com&srno=s_1_1&otracker=search&fm=organic&iid=en_XD9mXSXT2YpSZbdvSWE5JYw2NL5vWqI78d5FBBRpUUz1Y7GZkkNeYjdVPLPRekoSpfLpX-OqUqFiqo24UF5lgeRiGBTw46P3Zm5-xTqzZLJhrsrHy858HabeM4cjyZsI&ppt=None&ppn=None&ssid=w7adpjchls0000001783424294643&qH=628cefc67d4ceea5&ov_redirect=true&ov_redirect=true,keyword_search,scratching post,1,False,192.0,449.0,57.0,3.8,,In Stock,nan,,ok,scrape,https://rukminim2.flixcart.com/image/612/612/xif0q/cat-scratching-post/q/4/q/ctsh-double-wide-pcud109-small-petworld-4-original-imahbzz4uerad4ms.jpeg?q=70,petworld,Petworld Cat Scratching Inclined Pad,cat_food
2026-07-07,flipkart,CAOHN4FHEEFNZFUX,d1cb4e4eee451281,https://www.flipkart.com/catmos-cat-scratching-sleeper/p/itm5c03a8b67a80c?pid=CAOHN4FHEEFNZFUX&lid=LSTCAOHN4FHEEFNZFUXQAGUNJ&marketplace=FLIPKART&q=scratching+post&store=search.flipkart.com&srno=s_1_2&otracker=search&fm=organic&iid=en_XD9mXSXT2YpSZbdvSWE5JYw2NL5vWqI78d5FBBRpUUw6ZKgGombsOBVRrlkgjFscEaB3v7JRIv3YR_nba5pkvMFKmPm0n2pBHh_QCr_p9GZhrsrHy858HabeM4cjyZsI&ppt=None&ppn=None&ssid=w7adpjchls0000001783424294643&qH=628cefc67d4ceea5&ov_redirect=true&ov_redirect=true,keyword_search,scratching post,2,False,259.0,399.0,35.0,,,In Stock,nan,,ok,scrape,https://rukminim2.flixcart.com/image/612/612/xif0q/cat-scratching-post/o/l/h/plnf21368-catmos-4-original-imahn4y2xpyytzg7.jpeg?q=70,catmos,Catmos Cat Scratching Sleeper,cat_food
2026-07-07,flipkart,CAOGN9SDM4FM6SP7,36a2673c724e00f3,https://www.flipkart.com/emily-pets-cat-scratching-pad/p/itm9bae9121326bf?pid=CAOGN9SDM4FM6SP7&lid=LSTCAOGN9SDM4FM6SP7POBAG4&marketplace=FLIPKART&q=scratching+post&store=search.flipkart.com&srno=s_1_3&otracker=search&fm=organic&iid=5bc46a97-7ca5-4d96-83b8-c80373b7e6bd.CAOGN9SDM4FM6SP7.SEARCH&ppt=None&ppn=None&ssid=w7adpjchls0000001783424294643&qH=628cefc67d4ceea5&ov_redirect=true&ov_redirect=true,keyword_search,scratching post,3,False,221.0,899.0,75.0,4.1,,In Stock,nan,,ok,scrape,https://rukminim2.flixcart.com/image/612/612/xif0q/cat-scratching-post/0/x/1/cat-scratcher-cardboard-reversible-scratching-pad-recyclable-original-imagn9sdydyzqfcy.jpeg?q=70,emily,Emily Pets Cat Scratching Pad,cat_food
2026-07-07,flipkart,CAOHH2BKHW3ZWFFG,4b61fcdea60dbd7a,https://www.flipkart.com/cocoluxe-cat-scratching-pad/p/itm2908ee217c9a5?pid=CAOHH2BKHW3ZWFFG&lid=LSTCAOHH2BKHW3ZWFFG7ZD1D5&marketplace=FLIPKART&q=scratching+post&store=search.flipkart.com&srno=s_1_4&otracker=search&fm=organic&iid=5bc46a97-7ca5-4d96-83b8-c80373b7e6bd.CAOHH2BKHW3ZWFFG.SEARCH&ppt=None&ppn=None&ssid=w7adpjchls0000001783424294643&qH=628cefc67d4ceea5&ov_redirect=true&ov_redirect=true,keyword_search,scratching post,4,False,329.0,1299.0,75.0,4.3,,In Stock,nan,,ok,scrape,https://rukminim2.flixcart.com/image/612/612/xif0q/cat-scratching-post/z/d/d/cat-scratcher-mat-natural-sisal-with-anti-slip-rubber-backing-original-imahzwdfq4s9hshx.jpeg?q=70,cocoluxe,cocoluxe Cat Scratching Pad,cat_food
2026-07-07,flipkart,CAOGT2RZTW3ZAYMA,36a2673c724e00f3,https://www.flipkart.com/emily-pets-cat-scratching-pad/p/itm1a3c31ee7e5a9?pid=CAOGT2RZTW3ZAYMA&lid=LSTCAOGT2RZTW3ZAYMAALOZV2&marketplace=FLIPKART&q=scratching+post&store=search.flipkart.com&srno=s_1_5&otracker=search&fm=organic&iid=5bc46a97-7ca5-4d96-83b8-c80373b7e6bd.CAOGT2RZTW3ZAYMA.SEARCH&ppt=None&ppn=None&ssid=w7adpjchls0000001783424294643&qH=628cefc67d4ceea5&ov_redirect=true&ov_redirect=true,keyword_search,scratching post,5,False,219.0,899.0,76.0,4.3,,In Stock,nan,,ok,scrape,https://rukminim2.flixcart.com/image/612/612/xif0q/cat-scratching-post/g/w/l/cat-scratcher-cardboard-reversible-scratching-pad-recyclable-original-imagt2nwd4se7brz.jpeg?q=70,emily,Emily Pets Cat Scratching Pad,cat_food
2026-07-07,flipkart,CAOHN3Z2WAZGFCAS,d1cb4e4eee451281,https://www.flipkart.com/catmos-cat-scratching-sleeper/p/itmbe67fe6af0df7?pid=CAOHN3Z2WAZGFCAS&lid=LSTCAOHN3Z2WAZGFCASRBBGDD&marketplace=FLIPKART&q=scratching+post&store=search.flipkart.com&srno=s_1_6&otracker=search&fm=organic&iid=en_XD9mXSXT2YpSZbdvSWE5JYw2NL5vWqI78d5FBBRpUUzvU4_HiiW9Tzj5O61vvRVKADPnC1Ye0lf25TA7aRQEZZ2RuLvajSvgsWMhhb1CyqmdHk9FCgtZWJHlGQtJVnes&ppt=None&ppn=None&ssid=w7adpjchls0000001783424294643&qH=628cefc67d4ceea5&ov_redirect=true&ov_redirect=true,keyword_search,scratching post,6,False,846.0,1099.0,23.0,,,In Stock,nan,,ok,scrape,https://rukminim2.flixcart.com/image/612/612/xif0q/cat-scratching-post/n/s/h/plnf21367-catmos-10-original-imahn3z28xhgb5qs.jpeg?q=70,catmos,Catmos Cat Scratching Sleeper,cat_food
2026-07-07,flipkart,CAOGW3E4WU3QTUES,36a2673c724e00f3,https://www.flipkart.com/emily-pets-cat-scratching-pad/p/itm086060eb0c0ac?pid=CAOGW3E4WU3QTUES&lid=LSTCAOGW3E4WU3QTUESZZICJP&marketplace=FLIPKART&q=scratching+post&store=search.flipkart.com&srno=s_1_7&otracker=search&fm=organic&iid=5bc46a97-7ca5-4d96-83b8-c80373b7e6bd.CAOGW3E4WU3QTUES.SEARCH&ppt=None&ppn=None&ssid=w7adpjchls0000001783424294643&qH=628cefc67d4ceea5&ov_redirect=true&ov_redirect=true,keyword_search,scratching post,7,False,221.0,699.0,68.0,4.2,,In Stock,nan,,ok,scrape,https://rukminim2.flixcart.com/image/612/612/xif0q/cat-scratching-post/4/d/e/cat-scratching-pad-durable-curved-cat-cardboard-scratcher-with-original-imagw3e4bmzhdr7g.jpeg?q=70,emily,Emily Pets Cat Scratching Pad,cat_food
2026-07-07,flipkart,CAOHHY6BGMZUNG7J,a581a9ff48a4215e,https://www.flipkart.com/scroll-store-cat-scratching-pad/p/itm03cc680873701?pid=CAOHHY6BGMZUNG7J&lid=LSTCAOHHY6BGMZUNG7JDBODP4&marketplace=FLIPKART&q=scratching+post&store=search.flipkart.com&srno=s_1_8&otracker=search&fm=organic&iid=5bc46a97-7ca5-4d96-83b8-c80373b7e6bd.CAOHHY6BGMZUNG7J.SEARCH&ppt=None&ppn=None&ssid=w7adpjchls0000001783424294643&qH=628cefc67d4ceea5&ov_redirect=true&ov_redirect=true,keyword_search,scratching post,8,False,225.0,600.0,62.0,3.0,,In Stock,nan,,ok,scrape,https://rukminim2.flixcart.com/image/612/612/xif0q/cat-scratching-post/m/v/j/ss540-scroll-store-6-original-imahhy6bqq2g9wue.jpeg?q=70,scroll,Scroll Store Cat Scratching Pad,cat_food
2026-07-07,flipkart,CAOHG2T6F2YGG7FN,0d8e3bc6d1a7a432,https://www.flipkart.com/pawptails-cat-scratching-pad/p/itme60e18cc49737?pid=CAOHG2T6F2YGG7FN&lid=LSTCAOHG2T6F2YGG7FNDD6TJJ&marketplace=FLIPKART&q=scratching+post&store=search.flipkart.com&srno=s_1_9&otracker=search&fm=organic&iid=5bc46a97-7ca5-4d96-83b8-c80373b7e6bd.CAOHG2T6F2YGG7FN.SEARCH&ppt=None&ppn=None&ssid=w7adpjchls0000001783424294643&qH=628cefc67d4ceea5&ov_redirect=true&ov_redirect=true,keyword_search,scratching post,9,False,278.0,499.0,44.0,4.4,,In Stock,nan,,ok,scrape,https://rukminim2.flixcart.com/image/612/612/xif0q/cat-scratching-post/i/4/d/pwt-0003-set-of-2-wave-interlock-cat-scr-pawptails-6-8-original-imahg2t6ckahtawb.jpeg?q=70,pawptails,Pawptails Cat Scratching Pad,cat_food
2026-07-07,flipkart,CAOHG2T6EP8F3PR4,0d8e3bc6d1a7a432,https://www.flipkart.com/pawptails-cat-scratching-pad/p/itm05448c3b72e40?pid=CAOHG2T6EP8F3PR4&lid=LSTCAOHG2T6EP8F3PR4RIMER4&marketplace=FLIPKART&q=scratching+post&store=search.flipkart.com&srno=s_1_10&otracker=search&fm=organic&iid=5bc46a97-7ca5-4d96-83b8-c80373b7e6bd.CAOHG2T6EP8F3PR4.SEARCH&ppt=None&ppn=None&ssid=w7adpjchls0000001783424294643&qH=628cefc67d4ceea5&ov_redirect=true&ov_redirect=true,keyword_search,scratching post,10,False,395.0,599.0,34.0,3.5,,In Stock,nan,,ok,scrape,https://rukminim2.flixcart.com/image/612/612/xif0q/cat-scratching-post/u/9/w/pwt-0003-dial-kiy-cat-scratcher-pawptails-3-8-original-imahg2t6zhqpz2zd.jpeg?q=70,pawptails,Pawptails Cat Scratching Pad,cat_food
2026-07-07,flipkart,CAOHN3Z65YNNPZYV,d1cb4e4eee451281,https://www.flipkart.com/catmos-cat-scratching-sleeper/p/itm051db354014fe?pid=CAOHN3Z65YNNPZYV&lid=LSTCAOHN3Z65YNNPZYVDSJ4ZE&marketplace=FLIPKART&q=scratching+post&store=search.flipkart.com&srno=s_1_11&otracker=search&fm=organic&iid=en_XD9mXSXT2YpSZbdvSWE5JYw2NL5vWqI78d5FBBRpUUwsDlr2OTGOPwRqSIE-JDny32VT-gV8mi_0JEO1vBFw452RuLvajSvgsWMhhb1CyqmdHk9FCgtZWJHlGQtJVnes&ppt=None&ppn=None&ssid=w7adpjchls0000001783424294643&qH=628cefc67d4ceea5&ov_redirect=true&ov_redirect=true,keyword_search,scratching post,11,False,1281.0,1349.0,5.0,,,In Stock,nan,,ok,scrape,https://rukminim2.flixcart.com/image/612/612/xif0q/cat-scratching-post/c/x/a/plnf21362-catmos-17-original-imahn3z4zqfchn4q.jpeg?q=70,catmos,Catmos Cat Scratching Sleeper,cat_food
2026-07-07,flipkart,CAOH94G8CXHYCYHE,58da801ad36d8fd7,https://www.flipkart.com/petworld-cat-scratching-inclined-pad/p/itm3fa0f7daa9f6a?pid=CAOH94G8CXHYCYHE&lid=LSTCAOH94G8CXHYCYHELD1RUU&marketplace=FLIPKART&q=scratching+post&store=search.flipkart.com&srno=s_1_12&otracker=search&fm=organic&iid=en_XD9mXSXT2YpSZbdvSWE5JYw2NL5vWqI78d5FBBRpUUzOHBZvcEihZ0jLmSsfGjKrdbhFgKlW0mpkBD8IXeNdoYNHw66T2VW4yPGxwHwsbMudHk9FCgtZWJHlGQtJVnes&ppt=None&ppn=None&ssid=w7adpjchls0000001783424294643&qH=628cefc67d4ceea5&ov_redirect=true&ov_redirect=true,keyword_search,scratching post,12,False,396.0,998.0,60.0,3.5,,In Stock,nan,,ok,scrape,https://rukminim2.flixcart.com/image/612/612/xif0q/cat-scratching-post/u/5/u/ctsh-shallow-pcud35-2-pet-world-4-original-imahamxepuqrcy2j.jpeg?q=70,petworld,Petworld Cat Scratching Inclined Pad,cat_food
2026-07-07,flipkart,CAOH77S9ZYZGTRYZ,fb3e5ca2ad90af3a,https://www.flipkart.com/petjoy-cat-scratching-pad/p/itmf8a6738b1ee5f?pid=CAOH77S9ZYZGTRYZ&lid=LSTCAOH77S9ZYZGTRYZ5J2YRL&marketplace=FLIPKART&q=scratching+post&store=search.flipkart.com&srno=s_1_13&otracker=search&fm=organic&iid=5bc46a97-7ca5-4d96-83b8-c80373b7e6bd.CAOH77S9ZYZGTRYZ.SEARCH&ppt=None&ppn=None&ssid=w7adpjchls0000001783424294643&qH=628cefc67d4ceea5&ov_redirect=true&ov_redirect=true,keyword_search,scratching post,13,False,247.0,440.0,44.0,4.0,,In Stock,nan,,ok,scrape,https://rukminim2.flixcart.com/image/612/612/xif0q/cat-scratching-post/o/e/h/cat-scratcher-cardboard-2-in-1-reversible-scratching-pad-original-imah77s9rmsuxhdp.jpeg?q=70,petjoy,PetJoy Cat Scratching Pad,cat_food
2026-07-07,flipkart,CAOH94G8ND8GG9NU,58da801ad36d8fd7,https://www.flipkart.com/petworld-cat-scratching-inclined-pad/p/itm9fb952ca4d104?pid=CAOH94G8ND8GG9NU&lid=LSTCAOH94G8ND8GG9NUNJXCWW&marketplace=FLIPKART&q=scratching+post&store=search.flipkart.com&srno=s_1_14&otracker=search&fm=organic&iid=5bc46a97-7ca5-4d96-83b8-c80373b7e6bd.CAOH94G8ND8GG9NU.SEARCH&ppt=None&ppn=None&ssid=w7adpjchls0000001783424294643&qH=628cefc67d4ceea5&ov_redirect=true&ov_redirect=true,keyword_search,scratching post,14,False,367.0,1198.0,69.0,4.4,,In Stock,nan,,ok,scrape,https://rukminim2.flixcart.com/image/612/612/xif0q/cat-scratching-post/l/h/z/ctsh-double-wide-pcud109-2-pet-world-5-original-imahafnaahdngfdv.jpeg?q=70,petworld,Petworld Cat Scratching Inclined Pad,cat_food
2026-07-07,flipkart,CAOHME5PMDEEHZMG,47c45441eedd11f9,https://www.flipkart.com/tailsntoys-cat-scratching-pad/p/itmf31b06b8f1512?pid=CAOHME5PMDEEHZMG&lid=LSTCAOHME5PMDEEHZMG1AGRCU&marketplace=FLIPKART&q=scratching+post&store=search.flipkart.com&srno=s_1_15&otracker=search&fm=organic&iid=5bc46a97-7ca5-4d96-83b8-c80373b7e6bd.CAOHME5PMDEEHZMG.SEARCH&ppt=None&ppn=None&ssid=w7adpjchls0000001783424294643&qH=628cefc67d4ceea5&ov_redirect=true&ov_redirect=true,keyword_search,scratching post,15,False,258.0,1199.0,78.0,4.3,,In Stock,nan,,ok,scrape,https://rukminim2.flixcart.com/image/612/612/xif0q/cat-scratching-post/r/k/9/scratch-pad-for-cats-self-adhesive-cat-toy-scratching-postt-original-imahme5zy7sfgcuz.jpeg?q=70,tailsntoys,TailsNToys Cat Scratching Pad,cat_food
2026-07-07,flipkart,CAOHG2T6KSHFGRTZ,0d8e3bc6d1a7a432,https://www.flipkart.com/pawptails-cat-scratching-pad/p/itm26445c9d16e68?pid=CAOHG2T6KSHFGRTZ&lid=LSTCAOHG2T6KSHFGRTZJEZO2C&marketplace=FLIPKART&q=scratching+post&store=search.flipkart.com&srno=s_1_16&otracker=search&fm=organic&iid=5bc46a97-7ca5-4d96-83b8-c80373b7e6bd.CAOHG2T6KSHFGRTZ.SEARCH&ppt=None&ppn=None&ssid=w7adpjchls0000001783424294643&qH=628cefc67d4ceea5&ov_redirect=true&ov_redirect=true,keyword_search,scratching post,16,False,190.0,499.0,62.0,3.8,,In Stock,nan,,ok,scrape,https://rukminim2.flixcart.com/image/612/612/xif0q/cat-scratching-post/m/a/f/pwt-0003-flat-board-single-cat-scr-pawptails-5-original-imahzneghmztqdd8.jpeg?q=70,pawptails,Pawptails Cat Scratching Pad,cat_food
2026-07-07,flipkart,CAOH7RHGADAVDCKF,58da801ad36d8fd7,https://www.flipkart.com/petworld-cat-scratching-inclined-pad/p/itmfb1d8d6a6aac8?pid=CAOH7RHGADAVDCKF&lid=LSTCAOH7RHGADAVDCKFIZMHM0&marketplace=FLIPKART&q=scratching+post&store=search.flipkart.com&srno=s_1_17&otracker=search&fm=organic&iid=en_XD9mXSXT2YpSZbdvSWE5JYw2NL5vWqI78d5FBBRpUUzTR8hIEROa1KR1DQEWJeJKFC5DHWNzkJsszQPx15yGVQUrIvjT0-Hf02ox6GJqDiCdHk9FCgtZWJHlGQtJVnes&ppt=None&ppn=None&ssid=w7adpjchls0000001783424294643&qH=628cefc67d4ceea5&ov_redirect=true&ov_redirect=true,keyword_search,scratching post,17,False,200.0,599.0,67.0,4.0,,In Stock,nan,,ok,scrape,https://rukminim2.flixcart.com/image/612/612/xif0q/cat-scratching-post/j/a/u/ctsh-double-wide-pcud109-pet-world-5-original-imah7rhgs9mqgneh.jpeg?q=70,petworld,Petworld Cat Scratching Inclined Pad,cat_food
2026-07-07,flipkart,CAOHMZDXNTGHHDNT,36a2673c724e00f3,https://www.flipkart.com/emily-pets-cat-scratching-pad/p/itmb14475169e541?pid=CAOHMZDXNTGHHDNT&lid=LSTCAOHMZDXNTGHHDNTKOU9SL&marketplace=FLIPKART&q=scratching+post&store=search.flipkart.com&srno=s_1_19&otracker=search&fm=organic&iid=5bc46a97-7ca5-4d96-83b8-c80373b7e6bd.CAOHMZDXNTGHHDNT.SEARCH&ppt=None&ppn=None&ssid=w7adpjchls0000001783424294643&qH=628cefc67d4ceea5&ov_redirect=true&ov_redirect=true,keyword_search,scratching post,19,False,215.0,599.0,64.0,,,In Stock,nan,,ok,scrape,https://rukminim2.flixcart.com/image/612/612/xif0q/cat-scratching-post/q/7/8/cat-scratcher-toy-combo-emily-pets-5-original-imahmzdxvbnhhxj8.jpeg?q=70,emily,Emily Pets Cat Scratching Pad,cat_food
2026-07-07,flipkart,CAOHMZ6N3GNFPP7E,1dc09ad0a783ea12,https://www.flipkart.com/emily-pets-cat-scratching-inclined-pad/p/itmc466604b9f676?pid=CAOHMZ6N3GNFPP7E&lid=LSTCAOHMZ6N3GNFPP7ETPGTEX&marketplace=FLIPKART&q=scratching+post&store=search.flipkart.com&srno=s_1_20&otracker=search&fm=organic&iid=5bc46a97-7ca5-4d96-83b8-c80373b7e6bd.CAOHMZ6N3GNFPP7E.SEARCH&ppt=None&ppn=None&ssid=w7adpjchls0000001783424294643&qH=628cefc67d4ceea5&ov_redirect=true&ov_redirect=true,keyword_search,scratching post,20,False,305.0,999.0,69.0,,,In Stock,nan,,ok,scrape,https://rukminim2.flixcart.com/image/612/612/xif0q/cat-scratching-post/t/t/l/cat-toy-combo-5-in-1-scratch-board-wand-catnip-toys-donut-for-original-imahmz6nejjfyzvs.jpeg?q=70,emily,Emily Pets Cat Scratching Inclined Pad,cat_food
2026-07-07,flipkart,PSOGHM3ZRYXCVGHR,6fea9474a12b39c1,https://www.flipkart.com/himalaya-erina-ep-shampoo-flea-tick-lemon-dog-cat/p/itm50bf73ce55837?pid=PSOGHM3ZRYXCVGHR&lid=LSTPSOGHM3ZRYXCVGHREGVWK1&marketplace=FLIPKART&q=dog+shampoo&store=p3t%2Fixl%2Fosh&srno=s_1_1&otracker=search&fm=organic&iid=en_PCO_vuFEqDWxkeLAWrBOw8DlINgysNP5cKHjpH9dFYdEE3bcT50JsAIfO9Ysu7Wy1W9KDedjGtkm0QRANiyH6NSHnCdwmC61OLLsbzZnxnhD1byuFxbye7fUp7wq0Hh5&ppt=None&ppn=None&ssid=1pizov16ps0000001783424297200&qH=8d82257ae22a2792&ov_redirect=true&ov_redirect=true,keyword_search,dog shampoo,1,False,549.0,571.0,4.0,4.4,,In Stock,nan,,ok,scrape,https://rukminim2.flixcart.com/image/612/612/xif0q/pet-shampoo/a/1/j/-enriched-transparent-original-imahf3grwgj8nhcq.png?q=70,himalaya,"HIMALAYA Erina-EP Shampoo Flea and Tick Lemon Dog, Cat Shampoo",grooming
2026-07-07,flipkart,PSOHMSTE9HYSFG6U,fca6682dfd09825c,https://www.flipkart.com/fur-ball-story-dermaprove-ayurvedic-herbal-formula-dog-shampoo-rosemary-neem-oil-aloevera-itch-relief-anti-dandruff-anti-bacterial-anti-fungal-anti-microbial-mild/p/itmaf5d33ace089b?pid=PSOHMSTE9HYSFG6U&lid=LSTPSOHMSTE9HYSFG6UQ8KTVV&marketplace=FLIPKART&q=dog+shampoo&store=p3t%2Fixl%2Fosh&srno=s_1_2&otracker=search&fm=organic&iid=en_PCO_vuFEqDWxkeLAWrBOw8DlINgysNP5cKHjpH9dFYf2HqInDAdzN3cwqPalo7SFafSUlb3RD1npSryshJWqmB23dSB97YIIyVL5RQ1t_W9D1byuFxbye7fUp7wq0Hh5&ppt=None&ppn=None&ssid=1pizov16ps0000001783424297200&qH=8d82257ae22a2792&ov_redirect=true&ov_redirect=true,keyword_search,dog shampoo,2,False,249.0,375.0,34.0,4.6,,In Stock,nan,,ok,scrape,https://rukminim2.flixcart.com/image/612/612/xif0q/pet-shampoo/u/7/v/200-dermaprove-vet-recommended-ayurvedic-antifungal-rosemary-oil-original-imahmstcy2npujpf.jpeg?q=70,fur,"Fur Ball Story Dermaprove Ayurvedic Herbal Formula Dog Shampoo Rosemary, Neem Oil & Aloevera Itch Relief, Anti-dandruff, Anti-Bacterial, Anti-fungal, Anti-microbial Mild Dog Shampoo",grooming
2026-07-07,flipkart,PSOEWRMNZYFKSZ7R,909baaf3b2d579aa,https://www.flipkart.com/himalaya-erina-ep-shampoo-tick-flea-control-dogs-cats-neem-eucalyptus-dog-cat-shampoo/p/itmewrmnnjqghkzn?pid=PSOEWRMNZYFKSZ7R&lid=LSTPSOEWRMNZYFKSZ7RA7EYDX&marketplace=FLIPKART&q=dog+shampoo&store=p3t%2Fixl%2Fosh&spotlightTagId=default_BestsellerId_p3t%2Fixl%2Fosh&srno=s_1_3&otracker=search&fm=organic&iid=87e2e3b7-1bcf-4dee-85cd-caa8a4b0d5c8.PSOEWRMNZYFKSZ7R.SEARCH&ppt=None&ppn=None&ssid=1pizov16ps0000001783424297200&qH=8d82257ae22a2792&ov_redirect=true&ov_redirect=true,keyword_search,dog shampoo,3,False,283.0,306.0,8.0,4.4,,In Stock,nan,,ok,scrape,https://rukminim2.flixcart.com/image/612/612/xif0q/pet-shampoo/d/5/7/-enriched-transparent-original-imahf3gru3hmh533.png?q=70,himalaya,"HIMALAYA Erina-EP Shampoo, Tick & Flea Control for Dogs & Cats with Neem & Eucalyptus Flea and Tick Neem and Eucalyptus Dog, Cat Shampoo",grooming
2026-07-07,flipkart,PSOGDGW5UPR3TFXA,211168c2bdb95034,https://www.flipkart.com/breedo-dog-need-combo-2-5in1-shampoo-conditioner-gloves-allergy-relief-conditioning-anti-fungal-anti-microbial-anti-itching-anti-dandruff-natural/p/itm8b360efa81cc5?pid=PSOGDGW5UPR3TFXA&lid=LSTPSOGDGW5UPR3TFXA2Q7UAA&marketplace=FLIPKART&q=dog+shampoo&store=p3t%2Fixl%2Fosh&spotlightTagId=default_BestsellerId_p3t%2Fixl%2Fosh&srno=s_1_4&otracker=search&fm=organic&iid=87e2e3b7-1bcf-4dee-85cd-caa8a4b0d5c8.PSOGDGW5UPR3TFXA.SEARCH&ppt=None&ppn=None&ssid=1pizov16ps0000001783424297200&qH=8d82257ae22a2792&ov_redirect=true&ov_redirect=true,keyword_search,dog shampoo,4,False,147.0,599.0,75.0,4.0,,In Stock,nan,,ok,scrape,https://rukminim2.flixcart.com/image/612/612/l23mhzk0/pet-shampoo/z/1/t/250-dog-need-combo-of-2-5in1-shampoo-conditioner-gloves-anti-original-imagdgw5a73wkfp7.jpeg?q=70,breedo,"Breedo Dog Need (Combo of 2) 5IN1 Shampoo Conditioner + Gloves Allergy Relief, Conditioning, Anti-fungal, Anti-microbial, Anti-itching, Anti-dandruff Natural Dog Shampoo",grooming
2026-07-07,flipkart,PSOGAZZGGZZ6HQ2Z,8f5201b9673d118b,https://www.flipkart.com/hachiko-best-quality-pack-2-dog-shampoo-5-1-total-500-ml-allergy-relief-anti-dandruff-anti-fungal-conditioning-artificial-fragrance-free/p/itm188f5857280df?pid=PSOGAZZGGZZ6HQ2Z&lid=LSTPSOGAZZGGZZ6HQ2Z9VQPS0&marketplace=FLIPKART&q=dog+shampoo&store=p3t%2Fixl%2Fosh&srno=s_1_5&otracker=search&fm=organic&iid=87e2e3b7-1bcf-4dee-85cd-caa8a4b0d5c8.PSOGAZZGGZZ6HQ2Z.SEARCH&ppt=None&ppn=None&ssid=1pizov16ps0000001783424297200&qH=8d82257ae22a2792&ov_redirect=true&ov_redirect=true,keyword_search,dog shampoo,5,False,141.0,999.0,86.0,4.0,,In Stock,nan,,ok,scrape,https://rukminim2.flixcart.com/image/612/612/xif0q/pet-shampoo/z/g/s/250-best-quality-pack-of-2-dog-shampoo-5-in-1-shampoo-anti-original-imah7hyhchcfmqzd.jpeg?q=70,hachiko,"Hachiko Best quality ( Pack of 2 ) Dog Shampoo 5 IN 1 (Total 500 ml) Allergy Relief, Anti-dandruff, Anti-fungal, Conditioning Artificial Fragrance Free Dog Shampoo",grooming
2026-07-07,flipkart,PSOHMSZDNXNNYTGE,1eef871da97165e3,https://www.flipkart.com/fur-ball-story-tick-free-ayurvedic-dog-shampoo-flea-control-vet-approved-pet-tick-anti-fungal-anti-itching-anti-bacterial-itch-relief-anti-microbial-mild/p/itm1252850d3c2ac?pid=PSOHMSZDNXNNYTGE&lid=LSTPSOHMSZDNXNNYTGEZITDAU&marketplace=FLIPKART&q=dog+shampoo&store=p3t%2Fixl%2Fosh&srno=s_1_6&otracker=search&fm=organic&iid=en_PCO_vuFEqDWxkeLAWrBOw8DlINgysNP5cKHjpH9dFYe0qjod_KpVQd9DTeNwVWjUrPIR9yHY9DdXiG-Lb9YNY-QPDMhxsLZHbzRZm0QFVsNXqFLi5iYZ-c84zHgaQlkS&ppt=None&ppn=None&ssid=1pizov16ps0000001783424297200&qH=8d82257ae22a2792&ov_redirect=true&ov_redirect=true,keyword_search,dog shampoo,6,False,249.0,375.0,34.0,4.3,,In Stock,nan,,ok,scrape,https://rukminim2.flixcart.com/image/612/612/xif0q/pet-shampoo/c/z/8/200-shampooch-tick-free-vet-approved-ayurvedic-tick-flea-dog-original-imahmszcbdafw9kr.jpeg?q=70,fur,"Fur Ball Story Tick Free Ayurvedic Dog Shampoo Flea & Tick Control Vet Approved Pet Shampoo Flea and Tick, Anti-fungal, Anti-itching, Anti-Bacterial, Itch Relief, Anti-microbial Mild Dog Shampoo",grooming
2026-07-07,flipkart,PSOGB7G9H2NFUFVX,59fc47313bccd4b3,https://www.flipkart.com/breedo-dog-combo-3-flea-tick-shampoo-anti-itch-500-ml-100-spray-allergy-relief-conditioning-anti-fungal-anti-microbial-anti-itching-anti-dandruff-natural/p/itm49e9093933e11?pid=PSOGB7G9H2NFUFVX&lid=LSTPSOGB7G9H2NFUFVX4UZSU2&marketplace=FLIPKART&q=dog+shampoo&store=p3t%2Fixl%2Fosh&spotlightTagId=default_FkPickId_p3t%2Fixl%2Fosh&srno=s_1_7&otracker=search&fm=organic&iid=87e2e3b7-1bcf-4dee-85cd-caa8a4b0d5c8.PSOGB7G9H2NFUFVX.SEARCH&ppt=None&ppn=None&ssid=1pizov16ps0000001783424297200&qH=8d82257ae22a2792&ov_redirect=true&ov_redirect=true,keyword_search,dog shampoo,7,False,209.0,1299.0,84.0,4.1,,In Stock,nan,,ok,scrape,https://rukminim2.flixcart.com/image/612/612/xif0q/pet-shampoo/s/0/h/600-high-quality-dog-need-combo-of-3-dog-flea-tick-shampoo-original-imah7hyhyrrwtaja.jpeg?q=70,breedo,"Breedo Dog (Combo of 3) Flea-Tick Shampoo + Anti-Itch Shampoo 500 ml + 100 ml Spray Allergy Relief, Conditioning, Anti-fungal, Anti-microbial, Anti-itching, Anti-dandruff Natural Dog Shampoo",grooming
2026-07-07,flipkart,PSOHEK7GCYJEXX4H,300a23c22d2792c7,https://www.flipkart.com/drixa-dog-cat-premium-pack-shampoo-spray-free-combo-allergy-relief-conditioning-flea-tick-itch-relief-natural-cat/p/itm5dd240b266c7d?pid=PSOHEK7GCYJEXX4H&lid=LSTPSOHEK7GCYJEXX4HQBGF4Y&marketplace=FLIPKART&q=dog+shampoo&store=p3t%2Fixl%2Fosh&srno=s_1_9&otracker=search&fm=organic&iid=87e2e3b7-1bcf-4dee-85cd-caa8a4b0d5c8.PSOHEK7GCYJEXX4H.SEARCH&ppt=None&ppn=None&ssid=1pizov16ps0000001783424297200&qH=8d82257ae22a2792&ov_redirect=true&ov_redirect=true,keyword_search,dog shampoo,9,False,164.0,499.0,67.0,4.0,,In Stock,nan,,ok,scrape,https://rukminim2.flixcart.com/image/612/612/xif0q/pet-shampoo/z/7/c/200-pet-shampoo-perpule-pet-spray-free-tick-flea-free-shampoo-original-imahek7gkkndg3up.jpeg?q=70,drixa,"Drixa DOG & CAT PREMIUM PACK SHAMPOO WITH SPRAY FREE COMBO Allergy Relief, Conditioning, Flea and Tick, Itch Relief NATURAL Cat, Dog Shampoo",grooming
2026-07-07,flipkart,PSOFRFCBBZPX8QNG,9de495938abab0b4,https://www.flipkart.com/procott-intas-anti-parasitic-allergy-relief-flea-tick-rose-dog-shampoo/p/itmc8c09d393196b?pid=PSOFRFCBBZPX8QNG&lid=LSTPSOFRFCBBZPX8QNGTZRJOX&marketplace=FLIPKART&q=dog+shampoo&store=p3t%2Fixl%2Fosh&srno=s_1_10&otracker=search&fm=organic&iid=87e2e3b7-1bcf-4dee-85cd-caa8a4b0d5c8.PSOFRFCBBZPX8QNG.SEARCH&ppt=None&ppn=None&ssid=1pizov16ps0000001783424297200&qH=8d82257ae22a2792&ov_redirect=true&ov_redirect=true,keyword_search,dog shampoo,10,False,152.0,350.0,57.0,4.3,,In Stock,nan,,ok,scrape,https://rukminim2.flixcart.com/image/612/612/xif0q/pet-shampoo/3/d/n/275-adult-dog-shampoo-procott-original-imahmjz7zhk8tyqq.jpeg?q=70,procott,"Procott Intas Procott Anti-parasitic, Allergy Relief, Flea and Tick Rose Dog Shampoo",grooming
2026-07-07,flipkart,PSOHMSNYAEM8AEKB,e2b77fce166a6b7e,https://www.flipkart.com/fur-ball-story-meow-care-cat-shampoo-sulphate-paraben-free-soft-silky-smooth-coat-anti-itching-allergy-relief-anti-dandruff-anti-fungal-anti-microbial-anti-bacterial-mild/p/itm4ba8fecd887d9?pid=PSOHMSNYAEM8AEKB&lid=LSTPSOHMSNYAEM8AEKBZIB0EV&marketplace=FLIPKART&q=cat+shampoo&store=p3t%2Fixl%2Fosh&srno=s_1_6&otracker=search&fm=organic&iid=en_hCZHPrfJCXxQxDtilKnrzPCMnwfGF29_oWC7sFi61NhbTW5qHRqPNlnhkDXLE01YuAleXeolKuh-aD2DybPzGtu9qL6_oX-y82tnei3yca-wE2ViIgL3QijACI5iM9SP9QWMJPI4egdmz5nn89L_DQ%3D%3D&ppt=None&ppn=None&ssid=y8f1ftke9s0000001783424299769&qH=c761a0a39d797bbe&ov_redirect=true&ov_redirect=true,keyword_search,cat shampoo,6,False,249.0,349.0,29.0,4.7,,In Stock,nan,,ok,scrape,https://rukminim2.flixcart.com/image/612/612/xif0q/pet-shampoo/m/d/v/200-meow-care-vet-recom-ayurvedic-cat-shampoo-for-healthy-skin-original-imahmsnyu3fpdwzw.jpeg?q=70,me-o,"Fur Ball Story Meow Care - Cat Shampoo | Sulphate & Paraben Free | Soft, Silky & Smooth Coat | Anti-itching, Allergy Relief, Anti-dandruff, Anti-fungal, Anti-microbial, Anti-Bacterial Mild Cat Shampoo",grooming
2026-07-07,flipkart,PSOGWEHZWJTHJFR8,390a5e2438ce0e37,https://www.flipkart.com/provimi-pet-care-pethex-shampoo-anti-itching-anti-parasitic-anti-fungal-anti-microbial-unscented-dog/p/itm390549e4471ca?pid=PSOGWEHZWJTHJFR8&lid=LSTPSOGWEHZWJTHJFR8V00HYC&marketplace=FLIPKART&q=dog+shampoo&store=p3t%2Fixl%2Fosh&srno=s_1_13&otracker=search&fm=organic&iid=87e2e3b7-1bcf-4dee-85cd-caa8a4b0d5c8.PSOGWEHZWJTHJFR8.SEARCH&ppt=None&ppn=None&ssid=1pizov16ps0000001783424297200&qH=8d82257ae22a2792&ov_redirect=true&ov_redirect=true,keyword_search,dog shampoo,13,False,288.0,480.0,40.0,4.8,,In Stock,nan,,ok,scrape,https://rukminim2.flixcart.com/image/612/612/xif0q/pet-shampoo/3/x/d/200-pet-care-pethex-shampoo-provimi-original-imagwehzgzh283nd.jpeg?q=70,provimi,"Provimi Pet Care Pethex Shampoo Anti-itching, Anti-parasitic, Anti-fungal, Anti-microbial Unscented Dog Shampoo",grooming
2026-07-07,flipkart,PSOHK56HFJJPP97J,79e0f377d1255915,https://www.flipkart.com/procott-shampoo-all-types-dogs-cats-conditioning-natural-dog-cat/p/itmf8d675a9a6dd2?pid=PSOHK56HFJJPP97J&lid=LSTPSOHK56HFJJPP97J9ORXDR&marketplace=FLIPKART&q=dog+shampoo&store=p3t%2Fixl%2Fosh&srno=s_1_14&otracker=search&fm=organic&iid=87e2e3b7-1bcf-4dee-85cd-caa8a4b0d5c8.PSOHK56HFJJPP97J.SEARCH&ppt=None&ppn=None&ssid=1pizov16ps0000001783424297200&qH=8d82257ae22a2792&ov_redirect=true&ov_redirect=true,keyword_search,dog shampoo,14,False,160.0,310.0,48.0,4.6,,In Stock,nan,,ok,scrape,https://rukminim2.flixcart.com/image/612/612/xif0q/pet-shampoo/y/5/e/275-shampoo-for-all-types-of-dogs-cats-procott-original-imahmqkjjmcqrxdu.jpeg?q=70,procott,"Procott Shampoo for all types of Dogs & Cats Conditioning Natural Dog, Cat Shampoo",grooming
2026-07-07,flipkart,PSOGXPGAHQFFCHAP,99d6234d544b89ce,https://www.flipkart.com/hachiko-natural-combo-2-flea-tick-shampoo-plus-conditioner-scrub-brush-allergy-relief-anti-dandruff-anti-fungal-anti-microbial-artificial-fragrance-free-dog/p/itmb1fd7e2d3fcfe?pid=PSOGXPGAHQFFCHAP&lid=LSTPSOGXPGAHQFFCHAP0E9JN7&marketplace=FLIPKART&q=dog+shampoo&store=p3t%2Fixl%2Fosh&srno=s_1_15&otracker=search&fm=organic&iid=87e2e3b7-1bcf-4dee-85cd-caa8a4b0d5c8.PSOGXPGAHQFFCHAP.SEARCH&ppt=None&ppn=None&ssid=1pizov16ps0000001783424297200&qH=8d82257ae22a2792&ov_redirect=true&ov_redirect=true,keyword_search,dog shampoo,15,False,151.0,799.0,81.0,4.1,,In Stock,nan,,ok,scrape,https://rukminim2.flixcart.com/image/612/612/xif0q/pet-shampoo/g/l/y/250-dog-need-dog-flea-and-tick-scrub-shampoo-conditioner-250-ml-original-imagxqkheyccgygq.jpeg?q=70,hachiko,"Hachiko Natural (Combo of 2) Flea and Tick Shampoo Plus Conditioner + Scrub Brush Allergy Relief, Anti-dandruff, Anti-fungal, Anti-microbial Artificial Fragrance Free Dog Shampoo",grooming
2026-07-07,flipkart,PSOGCSK8GTE7VVEH,2b2f48e23da8c3a0,https://www.flipkart.com/zoivane-pet-ditch-itch-shampoo-anti-bacterial-dog-conditioner-200-ml-pack-anti-itching-anti-dandruff-anti-fungal-conditioning-whitening-color-enhancing-rose-cologne/p/itm4260209b7169d?pid=PSOGCSK8GTE7VVEH&lid=LSTPSOGCSK8GTE7VVEHKTWJXG&marketplace=FLIPKART&q=dog+shampoo&store=p3t%2Fixl%2Fosh&srno=s_1_16&otracker=search&fm=organic&iid=87e2e3b7-1bcf-4dee-85cd-caa8a4b0d5c8.PSOGCSK8GTE7VVEH.SEARCH&ppt=None&ppn=None&ssid=1pizov16ps0000001783424297200&qH=8d82257ae22a2792&ov_redirect=true&ov_redirect=true,keyword_search,dog shampoo,16,False,98.0,330.0,70.0,4.2,,In Stock,nan,,ok,scrape,https://rukminim2.flixcart.com/image/612/612/xif0q/pet-shampoo/v/3/1/200-zv-dti-200ml-zoivane-original-imahexfyurcxmaax.jpeg?q=70,zoivane,"Zoivane Pet Ditch to Itch Shampoo Anti-Bacterial Dog Shampoo & Conditioner | 200 ML Pack Anti-itching, Anti-dandruff, Anti-fungal, Conditioning, Whitening and Color Enhancing Rose Cologne Dog Shampoo",grooming
2026-07-07,flipkart,PSOHKH5KBZXMH7ZD,4bbed9dcdbb49cdd,https://www.flipkart.com/raytails-dog-shampoo-odor-hair-fall-control-deep-cleaning-gentle-coat-care-conditioning-anti-itching-ph-balanced-mild/p/itm2c67b1ae044e5?pid=PSOHKH5KBZXMH7ZD&lid=LSTPSOHKH5KBZXMH7ZDP9IAF9&marketplace=FLIPKART&q=dog+shampoo&store=p3t%2Fixl%2Fosh&srno=s_1_17&otracker=search&fm=organic&iid=en_PCO_vuFEqDWxkeLAWrBOw8DlINgysNP5cKHjpH9dFYdE-4MFUxPmLQ1sXLmDCYao-8Qz2o2TFlxJq4XtjUM9YMYj_K5QewkFO68adAoCSzUaGAjUKakFkY8pXiyuh2pv&ppt=None&ppn=None&ssid=1pizov16ps0000001783424297200&qH=8d82257ae22a2792&ov_redirect=true&ov_redirect=true,keyword_search,dog shampoo,17,False,221.0,345.0,36.0,4.5,,In Stock,nan,,ok,scrape,https://rukminim2.flixcart.com/image/612/612/xif0q/pet-shampoo/i/u/u/300-rt-ds-300-raytails-original-imahmhzwbtekdnhu.jpeg?q=70,raytails,"Raytails Dog Shampoo for Odor & Hair Fall Control Deep Cleaning Gentle Coat Care Conditioning, Anti-itching pH Balanced, Mild Dog Shampoo",grooming
2026-07-07,flipkart,PSOGJ2V7WPUPAQVC,b98171f747d28eb5,https://www.flipkart.com/romsay-anti-tick-flea-shampoo-dogs-cats-200ml-pack-2-bath-brush-tick-allergy-relief-anti-fungal-anti-itching-anti-dandruff-hypoallergenic-fresh-notes-blueberry-dog/p/itmbe67f68e2f231?pid=PSOGJ2V7WPUPAQVC&lid=LSTPSOGJ2V7WPUPAQVC2EKP9I&marketplace=FLIPKART&q=flea+tick+medicine+for+dogs&store=p3t%2Fixl%2Fosh&srno=s_1_2&otracker=search&fm=organic&iid=en_Xo65uYsQb9WLOHE8TbQtC7DPdPwNb65Zq1L3VpL2zHZU7g1vRb7oJ0RKJFIf17AhgGvZoE2JKMY-cU4v6X3jG_IG_5qXBJMkfnzDJtuz8tpncbJernheh9QCjobFf9uu&ppt=None&ppn=None&ssid=7ynyuyy6cw0000001783424326799&qH=2ddc765890887549&ov_redirect=true&ov_redirect=true,keyword_search,flea tick medicine for dogs,2,False,184.0,698.0,74.0,4.2,,In Stock,nan,,ok,scrape,https://rukminim2.flixcart.com/image/612/612/xif0q/pet-shampoo/i/v/h/400-hh-1390-romsay-original-imagj2v7svrqvfm9.jpeg?q=70,romsay,"ROMSAY Anti-Tick & Flea Shampoo For Dogs & Cats 200ML Pack Of 2 With Bath Brush Flea and Tick, Allergy Relief, Anti-fungal, Anti-itching, Anti-dandruff, Hypoallergenic Fresh Notes, Blueberry Dog Shampoo",health_wellness
2026-07-07,flipkart,PSOH6ZN8KXFZPEKU,6f5e9bb4cf8269c5,https://www.flipkart.com/heartie-oatmeal-6-in-1-pet-shampoo-conditioner-paraben-free-dog-shiny-coat-conditioning-hypoallergenic-anti-itching-fresh-dog-cat/p/itm9795210903e10?pid=PSOH6ZN8KXFZPEKU&lid=LSTPSOH6ZN8KXFZPEKUINO5HO&marketplace=FLIPKART&q=cat+shampoo&store=p3t%2Fixl%2Fosh&srno=s_1_1&otracker=search&fm=organic&iid=en_hCZHPrfJCXxQxDtilKnrzPCMnwfGF29_oWC7sFi61Nju1luf1mhRBaMv5HWnGj2y1F8IRhrWOu-_GIKy8EAMGQkbZOyhQ6w5lBjh7eGubWKtwvFb6eCDAyeoTaq99UQj&ppt=None&ppn=None&ssid=y8f1ftke9s0000001783424299769&qH=c761a0a39d797bbe&ov_redirect=true&ov_redirect=true,keyword_search,cat shampoo,1,False,319.0,675.0,53.0,4.7,,In Stock,nan,,ok,scrape,https://rukminim2.flixcart.com/image/612/612/xif0q/pet-shampoo/x/y/b/300-detangling-shampoo-and-conditioner-for-dogs-cats-heartie-original-imahmrnhgqqnrdca.jpeg?q=70,heartie,"Heartie Oatmeal 6-in-1 Pet Shampoo & Conditioner |Paraben Free Dog Shampoo |Shiny Coat Conditioning, Hypoallergenic, Anti-itching Fresh Dog, Cat Shampoo",grooming
2026-07-07,flipkart,PSOHZDZEVAUKPYHJ,5f0e0de69edc7c6a,https://www.flipkart.com/kickat-gentle-care-anti-hair-fall-shampoo-adult-cats-sulphate-paraben-free-anti-dandruff-allergy-relief-hypoallergenic-anti-fungal-aqua-cat/p/itma96e09728e8d8?pid=PSOHZDZEVAUKPYHJ&lid=LSTPSOHZDZEVAUKPYHJN2PUHO&marketplace=FLIPKART&q=cat+shampoo&store=p3t%2Fixl%2Fosh&srno=s_1_2&otracker=search&fm=organic&iid=en_hCZHPrfJCXxQxDtilKnrzPCMnwfGF29_oWC7sFi61NilqxZWWovqd1bHTBqJkntk62Yy1-x7mht4pVvQj2DrKWIIZ1AF93wBoqEEe1ujO3mBzBJ-bo1-hxZr6n7R6CG5&ppt=None&ppn=None&ssid=y8f1ftke9s0000001783424299769&qH=c761a0a39d797bbe&ov_redirect=true&ov_redirect=true,keyword_search,cat shampoo,2,False,130.0,499.0,74.0,,,In Stock,nan,,ok,scrape,https://rukminim2.flixcart.com/image/612/612/xif0q/pet-shampoo/5/6/a/200-anti-hair-fall-cat-200ml-kickat-original-imahzdmkapyzcyth.jpeg?q=70,kickat,"KickAt Gentle Care Anti Hair Fall Shampoo for Adult Cats - Sulphate & Paraben Free Anti-dandruff, Allergy Relief, Hypoallergenic, Anti-fungal AQUA Cat Shampoo",grooming
2026-07-07,flipkart,PSOG74ZMTZKB4QYR,ba3e96ab2553b997,https://www.flipkart.com/zoivane-persian-cat-shampoo-conditioner-anti-dandruff-allergy-relief-anti-fungal-anti-itching-whitening-color-enhancing-floral-sweet/p/itmd60d2c33ad3b2?pid=PSOG74ZMTZKB4QYR&lid=LSTPSOG74ZMTZKB4QYRWACZXF&marketplace=FLIPKART&q=cat+shampoo&store=p3t%2Fixl%2Fosh&srno=s_1_4&otracker=search&fm=organic&iid=b1ca53d0-beee-4dcd-aa21-6028d799340c.PSOG74ZMTZKB4QYR.SEARCH&ppt=None&ppn=None&ssid=y8f1ftke9s0000001783424299769&qH=c761a0a39d797bbe&ov_redirect=true&ov_redirect=true,keyword_search,cat shampoo,4,False,122.0,260.0,53.0,4.3,,In Stock,nan,,ok,scrape,https://rukminim2.flixcart.com/image/612/612/xif0q/pet-shampoo/v/c/0/100-5-in-one-extra-white-shampoo-conditioner-100-ml-zoivane-original-imahdmj5bhyhbwhe.jpeg?q=70,zoivane,"Zoivane Persian Cat Shampoo with Conditioner Anti-dandruff, Allergy Relief, Anti-fungal, Anti-itching, Whitening and Color Enhancing Floral, Sweet Cat Shampoo",grooming
2026-07-07,flipkart,PSOGD5WUZ4FYJC5P,e1b0b429bb764c87,https://www.flipkart.com/zoivane-5-1-extra-white-cat-shampoo-conditioner-100-natural-active-ingredients-allergy-relief-anti-microbial-conditioning-whitening-color-enhancing-floral-sweet/p/itme5615dbbb1c52?pid=PSOGD5WUZ4FYJC5P&lid=LSTPSOGD5WUZ4FYJC5PQKY7BL&marketplace=FLIPKART&q=cat+shampoo&store=p3t%2Fixl%2Fosh&srno=s_1_5&otracker=search&fm=organic&iid=b1ca53d0-beee-4dcd-aa21-6028d799340c.PSOGD5WUZ4FYJC5P.SEARCH&ppt=None&ppn=None&ssid=y8f1ftke9s0000001783424299769&qH=c761a0a39d797bbe&ov_redirect=true&ov_redirect=true,keyword_search,cat shampoo,5,False,96.0,260.0,63.0,4.3,,In Stock,nan,,ok,scrape,https://rukminim2.flixcart.com/image/612/612/xif0q/pet-shampoo/r/9/p/100-zv-csc-100ml-ew-zoivane-original-imahdug4uh7thjmb.jpeg?q=70,zoivane,"Zoivane 5 in 1 Extra White Cat Shampoo with Conditioner|100% Natural Active Ingredients| Allergy Relief, Anti-microbial, Conditioning, Whitening and Color Enhancing Floral and Sweet Cat Shampoo",grooming
2026-07-07,flipkart,PSOGD5XZ3NZXZKDS,,https://www.flipkart.com/zoivane-extra-white-5-1-cat-shampoo-conditioner-100-natural-active-ingredients-allergy-relief-anti-microbial-conditioning-whitening-color-enhancing-floral-sweet/p/itmf46915a70777d?pid=PSOGD5XZ3NZXZKDS&lid=LSTPSOGD5XZ3NZXZKDSN5YLSM&marketplace=FLIPKART&q=cat+shampoo&store=p3t%2Fixl%2Fosh&srno=s_1_7&otracker=search&fm=organic&iid=b1ca53d0-beee-4dcd-aa21-6028d799340c.PSOGD5XZ3NZXZKDS.SEARCH&ppt=None&ppn=None&ssid=y8f1ftke9s0000001783424299769&qH=c761a0a39d797bbe&ov_redirect=true&ov_redirect=true,keyword_search,cat shampoo,7,False,154.0,532.0,71.0,4.2,,In Stock,nan,,ok,scrape,https://rukminim2.flixcart.com/image/612/612/xif0q/pet-shampoo/m/k/w/200-zv-csc-100ml-ew-p2-zoivane-original-imahdufzpfdd4gw8.jpeg?q=70,zoivane,"Zoivane Extra White 5 in 1 Cat Shampoo & Conditioner, 100% Natural Active Ingredients Allergy Relief, Anti-microbial, Conditioning, Whitening and Color Enhancing Floral and Sweet Cat Shampoo",grooming
2026-07-07,flipkart,PSOHNUQQGGD2YFAH,0eec20e488c39644,https://www.flipkart.com/extick-anti-ticks-shampoo-flea-tick-anti-bacterial-anti-dandruff-aloe-dog-cat/p/itm0c86c1763faa0?pid=PSOHNUQQGGD2YFAH&lid=LSTPSOHNUQQGGD2YFAHM5NRK2&marketplace=FLIPKART&q=cat+shampoo&store=p3t%2Fixl%2Fosh&srno=s_1_8&otracker=search&fm=organic&iid=b1ca53d0-beee-4dcd-aa21-6028d799340c.PSOHNUQQGGD2YFAH.SEARCH&ppt=None&ppn=None&ssid=y8f1ftke9s0000001783424299769&qH=c761a0a39d797bbe&ov_redirect=true&ov_redirect=true,keyword_search,cat shampoo,8,False,416.0,480.0,13.0,,,In Stock,nan,,ok,scrape,https://rukminim2.flixcart.com/image/612/612/xif0q/pet-shampoo/6/w/b/400-anti-ticks-pet-shampoo-2x200-extick-original-imahnuqqhrg2kfnx.jpeg?q=70,extick,"Extick Anti-Ticks Shampoo Flea and Tick, Anti-Bacterial, Anti-dandruff Aloe Dog, Cat Shampoo",grooming
2026-07-07,flipkart,PSOGCUPZNCMFMUUX,392d256bf5217c82,https://www.flipkart.com/zoivane-smooth-shine-cat-shampoo-nourishing-pet-hair-body-wash-allergy-relief-anti-dandruff-anti-itching-conditioning-whitening-color-enhancing-rose/p/itm1dc26e9bfc637?pid=PSOGCUPZNCMFMUUX&lid=LSTPSOGCUPZNCMFMUUXSSNSUZ&marketplace=FLIPKART&q=cat+shampoo&store=p3t%2Fixl%2Fosh&srno=s_1_9&otracker=search&fm=organic&iid=b1ca53d0-beee-4dcd-aa21-6028d799340c.PSOGCUPZNCMFMUUX.SEARCH&ppt=None&ppn=None&ssid=y8f1ftke9s0000001783424299769&qH=c761a0a39d797bbe&ov_redirect=true&ov_redirect=true,keyword_search,cat shampoo,9,False,158.0,290.0,46.0,4.3,,In Stock,nan,,ok,scrape,https://rukminim2.flixcart.com/image/612/612/xif0q/pet-shampoo/x/n/k/200-zv-csp-200ml-zoivane-original-imahexg6numgbyw5.jpeg?q=70,zoivane,"Zoivane Smooth & Shine Cat Shampoo For Nourishing Pet Hair & Body Wash Allergy Relief, Anti-dandruff, Anti-itching, Conditioning, Whitening and Color Enhancing Rose Cat Shampoo",grooming
2026-07-07,flipkart,PSOH6PTGGPYYEMZ7,8a9707473c3b8f5d,https://www.flipkart.com/petsware-5-1-rose-cat-shampoo-conditioner-persian-all-types-anti-fungal-anti-bacterial-conditioning-flea-tick-whitening-color-enhancing/p/itma249b8be4c82f?pid=PSOH6PTGGPYYEMZ7&lid=LSTPSOH6PTGGPYYEMZ7HVYDGX&marketplace=FLIPKART&q=cat+shampoo&store=p3t%2Fixl%2Fosh&spotlightTagId=default_FkPickId_p3t%2Fixl%2Fosh&srno=s_1_10&otracker=search&fm=organic&iid=b1ca53d0-beee-4dcd-aa21-6028d799340c.PSOH6PTGGPYYEMZ7.SEARCH&ppt=None&ppn=None&ssid=y8f1ftke9s0000001783424299769&qH=c761a0a39d797bbe&ov_redirect=true&ov_redirect=true,keyword_search,cat shampoo,10,False,135.0,999.0,86.0,4.1,,In Stock,nan,,ok,scrape,https://rukminim2.flixcart.com/image/612/612/xif0q/pet-shampoo/e/q/u/200-rose-cat-shampoo-200ml-5-in-1-cat-shampoo-with-conditioner-original-imahmmavx3zz35eh.jpeg?q=70,petsware,"PETSWARE 5 in 1 Rose Cat Shampoo with Conditioner for Persian Cat & All Cat Types Anti-fungal, Anti-Bacterial, Conditioning, Flea and Tick, Whitening and Color Enhancing ROSE Cat Shampoo",grooming
2026-07-07,flipkart,PSOHZDNADTPXFZEW,b17839571eb5d477,https://www.flipkart.com/kickat-5-1-cat-shampoo-safe-mild-complete-care-all-cats-conditioning-anti-microbial-anti-fungal-anti-dandruff-allergy-relief-lavender/p/itm92cd519b22d1e?pid=PSOHZDNADTPXFZEW&lid=LSTPSOHZDNADTPXFZEWDXE3KV&marketplace=FLIPKART&q=cat+shampoo&store=p3t%2Fixl%2Fosh&srno=s_1_11&otracker=search&fm=organic&iid=en_hCZHPrfJCXxQxDtilKnrzPCMnwfGF29_oWC7sFi61NgBI6ZkRCVo1SN3VLHd2T610pwctLozsHmF7j6PYpVUMpISohxPOMHKZiPJy6JQATetwvFb6eCDAyeoTaq99UQj&ppt=None&ppn=None&ssid=y8f1ftke9s0000001783424299769&qH=c761a0a39d797bbe&ov_redirect=true&ov_redirect=true,keyword_search,cat shampoo,11,False,130.0,499.0,74.0,,,In Stock,nan,,ok,scrape,https://rukminim2.flixcart.com/image/612/612/xif0q/pet-shampoo/n/f/4/200-5-in-1-cat-200ml-kickat-original-imahzdmgusspbyfz.jpeg?q=70,kickat,"KickAt 5 in 1 Cat Shampoo - Safe & Mild Complete Care for All Cats Conditioning, Anti-microbial, Anti-fungal, Anti-dandruff, Allergy Relief Lavender Cat Shampoo",grooming
2026-07-07,flipkart,PSOHZFJDGHHZNZBH,e2723ad119563f05,https://www.flipkart.com/kickat-tear-free-sulfate-free-kitten-shampoo-fresh-cucumber-soft-milk-notes-conditioning-allergy-relief-anti-dandruff-itch-relief-coco-cat/p/itm8697d64ab00bb?pid=PSOHZFJDGHHZNZBH&lid=LSTPSOHZFJDGHHZNZBH8TUH6X&marketplace=FLIPKART&q=cat+shampoo&store=p3t%2Fixl%2Fosh&srno=s_1_12&otracker=search&fm=organic&iid=en_hCZHPrfJCXxQxDtilKnrzPCMnwfGF29_oWC7sFi61NgRHV7JKioOSci1FK62A3uhnOhSaE0W3WIZeKdUtSN5NpISohxPOMHKZiPJy6JQATetwvFb6eCDAyeoTaq99UQj&ppt=None&ppn=None&ssid=y8f1ftke9s0000001783424299769&qH=c761a0a39d797bbe&ov_redirect=true&ov_redirect=true,keyword_search,cat shampoo,12,False,130.0,499.0,74.0,,,In Stock,nan,,ok,scrape,https://rukminim2.flixcart.com/image/612/612/xif0q/pet-shampoo/2/h/f/200-kitten-shampoo-cat-200ml-kickat-original-imahzfjdbjzqayzt.jpeg?q=70,kickat,"KickAt Tear-Free & Sulfate-Free Kitten Shampoo - Fresh Cucumber & Soft Milk Notes Conditioning, Allergy Relief, Anti-dandruff, Itch Relief COCO Cat Shampoo",grooming
2026-07-07,flipkart,PSOHGWN6HVUYYKTF,4db67bcc3cd45ad8,https://www.flipkart.com/flufy-care-co-lavender-cat-shampoo-combo-200ml-dual-pack-anti-odor-gentle-allergy-relief-anti-dandruff-anti-fungal-anti-inflammatory-flea-tick/p/itm06fdc6f683b2a?pid=PSOHGWN6HVUYYKTF&lid=LSTPSOHGWN6HVUYYKTFDTHYAE&marketplace=FLIPKART&q=cat+shampoo&store=p3t%2Fixl%2Fosh&srno=s_1_13&otracker=search&fm=organic&iid=b1ca53d0-beee-4dcd-aa21-6028d799340c.PSOHGWN6HVUYYKTF.SEARCH&ppt=None&ppn=None&ssid=y8f1ftke9s0000001783424299769&qH=c761a0a39d797bbe&ov_redirect=true&ov_redirect=true,keyword_search,cat shampoo,13,False,180.0,1599.0,89.0,4.2,,In Stock,nan,,ok,scrape,https://rukminim2.flixcart.com/image/612/612/xif0q/pet-shampoo/7/m/l/400-lvctco-400-flufy-care-co-original-imahgkhhectftyya.jpeg?q=70,flufy,"flufy care co Lavender Cat Shampoo Combo – 200ml + 200ml | Dual Pack | Anti-Odor, Gentle, Allergy Relief, Anti-dandruff, Anti-fungal, Anti-Inflammatory, Flea and Tick LAVENDER Cat Shampoo",grooming
2026-07-07,flipkart,PSOH5YXDZZWFDK4K,6a0a988d1b9fc904,https://www.flipkart.com/petsware-5-1-cat-shampoo-conditioner-persian-cat-kitten-all-types-anti-fungal-anti-itching-flea-tick-conditioning-anti-bacterial-anti-microbial-neem/p/itm133093a386236?pid=PSOH5YXDZZWFDK4K&lid=LSTPSOH5YXDZZWFDK4KENYTQJ&marketplace=FLIPKART&q=cat+shampoo&store=p3t%2Fixl%2Fosh&srno=s_1_14&otracker=search&fm=organic&iid=b1ca53d0-beee-4dcd-aa21-6028d799340c.PSOH5YXDZZWFDK4K.SEARCH&ppt=None&ppn=None&ssid=y8f1ftke9s0000001783424299769&qH=c761a0a39d797bbe&ov_redirect=true&ov_redirect=true,keyword_search,cat shampoo,14,False,135.0,399.0,66.0,4.0,,In Stock,nan,,ok,scrape,https://rukminim2.flixcart.com/image/612/612/xif0q/pet-shampoo/s/v/k/200-cat-shampoo-neem-200ml-5-in-1-cat-shampoo-with-conditioner-original-imah7syzgrzhgzya.jpeg?q=70,petsware,"PETSWARE 5 in 1 Cat Shampoo with Conditioner for Persian Cat,Kitten & for All Cat Types Anti-fungal, Anti-itching, Flea and Tick, Conditioning, Anti-Bacterial, Anti-microbial Neem Cat Shampoo",grooming
2026-07-07,flipkart,PSOGD6XRJVQFHFZN,392d256bf5217c82,https://www.flipkart.com/zoivane-smooth-shine-cat-shampoo-pet-aloe-vera-natural-herbs-200-ml-pack-2-allergy-relief-anti-microbial-conditioning-whitening-color-enhancing-vanilla-almond/p/itm249828ac7a6e2?pid=PSOGD6XRJVQFHFZN&lid=LSTPSOGD6XRJVQFHFZNBIWVCV&marketplace=FLIPKART&q=cat+shampoo&store=p3t%2Fixl%2Fosh&srno=s_1_15&otracker=search&fm=organic&iid=b1ca53d0-beee-4dcd-aa21-6028d799340c.PSOGD6XRJVQFHFZN.SEARCH&ppt=None&ppn=None&ssid=y8f1ftke9s0000001783424299769&qH=c761a0a39d797bbe&ov_redirect=true&ov_redirect=true,keyword_search,cat shampoo,15,False,200.0,640.0,69.0,4.4,,In Stock,nan,,ok,scrape,https://rukminim2.flixcart.com/image/612/612/l1pc3gw0/pet-shampoo/t/b/w/400-zv-csp-200ml-ss-p2-zoivane-original-imagd6xrp7urxu2e.jpeg?q=70,zoivane,"Zoivane Smooth and Shine Cat Shampoo for Pet | Aloe Vera Natural Herbs | 200 ML Pack 2 Allergy Relief, Anti-microbial, Conditioning, Whitening and Color Enhancing Vanilla and Almond Cat Shampoo",grooming
2026-07-07,flipkart,PSOHZ7QRCAFN8FTZ,ee10bdc1e19cdea7,https://www.flipkart.com/kickat-flea-tick-neem-aloevera-cat-dog-shampoo/p/itma66cce96f2d9e?pid=PSOHZ7QRCAFN8FTZ&lid=LSTPSOHZ7QRCAFN8FTZFPYGMU&marketplace=FLIPKART&q=cat+shampoo&store=p3t%2Fixl%2Fosh&srno=s_1_17&otracker=search&fm=organic&iid=en_hCZHPrfJCXxQxDtilKnrzPCMnwfGF29_oWC7sFi61NgTaJDhZKkYaJdKFrvRtHrVRpu9f1Hv_cpLMjf_ffL-BZISohxPOMHKZiPJy6JQATetwvFb6eCDAyeoTaq99UQj&ppt=None&ppn=None&ssid=y8f1ftke9s0000001783424299769&qH=c761a0a39d797bbe&ov_redirect=true&ov_redirect=true,keyword_search,cat shampoo,17,False,130.0,499.0,74.0,,,In Stock,nan,,ok,scrape,https://rukminim2.flixcart.com/image/612/612/xif0q/pet-shampoo/i/n/9/200-ka-dcs-tf200-kickat-original-imahz7qrcsys6w34.jpeg?q=70,kickat,"KickAt Flea and Tick Neem & Aloevera Cat, Dog Shampoo",grooming
2026-07-07,flipkart,PSOHZ7QGWXNQMHZC,,https://www.flipkart.com/kickat-flea-tick-neem-aloevera-cat-shampoo/p/itmd414ea2a025ce?pid=PSOHZ7QGWXNQMHZC&lid=LSTPSOHZ7QGWXNQMHZCAWIHVN&marketplace=FLIPKART&q=cat+shampoo&store=p3t%2Fixl%2Fosh&srno=s_1_18&otracker=search&fm=organic&iid=en_hCZHPrfJCXxQxDtilKnrzPCMnwfGF29_oWC7sFi61Nh3JONIttyHwmGzOXMxxetweb04htFVRQub4tqPlCi9KZISohxPOMHKZiPJy6JQATetwvFb6eCDAyeoTaq99UQj&ppt=None&ppn=None&ssid=y8f1ftke9s0000001783424299769&qH=c761a0a39d797bbe&ov_redirect=true&ov_redirect=true,keyword_search,cat shampoo,18,False,130.0,499.0,74.0,,,In Stock,nan,,ok,scrape,https://rukminim2.flixcart.com/image/612/612/xif0q/pet-shampoo/g/3/a/200-ka-cs-tf200-kickat-original-imahz7qghcgydtfp.jpeg?q=70,kickat,KickAt Flea and Tick Neem & Aloevera Cat Shampoo,grooming
2026-07-07,flipkart,PSOHCH8RSHHDMJXQ,2f2e9baee89d89d8,https://www.flipkart.com/petsware-cat-body-wash-5-1-shampoo-conditioner-persian-cats-hypoallergenic-conditioning-anti-fungal-allergy-relief-anti-parasitic-green-apple-shampoo/p/itm550edf480ee55?pid=PSOHCH8RSHHDMJXQ&lid=LSTPSOHCH8RSHHDMJXQBGJWAE&marketplace=FLIPKART&q=cat+shampoo&store=p3t%2Fixl%2Fosh&srno=s_1_20&otracker=search&fm=organic&iid=b1ca53d0-beee-4dcd-aa21-6028d799340c.PSOHCH8RSHHDMJXQ.SEARCH&ppt=None&ppn=None&ssid=y8f1ftke9s0000001783424299769&qH=c761a0a39d797bbe&ov_redirect=true&ov_redirect=true,keyword_search,cat shampoo,20,False,135.0,999.0,86.0,4.2,,In Stock,nan,,ok,scrape,https://rukminim2.flixcart.com/image/612/612/xif0q/pet-shampoo/m/x/y/200-pet-body-wash-5-in-1-cat-shampoo-and-conditioner-deep-original-imahch8rthw5skda.jpeg?q=70,petsware,"PETSWARE Cat Body Wash,5 in 1 Cat Shampoo+Conditioner for Persian Cats Hypoallergenic, Conditioning, Anti-fungal, Allergy Relief, Anti-parasitic Green Apple Cat Shampoo",grooming
2026-07-07,flipkart,PCBHZQVV3DPRBRH3,5894527716705a45,https://www.flipkart.com/wagmart-2-sided-pet-dematting-comb-deshedding-brush-dog-cat-grooming-tool-shedding-blade/p/itm8ed7b279091c9?pid=PCBHZQVV3DPRBRH3&lid=LSTPCBHZQVV3DPRBRH3CRMX2E&marketplace=FLIPKART&q=dog+brush&store=p3t%2Fixl%2F770&srno=s_1_2&otracker=search&fm=organic&iid=en_QRxANM9RziwspZ-U2W55wONXtm4MwJKfTmfQuL6S0byfSiykE0PiBSNl7LNHyb9Ur_EQk-3gdxjs4e_QnwGGQqGY09lhwFF-YWn5ll96jmEVKGfzO3Ak-6u09HO305ws&ppt=None&ppn=None&ssid=6sp2qnbbb40000001783424302403&qH=c664f21272e7c16e&ov_redirect=true&ov_redirect=true,keyword_search,dog brush,2,False,299.0,1299.0,77.0,,,In Stock,nan,,ok,scrape,https://rukminim2.flixcart.com/image/612/612/xif0q/pet-comb-brush/o/c/z/medium-pet-dematting-comb-curve-wagster-original-imahzqt4tfk5ybne.jpeg?q=70,wagmart,wagmart Wagmart 2-Sided Pet Dematting Comb Deshedding Brush Dog Cat Grooming Tool Shedding Blade for Dog & Cat,grooming
2026-07-07,flipkart,PCBGVHTSHTMBQNVK,804d47b9f3960f44,https://www.flipkart.com/s-blaze-pet-grooming-ticks-flea-remover-hair-comb-blue-plain-bristle-brushes-cat-dog/p/itmd9209526a6a94?pid=PCBGVHTSHTMBQNVK&lid=LSTPCBGVHTSHTMBQNVK7PIWWT&marketplace=FLIPKART&q=dog+brush&store=p3t%2Fixl%2F770&spotlightTagId=default_TrendingId_p3t%2Fixl%2F770&srno=s_1_5&otracker=search&fm=organic&iid=94002573-d5e8-41b4-8dc7-3432732abc74.PCBGVHTSHTMBQNVK.SEARCH&ppt=None&ppn=None&ssid=6sp2qnbbb40000001783424302403&qH=c664f21272e7c16e&ov_redirect=true&ov_redirect=true,keyword_search,dog brush,5,False,113.0,399.0,72.0,4.1,,In Stock,nan,,ok,scrape,https://rukminim2.flixcart.com/image/612/612/xif0q/pet-comb-brush/d/1/x/medium-pet-grooming-comb-blue-s-blaze-original-imagvhtshk9qzsrd.jpeg?q=70,sblaze,"S.Blaze Pet Grooming Ticks, Flea Remover Hair Comb Blue Plain/ Bristle Brushes for Cat, Dog",grooming
2026-07-07,flipkart,PCBHM9XSYMVGNJGJ,0f3549260074e410,https://www.flipkart.com/gobinkies-flea-comb-dogs-cats-stainless-steel-bristles-lice-tick-remover-basic-dog-cat/p/itmd266b20f36c4e?pid=PCBHM9XSYMVGNJGJ&lid=LSTPCBHM9XSYMVGNJGJL1PRDP&marketplace=FLIPKART&q=dog+brush&store=p3t%2Fixl%2F770&srno=s_1_6&otracker=search&fm=organic&iid=en_QRxANM9RziwspZ-U2W55wONXtm4MwJKfTmfQuL6S0by3IaCIKoHrEAfyzzRfrrDsCwUK2x2wuobHbzWJfBKMR0vBacjlU3olOcmSBLgHmMlKFg9fqP8F98pZd_-iDlzY&ppt=None&ppn=None&ssid=6sp2qnbbb40000001783424302403&qH=c664f21272e7c16e&ov_redirect=true&ov_redirect=true,keyword_search,dog brush,6,False,138.0,299.0,54.0,4.6,,In Stock,nan,,ok,scrape,https://rukminim2.flixcart.com/image/612/612/xif0q/pet-comb-brush/2/r/b/large-gbfcp1-gobinkies-original-imahmaqhgqhjvyzh.jpeg?q=70,gobinkies,Gobinkies Flea Comb For Dogs & Cats | Stainless Steel Bristles | Lice & Tick Remover Basic Comb for Dog & Cat,grooming
2026-07-07,flipkart,PCBGTNRZVGQXKXGG,57282c87a41d848a,https://www.flipkart.com/trendkart-dog-cat-hair-comb-brush-pet-dogs-cats-slicker-brushes/p/itm7ad6ebf2148fe?pid=PCBGTNRZVGQXKXGG&lid=LSTPCBGTNRZVGQXKXGGEA3FUW&marketplace=FLIPKART&q=dog+brush&store=p3t%2Fixl%2F770&srno=s_1_7&otracker=search&fm=organic&iid=94002573-d5e8-41b4-8dc7-3432732abc74.PCBGTNRZVGQXKXGG.SEARCH&ppt=None&ppn=None&ssid=6sp2qnbbb40000001783424302403&qH=c664f21272e7c16e&ov_redirect=true&ov_redirect=true,keyword_search,dog brush,7,False,117.0,999.0,88.0,4.3,,In Stock,nan,,ok,scrape,https://rukminim2.flixcart.com/image/612/612/xif0q/pet-comb-brush/q/r/r/small-dog-combing-brush-dog-grooming-brush-pet-brush-slicker-original-imagvpfxvfw988vr.jpeg?q=70,trendkart,TrendKart Dog & Cat Hair Comb Brush - Pet Hair Comb For Dogs & Cats Slicker Brushes for Dog & Cat,grooming
2026-07-07,flipkart,PCBHB4VYSQ8EXFB6,ae6ce4450e945b5a,https://www.flipkart.com/decorvaiz-dog-grooming-kit-pet-slicker-brushes-cat/p/itm92d191f9fe290?pid=PCBHB4VYSQ8EXFB6&lid=LSTPCBHB4VYSQ8EXFB6OJ41LV&marketplace=FLIPKART&q=dog+brush&store=p3t%2Fixl%2F770&srno=s_1_9&otracker=search&fm=organic&iid=94002573-d5e8-41b4-8dc7-3432732abc74.PCBHB4VYSQ8EXFB6.SEARCH&ppt=None&ppn=None&ssid=6sp2qnbbb40000001783424302403&qH=c664f21272e7c16e&ov_redirect=true&ov_redirect=true,keyword_search,dog brush,9,False,147.0,599.0,75.0,4.3,,In Stock,nan,,ok,scrape,https://rukminim2.flixcart.com/image/612/612/xif0q/pet-comb-brush/k/m/x/medium-dog-grooming-kit-pet-grooming-kit-dog-combo-set-trendkart-original-imahdfrfsfty46vp.jpeg?q=70,decorvaiz,decorvaiz Dog Grooming Kit | Pet Grooming Kit | Slicker Brushes for Dog & Cat,grooming
2026-07-07,flipkart,PCBHB4VY3HHUFZ72,05bde373ae458e4b,https://www.flipkart.com/decorvaiz-dog-hair-brush-combo-pet-slicker-brushes-cat/p/itm8de9e2f250df7?pid=PCBHB4VY3HHUFZ72&lid=LSTPCBHB4VY3HHUFZ72YSQEM1&marketplace=FLIPKART&q=dog+brush&store=p3t%2Fixl%2F770&srno=s_1_10&otracker=search&fm=organic&iid=94002573-d5e8-41b4-8dc7-3432732abc74.PCBHB4VY3HHUFZ72.SEARCH&ppt=None&ppn=None&ssid=6sp2qnbbb40000001783424302403&qH=c664f21272e7c16e&ov_redirect=true&ov_redirect=true,keyword_search,dog brush,10,False,135.0,599.0,77.0,4.2,,In Stock,nan,,ok,scrape,https://rukminim2.flixcart.com/image/612/612/xif0q/pet-comb-brush/v/e/b/medium-dog-hair-brush-dog-bath-brush-combo-decorvaiz-original-imahd7bytezvhgef.jpeg?q=70,decorvaiz,decorvaiz Dog Hair Brush Combo | Pet Hair Brush Combo Slicker Brushes for Dog & Cat,grooming
2026-07-07,flipkart,PCBHHH3ERWQ6U7JF,cd390ad6a1ed41b3,https://www.flipkart.com/rse-collection-3-in-1-steam-pet-grooming-brush-dogs-cats-silicone-massage-comb-electronic-dog-cat/p/itm54dc9bb58ae79?pid=PCBHHH3ERWQ6U7JF&lid=LSTPCBHHH3ERWQ6U7JFEZTLMN&marketplace=FLIPKART&q=dog+brush&store=p3t%2Fixl%2F770&srno=s_1_11&otracker=search&fm=organic&iid=en_QRxANM9RziwspZ-U2W55wONXtm4MwJKfTmfQuL6S0bzgOpmmRf0Jqs7tBl_UnNS9KwOMcCwUL7ulIXUpGk497GPXoCQQy6UPbqrayPfXJ1IFvaq19RPo63DvdXTgoxy9&ppt=None&ppn=None&ssid=6sp2qnbbb40000001783424302403&qH=c664f21272e7c16e&ov_redirect=true&ov_redirect=true,keyword_search,dog brush,11,False,178.0,899.0,80.0,4.2,,In Stock,nan,,ok,scrape,https://rukminim2.flixcart.com/image/612/612/xif0q/pet-comb-brush/z/b/5/medium-elecomb01-rse-collection-original-imahhh3e7nnes52c.jpeg?q=70,rse,RSE COLLECTION 3-in-1 Steam Pet Grooming Brush for Dogs & Cats | Silicone Massage Comb Electronic Comb for Dog & Cat,grooming
2026-07-07,flipkart,PCBH34X3YFYT95SB,4b127b9a12aac877,https://www.flipkart.com/friederich-pet-grooming-brush-deshedding-tool-undercoat-rake-dematting-comb-slicker-brushes-dog-cat/p/itm05fcab038acc6?pid=PCBH34X3YFYT95SB&lid=LSTPCBH34X3YFYT95SB4PJNTF&marketplace=FLIPKART&q=dog+brush&store=p3t%2Fixl%2F770&srno=s_1_13&otracker=search&fm=organic&iid=94002573-d5e8-41b4-8dc7-3432732abc74.PCBH34X3YFYT95SB.SEARCH&ppt=None&ppn=None&ssid=6sp2qnbbb40000001783424302403&qH=c664f21272e7c16e&ov_redirect=true&ov_redirect=true,keyword_search,dog brush,13,False,647.0,724.0,11.0,4.4,,In Stock,nan,,ok,scrape,https://rukminim2.flixcart.com/image/612/612/xif0q/pet-comb-brush/f/l/u/large-pet-grooming-brush-2in1-deshedding-tool-undercoat-rake-original-imahg4pykucwu8xj.jpeg?q=70,friederich,"FRIEDERICH Pet Grooming Brush, Deshedding Tool & Undercoat Rake Dematting Comb Slicker Brushes for Dog & Cat",grooming
2026-07-07,flipkart,PCBHB4VYGSJTM9UT,068fecba35f0d9b0,https://www.flipkart.com/decorvaiz-cat-brush-comb-cat-hair-brush-multicolor-slicker-brushes/p/itmdc43759c8d65e?pid=PCBHB4VYGSJTM9UT&lid=LSTPCBHB4VYGSJTM9UT1FXNBQ&marketplace=FLIPKART&q=dog+brush&store=p3t%2Fixl%2F770&srno=s_1_14&otracker=search&fm=organic&iid=94002573-d5e8-41b4-8dc7-3432732abc74.PCBHB4VYGSJTM9UT.SEARCH&ppt=None&ppn=None&ssid=6sp2qnbbb40000001783424302403&qH=c664f21272e7c16e&ov_redirect=true&ov_redirect=true,keyword_search,dog brush,14,False,140.0,499.0,72.0,4.4,,In Stock,nan,,ok,scrape,https://rukminim2.flixcart.com/image/612/612/xif0q/pet-comb-brush/k/w/7/medium-cat-brush-comb-decorvaiz-original-imahdny2g6erneha.jpeg?q=70,decorvaiz,decorvaiz Cat Brush & Comb-Cat Hair Brush-(Multicolor) Slicker Brushes for Cat,grooming
2026-07-07,flipkart,PCBHB4VYDYRYFBP6,8963d1b612a8ba48,https://www.flipkart.com/decorvaiz-dog-hair-comb-brush-dog-combing-brush-slicker-brushes/p/itmfc6c47fc27c6a?pid=PCBHB4VYDYRYFBP6&lid=LSTPCBHB4VYDYRYFBP6I5QDLW&marketplace=FLIPKART&q=dog+brush&store=p3t%2Fixl%2F770&srno=s_1_15&otracker=search&fm=organic&iid=94002573-d5e8-41b4-8dc7-3432732abc74.PCBHB4VYDYRYFBP6.SEARCH&ppt=None&ppn=None&ssid=6sp2qnbbb40000001783424302403&qH=c664f21272e7c16e&ov_redirect=true&ov_redirect=true,keyword_search,dog brush,15,False,135.0,599.0,77.0,4.3,,In Stock,nan,,ok,scrape,https://rukminim2.flixcart.com/image/612/612/xif0q/pet-comb-brush/d/x/k/medium-dog-hair-comb-brush-decorvaiz-original-imahdnxy7v2hgpv5.jpeg?q=70,decorvaiz,decorvaiz Dog Hair Comb Brush-Dog Combing Brush- Slicker Brushes for Dog,grooming
2026-07-07,flipkart,PCBHZGSASUZJVT8T,b940087566eb44b9,https://www.flipkart.com/wagmart-pet-deshedding-brush-dogs-cats-hair-grooming-comb-fur-remover-tool-shedding-blade-dog-cat/p/itm32deca6e098b4?pid=PCBHZGSASUZJVT8T&lid=LSTPCBHZGSASUZJVT8TLJDW01&marketplace=FLIPKART&q=dog+brush&store=p3t%2Fixl%2F770&srno=s_1_18&otracker=search&fm=organic&iid=en_QRxANM9RziwspZ-U2W55wONXtm4MwJKfTmfQuL6S0by9T0qREIK2YjiinbSgP8DgcTpGSMDvX8ZFLjfGPc_A2gyovBB3qjA8L84yMj5tlaFKFg9fqP8F98pZd_-iDlzY&ppt=None&ppn=None&ssid=6sp2qnbbb40000001783424302403&qH=c664f21272e7c16e&ov_redirect=true&ov_redirect=true,keyword_search,dog brush,18,False,537.0,1499.0,64.0,,,In Stock,nan,,ok,scrape,https://rukminim2.flixcart.com/image/612/612/xif0q/pet-comb-brush/k/g/x/medium-pet-deshedding-comb-wagster-original-imahzgs7pff5wthv.jpeg?q=70,wagmart,wagmart Pet Deshedding Brush for Dogs Cats Hair Grooming Comb Fur Remover Tool Shedding Blade for Dog & Cat,grooming
2026-07-07,flipkart,PCBFF8KVB5GGGJXY,07c4f1984c21d68d,https://www.flipkart.com/smarty-comb-dog-cat-basic-dog/p/itmff8npfyehcghs?pid=PCBFF8KVB5GGGJXY&lid=LSTPCBFF8KVB5GGGJXYA2DEWM&marketplace=FLIPKART&q=dog+brush&store=p3t%2Fixl%2F770&srno=s_1_20&otracker=search&fm=organic&iid=94002573-d5e8-41b4-8dc7-3432732abc74.PCBFF8KVB5GGGJXY.SEARCH&ppt=None&ppn=None&ssid=6sp2qnbbb40000001783424302403&qH=c664f21272e7c16e&ov_redirect=true&ov_redirect=true,keyword_search,dog brush,20,False,84.0,499.0,83.0,4.4,,In Stock,nan,,ok,scrape,https://rukminim2.flixcart.com/image/612/612/xif0q/pet-comb-brush/k/r/x/medium-rr-00123-smarty-original-imahmqwzzacytz8f.jpeg?q=70,smarty,"Smarty COMB DOG & CAT Basic Comb for Dog, Cat",grooming
2026-07-07,flipkart,PNPGV8MDBZYGHTSG,93a80e76cf1bd3c2,https://www.flipkart.com/trendkart-dog-nail-cutter-set-adult-cutter-combo-scissor-clipper/p/itm6dd492c81456b?pid=PNPGV8MDBZYGHTSG&lid=LSTPNPGV8MDBZYGHTSGK7CG3O&marketplace=FLIPKART&q=nail+clipper+for+dogs&store=p3t%2Fixl%2Fprc&srno=s_1_1&otracker=search&fm=organic&iid=en_U_Iv4xexa3dChr1lPPEpgz-j4mbRqegX66HOmozjZOm0sQZ6q6lep6mRBTbLy4KYhElg1bZ9U4CjQeyo9PbZUn9mqxl-iFxWCw88e7w4qhY8rnWqyEwjd4PwtOD7cnwe&ppt=None&ppn=None&ssid=mjejao65og0000001783424305254&qH=48a2105fee396fcf&ov_redirect=true&ov_redirect=true,keyword_search,nail clipper for dogs,1,False,127.0,999.0,87.0,4.0,,In Stock,nan,,ok,scrape,https://rukminim2.flixcart.com/image/612/612/xif0q/pet-nail-clipper/a/b/s/dog-nail-cutter-dog-nail-cutter-set-adult-dog-nail-cutter-pet-original-imahmghvtwbqns6r.jpeg?q=70,trendkart,TrendKart Dog Nail Cutter - Dog Nail Cutter Set - Adult Dog Nail Cutter- Nail Cutter Combo Scissor Nail Clipper,grooming
2026-07-07,flipkart,PNPHEH7RJZ7DNWJC,29d617d6b522c296,https://www.flipkart.com/furpro-dog-nail-cutter-stainless-steel-sharp-scissor-clipper/p/itm24aebc2f8b678?pid=PNPHEH7RJZ7DNWJC&lid=LSTPNPHEH7RJZ7DNWJC9KTMQJ&marketplace=FLIPKART&q=nail+clipper+for+dogs&store=p3t%2Fixl%2Fprc&srno=s_1_2&otracker=search&fm=organic&iid=en_U_Iv4xexa3dChr1lPPEpgz-j4mbRqegX66HOmozjZOmhpGFL8kCYGjeOYvugDLPTvu1hGwLl3eOVV2LkPVGgeqE-9ssy7_7zSinhhiLRRNw8rnWqyEwjd4PwtOD7cnwe&ppt=None&ppn=None&ssid=mjejao65og0000001783424305254&qH=48a2105fee396fcf&ov_redirect=true&ov_redirect=true,keyword_search,nail clipper for dogs,2,False,268.0,399.0,33.0,3.4,,In Stock,nan,,ok,scrape,https://rukminim2.flixcart.com/image/612/612/xif0q/pet-nail-clipper/5/n/5/plnf18275-furpro-original-imahgnz9fn6ugzjf.jpeg?q=70,furpro,FURPRO Dog Nail Cutter for Dog Stainless Steel Sharp Scissor Nail Clipper,grooming
2026-07-07,flipkart,PNPFS7YHV66FHPW9,,https://www.flipkart.com/nunbell-animal-nail-cutter-clipper-scissor/p/itm4298e22c30ab7?pid=PNPFS7YHV66FHPW9&lid=LSTPNPFS7YHV66FHPW9XE34WG&marketplace=FLIPKART&q=nail+clipper+for+dogs&store=p3t%2Fixl%2Fprc&spotlightTagId=default_TrendingId_p3t%2Fixl%2Fprc&srno=s_1_3&otracker=search&fm=organic&iid=1048b9da-f6c7-408f-af6e-fdfbbdf88813.PNPFS7YHV66FHPW9.SEARCH&ppt=None&ppn=None&ssid=mjejao65og0000001783424305254&qH=48a2105fee396fcf&ov_redirect=true&ov_redirect=true,keyword_search,nail clipper for dogs,3,False,125.0,399.0,69.0,4.1,,In Stock,nan,,ok,scrape,https://rukminim2.flixcart.com/image/612/612/xif0q/pet-nail-clipper/z/v/q/nail-clipper-nunbell-original-imahgtut3wgrqzfw.jpeg?q=70,nunbell,Nunbell Animal Nail Cutter Clipper Scissor Nail Clipper,grooming
2026-07-07,flipkart,PNPH3ZXW4VUHHZSZ,adc49caf35a408ee,https://www.flipkart.com/petjoy-dog-nail-cutter-filer-large-professional-clipper-pets-scissor/p/itmb08aee65557df?pid=PNPH3ZXW4VUHHZSZ&lid=LSTPNPH3ZXW4VUHHZSZD6S7XN&marketplace=FLIPKART&q=nail+clipper+for+dogs&store=p3t%2Fixl%2Fprc&srno=s_1_4&otracker=search&fm=organic&iid=1048b9da-f6c7-408f-af6e-fdfbbdf88813.PNPH3ZXW4VUHHZSZ.SEARCH&ppt=None&ppn=None&ssid=mjejao65og0000001783424305254&qH=48a2105fee396fcf&ov_redirect=true&ov_redirect=true,keyword_search,nail clipper for dogs,4,False,155.0,750.0,79.0,4.0,,In Stock,nan,,ok,scrape,https://rukminim2.flixcart.com/image/612/612/xif0q/pet-nail-clipper/c/k/g/pjnc046-petjoy-original-imahhucauhnmzfhn.jpeg?q=70,petjoy,"PetJoy Dog Nail Cutter with Filer (Large), Professional Nail Clipper for Pets Scissor Nail Clipper",grooming
2026-07-07,flipkart,PNPH92KRWR2DRXHB,448def63779d1acc,https://www.flipkart.com/fab-tech-cat-nail-cutter-persian-innovative-bear-design-clipper-scissor/p/itm98cfffece9603?pid=PNPH92KRWR2DRXHB&lid=LSTPNPH92KRWR2DRXHBAQJZIR&marketplace=FLIPKART&q=nail+clipper+for+dogs&store=p3t%2Fixl%2Fprc&srno=s_1_5&otracker=search&fm=organic&iid=1048b9da-f6c7-408f-af6e-fdfbbdf88813.PNPH92KRWR2DRXHB.SEARCH&ppt=None&ppn=None&ssid=mjejao65og0000001783424305254&qH=48a2105fee396fcf&ov_redirect=true&ov_redirect=true,keyword_search,nail clipper for dogs,5,False,195.0,499.0,61.0,4.5,,In Stock,nan,,ok,scrape,https://rukminim2.flixcart.com/image/612/612/xif0q/pet-nail-clipper/x/k/c/cat-nail-cutter-fab-tech-original-imahn7hzpdvkjyr5.jpeg?q=70,fab,"FAB TECH Cat Nail Cutter For Persian Cat , Innovative Bear Design Cat Clipper , Scissor Nail Clipper",grooming
2026-07-07,flipkart,PNPHFUZSWQWY7ZRG,,https://www.flipkart.com/petoska-scissor-nail-clipper/p/itmde1ba94197af4?pid=PNPHFUZSWQWY7ZRG&lid=LSTPNPHFUZSWQWY7ZRGKCIFBD&marketplace=FLIPKART&q=nail+clipper+for+dogs&store=p3t%2Fixl%2Fprc&spotlightTagId=default_TrendingId_p3t%2Fixl%2Fprc&srno=s_1_6&otracker=search&fm=organic&iid=en_U_Iv4xexa3dChr1lPPEpgz-j4mbRqegX66HOmozjZOkssrYRb2kLZGWHJrpt01-C5giJX5-sdb_OHF8MIHuwGANLEqJW91zxOm0xRLXUXwq-6qRm7_8ArFL4aqkDKJ_I&ppt=None&ppn=None&ssid=mjejao65og0000001783424305254&qH=48a2105fee396fcf&ov_redirect=true&ov_redirect=true,keyword_search,nail clipper for dogs,6,False,229.0,399.0,43.0,4.0,,In Stock,nan,,ok,scrape,https://rukminim2.flixcart.com/image/612/612/xif0q/pet-nail-clipper/c/l/d/petoskanclpnk-petoska-original-imahhgy8ypzq4vyn.jpeg?q=70,petoska,PETOSKA Scissor Nail Clipper,grooming
2026-07-07,flipkart,PNPG42F27MNTHH59,,https://www.flipkart.com/petexpress-grinder-nail-clipper/p/itm2923db444becb?pid=PNPG42F27MNTHH59&lid=LSTPNPG42F27MNTHH59WWLBAC&marketplace=FLIPKART&q=nail+clipper+for+dogs&store=p3t%2Fixl%2Fprc&srno=s_1_7&otracker=search&fm=organic&iid=1048b9da-f6c7-408f-af6e-fdfbbdf88813.PNPG42F27MNTHH59.SEARCH&ppt=None&ppn=None&ssid=mjejao65og0000001783424305254&qH=48a2105fee396fcf&ov_redirect=true&ov_redirect=true,keyword_search,nail clipper for dogs,7,False,138.0,599.0,77.0,4.0,,In Stock,nan,,ok,scrape,https://rukminim2.flixcart.com/image/612/612/kpbipow0/pet-nail-clipper/h/g/l/02-ultimate-fashion-original-imag3kxhswgjpa5w.jpeg?q=70,petexpress,Petexpress Grinder Nail Clipper,grooming
2026-07-07,flipkart,PNPHNMFHH4NWCXTD,,https://www.flipkart.com/petcutz-nail-clipper-set-file-safe-pet-grooming-grinder/p/itmcc0e984e11290?pid=PNPHNMFHH4NWCXTD&lid=LSTPNPHNMFHH4NWCXTD8Y3KAY&marketplace=FLIPKART&q=nail+clipper+for+dogs&store=p3t%2Fixl%2Fprc&srno=s_1_8&otracker=search&fm=organic&iid=1048b9da-f6c7-408f-af6e-fdfbbdf88813.PNPHNMFHH4NWCXTD.SEARCH&ppt=None&ppn=None&ssid=mjejao65og0000001783424305254&qH=48a2105fee396fcf&ov_redirect=true&ov_redirect=true,keyword_search,nail clipper for dogs,8,False,203.0,449.0,55.0,,,In Stock,nan,,ok,scrape,https://rukminim2.flixcart.com/image/612/612/xif0q/pet-nail-clipper/0/l/s/pet-nail-clipper-petcutz-original-imahz4s8yfza573z.jpeg?q=70,petcutz,PetCutz Nail Clipper Set with Nail File for Safe Pet Grooming Grinder Nail Clipper,grooming
2026-07-07,flipkart,PNPGAFWFFPYAHM7M,3438078eb57edfd9,https://www.flipkart.com/fouresta-durable-large-size-dog-cat-nail-cutter-filer-scissor-clipper/p/itm0adefc1322011?pid=PNPGAFWFFPYAHM7M&lid=LSTPNPGAFWFFPYAHM7MLG07RR&marketplace=FLIPKART&q=nail+clipper+for+dogs&store=p3t%2Fixl%2Fprc&srno=s_1_9&otracker=search&fm=organic&iid=1048b9da-f6c7-408f-af6e-fdfbbdf88813.PNPGAFWFFPYAHM7M.SEARCH&ppt=None&ppn=None&ssid=mjejao65og0000001783424305254&qH=48a2105fee396fcf&ov_redirect=true&ov_redirect=true,keyword_search,nail clipper for dogs,9,False,135.0,599.0,77.0,4.2,,In Stock,nan,,ok,scrape,https://rukminim2.flixcart.com/image/612/612/xif0q/pet-nail-clipper/q/a/j/nail-cutter-fouresta-original-imahe5ptmnr3gwsm.jpeg?q=70,fouresta,FOURESTA Durable Large Size Dog/Cat Nail Cutter with Nail Filer Scissor Nail Clipper,grooming
2026-07-07,flipkart,PNPH3G9WB7YY5NGC,3c7ba11c995a4f9a,https://www.flipkart.com/berlin-s-dog-cats-scissor-nail-clipper/p/itme0cd7afc0b5b4?pid=PNPH3G9WB7YY5NGC&lid=LSTPNPH3G9WB7YY5NGCO4JW36&marketplace=FLIPKART&q=nail+clipper+for+dogs&store=p3t%2Fixl%2Fprc&srno=s_1_11&otracker=search&fm=organic&iid=en_U_Iv4xexa3dChr1lPPEpgz-j4mbRqegX66HOmozjZOnRkeBVatabReihg5-tBANLNnkBZz5ErPS60AxBcnY4TYl15QdzE04e1niXaAwjCcy-6qRm7_8ArFL4aqkDKJ_I&ppt=None&ppn=None&ssid=mjejao65og0000001783424305254&qH=48a2105fee396fcf&ov_redirect=true&ov_redirect=true,keyword_search,nail clipper for dogs,11,False,148.0,299.0,51.0,,,In Stock,nan,,ok,scrape,https://rukminim2.flixcart.com/image/612/612/xif0q/pet-nail-clipper/w/w/u/dog-nail-cutter-filer-petsilk-original-imahfa8zewdzvyhy.jpeg?q=70,berlins,Berlin's Dog Cats Scissor Nail Clipper,grooming
2026-07-07,flipkart,PNPGYXN9TFZAMRGC,912243c7e6645d4d,https://www.flipkart.com/ortiza-cat-nail-cutter-scissor-clipper/p/itmb67ab8b9657fa?pid=PNPGYXN9TFZAMRGC&lid=LSTPNPGYXN9TFZAMRGCSF6JQQ&marketplace=FLIPKART&q=nail+clipper+for+dogs&store=p3t%2Fixl%2Fprc&srno=s_1_12&otracker=search&fm=organic&iid=en_U_Iv4xexa3dChr1lPPEpgz-j4mbRqegX66HOmozjZOmUXUlXZtOcRsgpDz4xDoZDIBUuTkIOV4ddmMah1l2_fhVst0-ZNV19x50N-wE7un6-6qRm7_8ArFL4aqkDKJ_I&ppt=None&ppn=None&ssid=mjejao65og0000001783424305254&qH=48a2105fee396fcf&ov_redirect=true&ov_redirect=true,keyword_search,nail clipper for dogs,12,False,247.0,449.0,45.0,4.5,,In Stock,nan,,ok,scrape,https://rukminim2.flixcart.com/image/612/612/xif0q/pet-nail-clipper/c/8/m/cat-nail-cutter-cute-brown-bear-design-dog-cat-nail-clippers-original-imah9av4fyfbp8sq.jpeg?q=70,ortiza,ORTIZA Cat Nail Cutter Scissor Nail Clipper,grooming
2026-07-07,flipkart,PNPHBFFG7SKJSGQJ,,https://www.flipkart.com/calldrishe-grinder-nail-clipper/p/itm9e05fd0052230?pid=PNPHBFFG7SKJSGQJ&lid=LSTPNPHBFFG7SKJSGQJMJ6W7H&marketplace=FLIPKART&q=nail+clipper+for+dogs&store=p3t%2Fixl%2Fprc&srno=s_1_13&otracker=search&fm=organic&iid=1048b9da-f6c7-408f-af6e-fdfbbdf88813.PNPHBFFG7SKJSGQJ.SEARCH&ppt=None&ppn=None&ssid=mjejao65og0000001783424305254&qH=48a2105fee396fcf&ov_redirect=true&ov_redirect=true,keyword_search,nail clipper for dogs,13,False,632.0,1999.0,68.0,4.4,,In Stock,nan,,ok,scrape,https://rukminim2.flixcart.com/image/612/612/xif0q/pet-nail-clipper/8/k/v/dog-nail-grinder-with-trimmers-pet-grooming-tool-pet-nail-original-imagy4wwsxaughdp.jpeg?q=70,calldrishe,Calldrishe Grinder Nail Clipper,grooming
2026-07-07,flipkart,PNPFGPSUFFT5NFKY,,https://www.flipkart.com/hsj-scissor-nail-clipper/p/itm40c5a29197210?pid=PNPFGPSUFFT5NFKY&lid=LSTPNPFGPSUFFT5NFKYODPKV8&marketplace=FLIPKART&q=nail+clipper+for+dogs&store=p3t%2Fixl%2Fprc&srno=s_1_14&otracker=search&fm=organic&iid=1048b9da-f6c7-408f-af6e-fdfbbdf88813.PNPFGPSUFFT5NFKY.SEARCH&ppt=None&ppn=None&ssid=mjejao65og0000001783424305254&qH=48a2105fee396fcf&ov_redirect=true&ov_redirect=true,keyword_search,nail clipper for dogs,14,False,143.0,599.0,76.0,3.9,,In Stock,nan,,ok,scrape,https://rukminim2.flixcart.com/image/612/612/k070zgw0/pet-nail-clipper/f/k/y/nail-cutter-with-filler-hsj-original-imafbuzhm8vbx39y.jpeg?q=70,hsj,HSJ Scissor Nail Clipper,grooming
2026-07-07,flipkart,PNPFYURGB45PURBJ,,https://www.flipkart.com/pappyhub-grinder-nail-clipper/p/itm53aec8e8cf640?pid=PNPFYURGB45PURBJ&lid=LSTPNPFYURGB45PURBJWPMWXV&marketplace=FLIPKART&q=nail+clipper+for+dogs&store=p3t%2Fixl%2Fprc&srno=s_1_15&otracker=search&fm=organic&iid=1048b9da-f6c7-408f-af6e-fdfbbdf88813.PNPFYURGB45PURBJ.SEARCH&ppt=None&ppn=None&ssid=mjejao65og0000001783424305254&qH=48a2105fee396fcf&ov_redirect=true&ov_redirect=true,keyword_search,nail clipper for dogs,15,False,125.0,342.0,63.0,4.3,,In Stock,nan,,ok,scrape,https://rukminim2.flixcart.com/image/612/612/kj8wccw0-0/pet-nail-clipper/t/o/k/pyhub1-nailclipper-blue03-pappyhub-original-imafyurfcxs2dffp.jpeg?q=70,pappyhub,Pappyhub Grinder Nail Clipper,grooming
2026-07-07,flipkart,PNPFMMRXFPCYZFY8,,https://www.flipkart.com/petvogue-scissor-nail-clipper/p/itm583e8d7f65dd8?pid=PNPFMMRXFPCYZFY8&lid=LSTPNPFMMRXFPCYZFY8N66MAG&marketplace=FLIPKART&q=nail+clipper+for+dogs&store=p3t%2Fixl%2Fprc&srno=s_1_16&otracker=search&fm=organic&iid=1048b9da-f6c7-408f-af6e-fdfbbdf88813.PNPFMMRXFPCYZFY8.SEARCH&ppt=None&ppn=None&ssid=mjejao65og0000001783424305254&qH=48a2105fee396fcf&ov_redirect=true&ov_redirect=true,keyword_search,nail clipper for dogs,16,False,146.0,399.0,63.0,4.3,,In Stock,nan,,ok,scrape,https://rukminim2.flixcart.com/image/612/612/ksaoqkw0/pet-nail-clipper/n/d/6/dog-and-cat-nail-clipper-petvogue-original-imag5wa6wfff5fsz.jpeg?q=70,petvogue,PetVogue Scissor Nail Clipper,grooming
2026-07-07,flipkart,PNPHN7CZUPFXDYHP,,https://www.flipkart.com/petheeds-scissor-nail-clipper/p/itm746baccdbc74a?pid=PNPHN7CZUPFXDYHP&lid=LSTPNPHN7CZUPFXDYHPIQ8J3H&marketplace=FLIPKART&q=nail+clipper+for+dogs&store=p3t%2Fixl%2Fprc&srno=s_1_17&otracker=search&fm=organic&iid=en_U_Iv4xexa3dChr1lPPEpgz-j4mbRqegX66HOmozjZOn15yGMsszd7NeNbC3ML_9NSiRvsSgUPw5zJm_puyS_7OE9vJCLUJN6PMnt0XuIqn--6qRm7_8ArFL4aqkDKJ_I&ppt=None&ppn=None&ssid=mjejao65og0000001783424305254&qH=48a2105fee396fcf&ov_redirect=true&ov_redirect=true,keyword_search,nail clipper for dogs,17,False,169.0,599.0,72.0,,,In Stock,nan,,ok,scrape,https://rukminim2.flixcart.com/image/612/612/xif0q/pet-nail-clipper/b/d/2/nail-cutter-clipper-and-filer-claw-nails-clippers-grinder-original-imah3fngvvng4gzf.jpeg?q=70,petheeds,PETHEEDS Scissor Nail Clipper,grooming
2026-07-07,flipkart,PNPHBK78YAQFHSUK,,https://www.flipkart.com/voila-blue-black-pet-scissor-nail-clipper/p/itm0af58e97c2f6c?pid=PNPHBK78YAQFHSUK&lid=LSTPNPHBK78YAQFHSUKTG7AL6&marketplace=FLIPKART&q=nail+clipper+for+dogs&store=p3t%2Fixl%2Fprc&srno=s_1_18&otracker=search&fm=organic&iid=en_U_Iv4xexa3dChr1lPPEpgz-j4mbRqegX66HOmozjZOmZNW674PPg-mmjfm4bxOXqrPqbyCdROYJk3egFGSkNQLKisGqYMkou5jtkKzoxlTK-6qRm7_8ArFL4aqkDKJ_I&ppt=None&ppn=None&ssid=mjejao65og0000001783424305254&qH=48a2105fee396fcf&ov_redirect=true&ov_redirect=true,keyword_search,nail clipper for dogs,18,False,252.0,999.0,75.0,,,In Stock,nan,,ok,scrape,https://rukminim2.flixcart.com/image/612/612/xif0q/pet-nail-clipper/f/v/m/pet-nail-clipper-with-file-set-blue-black-voila-original-imahbk787dfugfhw.jpeg?q=70,voila,Voila Blue & Black Pet Scissor Nail Clipper,grooming
2026-07-07,flipkart,PNPHNXHSQCYVZHD5,,https://www.flipkart.com/syneyza-scissor-nail-clipper/p/itma7d6821656cd9?pid=PNPHNXHSQCYVZHD5&lid=LSTPNPHNXHSQCYVZHD573YREB&marketplace=FLIPKART&q=nail+clipper+for+dogs&store=p3t%2Fixl%2Fprc&srno=s_1_19&otracker=search&fm=organic&iid=1048b9da-f6c7-408f-af6e-fdfbbdf88813.PNPHNXHSQCYVZHD5.SEARCH&ppt=None&ppn=None&ssid=mjejao65og0000001783424305254&qH=48a2105fee396fcf&ov_redirect=true&ov_redirect=true,keyword_search,nail clipper for dogs,19,False,197.0,699.0,72.0,,,In Stock,nan,,ok,scrape,https://rukminim2.flixcart.com/image/612/612/xif0q/pet-nail-clipper/5/k/d/pig-teeth-cutter-tooth-cutter-scissors-for-piglets-rabbits-small-original-imahze7u6v3dhmah.jpeg?q=70,syneyza,SYNEYZA Scissor Nail Clipper,grooming
2026-07-07,flipkart,PNPFWZ2YPHPZY6G2,,https://www.flipkart.com/emily-pets-grinder-nail-clipper/p/itm3af040776db50?pid=PNPFWZ2YPHPZY6G2&lid=LSTPNPFWZ2YPHPZY6G2QOSL6G&marketplace=FLIPKART&q=nail+clipper+for+dogs&store=p3t%2Fixl%2Fprc&srno=s_1_20&otracker=search&fm=organic&iid=1048b9da-f6c7-408f-af6e-fdfbbdf88813.PNPFWZ2YPHPZY6G2.SEARCH&ppt=None&ppn=None&ssid=mjejao65og0000001783424305254&qH=48a2105fee396fcf&ov_redirect=true&ov_redirect=true,keyword_search,nail clipper for dogs,20,False,157.0,400.0,61.0,4.2,,In Stock,nan,,ok,scrape,https://rukminim2.flixcart.com/image/612/612/kgfg2vk0/pet-nail-clipper/6/g/2/ep-nc-re-224-emily-pets-original-imafwz7ddbgwk88b.jpeg?q=70,emily,Emily Pets Grinder Nail Clipper,grooming
2026-07-07,flipkart,PEBHKTDGH7M5ZAJT,f663b7f880ee0dc1,https://www.flipkart.com/mewkat-luxury-soft-pet-igloo-house-cats-small-dogs-s-bed/p/itm840f1a6555ab2?pid=PEBHKTDGH7M5ZAJT&lid=LSTPEBHKTDGH7M5ZAJTMRZEBE&marketplace=FLIPKART&q=dog+bed&store=p3t%2Fea3%2Fas7&srno=s_1_1&otracker=search&fm=organic&iid=en_lUAE57a00OSo-X8j04eUYLBGHVAZzclph9B6DglHv6LotPDdsVFMNvD-sg5iFJrh-nZ0oa8VbSUtwBuGK-TPtHOG-UbP_EmytPzRk4HLwn2au8QAEqR5FVzU1BAa-QqM&ppt=None&ppn=None&ssid=1iy83aen9s0000001783424308013&qH=08aaa321caaedb70&ov_redirect=true&ov_redirect=true,keyword_search,dog bed,1,False,824.0,1499.0,45.0,,,In Stock,nan,,ok,scrape,https://rukminim2.flixcart.com/image/612/612/xif0q/pet-bed/x/p/l/s-luxury-soft-pet-igloo-house-for-cats-small-dogs-mewkat-original-imahktdgygxrs5qe.jpeg?q=70,mewkat,mewkat Luxury Soft Pet Igloo House for Cats & Small Dogs S Pet Bed,beds_accessories
2026-07-07,flipkart,PEBH87GMVXQVNQPJ,,https://www.flipkart.com/takshadecors-ib-48596-l-pet-bed/p/itm689fa661b4bb5?pid=PEBH87GMVXQVNQPJ&lid=LSTPEBH87GMVXQVNQPJVGCSQ1&marketplace=FLIPKART&q=dog+bed&store=p3t%2Fea3%2Fas7&srno=s_1_2&otracker=search&fm=organic&iid=en_lUAE57a00OSo-X8j04eUYLBGHVAZzclph9B6DglHv6KdWEKjaYgmIpdI061wzfEjzm_ptZfjEC_vNuXYeQzQNcfs_oevUlGfnNmW7nu2SIKau8QAEqR5FVzU1BAa-QqM&ppt=None&ppn=None&ssid=1iy83aen9s0000001783424308013&qH=08aaa321caaedb70&ov_redirect=true&ov_redirect=true,keyword_search,dog bed,2,False,728.0,3665.0,80.0,4.4,,In Stock,nan,,ok,scrape,https://rukminim2.flixcart.com/image/612/612/xif0q/pet-bed/k/e/j/l-ib-48596-takshadecors-original-imah96s3deryn47a.jpeg?q=70,takshadecors,TakshaDecors IB-48596 L Pet Bed,beds_accessories
2026-07-07,flipkart,PEBGM3YKX7QG9REJ,160d5ad8d5723281,https://www.flipkart.com/furry-smile-simple-letest-beds-sofas-chair-collar-dog-cat-s-pet-bed/p/itm8fa9c4abeec85?pid=PEBGM3YKX7QG9REJ&lid=LSTPEBGM3YKX7QG9REJ7LWN6S&marketplace=FLIPKART&q=dog+bed&store=p3t%2Fea3%2Fas7&srno=s_1_3&otracker=search&fm=organic&iid=4b128f9d-2047-4efd-8106-2db6ff0d806a.PEBGM3YKX7QG9REJ.SEARCH&ppt=None&ppn=None&ssid=1iy83aen9s0000001783424308013&qH=08aaa321caaedb70&ov_redirect=true&ov_redirect=true,keyword_search,dog bed,3,False,288.0,2999.0,90.0,3.9,,In Stock,nan,,ok,scrape,https://rukminim2.flixcart.com/image/612/612/krme93k0/pet-bed/k/8/s/l-luxurious-utra-shoft-bed-for-dog-and-cat-reversible-little-original-imag5dqhtcnpnkyh.jpeg?q=70,furry,"Furry Smile Simple Letest Beds , Sofas & Chair With Collar For Dog And Cat S Pet Bed",beds_accessories
2026-07-07,flipkart,PEBHFXUNV5HMNSPY,9896e84421541bda,https://www.flipkart.com/stuffiva-oval-shaped-faux-fur-pet-bed-dogs-kittens-cats-s/p/itm82fdb7b1d1a55?pid=PEBHFXUNV5HMNSPY&lid=LSTPEBHFXUNV5HMNSPYMSCDF3&marketplace=FLIPKART&q=cat+bed&store=search.flipkart.com&srno=s_1_3&otracker=search&fm=organic&iid=2feb8fb4-78e7-458c-bacb-4647a070ac7d.PEBHFXUNV5HMNSPY.SEARCH&ppt=None&ppn=None&ssid=uq8xefjfcg0000001783424311869&qH=0434bf5b1b52fdd8&ov_redirect=true&ov_redirect=true,keyword_search,cat bed,3,False,237.0,1499.0,84.0,4.2,,In Stock,nan,,ok,scrape,https://rukminim2.flixcart.com/image/612/612/xif0q/pet-bed/p/d/h/s-oval-shaped-faux-fur-pet-bed-for-dogs-kittens-and-cats-original-imahgs47tzpszvcc.jpeg?q=70,stuffiva,"Stuffiva Oval Shaped Faux Fur PET Bed for Dogs, Kittens and Cats S Pet Bed",beds_accessories
2026-07-07,flipkart,PEBHMY58NXH9GJEZ,,https://www.flipkart.com/flipkart-perfect-homes-studio-zex-ss-fold-elv-50x50-17-nv-s-pet-bed/p/itma8c049e1e9184?pid=PEBHMY58NXH9GJEZ&lid=LSTPEBHMY58NXH9GJEZDQXY0Y&marketplace=FLIPKART&q=cat+bed&store=search.flipkart.com&srno=s_1_2&otracker=search&fm=organic&iid=en_HFLgcwQlYSdSR3RTgjxhnXQJsGvu8JWim9SqJzA4qbrqiqCD0xNFhDJTVEyPrSFztoVs4KgHz0b-k-5ud1g0Tg1TaKB-r6iCPYD6DiYtUvRCodE4-n58uBwuL6ddSnNi&ppt=None&ppn=None&ssid=uq8xefjfcg0000001783424311869&qH=0434bf5b1b52fdd8&ov_redirect=true&ov_redirect=true,keyword_search,cat bed,2,False,813.0,1499.0,46.0,,,In Stock,nan,,ok,scrape,https://rukminim2.flixcart.com/image/612/612/xif0q/pet-bed/q/r/e/s-zex-ss-fold-elv-50x50-17-nv-flipkart-perfect-homes-studio-original-imahmyczug8ry69h.jpeg?q=70,flipkart,Flipkart Perfect Homes Studio ZEX-SS-FOLD-ELV-50X50-17-NV S Pet Bed,beds_accessories
2026-07-07,flipkart,PEBGX8THMDG7GZKD,bf7423dad9a7e84f,https://www.flipkart.com/aauras-diamond-dog-orthopedic-large-washable-cover-nonskid-bottom-l-pet-bed/p/itm11ef4eb3f3c44?pid=PEBGX8THMDG7GZKD&lid=LSTPEBGX8THMDG7GZKDUG4QJT&marketplace=FLIPKART&q=dog+bed&store=p3t%2Fea3%2Fas7&spotlightTagId=default_BestsellerId_p3t%2Fea3%2Fas7&srno=s_1_7&otracker=search&fm=organic&iid=4b128f9d-2047-4efd-8106-2db6ff0d806a.PEBGX8THMDG7GZKD.SEARCH&ppt=None&ppn=None&ssid=1iy83aen9s0000001783424308013&qH=08aaa321caaedb70&ov_redirect=true&ov_redirect=true,keyword_search,dog bed,7,False,748.0,2499.0,70.0,4.3,,In Stock,nan,,ok,scrape,https://rukminim2.flixcart.com/image/612/612/xif0q/pet-bed/q/d/z/l-dog-pet-bed-leg-fold-strong-quality-size-36x24x12inch-aauras-original-imahgntzgvnkxytf.jpeg?q=70,aauras,"AAURAS Diamond Dog Orthopedic for Large Washable Cover & Nonskid Bottom, L Pet Bed",beds_accessories
2026-07-07,flipkart,PEBGECFSGZTCJQWX,223903965822a5b0,https://www.flipkart.com/tranding-stylish-luxury-coller-sofas-beds-dog-cat-s-pet-bed/p/itma503932e8f3f7?pid=PEBGECFSGZTCJQWX&lid=LSTPEBGECFSGZTCJQWXPYXB1H&marketplace=FLIPKART&q=dog+bed&store=p3t%2Fea3%2Fas7&srno=s_1_8&otracker=search&fm=organic&iid=4b128f9d-2047-4efd-8106-2db6ff0d806a.PEBGECFSGZTCJQWX.SEARCH&ppt=None&ppn=None&ssid=1iy83aen9s0000001783424308013&qH=08aaa321caaedb70&ov_redirect=true&ov_redirect=true,keyword_search,dog bed,8,False,338.0,1000.0,66.0,4.0,,In Stock,nan,,ok,scrape,https://rukminim2.flixcart.com/image/612/612/krme93k0/pet-bed/q/s/b/xxxl-luxurious-utra-shoft-bed-for-dog-and-cat-reversible-little-original-imag5dqhgrhcvggg.jpeg?q=70,tranding,"TRANDING STYLISH Luxury Coller Sofas , Beds For Dog And Cat S Pet Bed",beds_accessories
2026-07-07,flipkart,PEBHFBRU9XZWD7GH,,https://www.flipkart.com/stuffiva-pbovam-m-pet-bed/p/itmf99c6c13b4100?pid=PEBHFBRU9XZWD7GH&lid=LSTPEBHFBRU9XZWD7GHH3SO29&marketplace=FLIPKART&q=dog+bed&store=p3t%2Fea3%2Fas7&srno=s_1_9&otracker=search&fm=organic&iid=4b128f9d-2047-4efd-8106-2db6ff0d806a.PEBHFBRU9XZWD7GH.SEARCH&ppt=None&ppn=None&ssid=1iy83aen9s0000001783424308013&qH=08aaa321caaedb70&ov_redirect=true&ov_redirect=true,keyword_search,dog bed,9,False,262.0,1899.0,86.0,4.3,,In Stock,nan,,ok,scrape,https://rukminim2.flixcart.com/image/612/612/xif0q/pet-bed/j/a/6/m-pbovam-stuffiva-original-imahgs47dhnhu3ny.jpeg?q=70,stuffiva,Stuffiva PBOVAM M Pet Bed,beds_accessories
2026-07-07,flipkart,PEBGMDZWGGVCKEZH,160d5ad8d5723281,https://www.flipkart.com/furry-smile-simple-letest-beds-sofas-chair-collar-haddi-dog-cat-s-pet-bed/p/itm3efee05871676?pid=PEBGMDZWGGVCKEZH&lid=LSTPEBGMDZWGGVCKEZHZT4GPR&marketplace=FLIPKART&q=dog+bed&store=p3t%2Fea3%2Fas7&srno=s_1_10&otracker=search&fm=organic&iid=4b128f9d-2047-4efd-8106-2db6ff0d806a.PEBGMDZWGGVCKEZH.SEARCH&ppt=None&ppn=None&ssid=1iy83aen9s0000001783424308013&qH=08aaa321caaedb70&ov_redirect=true&ov_redirect=true,keyword_search,dog bed,10,False,352.0,3000.0,88.0,3.9,,In Stock,nan,,ok,scrape,https://rukminim2.flixcart.com/image/612/612/krce64w0/pet-bed/t/s/z/m-luxurious-bed-for-dog-and-cat-reversible-little-smile-original-imag54wzsgvywew2.jpeg?q=70,furry,"Furry Smile Simple Letest Beds , Sofas & Chair With Collar & Haddi For Dog And Cat S Pet Bed",beds_accessories
2026-07-07,flipkart,PEBH44RHA5SSSMUV,1a22656c82f68d82,https://www.flipkart.com/petlux-dog-cat-washable-beds-indoor-pets-puppy-round-bed-sofa-dogs-s-pet/p/itmfd9b6299ffe00?pid=PEBH44RHA5SSSMUV&lid=LSTPEBH44RHA5SSSMUVVT71KP&marketplace=FLIPKART&q=dog+bed&store=p3t%2Fea3%2Fas7&srno=s_1_11&otracker=search&fm=organic&iid=en_lUAE57a00OSo-X8j04eUYLBGHVAZzclph9B6DglHv6Lu4THjg3HJx6QqV6v5QqXEqD0gQNDxcim3I2mAHndo_q3L7m5fODNXhZtDN4OebqEl4MrUMiPECErV59mxUcO7&ppt=None&ppn=None&ssid=1iy83aen9s0000001783424308013&qH=08aaa321caaedb70&ov_redirect=true&ov_redirect=true,keyword_search,dog bed,11,False,594.0,1999.0,70.0,4.2,,In Stock,nan,,ok,scrape,https://rukminim2.flixcart.com/image/612/612/xif0q/pet-bed/y/o/v/l-dog-cat-washable-beds-for-indoor-pets-puppy-round-dog-bed-sofa-original-imah44rhvrwjgne4.jpeg?q=70,petlux,"petlux Dog & Cat Washable Beds for Indoor Pets & Puppy, Round Dog Bed Sofa for Dogs. S Pet Bed",beds_accessories
2026-07-07,flipkart,PEBHD4SG4PVJPZP9,11b4b5e4f8938cf2,https://www.flipkart.com/heaven-luxurious-folding-pet-bed-mat-dog-cat-puppy-iron-nylon-cooling-summer-ant-slip-xl/p/itm32026ba3a7ea6?pid=PEBHD4SG4PVJPZP9&lid=LSTPEBHD4SG4PVJPZP9ZKEK7R&marketplace=FLIPKART&q=dog+bed&store=p3t%2Fea3%2Fas7&srno=s_1_12&otracker=search&fm=organic&iid=en_lUAE57a00OSo-X8j04eUYLBGHVAZzclph9B6DglHv6KeUrzbh3yXJv9Gjovgytiuihyf-yY0ZqdjrIjoSGztFLmZg0wU-yRtD313NBo-NZ0l4MrUMiPECErV59mxUcO7&ppt=None&ppn=None&ssid=1iy83aen9s0000001783424308013&qH=08aaa321caaedb70&ov_redirect=true&ov_redirect=true,keyword_search,dog bed,12,False,782.0,2499.0,69.0,3.7,,In Stock,nan,,ok,scrape,https://rukminim2.flixcart.com/image/612/612/xif0q/pet-bed/x/m/m/xl-folding-pet-bed-mat-for-dog-cat-puppy-iron-nylon-mat-cooling-original-imahd42hn7uergxg.jpeg?q=70,heaven,"Heaven Luxurious Folding Pet Bed Mat For DOG,Cat, Puppy Iron Nylon Mat Cooling Summer Ant slip XL Pet Bed",beds_accessories
2026-07-07,flipkart,PEBHEYK2Z3JMTADH,,https://www.flipkart.com/stuffiva-pbredovs-s-pet-bed/p/itmebbafe69c4de0?pid=PEBHEYK2Z3JMTADH&lid=LSTPEBHEYK2Z3JMTADHYPEOWF&marketplace=FLIPKART&q=cat+bed&store=search.flipkart.com&srno=s_1_5&otracker=search&fm=organic&iid=2feb8fb4-78e7-458c-bacb-4647a070ac7d.PEBHEYK2Z3JMTADH.SEARCH&ppt=None&ppn=None&ssid=uq8xefjfcg0000001783424311869&qH=0434bf5b1b52fdd8&ov_redirect=true&ov_redirect=true,keyword_search,cat bed,5,False,223.0,1499.0,85.0,4.3,,In Stock,nan,,ok,scrape,https://rukminim2.flixcart.com/image/612/612/xif0q/pet-bed/v/x/y/s-pbredovs-stuffiva-original-imahgs47fugmv8cr.jpeg?q=70,stuffiva,Stuffiva PBREDOVS S Pet Bed,beds_accessories
2026-07-07,flipkart,PEBGEYEUC5ZFNY23,f004d7731e77cc23,https://www.flipkart.com/tranding-stylish-simple-mountain-sofa-haddi-dog-cat-s-pet-bed/p/itma23283f8d5249?pid=PEBGEYEUC5ZFNY23&lid=LSTPEBGEYEUC5ZFNY230UUE4E&marketplace=FLIPKART&q=dog+bed&store=p3t%2Fea3%2Fas7&srno=s_1_14&otracker=search&fm=organic&iid=4b128f9d-2047-4efd-8106-2db6ff0d806a.PEBGEYEUC5ZFNY23.SEARCH&ppt=None&ppn=None&ssid=1iy83aen9s0000001783424308013&qH=08aaa321caaedb70&ov_redirect=true&ov_redirect=true,keyword_search,dog bed,14,False,340.0,1000.0,66.0,4.0,,In Stock,nan,,ok,scrape,https://rukminim2.flixcart.com/image/612/612/l2qhjm80/pet-bed/d/l/9/l-simple-mountain-sofa-with-haddi-for-dog-and-cat-tranding-original-imageyeu3efphnpp.jpeg?q=70,tranding,TRANDING STYLISH Simple Mountain Sofa With Haddi For Dog And Cat S Pet Bed,beds_accessories
2026-07-07,flipkart,PEBHEYK2VRDJYQM6,,https://www.flipkart.com/stuffiva-pbblueovs-s-pet-bed/p/itm36524f6715ae8?pid=PEBHEYK2VRDJYQM6&lid=LSTPEBHEYK2VRDJYQM6L2AFWJ&marketplace=FLIPKART&q=dog+bed&store=p3t%2Fea3%2Fas7&srno=s_1_15&otracker=search&fm=organic&iid=4b128f9d-2047-4efd-8106-2db6ff0d806a.PEBHEYK2VRDJYQM6.SEARCH&ppt=None&ppn=None&ssid=1iy83aen9s0000001783424308013&qH=08aaa321caaedb70&ov_redirect=true&ov_redirect=true,keyword_search,dog bed,15,False,254.0,1499.0,83.0,4.4,,In Stock,nan,,ok,scrape,https://rukminim2.flixcart.com/image/612/612/xif0q/pet-bed/3/o/j/s-pbblueovs-stuffiva-original-imaheyk26bjhmhf2.jpeg?q=70,stuffiva,Stuffiva PBBLUEOVS S Pet Bed,beds_accessories
2026-07-07,flipkart,PEBGMYC3VGYCB49S,,https://www.flipkart.com/royals-rore-ultra-shoft-xxl-pet-bed/p/itmbd2d1e6c3ec58?pid=PEBGMYC3VGYCB49S&lid=LSTPEBGMYC3VGYCB49SQQTSZP&marketplace=FLIPKART&q=dog+bed&store=p3t%2Fea3%2Fas7&srno=s_1_16&otracker=search&fm=organic&iid=4b128f9d-2047-4efd-8106-2db6ff0d806a.PEBGMYC3VGYCB49S.SEARCH&ppt=None&ppn=None&ssid=1iy83aen9s0000001783424308013&qH=08aaa321caaedb70&ov_redirect=true&ov_redirect=true,keyword_search,dog bed,16,False,660.0,4100.0,84.0,4.3,,In Stock,nan,,ok,scrape,https://rukminim2.flixcart.com/image/612/612/xif0q/pet-bed/2/u/f/s-round-oval-cozy-pet-bed-is-perfect-for-indoor-dog-s-puppies-original-imah8hxfv83zykg6.jpeg?q=70,royals,Royals Rore Ultra shoft XXL Pet Bed,beds_accessories
2026-07-07,flipkart,PEBHKNTGMTQN4QGM,,https://www.flipkart.com/mewkat-cozy-plush-indoor-doghouse-removable-cushion-s-pet-bed/p/itmd7292e91c43ca?pid=PEBHKNTGMTQN4QGM&lid=LSTPEBHKNTGMTQN4QGMRASTOI&marketplace=FLIPKART&q=dog+bed&store=p3t%2Fea3%2Fas7&srno=s_1_17&otracker=search&fm=organic&iid=en_lUAE57a00OSo-X8j04eUYLBGHVAZzclph9B6DglHv6LVn-DqwhUPPknqlmzp7sbk6CeK5O7EgqiuBqaW9sf8_kUp9Z628BBVRYGV8nJn3QhZssOjH5x2t-VQFDtQBQQH&ppt=None&ppn=None&ssid=1iy83aen9s0000001783424308013&qH=08aaa321caaedb70&ov_redirect=true&ov_redirect=true,keyword_search,dog bed,17,False,810.0,1399.0,42.0,4.3,,In Stock,nan,,ok,scrape,https://rukminim2.flixcart.com/image/612/612/xif0q/pet-bed/x/e/l/s-cozy-plush-indoor-doghouse-with-removable-cushion-mewkat-original-imahkntgfebzygpy.jpeg?q=70,mewkat,mewkat Cozy Plush Indoor Doghouse with Removable Cushion S Pet Bed,beds_accessories
2026-07-07,flipkart,PEBHKMNX6C3A5GDM,96d2ac088d21c006,https://www.flipkart.com/paitsco-luxury-soft-plush-fur-pet-bed-dogs-cats-sofa-comfort-sleeping-s/p/itm08317a2a08807?pid=PEBHKMNX6C3A5GDM&lid=LSTPEBHKMNX6C3A5GDMM3HPWB&marketplace=FLIPKART&q=dog+bed&store=p3t%2Fea3%2Fas7&srno=s_1_19&otracker=search&fm=organic&iid=4b128f9d-2047-4efd-8106-2db6ff0d806a.PEBHKMNX6C3A5GDM.SEARCH&ppt=None&ppn=None&ssid=1iy83aen9s0000001783424308013&qH=08aaa321caaedb70&ov_redirect=true&ov_redirect=true,keyword_search,dog bed,19,False,322.0,899.0,64.0,4.1,,In Stock,nan,,ok,scrape,https://rukminim2.flixcart.com/image/612/612/xif0q/pet-bed/1/h/q/s-luxury-soft-plush-fur-pet-bed-for-dogs-cats-pet-sofa-bed-original-imahkmntvbufczz8.jpeg?q=70,paitsco,Paitsco Luxury Soft Plush Fur Pet Bed for Dogs & Cats Pet Sofa Bed Comfort Sleeping S Pet Bed,beds_accessories
2026-07-07,flipkart,PEBHGBGXMZZHTDMK,4aa7cb92e7b39a29,https://www.flipkart.com/haven-stylish-luxury-simple-sofas-beds-dog-cat-s-pet-bed/p/itm9a39ef63b87a0?pid=PEBHGBGXMZZHTDMK&lid=LSTPEBHGBGXMZZHTDMKFBCYLR&marketplace=FLIPKART&q=dog+bed&store=p3t%2Fea3%2Fas7&spotlightTagId=default_TrendingId_p3t%2Fea3%2Fas7&srno=s_1_20&otracker=search&fm=organic&iid=4b128f9d-2047-4efd-8106-2db6ff0d806a.PEBHGBGXMZZHTDMK.SEARCH&ppt=None&ppn=None&ssid=1iy83aen9s0000001783424308013&qH=08aaa321caaedb70&ov_redirect=true&ov_redirect=true,keyword_search,dog bed,20,False,358.0,1499.0,76.0,3.8,,In Stock,nan,,ok,scrape,https://rukminim2.flixcart.com/image/612/612/xif0q/pet-bed/k/m/u/s-luxury-simple-sofas-beds-for-dog-and-cat-haven-stylish-original-imahgbgxg9fyvvwc.jpeg?q=70,haven,"HAVEN STYLISH Luxury Simple Sofas , Beds For Dog And Cat S Pet Bed",beds_accessories
2026-07-07,flipkart,PEBH45QQWZZ85DDV,874e565cb3777673,https://www.flipkart.com/zexsazone-pet-bed-cats-puppies-dogs-s/p/itm702b58fb55a3c?pid=PEBH45QQWZZ85DDV&lid=LSTPEBH45QQWZZ85DDVMATZOK&marketplace=FLIPKART&q=cat+bed&store=search.flipkart.com&srno=s_1_1&otracker=search&fm=organic&iid=en_HFLgcwQlYSdSR3RTgjxhnXQJsGvu8JWim9SqJzA4qbp5TrivXDPQD93EmugO-E99MvF9bJuqgDsWADRYIHrxonzcW19md5pKqG5Lm2mDHGOUBQ2D8jrYwDEi4Mw8Tkjv&ppt=None&ppn=None&ssid=uq8xefjfcg0000001783424311869&qH=0434bf5b1b52fdd8&ov_redirect=true&ov_redirect=true,keyword_search,cat bed,1,False,449.0,2499.0,82.0,4.4,,In Stock,nan,,ok,scrape,https://rukminim2.flixcart.com/image/612/612/xif0q/pet-bed/y/u/a/s-pet-bed-for-cats-and-puppies-dogs-zexsazone-original-imahkq7uzzrng9ht.jpeg?q=70,zexsazone,Zexsazone Pet Bed for Cats and Puppies Dogs S Pet Bed,beds_accessories
2026-07-07,flipkart,PEBHFXUPASE3NVXQ,9896e84421541bda,https://www.flipkart.com/stuffiva-oval-shaped-faux-fur-pet-bed-dogs-kittens-cats-s/p/itm82fdb7b1d1a55?pid=PEBHFXUPASE3NVXQ&lid=LSTPEBHFXUPASE3NVXQRQXFLG&marketplace=FLIPKART&q=cat+bed&store=search.flipkart.com&srno=s_1_4&otracker=search&fm=organic&iid=2feb8fb4-78e7-458c-bacb-4647a070ac7d.PEBHFXUPASE3NVXQ.SEARCH&ppt=None&ppn=None&ssid=uq8xefjfcg0000001783424311869&qH=0434bf5b1b52fdd8&ov_redirect=true&ov_redirect=true,keyword_search,cat bed,4,False,247.0,1499.0,84.0,4.2,,In Stock,nan,,ok,scrape,https://rukminim2.flixcart.com/image/612/612/xif0q/pet-bed/c/q/c/s-oval-shaped-faux-fur-pet-bed-for-dogs-kittens-and-cats-original-imahgs47ezzbhsug.jpeg?q=70,stuffiva,"Stuffiva Oval Shaped Faux Fur PET Bed for Dogs, Kittens and Cats S Pet Bed",beds_accessories
2026-07-07,flipkart,PEBGXFFZTHRNHD3F,80ad5e9c767fcf99,https://www.flipkart.com/zexsazone-round-donut-pet-bed-perfect-indoor-dog-s-puppies-cats-xxxl/p/itm8af07ab4874b4?pid=PEBGXFFZTHRNHD3F&lid=LSTPEBGXFFZTHRNHD3FUPZRWK&marketplace=FLIPKART&q=cat+bed&store=search.flipkart.com&srno=s_1_6&otracker=search&fm=organic&iid=en_HFLgcwQlYSdSR3RTgjxhnXQJsGvu8JWim9SqJzA4qbrOqUhz6GWTZ3iUHMb2q-9DeUJE79C99XSsY3Ngb4LFscXM4-dHB6_b2IDMR-PDEoeK-kWnx9D09mTv8caFusmu&ppt=None&ppn=None&ssid=uq8xefjfcg0000001783424311869&qH=0434bf5b1b52fdd8&ov_redirect=true&ov_redirect=true,keyword_search,cat bed,6,False,446.0,1499.0,70.0,4.3,,In Stock,nan,,ok,scrape,https://rukminim2.flixcart.com/image/612/612/xif0q/pet-bed/o/l/3/xxxl-the-round-donut-pet-bed-is-perfect-for-indoor-dog-s-puppies-original-imahfpjgrh8pzsrx.jpeg?q=70,zexsazone,"Zexsazone The round donut pet bed is perfect for indoor Dog's, puppies Cats XXXL Pet Bed",beds_accessories
2026-07-07,flipkart,PEBH3QYHFF6NM8VG,,https://www.flipkart.com/zexsazone-round-donut-pet-bed-perfect-indoor-dog-puppies-cats-s/p/itm162eec0a3647a?pid=PEBH3QYHFF6NM8VG&lid=LSTPEBH3QYHFF6NM8VG1VRID3&marketplace=FLIPKART&q=cat+bed&store=search.flipkart.com&srno=s_1_7&otracker=search&fm=organic&iid=2feb8fb4-78e7-458c-bacb-4647a070ac7d.PEBH3QYHFF6NM8VG.SEARCH&ppt=None&ppn=None&ssid=uq8xefjfcg0000001783424311869&qH=0434bf5b1b52fdd8&ov_redirect=true&ov_redirect=true,keyword_search,cat bed,7,False,441.0,1499.0,71.0,4.3,,In Stock,nan,,ok,scrape,https://rukminim2.flixcart.com/image/612/612/xif0q/pet-bed/z/z/b/s-the-round-donut-pet-bed-is-perfect-for-indoor-dog-puppies-cats-original-imahkq2gcpvhma72.jpeg?q=70,zexsazone,Zexsazone The round donut pet bed is perfect for indoor Dog puppies Cats S Pet Bed,beds_accessories
2026-07-07,flipkart,PEBHFBRUUEMRMHEN,,https://www.flipkart.com/stuffiva-pboval-l-pet-bed/p/itm29be2c6bb16bd?pid=PEBHFBRUUEMRMHEN&lid=LSTPEBHFBRUUEMRMHENCCTOSB&marketplace=FLIPKART&q=cat+bed&store=search.flipkart.com&srno=s_1_8&otracker=search&fm=organic&iid=2feb8fb4-78e7-458c-bacb-4647a070ac7d.PEBHFBRUUEMRMHEN.SEARCH&ppt=None&ppn=None&ssid=uq8xefjfcg0000001783424311869&qH=0434bf5b1b52fdd8&ov_redirect=true&ov_redirect=true,keyword_search,cat bed,8,False,638.0,2999.0,79.0,3.8,,In Stock,nan,,ok,scrape,https://rukminim2.flixcart.com/image/612/612/xif0q/pet-bed/r/r/s/l-pboval-stuffiva-original-imahgs47frthnhdf.jpeg?q=70,stuffiva,Stuffiva PBOVAL L Pet Bed,beds_accessories
2026-07-07,flipkart,PEBHFX4ZMVBNWHZF,,https://www.flipkart.com/stuffiva-oval-shaped-faux-fur-pet-bed-dogs-cats-s/p/itm9efd1b391a2a0?pid=PEBHFX4ZMVBNWHZF&lid=LSTPEBHFX4ZMVBNWHZFJJWN65&marketplace=FLIPKART&q=cat+bed&store=search.flipkart.com&srno=s_1_9&otracker=search&fm=organic&iid=2feb8fb4-78e7-458c-bacb-4647a070ac7d.PEBHFX4ZMVBNWHZF.SEARCH&ppt=None&ppn=None&ssid=uq8xefjfcg0000001783424311869&qH=0434bf5b1b52fdd8&ov_redirect=true&ov_redirect=true,keyword_search,cat bed,9,False,262.0,1499.0,83.0,3.8,,In Stock,nan,,ok,scrape,https://rukminim2.flixcart.com/image/612/612/xif0q/pet-bed/s/h/k/s-oval-shaped-faux-fur-pet-bed-for-dogs-and-cats-stuffiva-original-imahg5vz3zq4yjj7.jpeg?q=70,stuffiva,Stuffiva Oval Shaped Faux Fur Pet Bed For Dogs and Cats S Pet Bed,beds_accessories
2026-07-07,flipkart,PEBHFRDQU2ZFZ5JW,,https://www.flipkart.com/tranding-stylish-luxury-coller-sofas-beds-dog-cat-l-pet-bed/p/itm9de832d62b027?pid=PEBHFRDQU2ZFZ5JW&lid=LSTPEBHFRDQU2ZFZ5JWP1K6FU&marketplace=FLIPKART&q=cat+bed&store=search.flipkart.com&srno=s_1_10&otracker=search&fm=organic&iid=2feb8fb4-78e7-458c-bacb-4647a070ac7d.PEBHFRDQU2ZFZ5JW.SEARCH&ppt=None&ppn=None&ssid=uq8xefjfcg0000001783424311869&qH=0434bf5b1b52fdd8&ov_redirect=true&ov_redirect=true,keyword_search,cat bed,10,False,608.0,2499.0,76.0,3.9,,In Stock,nan,,ok,scrape,https://rukminim2.flixcart.com/image/612/612/xif0q/pet-bed/w/z/u/l-luxury-coller-sofas-beds-for-dog-and-cat-tranding-stylish-original-imahfrdqtkszkeq9.jpeg?q=70,tranding,"TRANDING STYLISH Luxury Coller Sofas , Beds For Dog And Cat L Pet Bed",beds_accessories
2026-07-07,flipkart,PEBH3QYHH7HDKCF5,,https://www.flipkart.com/zexsazone-round-donut-pet-bed-perfect-indoor-dog-puppies-cats-s/p/itm162eec0a3647a?pid=PEBH3QYHH7HDKCF5&lid=LSTPEBH3QYHH7HDKCF504RTYG&marketplace=FLIPKART&q=cat+bed&store=search.flipkart.com&srno=s_1_11&otracker=search&fm=organic&iid=en_HFLgcwQlYSdSR3RTgjxhnXQJsGvu8JWim9SqJzA4qboMBQsqYuDU4SDl1Wjqzg3T_A5NRe701d6LQeQr4uRU-MXM4-dHB6_b2IDMR-PDEoeK-kWnx9D09mTv8caFusmu&ppt=None&ppn=None&ssid=uq8xefjfcg0000001783424311869&qH=0434bf5b1b52fdd8&ov_redirect=true&ov_redirect=true,keyword_search,cat bed,11,False,443.0,1499.0,70.0,4.3,,In Stock,nan,,ok,scrape,https://rukminim2.flixcart.com/image/612/612/xif0q/pet-bed/d/l/x/s-the-round-donut-pet-bed-is-perfect-for-indoor-dog-puppies-cats-original-imahkq2a4mjvekej.jpeg?q=70,zexsazone,Zexsazone The round donut pet bed is perfect for indoor Dog puppies Cats S Pet Bed,beds_accessories
2026-07-07,flipkart,PEBH4D6YJWYHY4MT,c00cac21f7c1cd43,https://www.flipkart.com/zexsazone-round-soft-pet-bed-perfect-indoor-cats-puppies-all-weather-m/p/itmfe91bf84c1f7b?pid=PEBH4D6YJWYHY4MT&lid=LSTPEBH4D6YJWYHY4MTKQKDNF&marketplace=FLIPKART&q=cat+bed&store=search.flipkart.com&srno=s_1_12&otracker=search&fm=organic&iid=en_HFLgcwQlYSdSR3RTgjxhnXQJsGvu8JWim9SqJzA4qbptrCVGWYE_OgjQaNX2CWW4pJbcdkZeqBQ2cmnn9GLvfvo4L3mGcZ-QHTXS3nrc_okEw6--d9mzm-sMCY6JklOk&ppt=None&ppn=None&ssid=uq8xefjfcg0000001783424311869&qH=0434bf5b1b52fdd8&ov_redirect=true&ov_redirect=true,keyword_search,cat bed,12,False,864.0,2499.0,65.0,4.5,,In Stock,nan,,ok,scrape,https://rukminim2.flixcart.com/image/612/612/xif0q/pet-bed/b/x/i/m-the-round-soft-pet-bed-perfect-for-indoor-cats-puppies-for-all-original-imahhczrathcz57g.jpeg?q=70,zexsazone,Zexsazone The round soft pet bed perfect for indoor cats puppies for all weather M Pet Bed M Pet Bed,beds_accessories
2026-07-07,flipkart,PEBGS8KMCZFPEAGW,,https://www.flipkart.com/zexsazone-round-soft-pet-bed-perfect-indoor-cats-puppies-all-weather-s/p/itm26082dce01d5d?pid=PEBGS8KMCZFPEAGW&lid=LSTPEBGS8KMCZFPEAGWNWN0O0&marketplace=FLIPKART&q=cat+bed&store=search.flipkart.com&srno=s_1_13&otracker=search&fm=organic&iid=2feb8fb4-78e7-458c-bacb-4647a070ac7d.PEBGS8KMCZFPEAGW.SEARCH&ppt=None&ppn=None&ssid=uq8xefjfcg0000001783424311869&qH=0434bf5b1b52fdd8&ov_redirect=true&ov_redirect=true,keyword_search,cat bed,13,False,502.0,1499.0,67.0,4.2,,In Stock,nan,,ok,scrape,https://rukminim2.flixcart.com/image/612/612/xif0q/pet-bed/m/w/6/s-the-round-soft-pet-bed-is-perfect-for-indoor-cats-and-puppies-original-imahkrapp4ph5tqq.jpeg?q=70,zexsazone,Zexsazone The round soft pet bed is perfect for indoor cats and puppies for all weather S Pet Bed,beds_accessories
2026-07-07,flipkart,PEBHHX7WFCEJZJBG,75360913912c8df8,https://www.flipkart.com/sh-l-cat-bed-cave-indoor-suitable-dome-hideaway-cats-s-pet/p/itm1256005e8080b?pid=PEBHHX7WFCEJZJBG&lid=LSTPEBHHX7WFCEJZJBGJ7LWHU&marketplace=FLIPKART&q=cat+bed&store=search.flipkart.com&srno=s_1_14&otracker=search&fm=organic&iid=2feb8fb4-78e7-458c-bacb-4647a070ac7d.PEBHHX7WFCEJZJBG.SEARCH&ppt=None&ppn=None&ssid=uq8xefjfcg0000001783424311869&qH=0434bf5b1b52fdd8&ov_redirect=true&ov_redirect=true,keyword_search,cat bed,14,False,638.0,3999.0,84.0,3.6,,In Stock,nan,,ok,scrape,https://rukminim2.flixcart.com/image/612/612/xif0q/pet-bed/p/c/6/l-cat-bed-cave-for-indoor-suitable-for-cat-dome-bed-hideaway-bed-original-imahhx7wgg3jme47.jpeg?q=70,sh,SH l Cat Bed Cave for Indoor Suitable for Cat Dome Bed Hideaway Bed for Indoor Cats S Pet Bed,beds_accessories
2026-07-07,flipkart,PEBHKWQGKPVZ6PJX,4d8749d8433238e9,https://www.flipkart.com/paitsco-foldable-pet-home-cats-small-pets-l-bed/p/itmb4516cdab656d?pid=PEBHKWQGKPVZ6PJX&lid=LSTPEBHKWQGKPVZ6PJXKKGQ7U&marketplace=FLIPKART&q=cat+bed&store=search.flipkart.com&srno=s_1_15&otracker=search&fm=organic&iid=2feb8fb4-78e7-458c-bacb-4647a070ac7d.PEBHKWQGKPVZ6PJX.SEARCH&ppt=None&ppn=None&ssid=uq8xefjfcg0000001783424311869&qH=0434bf5b1b52fdd8&ov_redirect=true&ov_redirect=true,keyword_search,cat bed,15,False,1423.0,2999.0,53.0,4.0,,In Stock,nan,,ok,scrape,https://rukminim2.flixcart.com/image/612/612/xif0q/pet-bed/a/x/m/s-foldable-pet-home-for-cats-small-pets-paitsco-original-imahhndcqrkzghmf.jpeg?q=70,paitsco,Paitsco Foldable Pet Home for Cats & Small Pets L Pet Bed,beds_accessories
2026-07-07,flipkart,PEBHGRJ49HB2GZYY,f2c5b185613cb6cb,https://www.flipkart.com/haven-stylish-luxury-coller-sofas-beds-dog-cat-l-pet-bed/p/itmd688178755ec5?pid=PEBHGRJ49HB2GZYY&lid=LSTPEBHGRJ49HB2GZYY5KVSLP&marketplace=FLIPKART&q=cat+bed&store=search.flipkart.com&srno=s_1_16&otracker=search&fm=organic&iid=2feb8fb4-78e7-458c-bacb-4647a070ac7d.PEBHGRJ49HB2GZYY.SEARCH&ppt=None&ppn=None&ssid=uq8xefjfcg0000001783424311869&qH=0434bf5b1b52fdd8&ov_redirect=true&ov_redirect=true,keyword_search,cat bed,16,False,430.0,2000.0,78.0,3.0,,In Stock,nan,,ok,scrape,https://rukminim2.flixcart.com/image/612/612/xif0q/pet-bed/2/z/a/l-luxury-coller-sofas-beds-for-dog-and-cat-haven-stylish-original-imahk5ypxfh7fyeh.jpeg?q=70,haven,"HAVEN STYLISH Luxury Coller Sofas , Beds For Dog And Cat L Pet Bed",beds_accessories
2026-07-07,flipkart,PEBHZWHNQPA2MVNH,d716e4f3af0a0420,https://www.flipkart.com/prmanchi-premium-oval-shaped-faux-fur-calming-pet-bed-cushion-dogs-cats-fluffy-s/p/itm3706399abd6a1?pid=PEBHZWHNQPA2MVNH&lid=LSTPEBHZWHNQPA2MVNH4W29KG&marketplace=FLIPKART&q=cat+bed&store=search.flipkart.com&srno=s_1_17&otracker=search&fm=organic&iid=en_HFLgcwQlYSdSR3RTgjxhnXQJsGvu8JWim9SqJzA4qbre_kl6mlINzOEsf_YreE0Z8rdv818jIUdD7VbawhZgLDGfArrXUvH5cNoD551Ox_YEw6--d9mzm-sMCY6JklOk&ppt=None&ppn=None&ssid=uq8xefjfcg0000001783424311869&qH=0434bf5b1b52fdd8&ov_redirect=true&ov_redirect=true,keyword_search,cat bed,17,False,268.0,1699.0,84.0,,,In Stock,nan,,ok,scrape,https://rukminim2.flixcart.com/image/612/612/xif0q/pet-bed/8/n/m/s-premium-oval-shaped-faux-fur-calming-pet-bed-cushion-for-dogs-original-imahzwhmfggz7wfe.jpeg?q=70,prmanchi,"Prmanchi Premium Oval Shaped Faux Fur Calming Pet Bed Cushion for Dogs and Cats, Fluffy S Pet Bed",beds_accessories
2026-07-07,flipkart,PEBGKJZAGAQMGPHD,,https://www.flipkart.com/furry-castle-tifc-sc01-l-bl-l-pet-bed/p/itm4ce2825836326?pid=PEBGKJZAGAQMGPHD&lid=LSTPEBGKJZAGAQMGPHD14EY73&marketplace=FLIPKART&q=cat+bed&store=search.flipkart.com&srno=s_1_18&otracker=search&fm=organic&iid=en_HFLgcwQlYSdSR3RTgjxhnXQJsGvu8JWim9SqJzA4qbrWmK94SG5_6QO0KZAWN23vc6icuyOnpOVolmoFmeIARvaEmLhjngP0N92PiBv7et8Ew6--d9mzm-sMCY6JklOk&ppt=None&ppn=None&ssid=uq8xefjfcg0000001783424311869&qH=0434bf5b1b52fdd8&ov_redirect=true&ov_redirect=true,keyword_search,cat bed,18,False,585.0,1470.0,60.0,,,In Stock,nan,,ok,scrape,https://rukminim2.flixcart.com/image/612/612/xif0q/pet-bed/1/s/z/s-tifc-sc01-s-bl-furry-castle-original-imah4gxksuydhsm9.jpeg?q=70,furry,Furry Castle TIFC-SC01 L_BL L Pet Bed,beds_accessories
2026-07-07,flipkart,PEBHGJFCMFYFJJTG,b95d8492fc1ec7d4,https://www.flipkart.com/zexsazone-pumpkin-pet-house-bed-soft-plush-cat-cave-small-dog-shih-tzu-s/p/itm6f56bb3e3de98?pid=PEBHGJFCMFYFJJTG&lid=LSTPEBHGJFCMFYFJJTGJCSGBJ&marketplace=FLIPKART&q=cat+bed&store=search.flipkart.com&srno=s_1_19&otracker=search&fm=organic&iid=2feb8fb4-78e7-458c-bacb-4647a070ac7d.PEBHGJFCMFYFJJTG.SEARCH&ppt=None&ppn=None&ssid=uq8xefjfcg0000001783424311869&qH=0434bf5b1b52fdd8&ov_redirect=true&ov_redirect=true,keyword_search,cat bed,19,False,1393.0,1499.0,7.0,4.1,,In Stock,nan,,ok,scrape,https://rukminim2.flixcart.com/image/612/612/xif0q/pet-bed/s/e/a/s-pumpkin-pet-house-bed-soft-plush-cat-cave-small-dog-bed-shih-original-imahjky6agguhtky.jpeg?q=70,zexsazone,Zexsazone Pumpkin Pet House Bed | Soft Plush Cat Cave & Small Dog Bed Shih Tzu & Small Dog S Pet Bed,beds_accessories
2026-07-07,flipkart,PEBGHP6SAHB6GYD7,,https://www.flipkart.com/zexsazone-round-donut-pet-bed-perfect-indoor-cats-puppies-winter-summer-xxxl/p/itmb40f5aa8da9fc?pid=PEBGHP6SAHB6GYD7&lid=LSTPEBGHP6SAHB6GYD7V2WE4M&marketplace=FLIPKART&q=cat+bed&store=search.flipkart.com&srno=s_1_20&otracker=search&fm=organic&iid=2feb8fb4-78e7-458c-bacb-4647a070ac7d.PEBGHP6SAHB6GYD7.SEARCH&ppt=None&ppn=None&ssid=uq8xefjfcg0000001783424311869&qH=0434bf5b1b52fdd8&ov_redirect=true&ov_redirect=true,keyword_search,cat bed,20,False,447.0,1499.0,70.0,4.0,,In Stock,nan,,ok,scrape,https://rukminim2.flixcart.com/image/612/612/xif0q/pet-bed/c/m/f/xxxl-the-round-donut-pet-bed-is-perfect-for-indoor-cats-and-original-imahkr656u8xqrqp.jpeg?q=70,zexsazone,"Zexsazone The round donut pet bed is perfect for indoor cats and puppies winter, Summer XXXL Pet Bed",beds_accessories
2026-07-07,flipkart,PCTHZ6GH4KBBHTKF,,https://www.flipkart.com/carlungi-a-rat-protection-steel-cover-cars-custom-50-feet-hard-crate-pet/p/itm729d9dc94c6cf?pid=PCTHZ6GH4KBBHTKF&lid=LSTPCTHZ6GH4KBBHTKFKHBI13&marketplace=FLIPKART&q=dog+crate&store=search.flipkart.com&srno=s_1_1&otracker=search&fm=organic&iid=en_Ht_mxrbpsJTM5UHsNZXv5t4TQ-F3ece0rMC35emxX_EpkIaCneDKenp8gT0YcD4sJBN9orM-sFQTVZwkDBllkZDLM_eVsS5-NSM4Q2c9otdJrpl4276I7b1fbqRc9ykj&ppt=None&ppn=None&ssid=tj3vfu42e80000001783424314794&qH=de7c627fb64ada71&ov_redirect=true&ov_redirect=true,keyword_search,dog crate,1,False,16988.0,18000.0,6.0,,,In Stock,nan,,ok,scrape,https://rukminim2.flixcart.com/image/612/612/xif0q/car-cover/d/m/4/no-rat-guard-11-carlungi-original-imahk8bbzpr3pdps.jpeg?q=70,carlungi,CarLungi (A Rat Protection Steel Cover for Cars) - (Custom-50 Feet) Hard Crate Pet Crate,beds_accessories
2026-07-07,flipkart,PCTHZ6GHCZUZXXYC,,https://www.flipkart.com/carlungi-a-rat-protection-steel-cover-cars-sedan-44-feet-hard-crate-pet/p/itm0d82329c5c240?pid=PCTHZ6GHCZUZXXYC&lid=LSTPCTHZ6GHCZUZXXYC0XXTLM&marketplace=FLIPKART&q=dog+crate&store=search.flipkart.com&srno=s_1_2&otracker=search&fm=organic&iid=en_Ht_mxrbpsJTM5UHsNZXv5t4TQ-F3ece0rMC35emxX_HqGgXONOqy61a7QYwgt6GPcLH7mQ0mDl-UojLpGIHAHpDLM_eVsS5-NSM4Q2c9otdJrpl4276I7b1fbqRc9ykj&ppt=None&ppn=None&ssid=tj3vfu42e80000001783424314794&qH=de7c627fb64ada71&ov_redirect=true&ov_redirect=true,keyword_search,dog crate,2,False,14488.0,15499.0,7.0,,,In Stock,nan,,ok,scrape,https://rukminim2.flixcart.com/image/612/612/xif0q/car-cover/d/m/4/no-rat-guard-11-carlungi-original-imahk8bbzpr3pdps.jpeg?q=70,carlungi,CarLungi (A Rat Protection Steel Cover for Cars) - (Sedan-44 Feet) Hard Crate Pet Crate,beds_accessories
2026-07-07,flipkart,PCTGDQC4GCCZ8TFF,610890786de7b023,https://www.flipkart.com/pups-pets-double-door-folding-metal-dog-cage-paw-protector-black-soft-crate-pet/p/itmb8b1b1de5de3d?pid=PCTGDQC4GCCZ8TFF&lid=LSTPCTGDQC4GCCZ8TFFUWCP59&marketplace=FLIPKART&q=dog+crate&store=search.flipkart.com&srno=s_1_3&otracker=search&fm=organic&iid=4747a1f7-bb53-44a0-8802-41467b35937c.PCTGDQC4GCCZ8TFF.SEARCH&ppt=None&ppn=None&ssid=tj3vfu42e80000001783424314794&qH=de7c627fb64ada71&ov_redirect=true&ov_redirect=true,keyword_search,dog crate,3,False,2871.0,4999.0,43.0,,,In Stock,nan,,ok,scrape,https://rukminim2.flixcart.com/image/612/612/l2dmky80/pet-crate/w/z/j/double-door-folding-metal-dog-cage-with-paw-protector-black-pups-original-imagdqc49nhw29cz.jpeg?q=70,pupspets,Pups&Pets Double-Door Folding Metal Dog Cage with Paw Protector Black Soft Crate Pet Crate,beds_accessories
2026-07-07,flipkart,PCTHG7QQFZPAHCQP,5f465088a3dfcfdd,https://www.flipkart.com/aggarwal-36-inch-dog-cage-hard-crate-pet/p/itm6782e002d54ec?pid=PCTHG7QQFZPAHCQP&lid=LSTPCTHG7QQFZPAHCQPU3SQZC&marketplace=FLIPKART&q=dog+crate&store=search.flipkart.com&srno=s_1_4&otracker=search&fm=organic&iid=4747a1f7-bb53-44a0-8802-41467b35937c.PCTHG7QQFZPAHCQP.SEARCH&ppt=None&ppn=None&ssid=tj3vfu42e80000001783424314794&qH=de7c627fb64ada71&ov_redirect=true&ov_redirect=true,keyword_search,dog crate,4,False,3559.0,6999.0,49.0,,,In Stock,nan,,ok,scrape,https://rukminim2.flixcart.com/image/612/612/xif0q/pet-crate/h/y/p/15-foldable-metal-wire-dog-cage-aggarwal-original-imahg5uvjem2vbne.jpeg?q=70,aggarwal,AGGARWAL 36 Inch Dog Cage Hard Crate Pet Crate,beds_accessories
2026-07-07,flipkart,PEHESD3XJYMHV6F3,,https://www.flipkart.com/jainsons-pet-products-cage-30-hard-crate/p/itmf3ee36e488f88?pid=PEHESD3XJYMHV6F3&lid=LSTPEHESD3XJYMHV6F313EPGQ&marketplace=FLIPKART&q=dog+crate&store=search.flipkart.com&srno=s_1_5&otracker=search&fm=organic&iid=4747a1f7-bb53-44a0-8802-41467b35937c.PEHESD3XJYMHV6F3.SEARCH&ppt=None&ppn=None&ssid=tj3vfu42e80000001783424314794&qH=de7c627fb64ada71&ov_redirect=true&ov_redirect=true,keyword_search,dog crate,5,False,3083.0,3599.0,14.0,3.8,,In Stock,nan,,ok,scrape,https://rukminim2.flixcart.com/image/612/612/xif0q/pet-crate/j/x/r/10-cage-30-jainsons-pet-products-original-imahfkh9zjtaz3sn.jpeg?q=70,jainsons,Jainsons Pet Products CAGE 30 Hard Crate Pet Crate,beds_accessories
2026-07-07,flipkart,PEHH3PUQHHDXM7GG,cf9d555d363ca91f,https://www.flipkart.com/petjoy-pet-single-door-folding-metal-cage-removable-tray-dog-cat-30-inch-hard-crate/p/itm59ca65bc9808b?pid=PEHH3PUQHHDXM7GG&lid=LSTPEHH3PUQHHDXM7GGBO4DTC&marketplace=FLIPKART&q=dog+crate&store=search.flipkart.com&srno=s_1_6&otracker=search&fm=organic&iid=en_Ht_mxrbpsJTM5UHsNZXv5t4TQ-F3ece0rMC35emxX_EfNMll2gtTxQ8xzbsNFv4A0-FsfkTnErg5UbSdojdgKmac7PZtO-sY3l1sr6gOVcTMfFFJremy0dxADwGLzzWY&ppt=None&ppn=None&ssid=tj3vfu42e80000001783424314794&qH=de7c627fb64ada71&ov_redirect=true&ov_redirect=true,keyword_search,dog crate,6,False,2719.0,3999.0,32.0,4.4,,In Stock,nan,,ok,scrape,https://rukminim2.flixcart.com/image/612/612/xif0q/pet-crate/z/4/m/7-25-pet-single-door-folding-metal-cage-with-removable-tray-for-original-imahchtty8bzm4hh.jpeg?q=70,petjoy,"PetJoy Pet Single Door Folding Metal Cage with Removable Tray for Dog & Cat, 30 Inch Hard Crate Pet Crate",beds_accessories
2026-07-07,flipkart,PECHN66XTEGGYHMF,,https://www.flipkart.com/sage-square-multicolor-pet-crate/p/itm9f4d31446a298?pid=PECHN66XTEGGYHMF&lid=LSTPECHN66XTEGGYHMFY6TDOP&marketplace=FLIPKART&q=dog+crate&store=search.flipkart.com&srno=s_1_7&otracker=search&fm=organic&iid=4747a1f7-bb53-44a0-8802-41467b35937c.PECHN66XTEGGYHMF.SEARCH&ppt=None&ppn=None&ssid=tj3vfu42e80000001783424314794&qH=de7c627fb64ada71&ov_redirect=true&ov_redirect=true,keyword_search,dog crate,7,False,630.0,999.0,37.0,,,In Stock,nan,,ok,scrape,https://rukminim2.flixcart.com/image/612/612/xif0q/pet-carrier/d/n/f/ss-rabbit-litter-tray-floor-matte-combo-sage-square-original-imahn66vtjz4ay4x.jpeg?q=70,sage,Sage Square Multicolor Pet Crate,beds_accessories
2026-07-07,flipkart,PCTG9QWZSNKSGMJU,a6ae37029e3d14d0,https://www.flipkart.com/rvpaws-dog-cage-18-inch-blue-hard-crate-pet/p/itm0710e5f94da51?pid=PCTG9QWZSNKSGMJU&lid=LSTPCTG9QWZSNKSGMJUJ9GJYO&marketplace=FLIPKART&q=dog+crate&store=search.flipkart.com&srno=s_1_8&otracker=search&fm=organic&iid=4747a1f7-bb53-44a0-8802-41467b35937c.PCTG9QWZSNKSGMJU.SEARCH&ppt=None&ppn=None&ssid=tj3vfu42e80000001783424314794&qH=de7c627fb64ada71&ov_redirect=true&ov_redirect=true,keyword_search,dog crate,8,False,894.0,1999.0,55.0,3.9,,In Stock,nan,,ok,scrape,https://rukminim2.flixcart.com/image/612/612/kx7vc7k0/pet-carrier/f/h/7/dog-cage-rvpaws-original-imag9ptffrtgga26.jpeg?q=70,rvpaws,Rvpaws Dog Cage 18 Inch Blue Hard Crate Pet Crate,beds_accessories
2026-07-07,flipkart,PEHGX5NHAE4HESZY,,https://www.flipkart.com/petkart-pet-cage-black-30inch-suitable-hard-crate/p/itmccc01eacbbb6f?pid=PEHGX5NHAE4HESZY&lid=LSTPEHGX5NHAE4HESZYKPUJJP&marketplace=FLIPKART&q=dog+crate&store=search.flipkart.com&srno=s_1_10&otracker=search&fm=organic&iid=4747a1f7-bb53-44a0-8802-41467b35937c.PEHGX5NHAE4HESZY.SEARCH&ppt=None&ppn=None&ssid=tj3vfu42e80000001783424314794&qH=de7c627fb64ada71&ov_redirect=true&ov_redirect=true,keyword_search,dog crate,10,False,2168.0,3000.0,28.0,4.1,,In Stock,nan,,ok,scrape,https://rukminim2.flixcart.com/image/612/612/xif0q/pet-house/s/g/z/18-pet-cage-black-18inch-suitable-for-petkart-12-original-imagx5nhyzzjwbuw.jpeg?q=70,petkart,"petkart Pet Cage - Black - 30inch, Suitable for Hard Crate Pet Crate",beds_accessories
2026-07-07,flipkart,SEDGB2SZU6F2UEU3,716c42ccbf4aef84,https://www.flipkart.com/dogtrust-single-door-folding-metal-dog-18-inch-cage-paw-protector-seed-catcher/p/itmfa7a248fc307e?pid=SEDGB2SZU6F2UEU3&lid=LSTSEDGB2SZU6F2UEU3IS9SHV&marketplace=FLIPKART&q=dog+crate&store=search.flipkart.com&srno=s_1_12&otracker=search&fm=organic&iid=en_Ht_mxrbpsJTM5UHsNZXv5t4TQ-F3ece0rMC35emxX_HF-8atdXzR1Kf_Fmsx5ItMFkQeQXh9bjzxjcrOF4aIkKI9Z9LuNBMUAOZdZ7wNS_l2dmBFuzNs8TrDSi1LNPKT&ppt=None&ppn=None&ssid=tj3vfu42e80000001783424314794&qH=de7c627fb64ada71&ov_redirect=true&ov_redirect=true,keyword_search,dog crate,12,False,812.0,2499.0,68.0,4.1,,In Stock,nan,,ok,scrape,https://rukminim2.flixcart.com/image/612/612/kyyqpow0/cage-seed-catcher/0/4/a/single-door-folding-metal-dog-18-inch-cage-with-paw-protector-original-imag7942ahptzemf.jpeg?q=70,dogtrust,DogTrust Single-Door Folding Metal Dog 18 Inch Cage with Paw Protector Cage Seed Catcher,beds_accessories
2026-07-07,flipkart,PCTGZYBYE3WBYEBS,b63f8e08e2006c71,https://www.flipkart.com/chullbull-pet-products-36-inch-cage-removable-tray-dogs-cats-suitable-large-breeds-hard-crate/p/itm59ca65bc9808b?pid=PCTGZYBYE3WBYEBS&lid=LSTPCTGZYBYE3WBYEBS0ZBQIZ&marketplace=FLIPKART&q=dog+crate&store=search.flipkart.com&srno=s_1_13&otracker=search&fm=organic&iid=4747a1f7-bb53-44a0-8802-41467b35937c.PCTGZYBYE3WBYEBS.SEARCH&ppt=None&ppn=None&ssid=tj3vfu42e80000001783424314794&qH=de7c627fb64ada71&ov_redirect=true&ov_redirect=true,keyword_search,dog crate,13,False,3303.0,4999.0,34.0,4.7,,In Stock,nan,,ok,scrape,https://rukminim2.flixcart.com/image/612/612/xif0q/pet-crate/y/o/1/2-36-inch-pet-cage-with-removable-plastic-tray-dogs-cats-rabbits-original-imahyjmg9ugkzwhv.jpeg?q=70,chullbull,"chullbull pet products 36 Inch Pet Cage with Removable Tray (Dogs, Cats) Suitable for Large Breeds Hard Crate Pet Crate",beds_accessories
2026-07-07,flipkart,PCTGZJC5ZKZQUXRD,,https://www.flipkart.com/chullbull-pet-products-30-inch-black-cage-black-tray-hard-crate/p/itm95a0ae71bea34?pid=PCTGZJC5ZKZQUXRD&lid=LSTPCTGZJC5ZKZQUXRDAUI0WX&marketplace=FLIPKART&q=dog+crate&store=search.flipkart.com&srno=s_1_15&otracker=search&fm=organic&iid=4747a1f7-bb53-44a0-8802-41467b35937c.PCTGZJC5ZKZQUXRD.SEARCH&ppt=None&ppn=None&ssid=tj3vfu42e80000001783424314794&qH=de7c627fb64ada71&ov_redirect=true&ov_redirect=true,keyword_search,dog crate,15,False,2306.0,4999.0,54.0,4.7,,In Stock,nan,,ok,scrape,https://rukminim2.flixcart.com/image/612/612/xif0q/pet-house/d/p/b/30-30-inch-black-cage-with-black-tray-zkpetlife-18-original-imagr8xyndhhbcx7.jpeg?q=70,chullbull,chullbull pet products 30' Inch (Black)cage With Black Tray Hard Crate Pet Crate,beds_accessories
2026-07-07,flipkart,PECGT5V3KCENCS9P,2c5d427883d1562f,https://www.flipkart.com/emily-pets-heavy-duty-dog-travel-flight-crate-cage-pet-23-5-long-15-20-lb-grey-black-airline-carrier/p/itmc0c45220cd1d2?pid=PECGT5V3KCENCS9P&lid=LSTPECGT5V3KCENCS9PU2VQJI&marketplace=FLIPKART&q=dog+crate&store=search.flipkart.com&srno=s_1_16&otracker=search&fm=organic&iid=4747a1f7-bb53-44a0-8802-41467b35937c.PECGT5V3KCENCS9P.SEARCH&ppt=None&ppn=None&ssid=tj3vfu42e80000001783424314794&qH=de7c627fb64ada71&ov_redirect=true&ov_redirect=true,keyword_search,dog crate,16,False,7084.0,8024.0,12.0,,,In Stock,nan,,ok,scrape,https://rukminim2.flixcart.com/image/612/612/xif0q/pet-carrier/b/q/z/heavy-duty-dog-travel-flight-crate-cage-for-pet27-5-long-20-25-original-imagt5vyhtw9xns9.jpeg?q=70,emily,"Emily Pets Heavy Duty Dog Travel Flight Crate , Cage for Pet 23.5"" Long, 15-20 lb Grey, Black Airline Pet Carrier",beds_accessories
2026-07-07,flipkart,PCTHZ6GHTGCYXARK,,https://www.flipkart.com/carlungi-a-rat-protection-steel-cover-cars-compact-suv-42-feet-hard-crate-pet/p/itm5bb39e9ed2bcf?pid=PCTHZ6GHTGCYXARK&lid=LSTPCTHZ6GHTGCYXARK2BKXBO&marketplace=FLIPKART&q=dog+crate&store=search.flipkart.com&srno=s_1_17&otracker=search&fm=organic&iid=en_Ht_mxrbpsJTM5UHsNZXv5t4TQ-F3ece0rMC35emxX_F8_vwNWTkbVPmrfABSZ1WoU3ewOvyKLKbplp7dFomrZalCHg_8J4gYlXuYIlQk5dPMfFFJremy0dxADwGLzzWY&ppt=None&ppn=None&ssid=tj3vfu42e80000001783424314794&qH=de7c627fb64ada71&ov_redirect=true&ov_redirect=true,keyword_search,dog crate,17,False,13688.0,14500.0,6.0,,,In Stock,nan,,ok,scrape,https://rukminim2.flixcart.com/image/612/612/xif0q/car-cover/d/m/4/no-rat-guard-11-carlungi-original-imahk8bbzpr3pdps.jpeg?q=70,carlungi,CarLungi (A Rat Protection Steel Cover for Cars) - (Compact SUV-42 Feet) Hard Crate Pet Crate,beds_accessories
2026-07-07,flipkart,PCTHZ6GGWJXUAE7G,,https://www.flipkart.com/carlungi-a-rat-protection-steel-cover-cars-hatchback-40-feet-hard-crate-pet/p/itm06c26416ebdaa?pid=PCTHZ6GGWJXUAE7G&lid=LSTPCTHZ6GGWJXUAE7GDHW8GJ&marketplace=FLIPKART&q=dog+crate&store=search.flipkart.com&srno=s_1_18&otracker=search&fm=organic&iid=en_Ht_mxrbpsJTM5UHsNZXv5t4TQ-F3ece0rMC35emxX_EayYFWzMSjFqvy2BfCWUDZfpT_-MuegseKsBCCiZBFsKlCHg_8J4gYlXuYIlQk5dPMfFFJremy0dxADwGLzzWY&ppt=None&ppn=None&ssid=tj3vfu42e80000001783424314794&qH=de7c627fb64ada71&ov_redirect=true&ov_redirect=true,keyword_search,dog crate,18,False,12688.0,13499.0,6.0,,,In Stock,nan,,ok,scrape,https://rukminim2.flixcart.com/image/612/612/xif0q/car-cover/d/m/4/no-rat-guard-11-carlungi-original-imahk8bbzpr3pdps.jpeg?q=70,carlungi,CarLungi (A Rat Protection Steel Cover for Cars) - (HatchBack-40 Feet) Hard Crate Pet Crate,beds_accessories
2026-07-07,flipkart,PCTGDQDT5G3BSGBA,,https://www.flipkart.com/pups-pets-powder-coated-double-door-folding-metal-cage-crate-kennel-hard-crate-pet/p/itm0706495a0f255?pid=PCTGDQDT5G3BSGBA&lid=LSTPCTGDQDT5G3BSGBARFHMSQ&marketplace=FLIPKART&q=dog+crate&store=search.flipkart.com&srno=s_1_20&otracker=search&fm=organic&iid=4747a1f7-bb53-44a0-8802-41467b35937c.PCTGDQDT5G3BSGBA.SEARCH&ppt=None&ppn=None&ssid=tj3vfu42e80000001783424314794&qH=de7c627fb64ada71&ov_redirect=true&ov_redirect=true,keyword_search,dog crate,20,False,2871.0,4999.0,43.0,,,In Stock,nan,,ok,scrape,https://rukminim2.flixcart.com/image/612/612/kthjy4w0/pet-house/g/j/o/5467-rvpaws-original-imaey5pdmz4dhftr.jpeg?q=70,pupspets,"Pups&Pets Powder Coated, Double Door Folding Metal Cage/Crate/Kennel Hard Crate Pet Crate",beds_accessories
2026-07-07,flipkart,POUHK4XZTDMGQJDS,,https://www.flipkart.com/furry-life-automatic-pet-water-fountain-anthracite-grey/p/itma1a92734dd80b?pid=POUHK4XZTDMGQJDS&lid=LSTPOUHK4XZTDMGQJDSYKICPT&marketplace=FLIPKART&q=pet+water+fountain+for+dogs&store=p3t&srno=s_1_1&otracker=search&fm=organic&iid=en_MBD2zyoevwF6C_QuQd6KXoQ73oKxefXMxjng9MnTxOksgWMikR8Wtl9k7mL9_UmtxzHHWptH5x3m3bcwO7sFAgBJ_JYNeFA2Gy9ImJiy4-TgWUAJafTWycLYnZvnNo3-&ppt=None&ppn=None&ssid=g1f863abgw0000001783424317830&qH=b2476794fa449bb7&ov_redirect=true&ov_redirect=true,keyword_search,pet water fountain for dogs,1,False,1476.0,3999.0,63.0,,,In Stock,nan,,ok,scrape,https://rukminim2.flixcart.com/image/612/612/xif0q/pet-fountain/d/4/m/5-automatic-pet-water-fountain-anthracite-grey-furry-life-original-imahk4xzqzhzzhey.jpeg?q=70,furry,Furry Life Automatic Pet Water Fountain - Anthracite Grey,beds_accessories
2026-07-07,flipkart,POUHJ4ENNFRQHFWN,,https://www.flipkart.com/furry-life-pet-automatic-water-fountain-dispenser-transparent/p/itm5e1e74000b218?pid=POUHJ4ENNFRQHFWN&lid=LSTPOUHJ4ENNFRQHFWNYUDLMT&marketplace=FLIPKART&q=pet+water+fountain+for+dogs&store=p3t&srno=s_1_2&otracker=search&fm=organic&iid=en_MBD2zyoevwF6C_QuQd6KXoQ73oKxefXMxjng9MnTxOknMzwv06ExTSmT84ojDt1loKoYpcvOWfpG3v8nG2p06wBJ_JYNeFA2Gy9ImJiy4-TgWUAJafTWycLYnZvnNo3-&ppt=None&ppn=None&ssid=g1f863abgw0000001783424317830&qH=b2476794fa449bb7&ov_redirect=true&ov_redirect=true,keyword_search,pet water fountain for dogs,2,False,882.0,2000.0,56.0,2.5,,In Stock,nan,,ok,scrape,https://rukminim2.flixcart.com/image/612/612/xif0q/pet-fountain/q/m/a/5-pet-automatic-water-fountain-dispenser-transparent-furry-life-original-imahj4enhgzfdn9h.jpeg?q=70,furry,Furry Life Pet Automatic Water Fountain Dispenser (Transparent),beds_accessories
2026-07-07,flipkart,POUHDRAWGGQJHYDJ,12a40f86261d9538,https://www.flipkart.com/ghanu-2-2l-pet-water-fountain-cat-dispenser-usb-powered-filter-cats/p/itm90813baa22597?pid=POUHDRAWGGQJHYDJ&lid=LSTPOUHDRAWGGQJHYDJXWKT3Y&marketplace=FLIPKART&q=pet+water+fountain+for+dogs&store=p3t&srno=s_1_3&otracker=search&fm=organic&iid=6536bef0-c166-4646-9df7-0f1d82699e7c.POUHDRAWGGQJHYDJ.SEARCH&ppt=None&ppn=None&ssid=g1f863abgw0000001783424317830&qH=b2476794fa449bb7&ov_redirect=true&ov_redirect=true,keyword_search,pet water fountain for dogs,3,False,851.0,2999.0,72.0,4.6,,In Stock,nan,,ok,scrape,https://rukminim2.flixcart.com/image/612/612/xif0q/pet-fountain/0/f/k/5-2-2l-pet-water-fountain-cat-water-dispenser-with-usb-powered-original-imahdravrcevw7zg.jpeg?q=70,ghanu,GHANU 2.2L Pet Water Fountain-Cat Water Dispenser with USB-Powered Filter for Cats,beds_accessories
2026-07-07,flipkart,PBLGUZGPTYFH2RNV,,https://www.flipkart.com/vivra-pet-automatic-water-drinking-fountain-bottle-bowl-stand-plastic/p/itma0a243013cf5a?pid=PBLGUZGPTYFH2RNV&lid=LSTPBLGUZGPTYFH2RNVZCESKV&marketplace=FLIPKART&q=pet+water+fountain+for+dogs&store=p3t&srno=s_1_4&otracker=search&fm=organic&iid=6536bef0-c166-4646-9df7-0f1d82699e7c.PBLGUZGPTYFH2RNV.SEARCH&ppt=None&ppn=None&ssid=g1f863abgw0000001783424317830&qH=b2476794fa449bb7&ov_redirect=true&ov_redirect=true,keyword_search,pet water fountain for dogs,4,False,336.0,999.0,66.0,4.2,,In Stock,nan,,ok,scrape,https://rukminim2.flixcart.com/image/612/612/ku8pbbk0/pet-bowl-bottle/q/8/t/automatic-pet-water-dispenser-3-8l-large-capacity-self-original-imag7esta9dezc3v.jpeg?q=70,vivra,VIVRA Pet Automatic Water Drinking Fountain Bottle Bowl Stand Plastic Pet Bowl & Bottle,beds_accessories
2026-07-07,flipkart,PBLGBYNMK56ZZNEM,,https://www.flipkart.com/primil-self-dispensing-gravity-pet-waterer-water-drinking-fountain-bottle-bowl-round-plastic/p/itm610def4f76c3a?pid=PBLGBYNMK56ZZNEM&lid=LSTPBLGBYNMK56ZZNEMB8BCJW&marketplace=FLIPKART&q=pet+water+fountain+for+dogs&store=p3t&srno=s_1_5&otracker=search&fm=organic&iid=6536bef0-c166-4646-9df7-0f1d82699e7c.PBLGBYNMK56ZZNEM.SEARCH&ppt=None&ppn=None&ssid=g1f863abgw0000001783424317830&qH=b2476794fa449bb7&ov_redirect=true&ov_redirect=true,keyword_search,pet water fountain for dogs,5,False,378.0,639.0,41.0,4.4,,In Stock,nan,,ok,scrape,https://rukminim2.flixcart.com/image/612/612/ki4w0i80-0/pet-bowl-bottle/a/5/x/pwd-26-gitesh-3-original-imafxztggazygyhk.jpeg?q=70,primil,primil Self-Dispensing Gravity Pet Waterer Water Drinking Fountain Bottle Bowl ROUND Plastic Pet Bowl,beds_accessories
2026-07-07,flipkart,POUHHE46RUP9GRBD,,https://www.flipkart.com/furry-life-pet-water-fountain/p/itme7a2f9f3403d5?pid=POUHHE46RUP9GRBD&lid=LSTPOUHHE46RUP9GRBDIFPMX5&marketplace=FLIPKART&q=pet+water+fountain+for+dogs&store=p3t&srno=s_1_6&otracker=search&fm=organic&iid=en_MBD2zyoevwF6C_QuQd6KXoQ73oKxefXMxjng9MnTxOnBQUpjLTNtxWSP5VcOostkQzrmfil2WXHJXMANnUGDFMLjCmgjoLZyAG2zICApyb4aJOSrWH2jAcRUDs33CI01&ppt=None&ppn=None&ssid=g1f863abgw0000001783424317830&qH=b2476794fa449bb7&ov_redirect=true&ov_redirect=true,keyword_search,pet water fountain for dogs,6,False,1316.0,3495.0,62.0,,,In Stock,nan,,ok,scrape,https://rukminim2.flixcart.com/image/612/612/xif0q/pet-fountain/7/3/3/5-pet-water-fountain-furry-life-original-imahhe46xtcjb7zk.jpeg?q=70,furry,Furry Life Pet Water Fountain,beds_accessories
2026-07-07,flipkart,POUH8KGFHYUCQFZH,,https://www.flipkart.com/petfun-automatic-water-fountain-filter-system-ultra-quiet-pump-bpa-free-3-ltr/p/itmdc2900039b2a4?pid=POUH8KGFHYUCQFZH&lid=LSTPOUH8KGFHYUCQFZHCUTQDX&marketplace=FLIPKART&q=pet+water+fountain+for+dogs&store=p3t&srno=s_1_7&otracker=search&fm=organic&iid=6536bef0-c166-4646-9df7-0f1d82699e7c.POUH8KGFHYUCQFZH.SEARCH&ppt=None&ppn=None&ssid=g1f863abgw0000001783424317830&qH=b2476794fa449bb7&ov_redirect=true&ov_redirect=true,keyword_search,pet water fountain for dogs,7,False,1500.0,2999.0,50.0,4.3,,In Stock,nan,,ok,scrape,https://rukminim2.flixcart.com/image/612/612/xif0q/pet-fountain/g/f/2/1-automatic-water-fountain-with-filter-system-ultra-quiet-pump-original-imah9k6gsdszzsru.jpeg?q=70,petfun,"Petfun Automatic Water Fountain with Filter System,Ultra-Quiet Pump, BPA-Free 3 ltr",beds_accessories
2026-07-07,flipkart,PBLHK73REQGPGR4K,85eaa87f64276343,https://www.flipkart.com/shreemahantam-dog-cat-water-dispenser-automatic-gravity-drinking-fountain-bowl-plastic-pet-bottle/p/itm0677fe0123f0d?pid=PBLHK73REQGPGR4K&lid=LSTPBLHK73REQGPGR4K07DV89&marketplace=FLIPKART&q=pet+water+fountain+for+dogs&store=p3t&srno=s_1_8&otracker=search&fm=organic&iid=6536bef0-c166-4646-9df7-0f1d82699e7c.PBLHK73REQGPGR4K.SEARCH&ppt=None&ppn=None&ssid=g1f863abgw0000001783424317830&qH=b2476794fa449bb7&ov_redirect=true&ov_redirect=true,keyword_search,pet water fountain for dogs,8,False,350.0,830.0,58.0,,,In Stock,nan,,ok,scrape,https://rukminim2.flixcart.com/image/612/612/xif0q/pet-bowl-bottle/3/y/7/automatic-dog-cat-feeder-shreemahantam-3-5-original-imahk73rcsyjvhup.jpeg?q=70,shreemahantam,shreemahantam Dog and Cat Water Dispenser Automatic Gravity Water Drinking Fountain Bowl Plastic Pet Bowl & Bottle,beds_accessories
2026-07-07,flipkart,POUH77D4EXE6CBG6,feff616f85a99115,https://www.flipkart.com/ghanu-cat-water-fountain-dog-dispenser-pet-drinking-bowl/p/itmb67baa611e52c?pid=POUH77D4EXE6CBG6&lid=LSTPOUH77D4EXE6CBG60QDK3N&marketplace=FLIPKART&q=pet+water+fountain+for+dogs&store=p3t&srno=s_1_9&otracker=search&fm=organic&iid=6536bef0-c166-4646-9df7-0f1d82699e7c.POUH77D4EXE6CBG6.SEARCH&ppt=None&ppn=None&ssid=g1f863abgw0000001783424317830&qH=b2476794fa449bb7&ov_redirect=true&ov_redirect=true,keyword_search,pet water fountain for dogs,9,False,847.0,2999.0,72.0,4.3,,In Stock,nan,,ok,scrape,https://rukminim2.flixcart.com/image/612/612/xif0q/pet-fountain/w/3/z/1-8-cat-water-fountain-dog-water-dispenser-pet-drinking-fountain-original-imah7gcmgzunuhme.jpeg?q=70,ghanu,"GHANU Cat Water Fountain, Dog Water Dispenser, Pet Drinking Fountain, Drinking Bowl",beds_accessories
2026-07-07,flipkart,POUHJRM6NGR2BCZ4,cc0858c22c335f19,https://www.flipkart.com/buraq-automatic-2-2l-cat-water-fountain-led-ultra-quiet-4-stage-filtration-usb/p/itmced61c2977937?pid=POUHJRM6NGR2BCZ4&lid=LSTPOUHJRM6NGR2BCZ400WVXQ&marketplace=FLIPKART&q=pet+water+fountain+for+dogs&store=p3t&srno=s_1_10&otracker=search&fm=organic&iid=6536bef0-c166-4646-9df7-0f1d82699e7c.POUHJRM6NGR2BCZ4.SEARCH&ppt=None&ppn=None&ssid=g1f863abgw0000001783424317830&qH=b2476794fa449bb7&ov_redirect=true&ov_redirect=true,keyword_search,pet water fountain for dogs,10,False,838.0,1999.0,58.0,3.6,,In Stock,nan,,ok,scrape,https://rukminim2.flixcart.com/image/612/612/xif0q/pet-fountain/z/h/j/10-automatic-2-2l-cat-water-fountain-with-led-ultra-quiet-4-original-imahher53u8zezrn.jpeg?q=70,buraq,Buraq Automatic 2.2L Cat Water Fountain with LED| Ultra Quiet|4-Stage Filtration | USB,beds_accessories
2026-07-07,flipkart,POUHJSPC2YMWN33H,93d0398f474c505b,https://www.flipkart.com/furry-life-cat-water-fountain-super-silent-pet-deep-turquoise/p/itme078ac78dc3e1?pid=POUHJSPC2YMWN33H&lid=LSTPOUHJSPC2YMWN33HD9BREE&marketplace=FLIPKART&q=pet+water+fountain+for+dogs&store=p3t&srno=s_1_11&otracker=search&fm=organic&iid=en_MBD2zyoevwF6C_QuQd6KXoQ73oKxefXMxjng9MnTxOlz-KYaX_XuT1w2e04MaX4UgVugvbk8Jm78fyuNQXu6wsLjCmgjoLZyAG2zICApyb4aJOSrWH2jAcRUDs33CI01&ppt=None&ppn=None&ssid=g1f863abgw0000001783424317830&qH=b2476794fa449bb7&ov_redirect=true&ov_redirect=true,keyword_search,pet water fountain for dogs,11,False,1584.0,3999.0,60.0,,,In Stock,nan,,ok,scrape,https://rukminim2.flixcart.com/image/612/612/xif0q/pet-fountain/o/s/s/5-cat-water-fountain-super-silent-pet-water-fountain-deep-original-imahjspcw2kcsynz.jpeg?q=70,furry,Furry Life Cat Water Fountain Super Silent Pet Water Fountain - Deep Turquoise,beds_accessories
2026-07-07,flipkart,POUHK4XZKXBVW5WS,,https://www.flipkart.com/furry-life-automatic-pet-water-fountain-moonstone-white/p/itmb6faafc55e286?pid=POUHK4XZKXBVW5WS&lid=LSTPOUHK4XZKXBVW5WS0C9H88&marketplace=FLIPKART&q=pet+water+fountain+for+dogs&store=p3t&srno=s_1_12&otracker=search&fm=organic&iid=en_MBD2zyoevwF6C_QuQd6KXoQ73oKxefXMxjng9MnTxOk151ZUHU0EwUaDgWok8E2Geh9kHdxgsVt3dGgez_y_lMLjCmgjoLZyAG2zICApyb4aJOSrWH2jAcRUDs33CI01&ppt=None&ppn=None&ssid=g1f863abgw0000001783424317830&qH=b2476794fa449bb7&ov_redirect=true&ov_redirect=true,keyword_search,pet water fountain for dogs,12,False,1584.0,3999.0,60.0,,,In Stock,nan,,ok,scrape,https://rukminim2.flixcart.com/image/612/612/xif0q/pet-fountain/1/x/3/5-automatic-pet-water-fountain-moonstone-white-furry-life-original-imahk4xzy8axg6qt.jpeg?q=70,furry,Furry Life Automatic Pet Water Fountain - Moonstone White,beds_accessories
2026-07-07,flipkart,POUGZ6Z2GBKWVXHM,becd39e49a5501b6,https://www.flipkart.com/hasthip-cat-water-fountain-led-light-67oz-2-0l-ultra-quiet-drinking/p/itm2ff1789897715?pid=POUGZ6Z2GBKWVXHM&lid=LSTPOUGZ6Z2GBKWVXHMRBR3BO&marketplace=FLIPKART&q=pet+water+fountain+for+dogs&store=p3t&srno=s_1_13&otracker=search&fm=organic&iid=6536bef0-c166-4646-9df7-0f1d82699e7c.POUGZ6Z2GBKWVXHM.SEARCH&ppt=None&ppn=None&ssid=g1f863abgw0000001783424317830&qH=b2476794fa449bb7&ov_redirect=true&ov_redirect=true,keyword_search,pet water fountain for dogs,13,False,1654.0,2999.0,45.0,4.3,,In Stock,nan,,ok,scrape,https://rukminim2.flixcart.com/image/612/612/xif0q/pet-fountain/l/o/k/1-5-automatic-pet-water-fountain-with-led-light-cat-drinking-original-imahyw7btems962h.jpeg?q=70,hasthip,"HASTHIP Cat Water Fountain with LED Light, 67oz/2.0L, Ultra Quiet Cat Drinking",beds_accessories
2026-07-07,flipkart,PBLGRC4YED6GBYF8,252abd385d7a0edd,https://www.flipkart.com/qpets-2-0l-automatic-pet-water-fountain-cats-small-dog-plastic-bowl/p/itm45c4d3f2ab560?pid=PBLGRC4YED6GBYF8&lid=LSTPBLGRC4YED6GBYF8HCZI1P&marketplace=FLIPKART&q=pet+water+fountain+for+dogs&store=p3t&srno=s_1_14&otracker=search&fm=organic&iid=6536bef0-c166-4646-9df7-0f1d82699e7c.PBLGRC4YED6GBYF8.SEARCH&ppt=None&ppn=None&ssid=g1f863abgw0000001783424317830&qH=b2476794fa449bb7&ov_redirect=true&ov_redirect=true,keyword_search,pet water fountain for dogs,14,False,1252.0,2526.0,50.0,4.1,,In Stock,nan,,ok,scrape,https://rukminim2.flixcart.com/image/612/612/xif0q/pet-fountain/d/t/1/50-neverland-cat-water-fountain-with-led-light-67oz-2-0l-ultra-original-imagqhtgnrghc3zh.jpeg?q=70,qpets,Qpets 2.0L Automatic Pet Water Fountain for Cats and Small Dog Plastic Pet Bowl,beds_accessories
2026-07-07,flipkart,POUH9KYPYSQHJ7XF,bfa68d8f5fce5bb9,https://www.flipkart.com/maycreate-cat-water-fountain-led-light-large-ultra-silent-high/p/itma12449ac850e8?pid=POUH9KYPYSQHJ7XF&lid=LSTPOUH9KYPYSQHJ7XFQWIXWF&marketplace=FLIPKART&q=pet+water+fountain+for+dogs&store=p3t&srno=s_1_15&otracker=search&fm=organic&iid=6536bef0-c166-4646-9df7-0f1d82699e7c.POUH9KYPYSQHJ7XF.SEARCH&ppt=None&ppn=None&ssid=g1f863abgw0000001783424317830&qH=b2476794fa449bb7&ov_redirect=true&ov_redirect=true,keyword_search,pet water fountain for dogs,15,False,1697.0,2299.0,26.0,,,In Stock,nan,,ok,scrape,https://rukminim2.flixcart.com/image/612/612/xif0q/pet-bowl-bottle/w/i/0/2-2l-cat-water-fountain-auto-pet-water-fountain-for-cats-with-original-imahf6mk7vckwx7d.jpeg?q=70,maycreate,maycreate Cat Water Fountain LED Light Large Ultra-Silent High,beds_accessories
2026-07-07,flipkart,PWHGRKAXKNDFX5HF,,https://www.flipkart.com/amulakh-3-8-l-water-trough/p/itm8d458b494b807?pid=PWHGRKAXKNDFX5HF&lid=LSTPWHGRKAXKNDFX5HF99VEIN&marketplace=FLIPKART&q=pet+water+fountain+for+dogs&store=p3t&srno=s_1_16&otracker=search&fm=organic&iid=6536bef0-c166-4646-9df7-0f1d82699e7c.PWHGRKAXKNDFX5HF.SEARCH&ppt=None&ppn=None&ssid=g1f863abgw0000001783424317830&qH=b2476794fa449bb7&ov_redirect=true&ov_redirect=true,keyword_search,pet water fountain for dogs,16,False,439.0,999.0,56.0,4.6,,In Stock,nan,,ok,scrape,https://rukminim2.flixcart.com/image/612/612/xif0q/pet-water-trough/c/h/t/automatic-dog-water-dispenser-for-cat-pet-animal-3-5l-large-original-imagrkaxzszc3fnv.jpeg?q=70,amulakh,Amulakh 3.8 L Water Trough,beds_accessories
2026-07-07,flipkart,POUGQP9N6BBKMZUE,1d8c0e94e8d3f99d,https://www.flipkart.com/dds-store-3-ltr-cat-water-bowl-dispenser-automatic-fountain-plastic/p/itm995519d528489?pid=POUGQP9N6BBKMZUE&lid=LSTPOUGQP9N6BBKMZUE4IRBAW&marketplace=FLIPKART&q=pet+water+fountain+for+dogs&store=p3t&srno=s_1_17&otracker=search&fm=organic&iid=6536bef0-c166-4646-9df7-0f1d82699e7c.POUGQP9N6BBKMZUE.SEARCH&ppt=None&ppn=None&ssid=g1f863abgw0000001783424317830&qH=b2476794fa449bb7&ov_redirect=true&ov_redirect=true,keyword_search,pet water fountain for dogs,17,False,1678.0,3999.0,58.0,4.3,,In Stock,nan,,ok,scrape,https://rukminim2.flixcart.com/image/612/612/xif0q/pet-fountain/e/0/u/1-3-ltr-cat-water-bowl-dispenser-automatic-water-fountain-original-imagqsg5fadzehz7.jpeg?q=70,,THE DDS STORE 3.LTR.Cat Water Bowl Dispenser Automatic Water Fountain Plastic,beds_accessories
2026-07-07,flipkart,POUHFFU9HVRHBQFZ,,https://www.flipkart.com/dogtrust-2-in-1-pet-feeder-water-fountain/p/itm67972f9972b5b?pid=POUHFFU9HVRHBQFZ&lid=LSTPOUHFFU9HVRHBQFZMKMOOB&marketplace=FLIPKART&q=pet+water+fountain+for+dogs&store=p3t&srno=s_1_18&otracker=search&fm=organic&iid=6536bef0-c166-4646-9df7-0f1d82699e7c.POUHFFU9HVRHBQFZ.SEARCH&ppt=None&ppn=None&ssid=g1f863abgw0000001783424317830&qH=b2476794fa449bb7&ov_redirect=true&ov_redirect=true,keyword_search,pet water fountain for dogs,18,False,801.0,1899.0,58.0,3.4,,In Stock,nan,,ok,scrape,https://rukminim2.flixcart.com/image/612/612/xif0q/pet-fountain/q/2/i/2-2-in-1-pet-feeder-and-water-fountain-dogtrust-original-imah8ygxbzesdeyj.jpeg?q=70,dogtrust,DogTrust 2-in-1 pet feeder and water fountain,beds_accessories
2026-07-07,flipkart,PBLGT3TWBDFV9GPJ,2102726625ff68c8,https://www.flipkart.com/pet-guard-automatic-dog-water-feeder-gravity-dispenser-fountain-plastic-bowl-bottle/p/itm50dec4f9ccd66?pid=PBLGT3TWBDFV9GPJ&lid=LSTPBLGT3TWBDFV9GPJES8Y1I&marketplace=FLIPKART&q=pet+water+fountain+for+dogs&store=p3t&srno=s_1_19&otracker=search&fm=organic&iid=6536bef0-c166-4646-9df7-0f1d82699e7c.PBLGT3TWBDFV9GPJ.SEARCH&ppt=None&ppn=None&ssid=g1f863abgw0000001783424317830&qH=b2476794fa449bb7&ov_redirect=true&ov_redirect=true,keyword_search,pet water fountain for dogs,19,False,239.0,999.0,76.0,4.0,,In Stock,nan,,ok,scrape,https://rukminim2.flixcart.com/image/612/612/xif0q/pet-bowl-bottle/h/v/u/puppy-water-bottle-1-pet-guard-500-original-imagt3tw7yznysna.jpeg?q=70,,Pet Guard Automatic Dog Water Feeder Gravity Dog Water Dispenser Pet Water Fountain Plastic Pet Bowl & Bottle,beds_accessories
2026-07-07,flipkart,PHSFHGDGMAFZRQSA,8c9c3f5b734567fc,https://www.flipkart.com/himalaya-furglow-skin-coat-tonic-liquid-dogs-cats-omega-fatty-acid-supplement-pet-health-supplements/p/itmbcb8d480e86df?pid=PHSFHGDGMAFZRQSA&lid=LSTPHSFHGDGMAFZRQSARQCIOG&marketplace=FLIPKART&q=dog+supplements&store=p3t%2Fea3%2F0ua&srno=s_1_1&otracker=search&fm=organic&iid=en_nvDDGtG45v6gLDDCDop0Gh--1vH8Syb7vdxtM1FYTQwU1-r5-sRuKobwW3vFW5zvlvJot2XSikSaKdc_fr2f_OMFWhIU4Nm-L9v6hcJaH8AtlRcUZSJ9FIfXE9_WohaH&ppt=None&ppn=None&ssid=wrhwgc46z40000001783424320687&qH=173b9a8368e4e00d&ov_redirect=true&ov_redirect=true,keyword_search,dog supplements,1,False,342.0,380.0,10.0,4.3,,In Stock,nan,,ok,scrape,https://rukminim2.flixcart.com/image/612/612/xif0q/pet-health-supplement/q/s/a/200-furglow-oral-coat-conditioner-200-ml-himalaya-enriched-transparent-original-imafhgcyfz5rpydq.png?q=70,himalaya,HIMALAYA Furglow (Skin & Coat Tonic) Liquid for Dogs & Cats I Omega Fatty Acid Supplement Pet Health Supplements,health_wellness
2026-07-07,flipkart,PTTGHTGJTUBGHBBW,b7cf77dbb0382415,https://www.flipkart.com/aviean-international-1-4-kg-dog-biscuits-2-pack-700-2-gm-puppy-combo-chicken-mutton-egg-treat/p/itmff7df6f8606a8?pid=PTTGHTGJTUBGHBBW&lid=LSTPTTGHTGJTUBGHBBWTCSGHZ&marketplace=FLIPKART&q=dog+supplements&store=p3t%2Fea3%2F0ua&srno=s_1_2&otracker=search&fm=organic&iid=en_nvDDGtG45v6gLDDCDop0Gh--1vH8Syb7vdxtM1FYTQzeMs9X6r6RKUJurYtXhUeXaPQLx86FBhe8XeqY5cmZqRFQKkQ7TmGm1zXpF_7nlVZ56g3pSvK6g1YMJg39anT-&ppt=None&ppn=None&ssid=wrhwgc46z40000001783424320687&qH=173b9a8368e4e00d&ov_redirect=true&ov_redirect=true,keyword_search,dog supplements,2,False,157.0,800.0,80.0,4.0,,In Stock,nan,,ok,scrape,https://rukminim2.flixcart.com/image/612/612/xif0q/pet-treat/b/r/r/2-dog-2-091191-aviean-international-original-imahm6axgfqe2nyt.jpeg?q=70,aviean,"Aviean International 1.4 Kg Dog Biscuits 2 Pack (700*2,Gm) Puppy Combo (Chicken +Mutton ) Biscuits Egg Dog Treat",health_wellness
2026-07-07,flipkart,PHSFHG2JP72UPAC3,,https://www.flipkart.com/zoetis-pet-tabs-pet-health-supplements/p/itm160339fc2dd6d?pid=PHSFHG2JP72UPAC3&lid=LSTPHSFHG2JP72UPAC3JODWXK&marketplace=FLIPKART&q=dog+supplements&store=p3t%2Fea3%2F0ua&srno=s_1_3&otracker=search&fm=organic&iid=62e4164b-bda9-434c-b7cf-78c40b73a58c.PHSFHG2JP72UPAC3.SEARCH&ppt=None&ppn=None&ssid=wrhwgc46z40000001783424320687&qH=173b9a8368e4e00d&ov_redirect=true&ov_redirect=true,keyword_search,dog supplements,3,False,815.0,1190.0,32.0,4.5,,In Stock,nan,,ok,scrape,https://rukminim2.flixcart.com/image/612/612/k29bvrk0/pet-health-supplement/a/c/3/60-pet-tabs-zoetis-original-imafhnhmn34nhyjt.jpeg?q=70,zoetis,Zoetis Pet-Tabs Pet Health Supplements,health_wellness
2026-07-07,flipkart,PHSFG8ZXKARZSYJH,f36e5719d8fcda7e,https://www.flipkart.com/drools-salmon-oil-syrup-pet-health-supplements/p/itma7214f3f44395?pid=PHSFG8ZXKARZSYJH&lid=LSTPHSFG8ZXKARZSYJHX3MZVX&marketplace=FLIPKART&q=dog+supplements&store=p3t%2Fea3%2F0ua&spotlightTagId=default_TrendingId_p3t%2Fea3%2F0ua&srno=s_1_4&otracker=search&fm=organic&iid=62e4164b-bda9-434c-b7cf-78c40b73a58c.PHSFG8ZXKARZSYJH.SEARCH&ppt=None&ppn=None&ssid=wrhwgc46z40000001783424320687&qH=173b9a8368e4e00d&ov_redirect=true&ov_redirect=true,keyword_search,dog supplements,4,False,254.0,299.0,15.0,4.4,,In Stock,nan,,ok,scrape,https://rukminim2.flixcart.com/image/612/612/xif0q/pet-health-supplement/f/x/8/-original-imahzzfyshann7wa.jpeg?q=70,drools,Drools Salmon Oil Syrup Pet Health Supplements,health_wellness
2026-07-07,flipkart,PHSGWK7KRXHXFVPZ,,https://www.flipkart.com/provimi-pet-joint-plus-60-tablets-health-supplements/p/itm3ae7e8f5975b3?pid=PHSGWK7KRXHXFVPZ&lid=LSTPHSGWK7KRXHXFVPZUZUWMW&marketplace=FLIPKART&q=joint+supplement+for+dogs&store=p3t&srno=s_1_3&otracker=search&fm=organic&iid=249225c6-231a-4d9b-a19d-6ab5cf30ee59.PHSGWK7KRXHXFVPZ.SEARCH&ppt=None&ppn=None&ssid=srm44c08ww0000001783424329919&qH=b0e4c33d635c1c86&ov_redirect=true&ov_redirect=true,keyword_search,joint supplement for dogs,3,False,840.0,1400.0,40.0,4.0,,In Stock,nan,,ok,scrape,https://rukminim2.flixcart.com/image/612/612/xif0q/pet-health-supplement/l/j/v/60-pet-joint-plus-60-tablets-provimi-original-imahdcmnhqhgumxg.jpeg?q=70,provimi,Provimi Pet Joint Plus 60 Tablets Pet Health Supplements,health_wellness
2026-07-07,flipkart,PHSHZSYF5RYDG7HQ,,https://www.flipkart.com/absolutpet-4d-hgkn-5ike-pet-health-supplements/p/itmf20d20d291631?pid=PHSHZSYF5RYDG7HQ&lid=LSTPHSHZSYF5RYDG7HQZJ068U&marketplace=FLIPKART&q=dog+supplements&store=p3t%2Fea3%2F0ua&srno=s_1_6&otracker=search&fm=organic&iid=en_nvDDGtG45v6gLDDCDop0Gh--1vH8Syb7vdxtM1FYTQyRK6kyuS4v_oFhr02HtT-pYo6KSyYR1x9d6mKE6BrnSbBZv9u_46lP5fTTKoRI-4tZSq0znqL5ig3AxG8gMEDe&ppt=None&ppn=None&ssid=wrhwgc46z40000001783424320687&qH=173b9a8368e4e00d&ov_redirect=true&ov_redirect=true,keyword_search,dog supplements,6,False,675.0,999.0,32.0,,,In Stock,nan,,ok,scrape,https://rukminim2.flixcart.com/image/612/612/xif0q/pet-health-supplement/u/4/1/90-4d-hgkn-5ike-absolutpet-original-imahzsyfg4u3xaec.jpeg?q=70,absolutpet,AbsolutPet 4D-HGKN-5IKE Pet Health Supplements,health_wellness
2026-07-07,flipkart,PHSGWY46VPZBQPNF,,https://www.flipkart.com/provimi-livoferol-pet-200ml-pack-1-health-supplements/p/itmfb1a48ef52077?pid=PHSGWY46VPZBQPNF&lid=LSTPHSGWY46VPZBQPNFEPHKCG&marketplace=FLIPKART&q=cat+supplements&store=p3t&srno=s_1_5&otracker=search&fm=organic&iid=61aa2c0e-2a83-439a-93a1-cc41c1109675.PHSGWY46VPZBQPNF.SEARCH&ppt=None&ppn=None&ssid=ffcjbt28yo0000001783424323762&qH=58da44c7ca993adc&ov_redirect=true&ov_redirect=true,keyword_search,cat supplements,5,False,170.0,260.0,35.0,4.2,,In Stock,nan,,ok,scrape,https://rukminim2.flixcart.com/image/612/612/xif0q/pet-health-supplement/a/w/t/200-livoferol-pet-200ml-pack-of-1-provimi-original-imahb83pk8bnca8z.jpeg?q=70,provimi,Provimi Livoferol Pet 200ml Pack of 1 Pet Health Supplements,health_wellness
2026-07-07,flipkart,PHSHNADGZ2SCVHBD,95cd1d72698c56ea,https://www.flipkart.com/furever-fur-bone-calcium-tablets-dogs-cats-pets-pet-health-supplements/p/itm48ac597565f7e?pid=PHSHNADGZ2SCVHBD&lid=LSTPHSHNADGZ2SCVHBDK20QBJ&marketplace=FLIPKART&q=dog+supplements&store=p3t%2Fea3%2F0ua&srno=s_1_8&otracker=search&fm=organic&iid=62e4164b-bda9-434c-b7cf-78c40b73a58c.PHSHNADGZ2SCVHBD.SEARCH&ppt=None&ppn=None&ssid=wrhwgc46z40000001783424320687&qH=173b9a8368e4e00d&ov_redirect=true&ov_redirect=true,keyword_search,dog supplements,8,False,252.0,298.0,15.0,,,In Stock,nan,,ok,scrape,https://rukminim2.flixcart.com/image/612/612/xif0q/pet-health-supplement/j/n/j/60-fur-bone-calcium-tablets-for-dogs-cats-and-pets-furever-original-imahna8azhvmq3pt.jpeg?q=70,furever,"Furever Fur-Bone, Calcium Tablets for Dogs, Cats and Pets Pet Health Supplements",health_wellness
2026-07-07,flipkart,PHSGYHYYEGENZYHH,8a02f11f1f77a4b9,https://www.flipkart.com/virbac-nutrition-nutrich-tablets-supplement-vitamins-minerals-dog-cat-pet-health-supplements/p/itmc1387720b5ac6?pid=PHSGYHYYEGENZYHH&lid=LSTPHSGYHYYEGENZYHHUTV9Q3&marketplace=FLIPKART&q=dog+supplements&store=p3t%2Fea3%2F0ua&srno=s_1_9&otracker=search&fm=organic&iid=62e4164b-bda9-434c-b7cf-78c40b73a58c.PHSGYHYYEGENZYHH.SEARCH&ppt=None&ppn=None&ssid=wrhwgc46z40000001783424320687&qH=173b9a8368e4e00d&ov_redirect=true&ov_redirect=true,keyword_search,dog supplements,9,False,412.0,520.0,21.0,4.2,,In Stock,nan,,ok,scrape,https://rukminim2.flixcart.com/image/612/612/xif0q/pet-health-supplement/a/a/5/1-nutrition-nutrich-tablets-supplement-of-vitamins-and-minerals-original-imahed8ynjxgkcwv.jpeg?q=70,virbac,Virbac Nutrition Nutrich Tablets Supplement of vitamins And Minerals For Dog And Cat Pet Health Supplements,health_wellness
2026-07-07,flipkart,PHSFCGAKTVUBBVFH,,https://www.flipkart.com/pet-care-0005036711-fatty-acid-supplement-nutration-control-skin-diseases-nutricoat-advance-health-supplements/p/itmfcj2z3wah7xhj?pid=PHSFCGAKTVUBBVFH&lid=LSTPHSFCGAKTVUBBVFHV0YUIK&marketplace=FLIPKART&q=dog+supplements&store=p3t%2Fea3%2F0ua&srno=s_1_10&otracker=search&fm=organic&iid=62e4164b-bda9-434c-b7cf-78c40b73a58c.PHSFCGAKTVUBBVFH.SEARCH&ppt=None&ppn=None&ssid=wrhwgc46z40000001783424320687&qH=173b9a8368e4e00d&ov_redirect=true&ov_redirect=true,keyword_search,dog supplements,10,False,372.0,500.0,26.0,4.3,,In Stock,nan,,ok,scrape,https://rukminim2.flixcart.com/image/612/612/xif0q/pet-health-supplement/z/s/h/200-0005036711-fatty-acid-supplement-nutration-supplement-original-imahgrum2g395gtj.jpeg?q=70,,"Pet Care 0005036711 , fatty acid supplement , nutration supplement , control skin diseases , Nutricoat Advance Pet Health Supplements",health_wellness
2026-07-07,flipkart,PHSHZRZ6UHZHXGFJ,,https://www.flipkart.com/absolutpet-mvc-30-pet-health-supplements/p/itmbeedee7f7d518?pid=PHSHZRZ6UHZHXGFJ&lid=LSTPHSHZRZ6UHZHXGFJBL3SBS&marketplace=FLIPKART&q=dog+supplements&store=p3t%2Fea3%2F0ua&srno=s_1_11&otracker=search&fm=organic&iid=en_nvDDGtG45v6gLDDCDop0Gh--1vH8Syb7vdxtM1FYTQw3ytSwf1Yundv1PkA69jA7JZcIRgK83HI3BLG0kOO-ANC7ZxNoseB0sRf7CWhFPd9ZSq0znqL5ig3AxG8gMEDe&ppt=None&ppn=None&ssid=wrhwgc46z40000001783424320687&qH=173b9a8368e4e00d&ov_redirect=true&ov_redirect=true,keyword_search,dog supplements,11,False,539.0,600.0,10.0,,,In Stock,nan,,ok,scrape,https://rukminim2.flixcart.com/image/612/612/xif0q/pet-health-supplement/y/z/4/30-mvc-30-absolutpet-original-imahzrz6gnfyyqsy.jpeg?q=70,absolutpet,AbsolutPet MVC_30 Pet Health Supplements,health_wellness
2026-07-07,flipkart,PHSHZRZ6G5UGPQ62,,https://www.flipkart.com/absolutpet-imc-30-pet-health-supplements/p/itm408bcdaa1f55b?pid=PHSHZRZ6G5UGPQ62&lid=LSTPHSHZRZ6G5UGPQ62KYLEY6&marketplace=FLIPKART&q=dog+supplements&store=p3t%2Fea3%2F0ua&srno=s_1_12&otracker=search&fm=organic&iid=en_nvDDGtG45v6gLDDCDop0Gh--1vH8Syb7vdxtM1FYTQyvbnnwenlLR7jx1wCYzaidt_rRtTdmtu5htv77Qyj4nCI45hSj7ku2WxUkSIAws4BZSq0znqL5ig3AxG8gMEDe&ppt=None&ppn=None&ssid=wrhwgc46z40000001783424320687&qH=173b9a8368e4e00d&ov_redirect=true&ov_redirect=true,keyword_search,dog supplements,12,False,629.0,700.0,10.0,,,In Stock,nan,,ok,scrape,https://rukminim2.flixcart.com/image/612/612/xif0q/pet-health-supplement/q/h/v/60-imc-30-absolutpet-original-imahzrz6kteyfg8z.jpeg?q=70,absolutpet,AbsolutPet IMC_30 Pet Health Supplements,health_wellness
2026-07-07,flipkart,PHSFBRQZFZZMGJ2Q,,https://www.flipkart.com/himalaya-7002018-pet-health-supplements/p/itmbcb8d480e86df?pid=PHSFBRQZFZZMGJ2Q&lid=LSTPHSFBRQZFZZMGJ2QC1OWOA&marketplace=FLIPKART&q=cat+supplements&store=p3t&srno=s_1_3&otracker=search&fm=organic&iid=61aa2c0e-2a83-439a-93a1-cc41c1109675.PHSFBRQZFZZMGJ2Q.SEARCH&ppt=None&ppn=None&ssid=ffcjbt28yo0000001783424323762&qH=58da44c7ca993adc&ov_redirect=true&ov_redirect=true,keyword_search,cat supplements,3,False,338.0,380.0,11.0,4.2,,In Stock,nan,,ok,scrape,https://rukminim2.flixcart.com/image/612/612/jqfinww0/pet-health-supplement/j/2/q/7002018-himalaya-original-imafcgghg7rdexyg.jpeg?q=70,himalaya,HIMALAYA 7002018 Pet Health Supplements,health_wellness
2026-07-07,flipkart,PHSHEFXFSHFDDRPN,bb767d8f356d2bc7,https://www.flipkart.com/burpy-tales-skin-coat-supplement-dogs-sardine-oil-omega-3-6-400gm-pet-health-supplements/p/itmbdc1c7bf22e9c?pid=PHSHEFXFSHFDDRPN&lid=LSTPHSHEFXFSHFDDRPNGFRQXB&marketplace=FLIPKART&q=dog+supplements&store=p3t%2Fea3%2F0ua&srno=s_1_14&otracker=search&fm=organic&iid=62e4164b-bda9-434c-b7cf-78c40b73a58c.PHSHEFXFSHFDDRPN.SEARCH&ppt=None&ppn=None&ssid=wrhwgc46z40000001783424320687&qH=173b9a8368e4e00d&ov_redirect=true&ov_redirect=true,keyword_search,dog supplements,14,False,489.0,618.0,21.0,4.6,,In Stock,nan,,ok,scrape,https://rukminim2.flixcart.com/image/612/612/xif0q/pet-health-supplement/7/d/e/400-skin-and-coat-supplement-for-dogs-with-sardine-oil-omega-3-6-original-imahefxfgfwebtru.jpeg?q=70,burpy,"Burpy Tales Skin and Coat Supplement for Dogs with Sardine Oil, Omega 3 6, 400gm Pet Health Supplements",health_wellness
2026-07-07,flipkart,PHSFGUG9EU84YHSX,8eb7188362613ae8,https://www.flipkart.com/vetoquinol-health-up-multivitamin-supplement-liver-functionality-level-regulator-dogs-cats-200-ml-pet-supplements/p/itmfguhfhnwxrtdy?pid=PHSFGUG9EU84YHSX&lid=LSTPHSFGUG9EU84YHSXMNXR5E&marketplace=FLIPKART&q=dog+supplements&store=p3t%2Fea3%2F0ua&srno=s_1_15&otracker=search&fm=organic&iid=62e4164b-bda9-434c-b7cf-78c40b73a58c.PHSFGUG9EU84YHSX.SEARCH&ppt=None&ppn=None&ssid=wrhwgc46z40000001783424320687&qH=173b9a8368e4e00d&ov_redirect=true&ov_redirect=true,keyword_search,dog supplements,15,False,203.0,265.0,23.0,4.2,,In Stock,nan,,ok,scrape,https://rukminim2.flixcart.com/image/612/612/jw3umq80/pet-health-supplement/h/s/x/50-health-up-multivitamin-supplement-for-the-liver-functionality-original-imafgufyquyyhzdr.jpeg?q=70,vetoquinol,Vetoquinol Health Up Multivitamin supplement for the liver functionality & level regulator For Dogs & Cats 200 Ml Pet Health Supplements,health_wellness
2026-07-07,flipkart,PHSGWRZD5JJ4WKB4,f3b01c66c91c409a,https://www.flipkart.com/vetoquinol-arbce-pet-multivitamin-supplement-syrup-dogs-cats-pet-health-supplements/p/itmb6a50564c4bf1?pid=PHSGWRZD5JJ4WKB4&lid=LSTPHSGWRZD5JJ4WKB4BQYWUW&marketplace=FLIPKART&q=cat+supplements&store=p3t&srno=s_1_13&otracker=search&fm=organic&iid=61aa2c0e-2a83-439a-93a1-cc41c1109675.PHSGWRZD5JJ4WKB4.SEARCH&ppt=None&ppn=None&ssid=ffcjbt28yo0000001783424323762&qH=58da44c7ca993adc&ov_redirect=true&ov_redirect=true,keyword_search,cat supplements,13,False,161.0,210.0,23.0,4.7,,In Stock,nan,,ok,scrape,https://rukminim2.flixcart.com/image/612/612/xif0q/pet-health-supplement/d/t/m/200-arbce-pet-multivitamin-supplement-syrup-for-dogs-cats-original-imah23yyenwujj26.jpeg?q=70,vetoquinol,"Vetoquinol aRBCe Pet, Multivitamin supplement Syrup For Dogs & Cats Pet Health Supplements",health_wellness
2026-07-07,flipkart,PHSH4NEDHCQFTWYB,53ba13a1dfc72f3d,https://www.flipkart.com/petroyale-allergy-itch-chews-dogs-relief-allergies-hot-spots-dry-skin-pet-health-supplements/p/itm166a78c077518?pid=PHSH4NEDHCQFTWYB&lid=LSTPHSH4NEDHCQFTWYBIA1DKT&marketplace=FLIPKART&q=joint+supplement+for+dogs&store=p3t&srno=s_1_11&otracker=search&fm=organic&iid=en_MquQSzNXHg1tkGJg1-auVWWRmHrQdb2xWUHFDmv9kzwj-2zXaGJLEuHqE8GXzPh-2lgLMjBJZ6ulJfIiGMIsInw0SCzRIRpZZQNX8-6OqNP-thqe1r0vitQjIjFRrmbv&ppt=None&ppn=None&ssid=srm44c08ww0000001783424329919&qH=b0e4c33d635c1c86&ov_redirect=true&ov_redirect=true,keyword_search,joint supplement for dogs,11,False,382.0,550.0,31.0,4.1,,In Stock,nan,,ok,scrape,https://rukminim2.flixcart.com/image/612/612/xif0q/pet-health-supplement/s/k/j/20-allergy-itch-chews-for-dogs-relief-from-allergies-hot-spots-original-imahmrezwkqhezw5.jpeg?q=70,petroyale,"Petroyale Allergy & Itch Chews for Dogs, Relief from Allergies, Hot Spots, Dry Skin For Pet Health Supplements",health_wellness
2026-07-07,flipkart,PHSH2ARZUCU6AYYV,,https://www.flipkart.com/petheeds-prebiotic-probiotic-gut-digesition-support-controls-diarrhea-20-sachet-pet-health-supplements/p/itm48f2b6dde5516?pid=PHSH2ARZUCU6AYYV&lid=LSTPHSH2ARZUCU6AYYVD5TDWW&marketplace=FLIPKART&q=dog+supplements&store=p3t%2Fea3%2F0ua&srno=s_1_18&otracker=search&fm=organic&iid=en_nvDDGtG45v6gLDDCDop0Gh--1vH8Syb7vdxtM1FYTQyENlKjcaDgPJBxOguWYYfLYdLhLWwBd6WevWejnicX4rR_dOhFUs_tkuiAAavFdm4gy271Jb5BGA-zkZda5rmL&ppt=None&ppn=None&ssid=wrhwgc46z40000001783424320687&qH=173b9a8368e4e00d&ov_redirect=true&ov_redirect=true,keyword_search,dog supplements,18,False,322.0,549.0,41.0,4.5,,In Stock,nan,,ok,scrape,https://rukminim2.flixcart.com/image/612/612/xif0q/pet-health-supplement/t/n/6/20-prebiotic-probiotic-for-gut-digesition-support-controls-original-imahfje4rakxmrzy.jpeg?q=70,petheeds,PETHEEDS Prebiotic & Probiotic for Gut & Digesition Support & Controls Diarrhea-20 sachet Pet Health Supplements,health_wellness
2026-07-07,flipkart,PHSGYHHJCK23ZQEK,e5c6430c56a27fb7,https://www.flipkart.com/virbac-canitone-jr-growth-enhancing-supplement-young-ones-dogs-pack-3-250-ml-pet-health-supplements/p/itmfb668a408ef99?pid=PHSGYHHJCK23ZQEK&lid=LSTPHSGYHHJCK23ZQEKWW8OFY&marketplace=FLIPKART&q=dog+supplements&store=p3t%2Fea3%2F0ua&srno=s_1_19&otracker=search&fm=organic&iid=62e4164b-bda9-434c-b7cf-78c40b73a58c.PHSGYHHJCK23ZQEK.SEARCH&ppt=None&ppn=None&ssid=wrhwgc46z40000001783424320687&qH=173b9a8368e4e00d&ov_redirect=true&ov_redirect=true,keyword_search,dog supplements,19,False,612.0,750.0,18.0,4.4,,In Stock,nan,,ok,scrape,https://rukminim2.flixcart.com/image/612/612/kmds4nk0/pet-health-supplement/d/a/t/250-canitone-jr-growth-enhancing-supplement-for-young-ones-for-original-imagfaptnqy7cmum.jpeg?q=70,virbac,"Virbac CANITONE Jr. growth-enhancing supplement for young ones For Dogs (Pack of 3,250 ML) Pet Health Supplements",health_wellness
2026-07-07,flipkart,PHSH2PCSKZP7BHDR,,https://www.flipkart.com/welkine-lifecare-zincotin-syrup-200-ml-pet-health-supplements/p/itm2742ecf0a4e23?pid=PHSH2PCSKZP7BHDR&lid=LSTPHSH2PCSKZP7BHDRJWUAHU&marketplace=FLIPKART&q=cat+supplements&store=p3t&srno=s_1_9&otracker=search&fm=organic&iid=61aa2c0e-2a83-439a-93a1-cc41c1109675.PHSH2PCSKZP7BHDR.SEARCH&ppt=None&ppn=None&ssid=ffcjbt28yo0000001783424323762&qH=58da44c7ca993adc&ov_redirect=true&ov_redirect=true,keyword_search,cat supplements,9,False,254.0,400.0,36.0,4.5,,In Stock,nan,,ok,scrape,https://rukminim2.flixcart.com/image/612/612/xif0q/pet-health-supplement/p/o/s/200-zincotin-syrup-200-ml-welkine-lifecare-original-imah3qyshepyatun.jpeg?q=70,welkine,Welkine Lifecare ZincOtin  Syrup 200 ml Pet Health Supplements,health_wellness
2026-07-07,flipkart,PHSHNPB4NQNSJCTX,26034fb88df43d6a,https://www.flipkart.com/zenex-nutrical-ca-calcium-phosphorous-magnesium-vitamin-d-supplement-dog-cat-pet-health-supplements/p/itm76e2fec8a8f74?pid=PHSHNPB4NQNSJCTX&lid=LSTPHSHNPB4NQNSJCTXJO3R4V&marketplace=FLIPKART&q=cat+supplements&store=p3t&srno=s_1_7&otracker=search&fm=organic&iid=61aa2c0e-2a83-439a-93a1-cc41c1109675.PHSHNPB4NQNSJCTX.SEARCH&ppt=None&ppn=None&ssid=ffcjbt28yo0000001783424323762&qH=58da44c7ca993adc&ov_redirect=true&ov_redirect=true,keyword_search,cat supplements,7,False,147.0,165.0,11.0,,,In Stock,nan,,ok,scrape,https://rukminim2.flixcart.com/image/612/612/xif0q/pet-health-supplement/p/g/f/30-nutrical-ca-calcium-phosphorous-magnesium-vitamin-d-original-imahnpb4dyrfbcps.jpeg?q=70,zenex,"Zenex Nutrical-CA Calcium,Phosphorous,Magnesium & Vitamin D Supplement for Dog & Cat Pet Health Supplements",health_wellness
2026-07-07,flipkart,PHSFTXETGJCGN3XG,,https://www.flipkart.com/himalaya-furglow-skin-coat-tonic-liquid-dogs-cats-omega-fatty-acid-supplement-pet-health-supplements/p/itm07fac72aec163?pid=PHSFTXETGJCGN3XG&lid=LSTPHSFTXETGJCGN3XG9HCKC5&marketplace=FLIPKART&q=cat+supplements&store=p3t&srno=s_1_8&otracker=search&fm=organic&iid=61aa2c0e-2a83-439a-93a1-cc41c1109675.PHSFTXETGJCGN3XG.SEARCH&ppt=None&ppn=None&ssid=ffcjbt28yo0000001783424323762&qH=58da44c7ca993adc&ov_redirect=true&ov_redirect=true,keyword_search,cat supplements,8,False,513.0,570.0,10.0,4.4,,In Stock,nan,,ok,scrape,https://rukminim2.flixcart.com/image/612/612/kcxpbww0/pet-health-supplement/3/x/g/400-furglow-skin-and-coat-tonic-400-ml-himalaya-original-imaftyyvjzr9h4xf.jpeg?q=70,himalaya,HIMALAYA Furglow (Skin & Coat Tonic) liquid for Dogs & Cats | Omega Fatty Acid Supplement Pet Health Supplements,health_wellness
2026-07-07,flipkart,PHSGF3VHBGBGBGSM,,https://www.flipkart.com/pet-care-nutricoat-advance-concentrated-fatty-acids-supplement-400-gram-health-supplements/p/itm3e72ac9d877cf?pid=PHSGF3VHBGBGBGSM&lid=LSTPHSGF3VHBGBGBGSMMTRTCC&marketplace=FLIPKART&q=cat+supplements&store=p3t&srno=s_1_10&otracker=search&fm=organic&iid=61aa2c0e-2a83-439a-93a1-cc41c1109675.PHSGF3VHBGBGBGSM.SEARCH&ppt=None&ppn=None&ssid=ffcjbt28yo0000001783424323762&qH=58da44c7ca993adc&ov_redirect=true&ov_redirect=true,keyword_search,cat supplements,10,False,450.0,700.0,36.0,4.4,,In Stock,nan,,ok,scrape,https://rukminim2.flixcart.com/image/612/612/xif0q/pet-health-supplement/u/2/y/400-nutricoat-advance-concentrated-fatty-acids-supplement-400-original-imahkrd4vwrstbt3.jpeg?q=70,,Pet Care Nutricoat Advance Concentrated Fatty Acids Supplement 400 Gram Pet Health Supplements,health_wellness
2026-07-07,flipkart,PHSHEHGX5ZWVZKNF,c0da42566a002cb4,https://www.flipkart.com/skyec-herbatake-pet-100-ml-liver-tonic-dog-cat-health-supplements/p/itm837137dbe726c?pid=PHSHEHGX5ZWVZKNF&lid=LSTPHSHEHGX5ZWVZKNFOJCQH2&marketplace=FLIPKART&q=cat+supplements&store=p3t&srno=s_1_14&otracker=search&fm=organic&iid=61aa2c0e-2a83-439a-93a1-cc41c1109675.PHSHEHGX5ZWVZKNF.SEARCH&ppt=None&ppn=None&ssid=ffcjbt28yo0000001783424323762&qH=58da44c7ca993adc&ov_redirect=true&ov_redirect=true,keyword_search,cat supplements,14,False,114.0,150.0,24.0,4.6,,In Stock,nan,,ok,scrape,https://rukminim2.flixcart.com/image/612/612/xif0q/pet-health-supplement/y/u/m/100-herbatake-pet-100-ml-liver-tonic-for-dog-cat-skyec-original-imahehgxf56cwfqt.jpeg?q=70,skyec,skyec Herbatake pet 100 ml liver tonic for dog & cat Pet Health Supplements,health_wellness
2026-07-07,flipkart,PHSHNKGRGZFPDKSF,179455a38e3376ed,https://www.flipkart.com/doctapet-nutriply-daily-wellness-dogs-cats-multivitamins-energy-boost-pet-health-supplements/p/itmb9ca3bb15c135?pid=PHSHNKGRGZFPDKSF&lid=LSTPHSHNKGRGZFPDKSFQVUU6V&marketplace=FLIPKART&q=cat+supplements&store=p3t&srno=s_1_16&otracker=search&fm=organic&iid=61aa2c0e-2a83-439a-93a1-cc41c1109675.PHSHNKGRGZFPDKSF.SEARCH&ppt=None&ppn=None&ssid=ffcjbt28yo0000001783424323762&qH=58da44c7ca993adc&ov_redirect=true&ov_redirect=true,keyword_search,cat supplements,16,False,305.0,760.0,60.0,,,In Stock,nan,,ok,scrape,https://rukminim2.flixcart.com/image/612/612/xif0q/pet-health-supplement/u/n/i/20-nutriply-doctapet-original-imahnkgrzuynhxrh.jpeg?q=70,doctapet,"Doctapet Nutriply Daily Wellness for Dogs & Cats, Multivitamins And Energy Boost Pet Health Supplements",health_wellness
2026-07-07,flipkart,PHSGYUKEC6HNG9DJ,78b0156ac7ada6cf,https://www.flipkart.com/vetoquinol-samolac-pro-dog-cat-cereal-weaning-puppies-cats-pet-health-supplements/p/itm123ad8d7a703e?pid=PHSGYUKEC6HNG9DJ&lid=LSTPHSGYUKEC6HNG9DJ6BQUXF&marketplace=FLIPKART&q=cat+supplements&store=p3t&srno=s_1_19&otracker=search&fm=organic&iid=61aa2c0e-2a83-439a-93a1-cc41c1109675.PHSGYUKEC6HNG9DJ.SEARCH&ppt=None&ppn=None&ssid=ffcjbt28yo0000001783424323762&qH=58da44c7ca993adc&ov_redirect=true&ov_redirect=true,keyword_search,cat supplements,19,False,395.0,550.0,28.0,4.4,,In Stock,nan,,ok,scrape,https://rukminim2.flixcart.com/image/612/612/xif0q/pet-health-supplement/m/6/u/400-samolac-pro-dog-and-cat-cereal-for-weaning-puppies-and-cats-original-imahmv6cjzygndwx.jpeg?q=70,vetoquinol,Vetoquinol Samolac Pro Dog and Cat Cereal for weaning puppies and cats Pet Health Supplements,health_wellness
2026-07-07,flipkart,PHSHKVQAPYQJN2KD,,https://www.flipkart.com/super-pure-lio-o-tonic-pets-immunity-energy-booster-multivitamin-mineral-supplement-pet-health-supplements/p/itm8dcfc57a2c722?pid=PHSHKVQAPYQJN2KD&lid=LSTPHSHKVQAPYQJN2KDJLKIGP&marketplace=FLIPKART&q=cat+supplements&store=p3t&srno=s_1_20&otracker=search&fm=organic&iid=61aa2c0e-2a83-439a-93a1-cc41c1109675.PHSHKVQAPYQJN2KD.SEARCH&ppt=None&ppn=None&ssid=ffcjbt28yo0000001783424323762&qH=58da44c7ca993adc&ov_redirect=true&ov_redirect=true,keyword_search,cat supplements,20,False,612.0,1399.0,56.0,4.8,,In Stock,nan,,ok,scrape,https://rukminim2.flixcart.com/image/612/612/xif0q/pet-health-supplement/b/8/j/5-0-lio-o-tonic-for-pets-immunity-energy-booster-multivitamin-original-imahkvqay6zkpbwa.jpeg?q=70,super,Super Pure LIO-O-Tonic for Pets|Immunity & Energy Booster|Multivitamin & Mineral Supplement Pet Health Supplements,health_wellness
2026-07-07,flipkart,PMDGN9PFFBQBHHM4,,https://www.flipkart.com/fur-ball-story-fleas-tick-removal-spray/p/itm9c0577c31e125?pid=PMDGN9PFFBQBHHM4&lid=LSTPMDGN9PFFBQBHHM4GZWKHD&marketplace=FLIPKART&q=flea+tick+medicine+for+dogs&store=p3t%2Fixl%2Fosh&srno=s_1_1&otracker=search&fm=organic&iid=en_Xo65uYsQb9WLOHE8TbQtC7DPdPwNb65Zq1L3VpL2zHbvF846WX8bl6xJgu9h4oDJs5p8c5VBAoviGjA7rm3Tkv_LM0H3Op2b7O7NpX478lXbJQQJF4vG2Rf3w9SekKCj&ppt=None&ppn=None&ssid=7ynyuyy6cw0000001783424326799&qH=2ddc765890887549&ov_redirect=true&ov_redirect=true,keyword_search,flea tick medicine for dogs,1,False,227.0,299.0,24.0,4.3,,In Stock,nan,,ok,scrape,https://rukminim2.flixcart.com/image/612/612/xif0q/pet-medication/a/c/v/tick-free-spray-vet-recom-ayurvedic-flea-repellent-dog-cat-original-imahmhgwzqub6ukf.jpeg?q=70,fur,Fur Ball Story Fleas & Tick Removal Spray,health_wellness
2026-07-07,flipkart,PSOGF78RHPCJTHYE,117c1bb38f92c657,https://www.flipkart.com/altressa-flea-tick-spray-green-apple-shield-treatment-dogs-puppies-cats-proprietary-ayurvedic-medicine-anti-dandruff-dog-shampoo/p/itmf81012c234aae?pid=PSOGF78RHPCJTHYE&lid=LSTPSOGF78RHPCJTHYE8YOBUY&marketplace=FLIPKART&q=flea+tick+medicine+for+dogs&store=p3t%2Fixl%2Fosh&srno=s_1_3&otracker=search&fm=organic&iid=f1b3cde1-284f-43d5-95b4-4636db5c0b05.PSOGF78RHPCJTHYE.SEARCH&ppt=None&ppn=None&ssid=7ynyuyy6cw0000001783424326799&qH=2ddc765890887549&ov_redirect=true&ov_redirect=true,keyword_search,flea tick medicine for dogs,3,False,143.0,225.0,36.0,3.6,,In Stock,nan,,ok,scrape,https://rukminim2.flixcart.com/image/612/612/km9ht3k0/pet-shampoo/m/z/x/250-green-apple-dry-bath-for-dogs-cats-gentle-cleansing-pack-original-imagf78rhdmxj4zt.jpeg?q=70,altressa,"ALTRESSA flea and tick Spray Green apple Shield Treatment Spray for Dogs, Puppies, Cats with a Proprietary Ayurvedic Medicine Anti-dandruff Green apple Dog Shampoo",health_wellness
2026-07-07,flipkart,PSOGZWHCATGFVK9Q,11d65efe78c13ea5,https://www.flipkart.com/romsay-anti-tick-flea-blueberry-shampoo-200ml-tick-soap-75gm-tick-allergy-relief-anti-dandruff-anti-itching-anti-microbial-hypoallergenic-neem-dog/p/itm53c34c31b1e04?pid=PSOGZWHCATGFVK9Q&lid=LSTPSOGZWHCATGFVK9Q9RLQLF&marketplace=FLIPKART&q=flea+tick+medicine+for+dogs&store=p3t%2Fixl%2Fosh&srno=s_1_4&otracker=search&fm=organic&iid=f1b3cde1-284f-43d5-95b4-4636db5c0b05.PSOGZWHCATGFVK9Q.SEARCH&ppt=None&ppn=None&ssid=7ynyuyy6cw0000001783424326799&qH=2ddc765890887549&ov_redirect=true&ov_redirect=true,keyword_search,flea tick medicine for dogs,4,False,143.0,498.0,71.0,4.2,,In Stock,nan,,ok,scrape,https://rukminim2.flixcart.com/image/612/612/xif0q/pet-shampoo/m/y/5/275-h-402452-romsay-original-imagzwhchzsn5hec.jpeg?q=70,romsay,"ROMSAY Anti-Tick & Flea Blueberry Shampoo 200ML + Tick & Flea Soap 75GM Flea and Tick, Allergy Relief, Anti-dandruff, Anti-itching, Anti-microbial, Hypoallergenic Neem, Blueberry Dog Shampoo",health_wellness
2026-07-07,flipkart,PMDHG3GWJKHDNXXZ,,https://www.flipkart.com/fur-ball-story-fleas-tick-removal-spray/p/itm84f6f55dcc5d4?pid=PMDHG3GWJKHDNXXZ&lid=LSTPMDHG3GWJKHDNXXZIGBQUH&marketplace=FLIPKART&q=flea+tick+medicine+for+dogs&store=p3t%2Fixl%2Fosh&srno=s_1_5&otracker=search&fm=organic&iid=f1b3cde1-284f-43d5-95b4-4636db5c0b05.PMDHG3GWJKHDNXXZ.SEARCH&ppt=None&ppn=None&ssid=7ynyuyy6cw0000001783424326799&qH=2ddc765890887549&ov_redirect=true&ov_redirect=true,keyword_search,flea tick medicine for dogs,5,False,328.0,599.0,45.0,4.8,,In Stock,nan,,ok,scrape,https://rukminim2.flixcart.com/image/612/612/xif0q/pet-medication/y/d/x/-original-imahgmhfzx955hxy.jpeg?q=70,fur,Fur Ball Story Fleas & Tick Removal Spray,health_wellness
2026-07-07,flipkart,PSOGWFGPHSZY75BF,baba21d39fdeb7cb,https://www.flipkart.com/romsay-anti-dandruff-shampoo-200ml-tick-flea-soap-75gm-lavender-allergy-relief-anti-dandruff-anti-itching-conditioning-eucalyptus-mint-lavender-lemon-dog/p/itmb5616c7f92d4b?pid=PSOGWFGPHSZY75BF&lid=LSTPSOGWFGPHSZY75BFCVRYG2&marketplace=FLIPKART&q=flea+tick+medicine+for+dogs&store=p3t%2Fixl%2Fosh&srno=s_1_6&otracker=search&fm=organic&iid=en_Xo65uYsQb9WLOHE8TbQtC7DPdPwNb65Zq1L3VpL2zHYCrJdoIWusrXuLich5pqz_lW5mTADIYR7wMqrMTcE0xO6wsdrVMa0pvX74k4qZaI7u50SkHEJKkXGARYdTTxyD&ppt=None&ppn=None&ssid=7ynyuyy6cw0000001783424326799&qH=2ddc765890887549&ov_redirect=true&ov_redirect=true,keyword_search,flea tick medicine for dogs,6,False,157.0,599.0,74.0,4.4,,In Stock,nan,,ok,scrape,https://rukminim2.flixcart.com/image/612/612/xif0q/pet-shampoo/y/b/e/350-hh-1190-romsay-original-imagwfgpt44afcyb.jpeg?q=70,romsay,"ROMSAY Anti-Dandruff Shampoo 200ML + Tick & Flea Soap 75GM + Lavender Soap 75GM Allergy Relief, Anti-dandruff, Anti-itching, Conditioning, Flea and Tick Eucalyptus Mint, Lavender, Lemon Dog Shampoo",health_wellness
2026-07-07,flipkart,PSOHFXDEBVZ2KGMY,3b9a33138c9bce8e,https://www.flipkart.com/medfly-fortix-fleas-ticks-spray-cats-dogs-home-defense-flea-tick-natural-dog-shampoo/p/itm332a9455642f6?pid=PSOHFXDEBVZ2KGMY&lid=LSTPSOHFXDEBVZ2KGMYVFOW9V&marketplace=FLIPKART&q=flea+tick+medicine+for+dogs&store=p3t%2Fixl%2Fosh&srno=s_1_7&otracker=search&fm=organic&iid=f1b3cde1-284f-43d5-95b4-4636db5c0b05.PSOHFXDEBVZ2KGMY.SEARCH&ppt=None&ppn=None&ssid=7ynyuyy6cw0000001783424326799&qH=2ddc765890887549&ov_redirect=true&ov_redirect=true,keyword_search,flea tick medicine for dogs,7,False,299.0,599.0,50.0,4.3,,In Stock,nan,,ok,scrape,https://rukminim2.flixcart.com/image/612/612/xif0q/pet-shampoo/b/k/5/200-fortix-fleas-and-ticks-spray-for-cats-dogs-and-home-defense-original-imahb3pyhpck5hhc.jpeg?q=70,medfly,"Medfly Fortix Fleas and Ticks Spray for Cats, Dogs and Home Defense Flea and Tick Natural Dog Shampoo",health_wellness
2026-07-07,flipkart,PSOGYQ4XWSXTKZWJ,258efdad772be658,https://www.flipkart.com/dr-vet-simba-anti-tick-flea-dog-shampoo-conditioner-2-soap-anti-dandruff-tick-anti-itching-white-rose/p/itme59331162c0ad?pid=PSOGYQ4XWSXTKZWJ&lid=LSTPSOGYQ4XWSXTKZWJLHQ0MC&marketplace=FLIPKART&q=flea+tick+medicine+for+dogs&store=p3t%2Fixl%2Fosh&srno=s_1_8&otracker=search&fm=organic&iid=f1b3cde1-284f-43d5-95b4-4636db5c0b05.PSOGYQ4XWSXTKZWJ.SEARCH&ppt=None&ppn=None&ssid=7ynyuyy6cw0000001783424326799&qH=2ddc765890887549&ov_redirect=true&ov_redirect=true,keyword_search,flea tick medicine for dogs,8,False,229.0,490.0,53.0,4.1,,In Stock,nan,,ok,scrape,https://rukminim2.flixcart.com/image/612/612/xif0q/pet-shampoo/1/l/2/350-anti-tick-flea-dog-shampoo-200ml-soap-2x75gm-dr-vet-simba-original-imagyrfc3dfkrykn.jpeg?q=70,dr,"Dr. vet simba Anti-Tick & Flea Dog Shampoo & Conditioner + 2 dog soap. Anti-dandruff, Flea and Tick, Anti-itching White Rose Dog Shampoo",health_wellness
2026-07-07,flipkart,PSOGYRB5HZMDN3MP,258efdad772be658,https://www.flipkart.com/dr-vet-simba-anti-tick-flea-dog-shampoo-conditioner-2-soap-anti-dandruff-tick-anti-itching-white-rose/p/itm2e3d55035b11a?pid=PSOGYRB5HZMDN3MP&lid=LSTPSOGYRB5HZMDN3MP6Z0ZNN&marketplace=FLIPKART&q=flea+tick+medicine+for+dogs&store=p3t%2Fixl%2Fosh&srno=s_1_10&otracker=search&fm=organic&iid=f1b3cde1-284f-43d5-95b4-4636db5c0b05.PSOGYRB5HZMDN3MP.SEARCH&ppt=None&ppn=None&ssid=7ynyuyy6cw0000001783424326799&qH=2ddc765890887549&ov_redirect=true&ov_redirect=true,keyword_search,flea tick medicine for dogs,10,False,227.0,490.0,54.0,4.0,,In Stock,nan,,ok,scrape,https://rukminim2.flixcart.com/image/612/612/xif0q/pet-shampoo/f/c/x/350-herbal-shampoo-it-s-an-anti-tick-flea-dog-shampoo-dr-vet-original-imagyq4xhfbf3gfj.jpeg?q=70,dr,"Dr. vet simba Anti-Tick & Flea Dog Shampoo & Conditioner + 2 dog soap. Anti-dandruff, Flea and Tick, Anti-itching White Rose Dog Shampoo",health_wellness
2026-07-07,flipkart,PSOGQY7PWYTMJBYH,8801d74dcbb70df9,https://www.flipkart.com/pet-life-anti-ticks-lice-neem-dog-shampoo-60ml-antiseptic-freshener-spray-60ml-flea-tick-conditioning-anti-itching-anti-fungal-fresh-fragrance-safe-deodorizer-freshener-all-breed/p/itme54060825d7ea?pid=PSOGQY7PWYTMJBYH&lid=LSTPSOGQY7PWYTMJBYHA6PNZP&marketplace=FLIPKART&q=flea+tick+medicine+for+dogs&store=p3t%2Fixl%2Fosh&srno=s_1_11&otracker=search&fm=organic&iid=en_Xo65uYsQb9WLOHE8TbQtC7DPdPwNb65Zq1L3VpL2zHYP1F46j62zZsS5WTDRHbOpzzsH11h9kq0NSW-H4p7KGeHg8bvYd5H600iM7RztThaTS2lqmOK0CFi2hFN5KZFU&ppt=None&ppn=None&ssid=7ynyuyy6cw0000001783424326799&qH=2ddc765890887549&ov_redirect=true&ov_redirect=true,keyword_search,flea tick medicine for dogs,11,False,167.0,325.0,49.0,4.0,,In Stock,nan,,ok,scrape,https://rukminim2.flixcart.com/image/612/612/xif0q/pet-shampoo/n/y/p/120-anti-ticks-lice-neem-dog-shampoo-60ml-dog-antiseptic-original-imagqy7pzv4xutkk.jpeg?q=70,,"Pet Life Anti Ticks & Lice Neem Dog Shampoo 60ml+ Dog Antiseptic Freshener Spray 60ml Flea and Tick, Conditioning, Anti-itching, Anti-fungal Fresh Fragrance, Safe Deodorizer Freshener, All Dog Breed Dog Shampoo",health_wellness
2026-07-07,flipkart,PSOGEYH5TXZVXSBH,bd73f5a25ea8dbfa,https://www.flipkart.com/romsay-anti-tick-flea-neem-shampoo-dogs-cats-200ml-allergy-relief-anti-dandruff-anti-fungal-anti-itching-tick-fresh-notes-dog/p/itma1b83807ce1a0?pid=PSOGEYH5TXZVXSBH&lid=LSTPSOGEYH5TXZVXSBHEH0OJI&marketplace=FLIPKART&q=flea+tick+medicine+for+dogs&store=p3t%2Fixl%2Fosh&srno=s_1_12&otracker=search&fm=organic&iid=en_Xo65uYsQb9WLOHE8TbQtC7DPdPwNb65Zq1L3VpL2zHZU9-f1kCymeNlSVQOhchBDMcp1cm1HbUiYAzByhBQ5bGois1Uo74DXILtDArNGSnLu50SkHEJKkXGARYdTTxyD&ppt=None&ppn=None&ssid=7ynyuyy6cw0000001783424326799&qH=2ddc765890887549&ov_redirect=true&ov_redirect=true,keyword_search,flea tick medicine for dogs,12,False,86.0,349.0,75.0,4.1,,In Stock,nan,,ok,scrape,https://rukminim2.flixcart.com/image/612/612/l2qhjm80/pet-shampoo/x/c/8/200-anti-tick-flea-neem-shampoo-romsay-original-imageyh5etsez8x3.jpeg?q=70,romsay,"ROMSAY Anti-Tick & Flea Neem Shampoo For Dogs & Cats 200ML Allergy Relief, Anti-dandruff, Anti-fungal, Anti-itching, Flea and Tick Fresh Notes, Neem Dog Shampoo",health_wellness
2026-07-07,flipkart,PSOGTWXJYMFNSBUW,b29686356e562117,https://www.flipkart.com/pet-life-organic-dog-shampoo-anti-tick-flea-pug-puppy-healthy-shiny-coat-allergy-relief-tick-anti-itching-conditioning-fresh-fragrance-control-lice-mites-dog-all-breed/p/itm96578edd1ce3d?pid=PSOGTWXJYMFNSBUW&lid=LSTPSOGTWXJYMFNSBUWXJRDRX&marketplace=FLIPKART&q=flea+tick+medicine+for+dogs&store=p3t%2Fixl%2Fosh&srno=s_1_13&otracker=search&fm=organic&iid=f1b3cde1-284f-43d5-95b4-4636db5c0b05.PSOGTWXJYMFNSBUW.SEARCH&ppt=None&ppn=None&ssid=7ynyuyy6cw0000001783424326799&qH=2ddc765890887549&ov_redirect=true&ov_redirect=true,keyword_search,flea tick medicine for dogs,13,False,265.0,325.0,18.0,4.3,,In Stock,nan,,ok,scrape,https://rukminim2.flixcart.com/image/612/612/xif0q/pet-shampoo/r/d/s/200-neem-anti-tick-flea-dog-shampoo-for-pug-dog-puppy-healthy-original-imagtwxjg2b2fpja.jpeg?q=70,,"Pet Life Organic Dog Shampoo Anti Tick & Flea For Pug Dog & Puppy | Healthy Shiny Coat Allergy Relief, Flea and Tick, Anti-itching, Conditioning Fresh Fragrance, Control Lice, Mites, Tick & Flea Shampoo For Dog, For All Dog Breed Dog Shampoo",health_wellness
2026-07-07,flipkart,PSOGZGTDXGQ76J5H,7f1a8917326c7892,https://www.flipkart.com/dr-vet-simba-allergy-relief-anti-dandruff-anti-itching-flea-tick-conditioning-floral-dog-shampoo/p/itme293c3293a015?pid=PSOGZGTDXGQ76J5H&lid=LSTPSOGZGTDXGQ76J5HQ7LVHO&marketplace=FLIPKART&q=flea+tick+medicine+for+dogs&store=p3t%2Fixl%2Fosh&srno=s_1_14&otracker=search&fm=organic&iid=f1b3cde1-284f-43d5-95b4-4636db5c0b05.PSOGZGTDXGQ76J5H.SEARCH&ppt=None&ppn=None&ssid=7ynyuyy6cw0000001783424326799&qH=2ddc765890887549&ov_redirect=true&ov_redirect=true,keyword_search,flea tick medicine for dogs,14,False,222.0,650.0,66.0,4.4,,In Stock,nan,,ok,scrape,https://rukminim2.flixcart.com/image/612/612/xif0q/pet-shampoo/j/c/p/295-general-cleansing-tick-and-flea-herbal-shampoo-soap-pet-coat-original-imah34mhcfym45zd.jpeg?q=70,dr,"Dr. vet simba Allergy Relief, Anti-dandruff, Anti-itching, Flea and Tick, Conditioning Floral Dog Shampoo",health_wellness
2026-07-07,flipkart,PSOG4FRDF6HEXETH,84307550eee835c3,https://www.flipkart.com/venture-anti-tick-flea-neem-dog-shampoo-200-ml-spray-all-breeds-like-dogs-cats-puppies-kills-repels-fleas-ticks-lice-enriched-aloevera-anti-fungal-tick-anti-microbial-allergy-relief-whitening-color-enhancing-anti-itching/p/itm0e7bd1e31742a?pid=PSOG4FRDF6HEXETH&lid=LSTPSOG4FRDF6HEXETH0NY6TE&marketplace=FLIPKART&q=flea+tick+medicine+for+dogs&store=p3t%2Fixl%2Fosh&srno=s_1_15&otracker=search&fm=organic&iid=f1b3cde1-284f-43d5-95b4-4636db5c0b05.PSOG4FRDF6HEXETH.SEARCH&ppt=None&ppn=None&ssid=7ynyuyy6cw0000001783424326799&qH=2ddc765890887549&ov_redirect=true&ov_redirect=true,keyword_search,flea tick medicine for dogs,15,False,240.0,798.0,70.0,3.9,,In Stock,nan,,ok,scrape,https://rukminim2.flixcart.com/image/612/612/xif0q/pet-shampoo/k/c/l/400-anti-tick-and-flea-neem-dog-shampoo-200-ml-anti-tick-and-original-imah4egcyrhjrh9p.jpeg?q=70,dr,"Dr Venture Anti-tick and Flea Neem Dog Shampoo 200 ml + Anti-Tick and Flea Spray for All Breeds Like Dogs, Cats and Puppies Kills & Repels Fleas, Ticks and Lice Enriched with Neem and Aloevera 200 ml Anti-fungal, Flea and Tick, Anti-microbial, Allergy Relief, Whitening and Color Enhancing, Anti-itching neem Dog Shampoo",health_wellness
2026-07-07,flipkart,PSOHMZFRR9CYVEZZ,6d204eee52e90b79,https://www.flipkart.com/pet-anti-tick-flea-dog-liquid-shampoo-100ml-medicated-care-deep-cleaning-shine-herbal-natural/p/itmbcea9dd43b336?pid=PSOHMZFRR9CYVEZZ&lid=LSTPSOHMZFRR9CYVEZZMHD70M&marketplace=FLIPKART&q=flea+tick+medicine+for+dogs&store=p3t%2Fixl%2Fosh&srno=s_1_16&otracker=search&fm=organic&iid=f1b3cde1-284f-43d5-95b4-4636db5c0b05.PSOHMZFRR9CYVEZZ.SEARCH&ppt=None&ppn=None&ssid=7ynyuyy6cw0000001783424326799&qH=2ddc765890887549&ov_redirect=true&ov_redirect=true,keyword_search,flea tick medicine for dogs,16,False,182.0,999.0,82.0,5.0,,In Stock,nan,,ok,scrape,https://rukminim2.flixcart.com/image/612/612/xif0q/pet-shampoo/l/r/4/100-dog-liquid-smpo-100ml-pump-dr-pet-original-imahmzfreahzmqnt.jpeg?q=70,dr,Dr Pet Anti Tick Flea Dog Liquid Shampoo 100ml Medicated Pet Care Deep Cleaning Shine Flea and Tick Herbal Natural Dog Shampoo,health_wellness
2026-07-07,flipkart,PSOGMVHFZDNGBQCA,,https://www.flipkart.com/romsay-anti-tick-flea-shampoo-pet-bathing-massaging-body-scrub-shower-brush-allergy-relief-anti-fungal-anti-dandruff-anti-microbial-tick-hypoallergenic-neem-dog/p/itma98c4ffc99579?pid=PSOGMVHFZDNGBQCA&lid=LSTPSOGMVHFZDNGBQCAODRLMY&marketplace=FLIPKART&q=flea+tick+medicine+for+dogs&store=p3t%2Fixl%2Fosh&srno=s_1_17&otracker=search&fm=organic&iid=en_Xo65uYsQb9WLOHE8TbQtC7DPdPwNb65Zq1L3VpL2zHYPMPFZEhjsNocS5hPGaeb4q4UMrsSmqdfNm4m2Q-mUvGois1Uo74DXILtDArNGSnLu50SkHEJKkXGARYdTTxyD&ppt=None&ppn=None&ssid=7ynyuyy6cw0000001783424326799&qH=2ddc765890887549&ov_redirect=true&ov_redirect=true,keyword_search,flea tick medicine for dogs,17,False,156.0,349.0,55.0,4.1,,In Stock,nan,,ok,scrape,https://rukminim2.flixcart.com/image/612/612/xif0q/pet-shampoo/y/r/t/200-hh11008-romsay-original-imagmvhffdevxhrw.jpeg?q=70,romsay,"ROMSAY Anti-Tick and Flea Shampoo + Pet Bathing, Massaging, Body Scrub, Shower Brush Allergy Relief, Anti-fungal, Anti-dandruff, Anti-microbial, Flea and Tick, Hypoallergenic Neem Dog Shampoo",health_wellness
2026-07-07,flipkart,PSOGZWGGMH7GFH58,94d42a2b39a5558f,https://www.flipkart.com/romsay-deep-nourishing-aloevera-200ml-tick-flea-neem-shampoo-pet-brush-allergy-relief-anti-dandruff-anti-fungal-anti-itching-tick-hypoallergenic-neem-alovera-dog/p/itm4f8292fd01b50?pid=PSOGZWGGMH7GFH58&lid=LSTPSOGZWGGMH7GFH58OL8NBP&marketplace=FLIPKART&q=flea+tick+medicine+for+dogs&store=p3t%2Fixl%2Fosh&srno=s_1_18&otracker=search&fm=organic&iid=f1b3cde1-284f-43d5-95b4-4636db5c0b05.PSOGZWGGMH7GFH58.SEARCH&ppt=None&ppn=None&ssid=7ynyuyy6cw0000001783424326799&qH=2ddc765890887549&ov_redirect=true&ov_redirect=true,keyword_search,flea tick medicine for dogs,18,False,162.0,599.0,73.0,4.2,,In Stock,nan,,ok,scrape,https://rukminim2.flixcart.com/image/612/612/xif0q/pet-shampoo/9/c/o/400-hh11458-romsay-original-imahyuy9g2ghsrqk.jpeg?q=70,romsay,"ROMSAY Deep Nourishing Aloevera 200ML + Tick & Flea Neem Shampoo 200ML + Pet Brush Allergy Relief, Anti-dandruff, Anti-fungal, Anti-itching, Flea and Tick, Hypoallergenic Neem, Alovera Dog Shampoo",health_wellness
2026-07-07,flipkart,PSOHGFSNMB2U9FPA,0cb594eafdd98c3d,https://www.flipkart.com/medfly-fortix-ticks-fleas-spray-cats-dogs-home-defense-flea-tick-natural-dog-shampoo/p/itme478083d49416?pid=PSOHGFSNMB2U9FPA&lid=LSTPSOHGFSNMB2U9FPAKYNBIM&marketplace=FLIPKART&q=flea+tick+medicine+for+dogs&store=p3t%2Fixl%2Fosh&srno=s_1_19&otracker=search&fm=organic&iid=f1b3cde1-284f-43d5-95b4-4636db5c0b05.PSOHGFSNMB2U9FPA.SEARCH&ppt=None&ppn=None&ssid=7ynyuyy6cw0000001783424326799&qH=2ddc765890887549&ov_redirect=true&ov_redirect=true,keyword_search,flea tick medicine for dogs,19,False,301.0,599.0,50.0,3.7,,In Stock,nan,,ok,scrape,https://rukminim2.flixcart.com/image/612/612/xif0q/pet-shampoo/u/k/s/200-fortix-ticks-and-fleas-spray-for-cats-dogs-and-home-defense-original-imahfxdhkn6uxee5.jpeg?q=70,medfly,"Medfly Fortix Ticks and Fleas Spray for Cats, Dogs and Home Defense Flea and Tick Natural Dog Shampoo",health_wellness
2026-07-07,flipkart,PSOHMZFUGMGUGY8S,1e608df9c19eb6f6,https://www.flipkart.com/pet-medicated-anti-tick-flea-dog-shampoo-100ml-liquid-care-deep-clean-skin-herbal-natural/p/itm6c28b8a4fc82a?pid=PSOHMZFUGMGUGY8S&lid=LSTPSOHMZFUGMGUGY8SGIB4YQ&marketplace=FLIPKART&q=flea+tick+medicine+for+dogs&store=p3t%2Fixl%2Fosh&srno=s_1_20&otracker=search&fm=organic&iid=f1b3cde1-284f-43d5-95b4-4636db5c0b05.PSOHMZFUGMGUGY8S.SEARCH&ppt=None&ppn=None&ssid=7ynyuyy6cw0000001783424326799&qH=2ddc765890887549&ov_redirect=true&ov_redirect=true,keyword_search,flea tick medicine for dogs,20,False,182.0,999.0,82.0,5.0,,In Stock,nan,,ok,scrape,https://rukminim2.flixcart.com/image/612/612/xif0q/pet-shampoo/k/e/m/100-dog-liquid-smpo-100ml-flipcap-dr-pet-original-imahmzfuhuyrxwrz.jpeg?q=70,dr,Dr Pet Medicated Anti Tick Flea Dog Shampoo 100ml Liquid Pet Care Deep Clean Skin Care Flea and Tick Herbal Natural Dog Shampoo,health_wellness
2026-07-07,flipkart,PMDGUK9WHGVFAYHT,,https://www.flipkart.com/fur-ball-story-hip-joint-care-tablet/p/itmf2545a01ce6ea?pid=PMDGUK9WHGVFAYHT&lid=LSTPMDGUK9WHGVFAYHT8JHRE0&marketplace=FLIPKART&q=joint+supplement+for+dogs&store=p3t&srno=s_1_1&otracker=search&fm=organic&iid=en_MquQSzNXHg1tkGJg1-auVWWRmHrQdb2xWUHFDmv9kzw4AqGlieaxydTe4F7b_BR_C1RB5vwJUwg400oD_1GIpOKh8e3O6hgbE73FuySHFuu_KPBxN2oMinvziEiC23Du&ppt=None&ppn=None&ssid=srm44c08ww0000001783424329919&qH=b0e4c33d635c1c86&ov_redirect=true&ov_redirect=true,keyword_search,joint supplement for dogs,1,False,367.0,549.0,33.0,4.9,,In Stock,nan,,ok,scrape,https://rukminim2.flixcart.com/image/612/612/xif0q/pet-medication/n/r/x/-original-imahgmhfhr2gfvan.jpeg?q=70,fur,Fur Ball Story Hip & Joint Care Tablet,health_wellness
2026-07-07,flipkart,PHSHKZW7JWJJSUHG,2f86a171ec4dd88c,https://www.flipkart.com/petroyale-daily-one-supplement-dogs-multivitamin-hip-joint-skin-coat-pet-health-supplements/p/itmfdb94f030f921?pid=PHSHKZW7JWJJSUHG&lid=LSTPHSHKZW7JWJJSUHGQHX5EH&marketplace=FLIPKART&q=joint+supplement+for+dogs&store=p3t&srno=s_1_2&otracker=search&fm=organic&iid=en_MquQSzNXHg1tkGJg1-auVWWRmHrQdb2xWUHFDmv9kzzceKlYRRzDowT5hl7IuXeI8VMs64WVOyS9olr0Eq_L1yWsuFFx4yR_21rpzdeZtM41PTDAwFoBy0prlNkSnxTR&ppt=None&ppn=None&ssid=srm44c08ww0000001783424329919&qH=b0e4c33d635c1c86&ov_redirect=true&ov_redirect=true,keyword_search,joint supplement for dogs,2,False,854.0,1200.0,29.0,,,In Stock,nan,,ok,scrape,https://rukminim2.flixcart.com/image/612/612/xif0q/pet-health-supplement/a/c/r/60-daily-one-supplement-for-dogs-multivitamin-hip-joint-skin-original-imahm45brputxtzq.jpeg?q=70,petroyale,"Petroyale Daily One Supplement for Dogs – Multivitamin – Hip & Joint, Skin & Coat, Pet Health Supplements",health_wellness
2026-07-07,flipkart,PHSHHHGYJFGQSHHZ,3da95b38f591cab3,https://www.flipkart.com/absolutpet-hip-joint-supplement-dogs-improve-mobility-bone-strength-30-chews-pet-health-supplements/p/itm6307c7926c3ab?pid=PHSHHHGYJFGQSHHZ&lid=LSTPHSHHHGYJFGQSHHZAMJURC&marketplace=FLIPKART&q=joint+supplement+for+dogs&store=p3t&srno=s_1_4&otracker=search&fm=organic&iid=249225c6-231a-4d9b-a19d-6ab5cf30ee59.PHSHHHGYJFGQSHHZ.SEARCH&ppt=None&ppn=None&ssid=srm44c08ww0000001783424329919&qH=b0e4c33d635c1c86&ov_redirect=true&ov_redirect=true,keyword_search,joint supplement for dogs,4,False,540.0,700.0,23.0,4.2,,In Stock,nan,,ok,scrape,https://rukminim2.flixcart.com/image/612/612/xif0q/pet-health-supplement/i/u/m/75-hip-joint-supplement-for-dogs-to-improve-mobility-bone-original-imahhpgzycans7xm.jpeg?q=70,absolutpet,AbsolutPet Hip & Joint Supplement for Dogs to Improve Mobility & Bone Strength 30 Chews Pet Health Supplements,health_wellness
2026-07-07,flipkart,PHSFHKFKXT7AMU8N,,https://www.flipkart.com/pet-care-16-health-supplements/p/itmfb0e3aa8efe45?pid=PHSFHKFKXT7AMU8N&lid=LSTPHSFHKFKXT7AMU8NJR0MA6&marketplace=FLIPKART&q=joint+supplement+for+dogs&store=p3t&srno=s_1_5&otracker=search&fm=organic&iid=249225c6-231a-4d9b-a19d-6ab5cf30ee59.PHSFHKFKXT7AMU8N.SEARCH&ppt=None&ppn=None&ssid=srm44c08ww0000001783424329919&qH=b0e4c33d635c1c86&ov_redirect=true&ov_redirect=true,keyword_search,joint supplement for dogs,5,False,784.0,1260.0,38.0,4.6,,In Stock,nan,,ok,scrape,https://rukminim2.flixcart.com/image/612/612/k29bvrk0/pet-health-supplement/u/8/n/60-16-petcare-original-imafhnpccyw5dw8b.jpeg?q=70,,Pet Care 16 Pet Health Supplements,health_wellness
2026-07-07,flipkart,PHSHKZW759MNMHSC,2f86a171ec4dd88c,https://www.flipkart.com/petroyale-daily-one-supplement-dogs-multivitamin-hip-joint-skin-coat-pet-health-supplements/p/itm9c63bf99d2204?pid=PHSHKZW759MNMHSC&lid=LSTPHSHKZW759MNMHSCUGKAXE&marketplace=FLIPKART&q=joint+supplement+for+dogs&store=p3t&srno=s_1_6&otracker=search&fm=organic&iid=en_MquQSzNXHg1tkGJg1-auVWWRmHrQdb2xWUHFDmv9kzwKNi16xcNzRf0tvNCIgGs6UqwX2SACUZ4sAzxiThKte4HHRYFxT_RbIL6nadHH8Cr-thqe1r0vitQjIjFRrmbv&ppt=None&ppn=None&ssid=srm44c08ww0000001783424329919&qH=b0e4c33d635c1c86&ov_redirect=true&ov_redirect=true,keyword_search,joint supplement for dogs,6,False,491.0,650.0,24.0,,,In Stock,nan,,ok,scrape,https://rukminim2.flixcart.com/image/612/612/xif0q/pet-health-supplement/l/j/x/30-daily-one-supplement-for-dogs-multivitamin-hip-joint-skin-original-imahm457uy33zvv2.jpeg?q=70,petroyale,"Petroyale Daily One Supplement for Dogs – Multivitamin – Hip & Joint, Skin & Coat, Pet Health Supplements",health_wellness
2026-07-07,flipkart,PHSFWFMTXTGPWFQV,2f6b1590baa482ab,https://www.flipkart.com/skyec-joint-must-tablets-dogs-pet-health-supplements/p/itm90b09a96d32cc?pid=PHSFWFMTXTGPWFQV&lid=LSTPHSFWFMTXTGPWFQV92YNTI&marketplace=FLIPKART&q=joint+supplement+for+dogs&store=p3t&srno=s_1_7&otracker=search&fm=organic&iid=249225c6-231a-4d9b-a19d-6ab5cf30ee59.PHSFWFMTXTGPWFQV.SEARCH&ppt=None&ppn=None&ssid=srm44c08ww0000001783424329919&qH=b0e4c33d635c1c86&ov_redirect=true&ov_redirect=true,keyword_search,joint supplement for dogs,7,False,662.0,750.0,12.0,4.6,,In Stock,nan,,ok,scrape,https://rukminim2.flixcart.com/image/612/612/xif0q/pet-health-supplement/j/r/t/30-joint-must-tablets-for-dogs-sky-ec-original-imahed9xazhasfd6.jpeg?q=70,skyec,skyec JOINT MUST TABLETS FOR DOGS Pet Health Supplements,health_wellness
2026-07-07,flipkart,PHSFVKX45TU2YTCP,2f6b1590baa482ab,https://www.flipkart.com/skyec-joint-must-tablets-dogs-pet-health-supplements/p/itm1251edd2c9b4e?pid=PHSFVKX45TU2YTCP&lid=LSTPHSFVKX45TU2YTCPO12HOG&marketplace=FLIPKART&q=joint+supplement+for+dogs&store=p3t&srno=s_1_9&otracker=search&fm=organic&iid=249225c6-231a-4d9b-a19d-6ab5cf30ee59.PHSFVKX45TU2YTCP.SEARCH&ppt=None&ppn=None&ssid=srm44c08ww0000001783424329919&qH=b0e4c33d635c1c86&ov_redirect=true&ov_redirect=true,keyword_search,joint supplement for dogs,9,False,245.0,300.0,18.0,4.8,,In Stock,nan,,ok,scrape,https://rukminim2.flixcart.com/image/612/612/kf1fo280/pet-health-supplement/t/c/p/10-joint-must-tablets-for-dogs-sky-ec-original-imafvhy8xmuhbjgy.jpeg?q=70,skyec,skyec JOINT MUST TABLETS FOR DOGS Pet Health Supplements,health_wellness
2026-07-07,flipkart,PHSHEZC8B6WFZUZQ,c834cc84bf0a088c,https://www.flipkart.com/skyec-flexirun-advanced-hip-joint-formula-tasty-chewable-tablets-dogs-pet-health-supplements/p/itm3ff9b78303592?pid=PHSHEZC8B6WFZUZQ&lid=LSTPHSHEZC8B6WFZUZQNYZKER&marketplace=FLIPKART&q=joint+supplement+for+dogs&store=p3t&srno=s_1_10&otracker=search&fm=organic&iid=249225c6-231a-4d9b-a19d-6ab5cf30ee59.PHSHEZC8B6WFZUZQ.SEARCH&ppt=None&ppn=None&ssid=srm44c08ww0000001783424329919&qH=b0e4c33d635c1c86&ov_redirect=true&ov_redirect=true,keyword_search,joint supplement for dogs,10,False,841.0,1500.0,44.0,4.8,,In Stock,nan,,ok,scrape,https://rukminim2.flixcart.com/image/612/612/xif0q/pet-health-supplement/o/q/l/30-flexirun-advanced-hip-joint-formula-tasty-chewable-tablets-original-imahezc8mxwyptsz.jpeg?q=70,skyec,skyec FLEXIRUN Advanced Hip & Joint Formula Tasty Chewable Tablets for Dogs Pet Health Supplements,health_wellness
2026-07-07,flipkart,PHSH3JFFGZWBCXDN,a72796bf06c0bd2e,https://www.flipkart.com/beaphar-hd-tablet-dog-joint-supplement-hip-dysplasia-problems-pet-health-supplements/p/itm71f85f8a2bded?pid=PHSH3JFFGZWBCXDN&lid=LSTPHSH3JFFGZWBCXDNG5CIMG&marketplace=FLIPKART&q=joint+supplement+for+dogs&store=p3t&srno=s_1_12&otracker=search&fm=organic&iid=en_MquQSzNXHg1tkGJg1-auVWWRmHrQdb2xWUHFDmv9kzxZrI8om4v5ti8vPxMUTgQWk_I6YM8OjxOdqVIiVVE2VM1KXmNRldrCnY1aRa_KdcQcGbY-tmr14j2ek4Q5PqY_&ppt=None&ppn=None&ssid=srm44c08ww0000001783424329919&qH=b0e4c33d635c1c86&ov_redirect=true&ov_redirect=true,keyword_search,joint supplement for dogs,12,False,774.0,980.0,21.0,4.3,,In Stock,nan,,ok,scrape,https://rukminim2.flixcart.com/image/612/612/xif0q/pet-health-supplement/c/7/r/60-hd-tablet-dog-joint-supplement-for-hip-dysplasia-joint-original-imahcsqfdcydkhuf.jpeg?q=70,beaphar,Beaphar HD Tablet Dog Joint Supplement for Hip Dysplasia & Joint Problems Pet Health Supplements,health_wellness
2026-07-07,flipkart,PHSFVENZ7UTVPDZ2,a7ffc18f3822c123,https://www.flipkart.com/virbac-canitone-joint-support-nutritional-supplement-tablets-dogs-cats-pet-health-supplements/p/itm1c2bb1b13c25e?pid=PHSFVENZ7UTVPDZ2&lid=LSTPHSFVENZ7UTVPDZ2MHC7F7&marketplace=FLIPKART&q=joint+supplement+for+dogs&store=p3t&srno=s_1_13&otracker=search&fm=organic&iid=249225c6-231a-4d9b-a19d-6ab5cf30ee59.PHSFVENZ7UTVPDZ2.SEARCH&ppt=None&ppn=None&ssid=srm44c08ww0000001783424329919&qH=b0e4c33d635c1c86&ov_redirect=true&ov_redirect=true,keyword_search,joint supplement for dogs,13,False,439.0,550.0,20.0,4.6,,In Stock,nan,,ok,scrape,https://rukminim2.flixcart.com/image/612/612/kesv0y80/pet-health-supplement/d/z/2/30-canitone-joint-support-nutritional-supplement-tablets-for-original-imafveqvstpvt4vz.jpeg?q=70,virbac,"Virbac Canitone Joint Support, Nutritional supplement Tablets for Dogs and Cats Pet Health Supplements",health_wellness
2026-07-07,flipkart,PHSGSPE57NF2EFTC,,https://www.flipkart.com/anc-chewable-hip-joint-chicken-flavour-supplements-pets-vitamin-d3-b12-pet-health/p/itme798e407aee03?pid=PHSGSPE57NF2EFTC&lid=LSTPHSGSPE57NF2EFTCCVJZFY&marketplace=FLIPKART&q=joint+supplement+for+dogs&store=p3t&srno=s_1_14&otracker=search&fm=organic&iid=249225c6-231a-4d9b-a19d-6ab5cf30ee59.PHSGSPE57NF2EFTC.SEARCH&ppt=None&ppn=None&ssid=srm44c08ww0000001783424329919&qH=b0e4c33d635c1c86&ov_redirect=true&ov_redirect=true,keyword_search,joint supplement for dogs,14,False,492.0,1899.0,74.0,4.2,,In Stock,nan,,ok,scrape,https://rukminim2.flixcart.com/image/612/612/xif0q/pet-health-supplement/i/1/h/90-chewable-hip-joint-chicken-flavour-supplements-for-pets-with-original-imagspe5jfu5vc6e.jpeg?q=70,anc,"ANC Chewable Hip & Joint Chicken Flavour Supplements for Pets with Vitamin D3, B12 Pet Health Supplements",health_wellness
2026-07-07,flipkart,PHSGB9Q8G8Z4TUWQ,,https://www.flipkart.com/pet-mankind-caniboon-joint-support-30-tabs-health-supplements/p/itmd1c1c8983ec49?pid=PHSGB9Q8G8Z4TUWQ&lid=LSTPHSGB9Q8G8Z4TUWQWGRG9X&marketplace=FLIPKART&q=joint+supplement+for+dogs&store=p3t&srno=s_1_15&otracker=search&fm=organic&iid=249225c6-231a-4d9b-a19d-6ab5cf30ee59.PHSGB9Q8G8Z4TUWQ.SEARCH&ppt=None&ppn=None&ssid=srm44c08ww0000001783424329919&qH=b0e4c33d635c1c86&ov_redirect=true&ov_redirect=true,keyword_search,joint supplement for dogs,15,False,545.0,860.0,37.0,4.6,,In Stock,nan,,ok,scrape,https://rukminim2.flixcart.com/image/612/612/kz7bcsw0/pet-health-supplement/u/e/l/30-caniboon-joint-support-30-tabs-pet-mankind-original-imagb9q8wx82xzzh.jpeg?q=70,,Pet Mankind Caniboon Joint Support 30 Tabs Pet Health Supplements,health_wellness
2026-07-07,flipkart,PHSGVZB4ENFQYRA2,,https://www.flipkart.com/fur-ball-story-joint-care-kit-vet-recommended-ayurvedic-mobility-flexibility-support-pet-health-supplements/p/itm7581e0dfc5fbe?pid=PHSGVZB4ENFQYRA2&lid=LSTPHSGVZB4ENFQYRA2BBORYE&marketplace=FLIPKART&q=joint+supplement+for+dogs&store=p3t&srno=s_1_16&otracker=search&fm=organic&iid=249225c6-231a-4d9b-a19d-6ab5cf30ee59.PHSGVZB4ENFQYRA2.SEARCH&ppt=None&ppn=None&ssid=srm44c08ww0000001783424329919&qH=b0e4c33d635c1c86&ov_redirect=true&ov_redirect=true,keyword_search,joint supplement for dogs,16,False,722.0,1148.0,37.0,4.7,,In Stock,nan,,ok,scrape,https://rukminim2.flixcart.com/image/612/612/xif0q/pet-health-supplement/g/v/j/-original-imahgmhf6thczrth.jpeg?q=70,fur,Fur Ball Story Joint Care Kit Vet Recommended Ayurvedic Care For Mobility & Flexibility Support Pet Health Supplements,health_wellness
2026-07-07,flipkart,PHSG4DXCTDDNYU4G,54e06223d6c2c545,https://www.flipkart.com/petroyale-dog-multivitamin-tablet-pet-health-supplement-bone-builder-calcium-chew-tablets-bad-breath-medicine-growth-1-x-60-tablets-pack-1-supplements/p/itm014428f4d892c?pid=PHSG4DXCTDDNYU4G&lid=LSTPHSG4DXCTDDNYU4GKFBWRI&marketplace=FLIPKART&q=joint+supplement+for+dogs&store=p3t&srno=s_1_17&otracker=search&fm=organic&iid=en_MquQSzNXHg1tkGJg1-auVWWRmHrQdb2xWUHFDmv9kzykVfdzjLnM1zLkQEUmVOdOSX4dgevx-vtNcFCtM5IuWTFug4Gyj1JEi1-T6HCxEyQcGbY-tmr14j2ek4Q5PqY_&ppt=None&ppn=None&ssid=srm44c08ww0000001783424329919&qH=b0e4c33d635c1c86&ov_redirect=true&ov_redirect=true,keyword_search,joint supplement for dogs,17,False,487.0,599.0,19.0,4.4,,In Stock,nan,,ok,scrape,https://rukminim2.flixcart.com/image/612/612/xif0q/pet-health-supplement/g/u/a/50-dog-multivitamin-tablet-pet-health-supplement-dog-bone-original-imahm434z6jms9mt.jpeg?q=70,petroyale,Petroyale Dog Multivitamin Tablet | Pet Health Supplement | Dog Bone Builder | Dog Calcium Chew Tablets | Dog Bad Breath Medicine | Dog Growth Supplement (1 x 60 Tablets) Pack of 1 Pet Health Supplements,health_wellness
2026-07-07,flipkart,PHSHKZW7HSXQJYZV,2f86a171ec4dd88c,https://www.flipkart.com/petroyale-daily-one-supplement-dogs-multivitamin-hip-joint-skin-coat-pet-health-supplements/p/itm45d590e34cc3d?pid=PHSHKZW7HSXQJYZV&lid=LSTPHSHKZW7HSXQJYZVFSBIVQ&marketplace=FLIPKART&q=joint+supplement+for+dogs&store=p3t&srno=s_1_18&otracker=search&fm=organic&iid=en_MquQSzNXHg1tkGJg1-auVWWRmHrQdb2xWUHFDmv9kzwOUTnMZjShBZ4FD_31Q_nx3XRqLKnktGm2F5u0E18a4zFug4Gyj1JEi1-T6HCxEyQcGbY-tmr14j2ek4Q5PqY_&ppt=None&ppn=None&ssid=srm44c08ww0000001783424329919&qH=b0e4c33d635c1c86&ov_redirect=true&ov_redirect=true,keyword_search,joint supplement for dogs,18,False,1378.0,1800.0,23.0,,,In Stock,nan,,ok,scrape,https://rukminim2.flixcart.com/image/612/612/xif0q/pet-health-supplement/u/b/l/90-daily-one-supplement-for-dogs-multivitamin-hip-joint-skin-original-imahm45e4knnvh74.jpeg?q=70,petroyale,"Petroyale Daily One Supplement for Dogs – Multivitamin – Hip & Joint, Skin & Coat, Pet Health Supplements",health_wellness
2026-07-07,flipkart,PHSGJZZ5V4ZYHRHQ,6ea40afdb70a2650,https://www.flipkart.com/petheeds-bone-joint-chewable-tablets-lucious-chicken-flavored-dog-cat-pet-health-supplements/p/itm2f3f84c881be2?pid=PHSGJZZ5V4ZYHRHQ&lid=LSTPHSGJZZ5V4ZYHRHQEW3ORD&marketplace=FLIPKART&q=joint+supplement+for+dogs&store=p3t&srno=s_1_19&otracker=search&fm=organic&iid=249225c6-231a-4d9b-a19d-6ab5cf30ee59.PHSGJZZ5V4ZYHRHQ.SEARCH&ppt=None&ppn=None&ssid=srm44c08ww0000001783424329919&qH=b0e4c33d635c1c86&ov_redirect=true&ov_redirect=true,keyword_search,joint supplement for dogs,19,False,524.0,600.0,13.0,4.2,,In Stock,nan,,ok,scrape,https://rukminim2.flixcart.com/image/612/612/xif0q/pet-health-supplement/g/f/u/60-bone-and-joint-chewable-tablets-with-lucious-chicken-flavored-original-imahj8xfgkcmbmfz.jpeg?q=70,petheeds,PETHEEDS Bone and Joint Chewable Tablets with Lucious Chicken Flavored for Dog/Cat Pet Health Supplements,health_wellness
2026-07-07,flipkart,PHSGU244PKKPPPVY,,https://www.flipkart.com/petheeds-bone-joint-support-tablets-benifits-glucosamine-chondroitin-pet-health-supplements/p/itmabce589577680?pid=PHSGU244PKKPPPVY&lid=LSTPHSGU244PKKPPPVYWRISPX&marketplace=FLIPKART&q=joint+supplement+for+dogs&store=p3t&srno=s_1_20&otracker=search&fm=organic&iid=249225c6-231a-4d9b-a19d-6ab5cf30ee59.PHSGU244PKKPPPVY.SEARCH&ppt=None&ppn=None&ssid=srm44c08ww0000001783424329919&qH=b0e4c33d635c1c86&ov_redirect=true&ov_redirect=true,keyword_search,joint supplement for dogs,20,False,260.0,299.0,13.0,4.2,,In Stock,nan,,ok,scrape,https://rukminim2.flixcart.com/image/612/612/xif0q/pet-health-supplement/o/5/e/30-bone-and-joint-support-tablets-with-the-benifits-of-original-imahgzg4xthghpbt.jpeg?q=70,petheeds,PETHEEDS Bone and Joint Support Tablets with the Benifits of Glucosamine and Chondroitin Pet Health Supplements,health_wellness
2026-07-07,flipkart,PDPGZNHPG8AC2HZ4,207aed0a49bd13af,https://www.flipkart.com/medfly-healthcare-natural-enzyme-probiotic-based-dewormer-dog-pet/p/itm15fdd06c34b0b?pid=PDPGZNHPG8AC2HZ4&lid=LSTPDPGZNHPG8AC2HZ4KTUS1B&marketplace=FLIPKART&q=deworming+tablet+for+dogs&store=p3t%2Fcez%2Ff1s&srno=s_1_3&otracker=search&fm=organic&iid=101f3f01-1c8d-4ad6-8f20-6229cec84ed6.PDPGZNHPG8AC2HZ4.SEARCH&ppt=None&ppn=None&ssid=n00fqm3w740000001783424332770&qH=99cf2e3fe6ca4eb0&ov_redirect=true&ov_redirect=true,keyword_search,deworming tablet for dogs,1,False,347.0,550.0,37.0,4.3,,In Stock,nan,,ok,scrape,https://rukminim2.flixcart.com/image/612/612/xif0q/pet-dewormer/e/g/y/20-natural-enzyme-probiotic-based-dewormer-for-dog-medfly-original-imahmqfrbqtvvxz6.jpeg?q=70,medfly,Medfly Healthcare Natural Enzyme & Probiotic Based Dewormer for Dog Pet Dewormer,health_wellness
2026-07-07,flipkart,PDPH2SM3NCHJTERS,,https://www.flipkart.com/fur-ball-story-worm-no-more-india-s-1st-ayurvedic-tablets-pet-dewormer/p/itmf5bf8b8b28e1f?pid=PDPH2SM3NCHJTERS&lid=LSTPDPH2SM3NCHJTERSWFSNQK&marketplace=FLIPKART&q=deworming+tablet+for+dogs&store=p3t%2Fcez%2Ff1s&srno=s_1_4&otracker=search&fm=organic&iid=101f3f01-1c8d-4ad6-8f20-6229cec84ed6.PDPH2SM3NCHJTERS.SEARCH&ppt=None&ppn=None&ssid=n00fqm3w740000001783424332770&qH=99cf2e3fe6ca4eb0&ov_redirect=true&ov_redirect=true,keyword_search,deworming tablet for dogs,2,False,249.0,499.0,50.0,4.5,,In Stock,nan,,ok,scrape,https://rukminim2.flixcart.com/image/612/612/xif0q/pet-dewormer/v/5/m/40-worm-no-more-india-s-1st-ayurvedic-tablets-fur-ball-story-original-imahmsq6ykmq6mcr.jpeg?q=70,fur,Fur Ball Story Worm No More: India's 1st Ayurvedic Tablets Pet Dewormer,health_wellness
2026-07-07,flipkart,PDPHB8YGV2VS3NCW,3067b5e4cb60a337,https://www.flipkart.com/deworm-dewormer-dogs-cats-pet/p/itme12bb5f4febac?pid=PDPHB8YGV2VS3NCW&lid=LSTPDPHB8YGV2VS3NCWOVYYMP&marketplace=FLIPKART&q=deworming+tablet+for+dogs&store=p3t%2Fcez%2Ff1s&srno=s_1_5&otracker=search&fm=organic&iid=101f3f01-1c8d-4ad6-8f20-6229cec84ed6.PDPHB8YGV2VS3NCW.SEARCH&ppt=None&ppn=None&ssid=n00fqm3w740000001783424332770&qH=99cf2e3fe6ca4eb0&ov_redirect=true&ov_redirect=true,keyword_search,deworming tablet for dogs,5,False,165.0,450.0,63.0,4.3,,In Stock,nan,,ok,scrape,https://rukminim2.flixcart.com/image/612/612/xif0q/pet-dewormer/3/c/8/200-dewormer-for-dogs-and-cats-deworm-original-imahfp57gutbhydp.jpeg?q=70,deworm,"DEWORM Dewormer for Dogs and Cats, Pet Dewormer",health_wellness
2026-07-07,flipkart,PDPGGCZZRQFEN3ZS,,https://www.flipkart.com/tail-collar-club-flyworm-herbal-pack-0f-10-tablets-pet-dewormer/p/itmc0dffc7585673?pid=PDPGGCZZRQFEN3ZS&lid=LSTPDPGGCZZRQFEN3ZSS7M4VL&marketplace=FLIPKART&q=deworming+tablet+for+dogs&store=p3t%2Fcez%2Ff1s&srno=s_1_6&otracker=search&fm=organic&iid=en_qdxkKTTZbsGMLnOpP6CzmnUIqaV0HXMle_MAR9qqE2mKMsWUM6jIkM5mUAohDYSeGGMJjpVrXrkOXBWDychMkCPgvOzjRnGiX2tGrEkk2cHHI7SsA22cm2RUmP4VA4Rj&ppt=None&ppn=None&ssid=n00fqm3w740000001783424332770&qH=99cf2e3fe6ca4eb0&ov_redirect=true&ov_redirect=true,keyword_search,deworming tablet for dogs,6,False,209.0,480.0,56.0,4.0,,In Stock,nan,,ok,scrape,https://rukminim2.flixcart.com/image/612/612/xif0q/pet-dewormer/y/2/z/10-flyworm-herbal-pack-0f-10-tablets-tail-collar-club-original-imah98tqbzhka6cf.jpeg?q=70,tail,Tail & Collar Club FLYWORM Herbal (Pack 0f 10 Tablets) Pet Dewormer,health_wellness
2026-07-07,flipkart,PDPH83HCFZ3ERKVN,9132314f60a87b5e,https://www.flipkart.com/medfly-natural-enzyme-probiotic-based-dewormer-dog-pet/p/itmba2b4703dfdef?pid=PDPH83HCFZ3ERKVN&lid=LSTPDPH83HCFZ3ERKVNNEWLSS&marketplace=FLIPKART&q=deworming+tablet+for+dogs&store=p3t%2Fcez%2Ff1s&srno=s_1_7&otracker=search&fm=organic&iid=101f3f01-1c8d-4ad6-8f20-6229cec84ed6.PDPH83HCFZ3ERKVN.SEARCH&ppt=None&ppn=None&ssid=n00fqm3w740000001783424332770&qH=99cf2e3fe6ca4eb0&ov_redirect=true&ov_redirect=true,keyword_search,deworming tablet for dogs,7,False,305.0,599.0,49.0,4.0,,In Stock,nan,,ok,scrape,https://rukminim2.flixcart.com/image/612/612/xif0q/pet-dewormer/v/o/x/20-natural-enzyme-probiotic-based-dewormer-for-dog-medfly-original-imahmqfphuttvypw.jpeg?q=70,medfly,Medfly Natural Enzyme Probiotic Based Dewormer for Dog Pet Dewormer,health_wellness
2026-07-07,flipkart,PDPGPFHKAXYHGYRY,,https://www.flipkart.com/medfly-natural-enzyme-probiotic-based-dewormer-dog-pack-3-pet/p/itme44fc94350804?pid=PDPGPFHKAXYHGYRY&lid=LSTPDPGPFHKAXYHGYRYBGQXKA&marketplace=FLIPKART&q=deworming+tablet+for+dogs&store=p3t%2Fcez%2Ff1s&srno=s_1_8&otracker=search&fm=organic&iid=101f3f01-1c8d-4ad6-8f20-6229cec84ed6.PDPGPFHKAXYHGYRY.SEARCH&ppt=None&ppn=None&ssid=n00fqm3w740000001783424332770&qH=99cf2e3fe6ca4eb0&ov_redirect=true&ov_redirect=true,keyword_search,deworming tablet for dogs,8,False,806.0,2099.0,62.0,4.6,,In Stock,nan,,ok,scrape,https://rukminim2.flixcart.com/image/612/612/xif0q/pet-dewormer/g/v/x/60-natural-enzyme-probiotic-based-dewormer-for-dog-pack-of-3-original-imahdywb5vcjrdzt.jpeg?q=70,medfly,Medfly Natural Enzyme & Probiotic Based Dewormer for Dog- Pack of 3 Pet Dewormer,health_wellness
2026-07-07,flipkart,PMDH5DW4YNF3GYUS,,https://www.flipkart.com/flyworm-dewormer-tablet/p/itm5ef5a06a0839c?pid=PMDH5DW4YNF3GYUS&lid=LSTPMDH5DW4YNF3GYUSHP6UYU&marketplace=FLIPKART&q=deworming+tablet+for+dogs&store=p3t%2Fcez%2Ff1s&srno=s_1_9&otracker=search&fm=organic&iid=101f3f01-1c8d-4ad6-8f20-6229cec84ed6.PMDH5DW4YNF3GYUS.SEARCH&ppt=None&ppn=None&ssid=n00fqm3w740000001783424332770&qH=99cf2e3fe6ca4eb0&ov_redirect=true&ov_redirect=true,keyword_search,deworming tablet for dogs,9,False,342.0,1440.0,76.0,4.3,,In Stock,nan,,ok,scrape,https://rukminim2.flixcart.com/image/612/612/xif0q/pet-medication/l/n/d/deworming-tablets-30-tablets-herbal-dogs-cats-flyworm-original-imah5dz7nw9ggzrp.jpeg?q=70,flyworm,Flyworm Dewormer Tablet,health_wellness
2026-07-07,flipkart,PDPGQJZTEVRYHNZ4,9132314f60a87b5e,https://www.flipkart.com/medfly-natural-enzyme-probiotic-based-dewormer-cat-kittens-pack-1-pet/p/itm87391bd92de88?pid=PDPGQJZTEVRYHNZ4&lid=LSTPDPGQJZTEVRYHNZ43DY2FI&marketplace=FLIPKART&q=deworming+tablet+for+dogs&store=p3t%2Fcez%2Ff1s&srno=s_1_10&otracker=search&fm=organic&iid=101f3f01-1c8d-4ad6-8f20-6229cec84ed6.PDPGQJZTEVRYHNZ4.SEARCH&ppt=None&ppn=None&ssid=n00fqm3w740000001783424332770&qH=99cf2e3fe6ca4eb0&ov_redirect=true&ov_redirect=true,keyword_search,deworming tablet for dogs,10,False,251.0,550.0,54.0,4.1,,In Stock,nan,,ok,scrape,https://rukminim2.flixcart.com/image/612/612/xif0q/pet-dewormer/7/l/n/40-natural-enzyme-probiotic-based-dewormer-for-cat-and-kittens-original-imahbqr4vcneebsk.jpeg?q=70,medfly,Medfly Natural Enzyme & Probiotic Based Dewormer for Cat and kittens -Pack of 1 Pet Dewormer,health_wellness
2026-07-07,flipkart,PFDGCGC8YBTBUP8B,8bafef47b4dd19a2,https://www.flipkart.com/drools-absolute-cal-vit-skin-coat-110-tablets-each-dog-supplement-chicken-1-2-kg-3x0-4-kg-dry-adult-new-born-senior-young-food/p/itm6f78a2ab93da7?pid=PFDGCGC8YBTBUP8B&lid=LSTPFDGCGC8YBTBUP8BHQGLJC&marketplace=FLIPKART&q=deworming+tablet+for+dogs&store=p3t%2Fcez%2Ff1s&srno=s_1_12&otracker=search&fm=organic&iid=en_qdxkKTTZbsGMLnOpP6CzmnUIqaV0HXMle_MAR9qqE2lk11hG3WduENYaJK5mRDMV7mobK5cMh1E9ojOk3Veh0OKFFHFU3LxC_5cmxWME5fnHI7SsA22cm2RUmP4VA4Rj&ppt=None&ppn=None&ssid=n00fqm3w740000001783424332770&qH=99cf2e3fe6ca4eb0&ov_redirect=true&ov_redirect=true,keyword_search,deworming tablet for dogs,12,False,1314.0,1575.0,17.0,4.4,,In Stock,nan,,ok,scrape,https://rukminim2.flixcart.com/image/612/612/l0sgyvk0/pet-food/d/f/m/1-2-dog-3-absolute-cal-vit-skin-coat-110-tablets-each-drools-original-imagcgc8zbnwvpg5.jpeg?q=70,drools,"Drools Drools Absolute Cal+Vit+Skin&Coat (110 Tablets Each) Dog Supplement Chicken 1.2 kg (3x0.4 kg) Dry Adult, New Born, Senior, Young Dog Food",health_wellness
2026-07-07,flipkart,PDPHAHUNZKCUMZAZ,9132314f60a87b5e,https://www.flipkart.com/medfly-natural-enzyme-probiotic-based-dewormer-cat-kittens-pack-1-pet/p/itm1e1ce5d736d7f?pid=PDPHAHUNZKCUMZAZ&lid=LSTPDPHAHUNZKCUMZAZVEC5MC&marketplace=FLIPKART&q=deworming+tablet+for+dogs&store=p3t%2Fcez%2Ff1s&srno=s_1_13&otracker=search&fm=organic&iid=101f3f01-1c8d-4ad6-8f20-6229cec84ed6.PDPHAHUNZKCUMZAZ.SEARCH&ppt=None&ppn=None&ssid=n00fqm3w740000001783424332770&qH=99cf2e3fe6ca4eb0&ov_redirect=true&ov_redirect=true,keyword_search,deworming tablet for dogs,13,False,310.0,450.0,31.0,4.5,,In Stock,nan,,ok,scrape,https://rukminim2.flixcart.com/image/612/612/xif0q/pet-dewormer/g/n/5/40-natural-enzyme-probiotic-based-dewormer-for-cat-and-kittens-original-imahgcg6u7den7hh.jpeg?q=70,medfly,Medfly Natural Enzyme & Probiotic Based Dewormer for Cat and kittens -Pack of 1 Pet Dewormer,health_wellness
2026-07-07,flipkart,PDPGZNHP3HVPGXJ9,207aed0a49bd13af,https://www.flipkart.com/medfly-healthcare-natural-enzyme-probiotic-based-dewormer-dog-pack-2-pet/p/itme8699e2a9dc7e?pid=PDPGZNHP3HVPGXJ9&lid=LSTPDPGZNHP3HVPGXJ98T7CG4&marketplace=FLIPKART&q=deworming+tablet+for+dogs&store=p3t%2Fcez%2Ff1s&srno=s_1_14&otracker=search&fm=organic&iid=101f3f01-1c8d-4ad6-8f20-6229cec84ed6.PDPGZNHP3HVPGXJ9.SEARCH&ppt=None&ppn=None&ssid=n00fqm3w740000001783424332770&qH=99cf2e3fe6ca4eb0&ov_redirect=true&ov_redirect=true,keyword_search,deworming tablet for dogs,14,False,449.0,1100.0,59.0,4.5,,In Stock,nan,,ok,scrape,https://rukminim2.flixcart.com/image/612/612/xif0q/pet-dewormer/z/x/4/40-natural-enzyme-probiotic-based-dewormer-for-dog-pack-of-2-original-imahbqrtb9ykjnwq.jpeg?q=70,medfly,Medfly Healthcare Natural Enzyme & Probiotic Based Dewormer for Dog -(Pack of 2) Pet Dewormer,health_wellness
2026-07-07,flipkart,PDPGZNHPMZZCGBNJ,,https://www.flipkart.com/medfly-healthcare-natural-enzyme-probiotic-based-dewormer-dog-pack-3-pet/p/itm7696f2415b21f?pid=PDPGZNHPMZZCGBNJ&lid=LSTPDPGZNHPMZZCGBNJOP5JYR&marketplace=FLIPKART&q=deworming+tablet+for+dogs&store=p3t%2Fcez%2Ff1s&srno=s_1_15&otracker=search&fm=organic&iid=101f3f01-1c8d-4ad6-8f20-6229cec84ed6.PDPGZNHPMZZCGBNJ.SEARCH&ppt=None&ppn=None&ssid=n00fqm3w740000001783424332770&qH=99cf2e3fe6ca4eb0&ov_redirect=true&ov_redirect=true,keyword_search,deworming tablet for dogs,15,False,602.0,1650.0,64.0,3.6,,In Stock,nan,,ok,scrape,https://rukminim2.flixcart.com/image/612/612/xif0q/pet-dewormer/f/h/o/60-natural-enzyme-probiotic-based-dewormer-for-dog-pack-of-3-original-imahbqrckz4dtgva.jpeg?q=70,medfly,Medfly Healthcare Natural Enzyme & Probiotic Based Dewormer for Dog -(Pack of 3) Pet Dewormer,health_wellness
2026-07-07,flipkart,PDPGNEFNRD8RZBDA,,https://www.flipkart.com/medfly-natural-enzyme-probiotic-based-dewormer-dog-pack-2-pet/p/itm6720766aebd49?pid=PDPGNEFNRD8RZBDA&lid=LSTPDPGNEFNRD8RZBDAOCL8RX&marketplace=FLIPKART&q=deworming+tablet+for+dogs&store=p3t%2Fcez%2Ff1s&srno=s_1_16&otracker=search&fm=organic&iid=101f3f01-1c8d-4ad6-8f20-6229cec84ed6.PDPGNEFNRD8RZBDA.SEARCH&ppt=None&ppn=None&ssid=n00fqm3w740000001783424332770&qH=99cf2e3fe6ca4eb0&ov_redirect=true&ov_redirect=true,keyword_search,deworming tablet for dogs,16,False,579.0,1299.0,55.0,4.2,,In Stock,nan,,ok,scrape,https://rukminim2.flixcart.com/image/612/612/xif0q/pet-dewormer/e/x/i/40-natural-enzyme-probiotic-based-dewormer-for-dog-pack-of-2-original-imahbb4szkdgbxtj.jpeg?q=70,medfly,Medfly Natural Enzyme & Probiotic Based Dewormer for Dog (Pack of 2) Pet Dewormer,health_wellness
2026-07-07,flipkart,PDPGV5Y8QCD4FUUC,,https://www.flipkart.com/medfly-natural-enzyme-probiotic-based-dewormer-dog-pack-2-pet/p/itmdfe7d33df8e0d?pid=PDPGV5Y8QCD4FUUC&lid=LSTPDPGV5Y8QCD4FUUC8REX9N&marketplace=FLIPKART&q=deworming+tablet+for+dogs&store=p3t%2Fcez%2Ff1s&srno=s_1_17&otracker=search&fm=organic&iid=101f3f01-1c8d-4ad6-8f20-6229cec84ed6.PDPGV5Y8QCD4FUUC.SEARCH&ppt=None&ppn=None&ssid=n00fqm3w740000001783424332770&qH=99cf2e3fe6ca4eb0&ov_redirect=true&ov_redirect=true,keyword_search,deworming tablet for dogs,17,False,449.0,1100.0,59.0,4.1,,In Stock,nan,,ok,scrape,https://rukminim2.flixcart.com/image/612/612/xif0q/pet-dewormer/8/o/k/40-natural-enzyme-probiotic-based-dewormer-for-dog-pack-of-2-original-imahb8wwhadfskt7.jpeg?q=70,medfly,Medfly Natural Enzyme & Probiotic Based Dewormer for Dog -Pack of 2 Pet Dewormer,health_wellness
2026-07-07,flipkart,PHSGZZXAWWZFMEXB,a3439471b9b3e479,https://www.flipkart.com/petroyale-urinary-tract-health-tablets-dogs-cranberry-extract-pet-supplements/p/itmd2a2a50d08421?pid=PHSGZZXAWWZFMEXB&lid=LSTPHSGZZXAWWZFMEXBOF5UVD&marketplace=FLIPKART&q=deworming+tablet+for+dogs&store=p3t%2Fcez%2Ff1s&srno=s_1_18&otracker=search&fm=organic&iid=en_qdxkKTTZbsGMLnOpP6CzmnUIqaV0HXMle_MAR9qqE2lg4zNiAER651zq9kAs-HpbZ7VZkwctnkYke9OqqBO-QDFug4Gyj1JEi1-T6HCxEyQmtbUv2cWZO-mcE_RnnQTa&ppt=None&ppn=None&ssid=n00fqm3w740000001783424332770&qH=99cf2e3fe6ca4eb0&ov_redirect=true&ov_redirect=true,keyword_search,deworming tablet for dogs,18,False,717.0,950.0,25.0,5.0,,In Stock,nan,,ok,scrape,https://rukminim2.flixcart.com/image/612/612/xif0q/pet-health-supplement/n/0/d/30-urinary-tract-health-tablets-for-dogs-with-cranberry-extract-original-imahm43cdgauez9g.jpeg?q=70,petroyale,Petroyale Urinary Tract Health Tablets For Dogs With Cranberry Extract Pet Health Supplements,health_wellness
2026-07-07,flipkart,PDPGZNRW5PQRYFHS,9f7910d6fa52c725,https://www.flipkart.com/vetenex-catch-worm-pet-herbal-dewormer-puppy-cats-30-ml/p/itm9018e570beee1?pid=PDPGZNRW5PQRYFHS&lid=LSTPDPGZNRW5PQRYFHSBAHIJX&marketplace=FLIPKART&q=deworming+tablet+for+dogs&store=p3t%2Fcez%2Ff1s&spotlightTagId=default_TrendingId_p3t%2Fcez%2Ff1s&srno=s_1_19&otracker=search&fm=organic&iid=101f3f01-1c8d-4ad6-8f20-6229cec84ed6.PDPGZNRW5PQRYFHS.SEARCH&ppt=None&ppn=None&ssid=n00fqm3w740000001783424332770&qH=99cf2e3fe6ca4eb0&ov_redirect=true&ov_redirect=true,keyword_search,deworming tablet for dogs,19,False,127.0,150.0,15.0,4.2,,In Stock,nan,,ok,scrape,https://rukminim2.flixcart.com/image/612/612/xif0q/pet-dewormer/y/f/l/30-catch-worm-pet-herbal-dewormer-for-puppy-and-cats-30-ml-original-imagznrwtbywrzms.jpeg?q=70,vetenex,VETENEX Catch Worm Pet - Herbal Dewormer For Puppy and Cats - 30 ML Pet Dewormer,health_wellness
2026-07-07,flipkart,PDPHJK6U4CBVNPVM,b45d0dedcde35706,https://www.flipkart.com/breedo-dog-worm-away-pet-liquid-herbal-dewormer-puppy-cats-30-ml/p/itmaaac0b375e6c6?pid=PDPHJK6U4CBVNPVM&lid=LSTPDPHJK6U4CBVNPVMVNNH5A&marketplace=FLIPKART&q=deworming+tablet+for+dogs&store=p3t%2Fcez%2Ff1s&srno=s_1_20&otracker=search&fm=organic&iid=101f3f01-1c8d-4ad6-8f20-6229cec84ed6.PDPHJK6U4CBVNPVM.SEARCH&ppt=None&ppn=None&ssid=n00fqm3w740000001783424332770&qH=99cf2e3fe6ca4eb0&ov_redirect=true&ov_redirect=true,keyword_search,deworming tablet for dogs,20,False,153.0,478.0,68.0,3.8,,In Stock,nan,,ok,scrape,https://rukminim2.flixcart.com/image/612/612/xif0q/pet-dewormer/m/r/0/30-dog-worm-away-pet-liquid-herbal-dewormer-for-puppy-and-cats-original-imahjk6udhrtakcd.jpeg?q=70,breedo,Breedo Dog Worm-Away Pet - Liquid Herbal Dewormer For Puppy and Cats - 30 ML Pet Dewormer,health_wellness
2026-07-07,flipkart,PCLGGHGKHZJPBFMG,c7633fc8331822e6,https://www.flipkart.com/senapati-combo-dog-harness-belts-neck-rope-set-waterproof-medium-leash-collar/p/itm494b1fe0f70d5?pid=PCLGGHGKHZJPBFMG&lid=LSTPCLGGHGKHZJPBFMG0SBO8Q&marketplace=FLIPKART&q=dog+collar&store=p3t%2Fea3%2Fb1n&srno=s_1_1&otracker=search&fm=organic&iid=en_6hLpz_MXPhzqMwJvD7Fqu7flGPdWiCbltzQZxucrjgTrEzLJHtE3JGGVOgjq948wVeXxv1luvUGTFgtrqIrEEnYZoFRQFn7HC-GKBcEEwHNgT71_NaXPFZuiDfdf7LtR&ppt=None&ppn=None&ssid=7qp8bruvq80000001783424335453&qH=7e1db77825e65614&ov_redirect=true&ov_redirect=true,keyword_search,dog collar,1,False,131.0,399.0,67.0,3.9,,In Stock,nan,,ok,scrape,https://rukminim2.flixcart.com/image/612/612/kwjkuq80/pet-collar-harness/w/i/k/large-premium-quality-dog-combo-pack-of-harness-neck-collar-belt-original-imag972qtdppyggf.jpeg?q=70,senapati,"SENAPATI Combo Dog Harness Belts Neck and Rope Set (Waterproof, Medium, Leash Dog Collar & Leash",collars_leashes
2026-07-07,flipkart,PCLGGHK5HJUHPGPV,54e94f5fb3fe6ace,https://www.flipkart.com/senapati-dog-combo-pack-harness-neck-collar-belt-rope-set-red-medium-leash/p/itm78c0a971dc450?pid=PCLGGHK5HJUHPGPV&lid=LSTPCLGGHK5HJUHPGPV7POZDD&marketplace=FLIPKART&q=dog+collar&store=p3t%2Fea3%2Fb1n&srno=s_1_2&otracker=search&fm=organic&iid=en_6hLpz_MXPhzqMwJvD7Fqu7flGPdWiCbltzQZxucrjgT07CT9iPLjyHVLdS4nxgeY-vlVPe8k5hk_VFBPRLy9f3YZoFRQFn7HC-GKBcEEwHNgT71_NaXPFZuiDfdf7LtR&ppt=None&ppn=None&ssid=7qp8bruvq80000001783424335453&qH=7e1db77825e65614&ov_redirect=true&ov_redirect=true,keyword_search,dog collar,2,False,132.0,399.0,67.0,3.9,,In Stock,nan,,ok,scrape,https://rukminim2.flixcart.com/image/612/612/l5iid8w0/pet-collar-harness/l/3/s/medium-black-combo-salethief-original-imagg6y9fkmf8ymu.jpeg?q=70,senapati,"SENAPATI Senapati Dog Combo Pack of Harness, Neck Collar Belt and Rope Set (Red, Medium) Dog Collar & Leash",collars_leashes
2026-07-07,flipkart,PCLE789ZFH3UZMKR,49947544e828ba08,https://www.flipkart.com/tommychew-regular-dog-everyday-collar/p/itme789z7vexgwab?pid=PCLE789ZFH3UZMKR&lid=LSTPCLE789ZFH3UZMKRG6E08M&marketplace=FLIPKART&q=dog+collar&store=p3t%2Fea3%2Fb1n&srno=s_1_3&otracker=search&fm=organic&iid=32c09fc5-3848-44a5-bce7-d16caa2396f9.PCLE789ZFH3UZMKR.SEARCH&ppt=None&ppn=None&ssid=7qp8bruvq80000001783424335453&qH=7e1db77825e65614&ov_redirect=true&ov_redirect=true,keyword_search,dog collar,3,False,97.0,252.0,62.0,4.1,,In Stock,nan,,ok,scrape,https://rukminim2.flixcart.com/image/612/612/pet-collar-harness/m/k/r/tmsc-20-tommychew-original-imae78rpdpuxbeu9.jpeg?q=70,tommychew,TommyChew Regular Dog Everyday Collar,collars_leashes
2026-07-07,flipkart,PCLGSKWU4BN8JYKM,841918ebe859fecb,https://www.flipkart.com/shagul-dog-show-collar/p/itm17b65b0767b7c?pid=PCLGSKWU4BN8JYKM&lid=LSTPCLGSKWU4BN8JYKMWUSGVA&marketplace=FLIPKART&q=dog+collar&store=p3t%2Fea3%2Fb1n&srno=s_1_4&otracker=search&fm=organic&iid=32c09fc5-3848-44a5-bce7-d16caa2396f9.PCLGSKWU4BN8JYKM.SEARCH&ppt=None&ppn=None&ssid=7qp8bruvq80000001783424335453&qH=7e1db77825e65614&ov_redirect=true&ov_redirect=true,keyword_search,dog collar,4,False,366.0,1200.0,70.0,4.0,,In Stock,nan,,ok,scrape,https://rukminim2.flixcart.com/image/612/612/xif0q/pet-collar-harness/d/v/3/large-23224-shagul-original-imagskwuzcxkahgm.jpeg?q=70,shagul,shagul Dog Show Collar,collars_leashes
2026-07-07,flipkart,PCLGRZ3FVNBJP9HD,60125487f602d3eb,https://www.flipkart.com/shagul-leather-dog-collar-all-breeds-64-cm-2inch-everyday/p/itm9701da26e842f?pid=PCLGRZ3FVNBJP9HD&lid=LSTPCLGRZ3FVNBJP9HDKYCDWM&marketplace=FLIPKART&q=dog+collar&store=p3t%2Fea3%2Fb1n&srno=s_1_5&otracker=search&fm=organic&iid=32c09fc5-3848-44a5-bce7-d16caa2396f9.PCLGRZ3FVNBJP9HD.SEARCH&ppt=None&ppn=None&ssid=7qp8bruvq80000001783424335453&qH=7e1db77825e65614&ov_redirect=true&ov_redirect=true,keyword_search,dog collar,5,False,205.0,700.0,71.0,4.3,,In Stock,nan,,ok,scrape,https://rukminim2.flixcart.com/image/612/612/xif0q/pet-collar-harness/u/3/s/large-1111-shagul-original-imagrz3fef5wwenh.jpeg?q=70,shagul,shagul leather dog collar all breeds{64 cm-2INCH} Dog Everyday Collar,collars_leashes
2026-07-07,flipkart,PCLG24GAX4ACFYW3,fbfd9f157b23c733,https://www.flipkart.com/senapati-belts-neck-rope-set-waterproof-medium-dog-collar-leash/p/itma185cd33c1a8b?pid=PCLG24GAX4ACFYW3&lid=LSTPCLG24GAX4ACFYW3R1JKB7&marketplace=FLIPKART&q=dog+collar&store=p3t%2Fea3%2Fb1n&srno=s_1_6&otracker=search&fm=organic&iid=en_6hLpz_MXPhzqMwJvD7Fqu7flGPdWiCbltzQZxucrjgRogdjCwmK8t46cmRVecoB_7wI22GkFQm-fXeQhlexktRVSGH5MTlcPJ9znQBgmaOCbykUNyBw1QK9OjNzdgbzO&ppt=None&ppn=None&ssid=7qp8bruvq80000001783424335453&qH=7e1db77825e65614&ov_redirect=true&ov_redirect=true,keyword_search,dog collar,6,False,112.0,599.0,81.0,3.8,,In Stock,nan,,ok,scrape,https://rukminim2.flixcart.com/image/612/612/kngd0nk0/pet-collar-harness/l/z/s/medium-dog-collar-and-rope-set-senapati-original-imag24g9d6xpbcfy.jpeg?q=70,senapati,"SENAPATI Belts Neck and Rope Set (Waterproof, Medium Dog Collar & Leash",collars_leashes
2026-07-07,flipkart,PCLG4Z3ZGEKHUVCC,020881c4759a213c,https://www.flipkart.com/hachiko-dog-collar-leash/p/itm7ecbfd0c37a71?pid=PCLG4Z3ZGEKHUVCC&lid=LSTPCLG4Z3ZGEKHUVCC12JG2B&marketplace=FLIPKART&q=dog+collar&store=p3t%2Fea3%2Fb1n&srno=s_1_7&otracker=search&fm=organic&iid=32c09fc5-3848-44a5-bce7-d16caa2396f9.PCLG4Z3ZGEKHUVCC.SEARCH&ppt=None&ppn=None&ssid=7qp8bruvq80000001783424335453&qH=7e1db77825e65614&ov_redirect=true&ov_redirect=true,keyword_search,dog collar,7,False,141.0,999.0,86.0,4.1,,In Stock,nan,,ok,scrape,https://rukminim2.flixcart.com/image/612/612/kr3tj0w0/pet-collar-harness/t/v/g/small-clrbkrdcmbomn3-hachiko-original-imag4z38ysvyyh6n.jpeg?q=70,hachiko,Hachiko Dog Collar & Leash,collars_leashes
2026-07-07,flipkart,PCLHZ6MZRU4F3GZK,c7e44d4711bf64eb,https://www.flipkart.com/pawdles-gold-finish-dog-chain-collar-dogs-18-inches-small-choke/p/itm5954f9934b649?pid=PCLHZ6MZRU4F3GZK&lid=LSTPCLHZ6MZRU4F3GZKTXJKDG&marketplace=FLIPKART&q=dog+collar&store=p3t%2Fea3%2Fb1n&srno=s_1_8&otracker=search&fm=organic&iid=32c09fc5-3848-44a5-bce7-d16caa2396f9.PCLHZ6MZRU4F3GZK.SEARCH&ppt=None&ppn=None&ssid=7qp8bruvq80000001783424335453&qH=7e1db77825e65614&ov_redirect=true&ov_redirect=true,keyword_search,dog collar,8,False,576.0,999.0,42.0,,,In Stock,nan,,ok,scrape,https://rukminim2.flixcart.com/image/612/612/xif0q/pet-collar-harness/q/f/v/small-gold-finish-dog-chain-collar-for-dogs-22-inches-medium-original-imahz6mrkchwujhg.jpeg?q=70,pawdles,pawdles Gold Finish Dog Chain Collar for Dogs| 18 Inches - Small | Dog Choke Chain Collar,collars_leashes
2026-07-07,flipkart,PCLG4Z3ZVJCAHEPJ,3f21f1ca5e3d561c,https://www.flipkart.com/hachiko-dog-everyday-collar/p/itm992132cf35618?pid=PCLG4Z3ZVJCAHEPJ&lid=LSTPCLG4Z3ZVJCAHEPJYUUY7M&marketplace=FLIPKART&q=dog+collar&store=p3t%2Fea3%2Fb1n&srno=s_1_9&otracker=search&fm=organic&iid=32c09fc5-3848-44a5-bce7-d16caa2396f9.PCLG4Z3ZVJCAHEPJ.SEARCH&ppt=None&ppn=None&ssid=7qp8bruvq80000001783424335453&qH=7e1db77825e65614&ov_redirect=true&ov_redirect=true,keyword_search,dog collar,9,False,185.0,899.0,79.0,4.1,,In Stock,nan,,ok,scrape,https://rukminim2.flixcart.com/image/612/612/kr3tj0w0/pet-collar-harness/b/8/a/small-clrbkcmbomn3-hachiko-original-imag4z2ssfurrxqz.jpeg?q=70,hachiko,Hachiko Dog Everyday Collar,collars_leashes
2026-07-07,flipkart,PCLG3XJ5PPXBTJGB,3f21f1ca5e3d561c,https://www.flipkart.com/hachiko-dog-everyday-collar/p/itm6e341c7505f9a?pid=PCLG3XJ5PPXBTJGB&lid=LSTPCLG3XJ5PPXBTJGBTGHT8A&marketplace=FLIPKART&q=dog+collar&store=p3t%2Fea3%2Fb1n&spotlightTagId=default_FkPickId_p3t%2Fea3%2Fb1n&srno=s_1_10&otracker=search&fm=organic&iid=32c09fc5-3848-44a5-bce7-d16caa2396f9.PCLG3XJ5PPXBTJGB.SEARCH&ppt=None&ppn=None&ssid=7qp8bruvq80000001783424335453&qH=7e1db77825e65614&ov_redirect=true&ov_redirect=true,keyword_search,dog collar,10,False,141.0,599.0,76.0,4.1,,In Stock,nan,,ok,scrape,https://rukminim2.flixcart.com/image/612/612/kq6yefk0/pet-collar-harness/8/y/9/medium-medblkc0-01-hachiko-original-imag49jhn7szgjnu.jpeg?q=70,hachiko,Hachiko Dog Everyday Collar,collars_leashes
2026-07-07,flipkart,PCLGFHZ5HZJDWZNV,f680f07a10b7932f,https://www.flipkart.com/senapati-dog-belts-neck-collar-leash-set-waterproof-medium-size-1-5m-2m-harness/p/itmffadee3b82295?pid=PCLGFHZ5HZJDWZNV&lid=LSTPCLGFHZ5HZJDWZNVUQKZLW&marketplace=FLIPKART&q=dog+collar&store=p3t%2Fea3%2Fb1n&srno=s_1_11&otracker=search&fm=organic&iid=en_6hLpz_MXPhzqMwJvD7Fqu7flGPdWiCbltzQZxucrjgTNvS4yQSZgmOUBxmZ2__O_daRMG3TaHXTBabsS_l1uNhVSGH5MTlcPJ9znQBgmaOCbykUNyBw1QK9OjNzdgbzO&ppt=None&ppn=None&ssid=7qp8bruvq80000001783424335453&qH=7e1db77825e65614&ov_redirect=true&ov_redirect=true,keyword_search,dog collar,11,False,127.0,799.0,84.0,3.8,,In Stock,nan,,ok,scrape,https://rukminim2.flixcart.com/image/612/612/kms2j680/pet-collar-harness/1/w/p/25-35-cm-dog-harness-and-rope-set-senapati-original-imagfhz5zhzueetz.jpeg?q=70,senapati,"SENAPATI Dog Belts Neck Collar and Leash Set (Waterproof, Medium, Leash Size 1.5M-2M) Dog Harness & Leash",collars_leashes
2026-07-07,flipkart,PCLHB3JJMNQXFUFG,ffb6c78643caf48a,https://www.flipkart.com/senapati-dog-collar-leash/p/itm02a33c983aa61?pid=PCLHB3JJMNQXFUFG&lid=LSTPCLHB3JJMNQXFUFGAIVYYA&marketplace=FLIPKART&q=dog+collar&store=p3t%2Fea3%2Fb1n&srno=s_1_12&otracker=search&fm=organic&iid=en_6hLpz_MXPhzqMwJvD7Fqu7flGPdWiCbltzQZxucrjgQd7K2ciRB_6lbGeRZLehqlGvJIEiQBpb6m8Fx61BitfRVSGH5MTlcPJ9znQBgmaOCbykUNyBw1QK9OjNzdgbzO&ppt=None&ppn=None&ssid=7qp8bruvq80000001783424335453&qH=7e1db77825e65614&ov_redirect=true&ov_redirect=true,keyword_search,dog collar,12,False,129.0,999.0,87.0,3.9,,In Stock,nan,,ok,scrape,https://rukminim2.flixcart.com/image/612/612/xif0q/pet-collar-harness/9/i/a/large-harness-3pc-decorvaiz-original-imah3nmx6e9hdgep.jpeg?q=70,senapati,SENAPATI Dog Collar & Leash,collars_leashes
2026-07-07,flipkart,PCLG4UGENXTF48T5,3f21f1ca5e3d561c,https://www.flipkart.com/hachiko-dog-everyday-collar/p/itm24dad456e5d06?pid=PCLG4UGENXTF48T5&lid=LSTPCLG4UGENXTF48T54EYG2F&marketplace=FLIPKART&q=dog+collar&store=p3t%2Fea3%2Fb1n&srno=s_1_13&otracker=search&fm=organic&iid=32c09fc5-3848-44a5-bce7-d16caa2396f9.PCLG4UGENXTF48T5.SEARCH&ppt=None&ppn=None&ssid=7qp8bruvq80000001783424335453&qH=7e1db77825e65614&ov_redirect=true&ov_redirect=true,keyword_search,dog collar,13,False,107.0,999.0,89.0,4.3,,In Stock,nan,,ok,scrape,https://rukminim2.flixcart.com/image/612/612/kqy3rm80/pet-collar-harness/e/e/y/medium-medarmclrmn2-hachiko-original-imag4ugdwdz4ksga.jpeg?q=70,hachiko,Hachiko Dog Everyday Collar,collars_leashes
2026-07-07,flipkart,PCLG3XBEMVQCZTDF,c42fd2679b1063f6,https://www.flipkart.com/hachiko-dog-choke-chain-collar/p/itm848fc71efe841?pid=PCLG3XBEMVQCZTDF&lid=LSTPCLG3XBEMVQCZTDFRVTTY6&marketplace=FLIPKART&q=dog+collar&store=p3t%2Fea3%2Fb1n&srno=s_1_14&otracker=search&fm=organic&iid=32c09fc5-3848-44a5-bce7-d16caa2396f9.PCLG3XBEMVQCZTDF.SEARCH&ppt=None&ppn=None&ssid=7qp8bruvq80000001783424335453&qH=7e1db77825e65614&ov_redirect=true&ov_redirect=true,keyword_search,dog collar,14,False,151.0,599.0,75.0,4.2,,In Stock,nan,,ok,scrape,https://rukminim2.flixcart.com/image/612/612/kpr8k280/pet-collar-harness/7/9/z/medium-medblkchok0-01-hachiko-original-imag3xbehpzxtrgz.jpeg?q=70,hachiko,Hachiko Dog Choke Chain Collar,collars_leashes
2026-07-07,flipkart,PCLG3XJ57GTYE36D,3f21f1ca5e3d561c,https://www.flipkart.com/hachiko-dog-everyday-collar/p/itmb674096afdc4d?pid=PCLG3XJ57GTYE36D&lid=LSTPCLG3XJ57GTYE36DNJLQOM&marketplace=FLIPKART&q=dog+collar&store=p3t%2Fea3%2Fb1n&srno=s_1_15&otracker=search&fm=organic&iid=32c09fc5-3848-44a5-bce7-d16caa2396f9.PCLG3XJ57GTYE36D.SEARCH&ppt=None&ppn=None&ssid=7qp8bruvq80000001783424335453&qH=7e1db77825e65614&ov_redirect=true&ov_redirect=true,keyword_search,dog collar,15,False,134.0,599.0,78.0,4.1,,In Stock,nan,,ok,scrape,https://rukminim2.flixcart.com/image/612/612/kq6yefk0/pet-collar-harness/z/f/4/small-smalbluc0-01-hachiko-original-imag49a6edx5gfgh.jpeg?q=70,hachiko,Hachiko Dog Everyday Collar,collars_leashes
2026-07-07,flipkart,PCLHHFFDBAKHH4FU,7630ba21db156878,https://www.flipkart.com/woofyplanet-pet-nylon-adjustable-reflective-padded-radium-neck-collars-pack-2-dog-everyday-collar/p/itm518caafcd59ee?pid=PCLHHFFDBAKHH4FU&lid=LSTPCLHHFFDBAKHH4FUAUMSYJ&marketplace=FLIPKART&q=dog+collar&store=p3t%2Fea3%2Fb1n&srno=s_1_16&otracker=search&fm=organic&iid=32c09fc5-3848-44a5-bce7-d16caa2396f9.PCLHHFFDBAKHH4FU.SEARCH&ppt=None&ppn=None&ssid=7qp8bruvq80000001783424335453&qH=7e1db77825e65614&ov_redirect=true&ov_redirect=true,keyword_search,dog collar,16,False,143.0,599.0,76.0,4.1,,In Stock,nan,,ok,scrape,https://rukminim2.flixcart.com/image/612/612/xif0q/pet-collar-harness/m/s/a/medium-wp-r-dog-collar-woofyplanet-original-imahnkefm2ggkw8z.jpeg?q=70,woofyplanet,WoofyPlanet Pet Nylon Adjustable Reflective Padded Radium Neck Collars – Pack of 2 Dog Everyday Collar,collars_leashes
2026-07-07,flipkart,PCLH4ZHRSYZMHJPZ,ad71024eb3bfc54c,https://www.flipkart.com/subaka-dog-double-body-harness-all-breed-sizes-buckle/p/itm889f3e0782437?pid=PCLH4ZHRSYZMHJPZ&lid=LSTPCLH4ZHRSYZMHJPZVENRC3&marketplace=FLIPKART&q=dog+harness&store=p3t%2Fea3%2Fb1n&srno=s_1_2&otracker=search&fm=organic&iid=en_rkj1bJkHAH3RMK1ir1ZvYsaeeN04IQ9hS1LEn75zpE1rM2F4kOoFSVs48yAF4KAu80uoDJ78t-9f-fPv5RygdtJRb94JWO3bgoZ9f1f8Iekek9DpNCCPdPclD6AiVfu2&ppt=None&ppn=None&ssid=sckxvcab7k0000001783424343657&qH=c997f489fc4d5035&ov_redirect=true&ov_redirect=true,keyword_search,dog harness,2,False,372.0,1899.0,80.0,3.8,,In Stock,nan,,ok,scrape,https://rukminim2.flixcart.com/image/612/612/xif0q/pet-collar-harness/w/i/e/large-double-body-dog-harness-subaka-original-imahkzw6qstt24e2.jpeg?q=70,subaka,Subaka Dog Double Body Harness For All Breed Dog Sizes Dog Buckle Harness,collars_leashes
2026-07-07,flipkart,PCLGHAF6VQFYGY8F,d5dc0d4b6790f1c2,https://www.flipkart.com/senapati-dog-collar-chain/p/itm1b55624589abd?pid=PCLGHAF6VQFYGY8F&lid=LSTPCLGHAF6VQFYGY8FNJF8RZ&marketplace=FLIPKART&q=dog+collar&store=p3t%2Fea3%2Fb1n&srno=s_1_18&otracker=search&fm=organic&iid=en_6hLpz_MXPhzqMwJvD7Fqu7flGPdWiCbltzQZxucrjgRCV-33mC7HI7ZOQBD8SrLUrM2PDB5wAB0Xkl4ldUnneRVSGH5MTlcPJ9znQBgmaOCbykUNyBw1QK9OjNzdgbzO&ppt=None&ppn=None&ssid=7qp8bruvq80000001783424335453&qH=7e1db77825e65614&ov_redirect=true&ov_redirect=true,keyword_search,dog collar,18,False,143.0,499.0,71.0,4.0,,In Stock,nan,,ok,scrape,https://rukminim2.flixcart.com/image/612/612/xif0q/pet-collar-harness/4/h/z/medium-combo-chain-and-belt-collar-senapati-original-imaghaf6mbzdwm4f.jpeg?q=70,senapati,SENAPATI Dog Collar & Chain,collars_leashes
2026-07-07,flipkart,PCLG3XJ5WR4MFDDG,3f21f1ca5e3d561c,https://www.flipkart.com/hachiko-dog-everyday-collar/p/itmb674096afdc4d?pid=PCLG3XJ5WR4MFDDG&lid=LSTPCLG3XJ5WR4MFDDGWTSVNQ&marketplace=FLIPKART&q=dog+collar&store=p3t%2Fea3%2Fb1n&srno=s_1_20&otracker=search&fm=organic&iid=32c09fc5-3848-44a5-bce7-d16caa2396f9.PCLG3XJ5WR4MFDDG.SEARCH&ppt=None&ppn=None&ssid=7qp8bruvq80000001783424335453&qH=7e1db77825e65614&ov_redirect=true&ov_redirect=true,keyword_search,dog collar,20,False,107.0,599.0,82.0,4.1,,In Stock,nan,,ok,scrape,https://rukminim2.flixcart.com/image/612/612/kq6yefk0/pet-collar-harness/z/f/4/small-smalbluc0-01-hachiko-original-imag49a6edx5gfgh.jpeg?q=70,hachiko,Hachiko Dog Everyday Collar,collars_leashes
2026-07-07,flipkart,PCLGWNKQZDSQVVDX,2731706c8ce9d6fe,https://www.flipkart.com/buraq-escape-proof-no-pull-cat-harness-leash-2-pcs-collar/p/itmff57215b2c959?pid=PCLGWNKQZDSQVVDX&lid=LSTPCLGWNKQZDSQVVDXIIY0CL&marketplace=FLIPKART&q=cat+collar&store=p3t&srno=s_1_3&otracker=search&fm=organic&iid=97d963cc-803d-4934-929b-135709a63dac.PCLGWNKQZDSQVVDX.SEARCH&ppt=None&ppn=None&ssid=dl7gz1mpu80000001783424338174&qH=831161a82e2648a4&ov_redirect=true&ov_redirect=true,keyword_search,cat collar,1,False,220.0,1299.0,83.0,4.0,,In Stock,nan,,ok,scrape,https://rukminim2.flixcart.com/image/612/612/xif0q/pet-collar-harness/o/4/1/small-cat-harness-with-leash-2-pcs-cat-collar-buraq-original-imah6f5ghtht7xke.jpeg?q=70,buraq,Buraq Escape Proof No Pull Cat Harness with Leash & 2 Pcs Cat Collar Cat Harness & Leash,collars_leashes
2026-07-07,flipkart,PCLHFHH2HAVJYWND,30eddd805a31d191,https://www.flipkart.com/aomnistore-2pcs-adjustable-small-pets-cute-bow-tie-collar-puppies-cats-stylish-belt-dog-cat-everyday/p/itm27133ca86acc1?pid=PCLHFHH2HAVJYWND&lid=LSTPCLHFHH2HAVJYWNDF3ZXYX&marketplace=FLIPKART&q=cat+collar&store=p3t&srno=s_1_2&otracker=search&fm=organic&iid=en_uijc9Bi5n3Dl9T-2slMJU4lI_nrzDjpQIgub2MXjcKjKclbnVUzBmq1IDoaw54c5Flp2L_KhKRO9S_Yhs4Hmfj4KsbAEMh2K-8RrORfomoFYSE1StJQNHf2hemS1kOKu&ppt=None&ppn=None&ssid=dl7gz1mpu80000001783424338174&qH=831161a82e2648a4&ov_redirect=true&ov_redirect=true,keyword_search,cat collar,2,False,114.0,399.0,71.0,4.0,,In Stock,nan,,ok,scrape,https://rukminim2.flixcart.com/image/612/612/xif0q/pet-collar-harness/l/d/o/small-aao2bowtie-aomni-store-original-imahfhh2gb9twrce.jpeg?q=70,aomnistore,AomniStore 2pcs Adjustable Small Pets Cute Bow-Tie Collar for Puppies & Cats - Stylish Belt Dog & Cat Everyday Collar,collars_leashes
2026-07-07,flipkart,PCLGQ2W6BH38B9FV,3c68bcbc9470ec25,https://www.flipkart.com/buraq-cat-harness-full-body-leash-set-walking-escape-proof-buckle/p/itm1f4503a21a20b?pid=PCLGQ2W6BH38B9FV&lid=LSTPCLGQ2W6BH38B9FVUOCZMR&marketplace=FLIPKART&q=cat+collar&store=p3t&srno=s_1_4&otracker=search&fm=organic&iid=97d963cc-803d-4934-929b-135709a63dac.PCLGQ2W6BH38B9FV.SEARCH&ppt=None&ppn=None&ssid=dl7gz1mpu80000001783424338174&qH=831161a82e2648a4&ov_redirect=true&ov_redirect=true,keyword_search,cat collar,4,False,125.0,624.0,80.0,3.9,,In Stock,nan,,ok,scrape,https://rukminim2.flixcart.com/image/612/612/xif0q/pet-collar-harness/a/u/b/45-66-cm-no-pull-cat-hrns-plain-buraq-pets-original-imahkvsgkddcnf9p.jpeg?q=70,buraq,Buraq Cat Harness Full Body With Leash Set - For Walking | Escape Proof Cat Buckle Harness,collars_leashes
2026-07-07,flipkart,PCLHDMCXWNWAYTWR,d9f63b646448dc80,https://www.flipkart.com/aomnistore-set-4pcs-breakaway-puppy-belt-adjustable-cat-collar-bell-safety-buckle-dog-everyday/p/itme33143c91679f?pid=PCLHDMCXWNWAYTWR&lid=LSTPCLHDMCXWNWAYTWRL3E2V6&marketplace=FLIPKART&q=cat+collar&store=p3t&srno=s_1_5&otracker=search&fm=organic&iid=97d963cc-803d-4934-929b-135709a63dac.PCLHDMCXWNWAYTWR.SEARCH&ppt=None&ppn=None&ssid=dl7gz1mpu80000001783424338174&qH=831161a82e2648a4&ov_redirect=true&ov_redirect=true,keyword_search,cat collar,5,False,151.0,499.0,70.0,4.1,,In Stock,nan,,ok,scrape,https://rukminim2.flixcart.com/image/612/612/xif0q/pet-collar-harness/u/l/v/small-catcollar3-tore-smni-oa-original-imahdgcyfnxxhexh.jpeg?q=70,aomnistore,AomniStore Set of 4pcs Breakaway Puppy Belt Adjustable Cat Collar with Bell Safety Buckle Dog & Cat Everyday Collar,collars_leashes
2026-07-07,flipkart,PCLHMBXEEDP7XW6Q,44b0294e782b1260,https://www.flipkart.com/cottoncat-cat-harness-leash/p/itm30e8e31a8c341?pid=PCLHMBXEEDP7XW6Q&lid=LSTPCLHMBXEEDP7XW6QYJCLLU&marketplace=FLIPKART&q=cat+collar&store=p3t&srno=s_1_6&otracker=search&fm=organic&iid=en_uijc9Bi5n3Dl9T-2slMJU4lI_nrzDjpQIgub2MXjcKiRNPDNAGALESBvKMH_0m2NbW6aoaVsYjkM6_7dJsRYWNr7UNOwmzCLoSln22P3egqasryb_0xGZ9CurSNqmvxT&ppt=None&ppn=None&ssid=dl7gz1mpu80000001783424338174&qH=831161a82e2648a4&ov_redirect=true&ov_redirect=true,keyword_search,cat collar,6,False,301.0,999.0,70.0,,,In Stock,nan,,ok,scrape,https://rukminim2.flixcart.com/image/612/612/xif0q/pet-collar-harness/v/c/c/small-cat-pro-harness-with-leash-cottoncat-original-imahmbxehanscf6m.jpeg?q=70,cottoncat,CottonCat Cat Harness & Leash,collars_leashes
2026-07-07,flipkart,PCLGHK32ZSJHV9CG,dcec2be0a2246875,https://www.flipkart.com/buraq-pet-collar-harness-cat-break-away/p/itm3f783a9b9ce2c?pid=PCLGHK32ZSJHV9CG&lid=LSTPCLGHK32ZSJHV9CGT0STAG&marketplace=FLIPKART&q=cat+collar&store=p3t&srno=s_1_7&otracker=search&fm=organic&iid=97d963cc-803d-4934-929b-135709a63dac.PCLGHK32ZSJHV9CG.SEARCH&ppt=None&ppn=None&ssid=dl7gz1mpu80000001783424338174&qH=831161a82e2648a4&ov_redirect=true&ov_redirect=true,keyword_search,cat collar,7,False,129.0,499.0,74.0,4.2,,In Stock,nan,,ok,scrape,https://rukminim2.flixcart.com/image/612/612/xif0q/pet-collar-harness/e/4/q/small-4-pcs-plain-collar-buraq-original-imahhj4wnwveprjw.jpeg?q=70,buraq,Buraq pet collar harness Cat Break Away Collar,collars_leashes
2026-07-07,flipkart,PCLHNMG3YFSEG4NZ,bef9575abccb8bd5,https://www.flipkart.com/petra-pet-glossy-collar-small-cat-kitten-puppy-small-size-dog-adjustable-everyday/p/itm52e59a535b7bf?pid=PCLHNMG3YFSEG4NZ&lid=LSTPCLHNMG3YFSEG4NZY0AHED&marketplace=FLIPKART&q=cat+collar&store=p3t&srno=s_1_8&otracker=search&fm=organic&iid=97d963cc-803d-4934-929b-135709a63dac.PCLHNMG3YFSEG4NZ.SEARCH&ppt=None&ppn=None&ssid=dl7gz1mpu80000001783424338174&qH=831161a82e2648a4&ov_redirect=true&ov_redirect=true,keyword_search,cat collar,8,False,117.0,399.0,71.0,,,In Stock,nan,,ok,scrape,https://rukminim2.flixcart.com/image/612/612/xif0q/pet-collar-harness/i/t/3/small-51244-petra-original-imahnmg3yt8z2zbh.jpeg?q=70,petra,"PETRA Pet Glossy Collar For Small Cat , Kitten , Puppy ,Small Size dog Adjustable Dog & Cat Everyday Collar",collars_leashes
2026-07-07,flipkart,PCCGFDEYTWDECZEH,c1fdefc809adaeca,https://www.flipkart.com/buraq-reflective-cat-collar-set-2-bell-adjustable-breakaway-all-breeds-charm/p/itm46a5754796a9a?pid=PCCGFDEYTWDECZEH&lid=LSTPCCGFDEYTWDECZEHNSUBS0&marketplace=FLIPKART&q=cat+collar&store=p3t&srno=s_1_9&otracker=search&fm=organic&iid=97d963cc-803d-4934-929b-135709a63dac.PCCGFDEYTWDECZEH.SEARCH&ppt=None&ppn=None&ssid=dl7gz1mpu80000001783424338174&qH=831161a82e2648a4&ov_redirect=true&ov_redirect=true,keyword_search,cat collar,9,False,109.0,499.0,78.0,4.1,,In Stock,nan,,ok,scrape,https://rukminim2.flixcart.com/image/612/612/xif0q/pet-collar-charm/c/o/n/1-reflective-cat-collar-buraq-original-imahhj55sg4qkv6c.jpeg?q=70,buraq,Buraq Reflective Cat Collar Set of 2 | Bell | Adjustable | Breakaway | All Breeds Bell Cat Collar Charm,collars_leashes
2026-07-07,flipkart,PCLHDGCYVCHCZGVU,ff797967fd7f320b,https://www.flipkart.com/tore-smni-oa-set-3pcs-pet-10mm-belt-neck-collar-bell-strap-cats-puppies-dog-cat-everyday/p/itm105d681d84646?pid=PCLHDGCYVCHCZGVU&lid=LSTPCLHDGCYVCHCZGVUKCKKEB&marketplace=FLIPKART&q=cat+collar&store=p3t&srno=s_1_10&otracker=search&fm=organic&iid=97d963cc-803d-4934-929b-135709a63dac.PCLHDGCYVCHCZGVU.SEARCH&ppt=None&ppn=None&ssid=dl7gz1mpu80000001783424338174&qH=831161a82e2648a4&ov_redirect=true&ov_redirect=true,keyword_search,cat collar,10,False,130.0,499.0,74.0,4.0,,In Stock,nan,,ok,scrape,https://rukminim2.flixcart.com/image/612/612/xif0q/pet-collar-harness/4/o/q/small-catcollar3-tore-smni-oa-original-imahdmutgjsvndvw.jpeg?q=70,tore,tore Smni oA Set of 3pcs pet 10mm belt neck collar with bell neck strap for cats and puppies Dog & Cat Everyday Collar,collars_leashes
2026-07-07,flipkart,PCLHZSTCHH4ZFMHM,1c4f9270063e1926,https://www.flipkart.com/pethub-cat-harness-buckle/p/itme7415b0d61c29?pid=PCLHZSTCHH4ZFMHM&lid=LSTPCLHZSTCHH4ZFMHM63MOL1&marketplace=FLIPKART&q=cat+collar&store=p3t&srno=s_1_11&otracker=search&fm=organic&iid=en_uijc9Bi5n3Dl9T-2slMJU4lI_nrzDjpQIgub2MXjcKjnB91kOAB4ewXlNCX3PwGomWW22ko6ZEQmwkkEMBGhZm4czRJgDdUTaFYkEo34wu6asryb_0xGZ9CurSNqmvxT&ppt=None&ppn=None&ssid=dl7gz1mpu80000001783424338174&qH=831161a82e2648a4&ov_redirect=true&ov_redirect=true,keyword_search,cat collar,11,False,148.0,399.0,63.0,,,In Stock,nan,,ok,scrape,https://rukminim2.flixcart.com/image/612/612/xif0q/pet-collar-harness/x/u/2/extra-small-cat-harness-pethub-original-imahzstbch5jjfze.jpeg?q=70,pethub,Pethub cat harness Cat Buckle Harness,collars_leashes
2026-07-07,flipkart,PCLHDXVFCMTKKPYH,009be159b01eb59b,https://www.flipkart.com/berlin-s-escape-proof-no-pull-cat-harness-leash-outdoor-walking/p/itm1f8040b4819f3?pid=PCLHDXVFCMTKKPYH&lid=LSTPCLHDXVFCMTKKPYHSK0WIP&marketplace=FLIPKART&q=cat+collar&store=p3t&srno=s_1_12&otracker=search&fm=organic&iid=en_uijc9Bi5n3Dl9T-2slMJU4lI_nrzDjpQIgub2MXjcKhb8DPiZtJdap2zMbg2eRsxfZQ5J3Q-YiHIknfct6oz84l15QdzE04e1niXaAwjCcyasryb_0xGZ9CurSNqmvxT&ppt=None&ppn=None&ssid=dl7gz1mpu80000001783424338174&qH=831161a82e2648a4&ov_redirect=true&ov_redirect=true,keyword_search,cat collar,12,False,232.0,1299.0,82.0,3.7,,In Stock,nan,,ok,scrape,https://rukminim2.flixcart.com/image/612/612/xif0q/pet-collar-harness/g/4/x/medium-cat-harness-with-leash-for-outdoor-walking-berlin-s-original-imahezeygutqm4wu.jpeg?q=70,berlins,"Berlin's Escape Proof No Pull Cat Harness with Leash for Outdoor, Walking Cat Harness Cat Harness & Leash",collars_leashes
2026-07-07,flipkart,PCLGK6ZDEACTSRJP,1a35b844d40d2e6a,https://www.flipkart.com/buraq-reflective-cat-harness-leash-set-walking-escape-proof/p/itm5fe6c96d1b7c9?pid=PCLGK6ZDEACTSRJP&lid=LSTPCLGK6ZDEACTSRJPILJNXQ&marketplace=FLIPKART&q=cat+collar&store=p3t&srno=s_1_13&otracker=search&fm=organic&iid=97d963cc-803d-4934-929b-135709a63dac.PCLGK6ZDEACTSRJP.SEARCH&ppt=None&ppn=None&ssid=dl7gz1mpu80000001783424338174&qH=831161a82e2648a4&ov_redirect=true&ov_redirect=true,keyword_search,cat collar,13,False,154.0,699.0,78.0,3.9,,In Stock,nan,,ok,scrape,https://rukminim2.flixcart.com/image/612/612/xif0q/pet-collar-harness/a/h/q/medium-harness-set-for-cats-buraq-original-imagk6zd5dwkrfzy.jpeg?q=70,buraq,"Buraq Reflective Cat Harness with Leash Set for Walking , Escape Proof Cat Harness & Leash",collars_leashes
2026-07-07,flipkart,PCLHEU9JPMQZMSTB,81d0ba60184c2610,https://www.flipkart.com/aomnistore-2pcs-perfect-cute-print-cat-collar-indoor-outdoor-use-adjustable-belt-dog-everyday/p/itm4ed8e4588e629?pid=PCLHEU9JPMQZMSTB&lid=LSTPCLHEU9JPMQZMSTBGC3PKA&marketplace=FLIPKART&q=cat+collar&store=p3t&srno=s_1_14&otracker=search&fm=organic&iid=97d963cc-803d-4934-929b-135709a63dac.PCLHEU9JPMQZMSTB.SEARCH&ppt=None&ppn=None&ssid=dl7gz1mpu80000001783424338174&qH=831161a82e2648a4&ov_redirect=true&ov_redirect=true,keyword_search,cat collar,14,False,115.0,499.0,77.0,4.2,,In Stock,nan,,ok,scrape,https://rukminim2.flixcart.com/image/612/612/xif0q/pet-collar-harness/e/n/7/small-2pccatcollar-aomni-store-original-imahmayvbqa9hfgj.jpeg?q=70,aomnistore,AomniStore 2Pcs Perfect Cute Print Cat Collar for Indoor & Outdoor Use Adjustable Cat Belt Dog & Cat Everyday Collar,collars_leashes
2026-07-07,flipkart,PCLG4NZHQFSG9TXB,fa08a6e5e5646845,https://www.flipkart.com/buraq-cat-harness-full-body-leash-set-walking-escape-proof-buckle/p/itmce16cbf26759f?pid=PCLG4NZHQFSG9TXB&lid=LSTPCLG4NZHQFSG9TXBRVIK1A&marketplace=FLIPKART&q=cat+collar&store=p3t&srno=s_1_15&otracker=search&fm=organic&iid=97d963cc-803d-4934-929b-135709a63dac.PCLG4NZHQFSG9TXB.SEARCH&ppt=None&ppn=None&ssid=dl7gz1mpu80000001783424338174&qH=831161a82e2648a4&ov_redirect=true&ov_redirect=true,keyword_search,cat collar,15,False,93.0,635.0,85.0,3.9,,In Stock,nan,,ok,scrape,https://rukminim2.flixcart.com/image/612/612/xif0q/pet-collar-harness/l/0/d/medium-nylon-leash-with-full-body-harness-set-for-cats-original-imah3ga5cvzjrmjf.jpeg?q=70,buraq,Buraq Cat Harness Full Body With Leash Set - For Walking | Escape Proof Cat Buckle Harness,collars_leashes
2026-07-07,flipkart,PCLH2W3G8ZVXGNGD,dcec2be0a2246875,https://www.flipkart.com/buraq-pet-collar-harness-cat-break-away/p/itmfc2004a72b2f7?pid=PCLH2W3G8ZVXGNGD&lid=LSTPCLH2W3G8ZVXGNGD1XLAMB&marketplace=FLIPKART&q=cat+collar&store=p3t&srno=s_1_16&otracker=search&fm=organic&iid=97d963cc-803d-4934-929b-135709a63dac.PCLH2W3G8ZVXGNGD.SEARCH&ppt=None&ppn=None&ssid=dl7gz1mpu80000001783424338174&qH=831161a82e2648a4&ov_redirect=true&ov_redirect=true,keyword_search,cat collar,16,False,146.0,499.0,71.0,4.3,,In Stock,nan,,ok,scrape,https://rukminim2.flixcart.com/image/612/612/xif0q/pet-collar-harness/v/b/a/small-4-pcs-printed-collar-buraq-original-imahhj4xeztafftm.jpeg?q=70,buraq,Buraq pet collar harness Cat Break Away Collar,collars_leashes
2026-07-07,flipkart,PCLGRT6F6MMJ75TC,5c11e2aa95d2abd9,https://www.flipkart.com/buraq-cat-collar-set-4-nylon-bell-adjustable-breakaway-safe-all-breeds-break-away/p/itm9d0fe689c04fc?pid=PCLGRT6F6MMJ75TC&lid=LSTPCLGRT6F6MMJ75TCGUWLCD&marketplace=FLIPKART&q=cat+collar&store=p3t&srno=s_1_17&otracker=search&fm=organic&iid=en_uijc9Bi5n3Dl9T-2slMJU4lI_nrzDjpQIgub2MXjcKgtHRSBR9Lt8BYgsZcFxOPlimUu_Q2fUbX1zVnJoqaudaenHugaCy8ltNwSgg7luo5AqUGekuY6S8n4rPMkyDKa&ppt=None&ppn=None&ssid=dl7gz1mpu80000001783424338174&qH=831161a82e2648a4&ov_redirect=true&ov_redirect=true,keyword_search,cat collar,17,False,146.0,499.0,71.0,4.2,,In Stock,nan,,ok,scrape,https://rukminim2.flixcart.com/image/612/612/xif0q/pet-collar-harness/k/l/b/medium-4-plain-collar-buraq-original-imahhj4w7fhgdk44.jpeg?q=70,buraq,Buraq Cat Collar Set of 4 | Nylon | Bell | Adjustable | Breakaway Safe| All Cat Breeds Cat Break Away Collar,collars_leashes
2026-07-07,flipkart,PCCG9HZZ8QGZGUWS,4ee7d9098cd5ecc2,https://www.flipkart.com/dogtrust-bell-cat-collar-charm/p/itm2eae01a50f1e4?pid=PCCG9HZZ8QGZGUWS&lid=LSTPCCG9HZZ8QGZGUWS3TTCY8&marketplace=FLIPKART&q=cat+collar&store=p3t&srno=s_1_18&otracker=search&fm=organic&iid=en_uijc9Bi5n3Dl9T-2slMJU4lI_nrzDjpQIgub2MXjcKgIZmJNy0_nnZe_ykCMUqx92PtGS3q7KFTWb_b9IRmN7qI9Z9LuNBMUAOZdZ7wNS_masryb_0xGZ9CurSNqmvxT&ppt=None&ppn=None&ssid=dl7gz1mpu80000001783424338174&qH=831161a82e2648a4&ov_redirect=true&ov_redirect=true,keyword_search,cat collar,18,False,167.0,899.0,81.0,4.0,,In Stock,nan,,ok,scrape,https://rukminim2.flixcart.com/image/612/612/kx25ksw0/pet-collar-charm/2/k/a/cat-collars-set-of-2-breakaway-with-bell-and-bow-kitten-and-original-imag9hzzvzxdyzns.jpeg?q=70,dogtrust,DogTrust Bell Cat Collar Charm,collars_leashes
2026-07-07,flipkart,PCLHZBHDUXWGBJG4,9df06c13d89db5f3,https://www.flipkart.com/gustave-adjustable-airtag-cat-collar-safety-buckle-secure-silicone-holder-break-away/p/itmf7d5564d7dd8d?pid=PCLHZBHDUXWGBJG4&lid=LSTPCLHZBHDUXWGBJG4IZHWK7&marketplace=FLIPKART&q=cat+collar&store=p3t&srno=s_1_19&otracker=search&fm=organic&iid=97d963cc-803d-4934-929b-135709a63dac.PCLHZBHDUXWGBJG4.SEARCH&ppt=None&ppn=None&ssid=dl7gz1mpu80000001783424338174&qH=831161a82e2648a4&ov_redirect=true&ov_redirect=true,keyword_search,cat collar,19,False,500.0,789.0,37.0,,,In Stock,nan,,ok,scrape,https://rukminim2.flixcart.com/image/612/612/xif0q/pet-collar-harness/y/k/r/25-35-cm-airtag-cat-collar-with-safety-holder-gustave-original-imahzaz44zyq5qg8.jpeg?q=70,gustave,gustave Adjustable AirTag cat collar with safety buckle and secure silicone holder Cat Break Away Collar,collars_leashes
2026-07-07,flipkart,PCLHMGTJJ5AGEFYN,7ebfab9a5c009339,https://www.flipkart.com/arima-reflective-collar-leash-premium-quality-bell-dog-cat/p/itm4e3e1a089d504?pid=PCLHMGTJJ5AGEFYN&lid=LSTPCLHMGTJJ5AGEFYN6EDHLQ&marketplace=FLIPKART&q=cat+collar&store=p3t&srno=s_1_20&otracker=search&fm=organic&iid=97d963cc-803d-4934-929b-135709a63dac.PCLHMGTJJ5AGEFYN.SEARCH&ppt=None&ppn=None&ssid=dl7gz1mpu80000001783424338174&qH=831161a82e2648a4&ov_redirect=true&ov_redirect=true,keyword_search,cat collar,20,False,113.0,499.0,77.0,3.9,,In Stock,nan,,ok,scrape,https://rukminim2.flixcart.com/image/612/612/xif0q/pet-collar-harness/2/c/u/extra-small-reflector-set-xs-arima-original-imahmgtjympg54zf.jpeg?q=70,arima,ARIMA Reflective Collar and leash with premium quality bell Dog & Cat Collar & Leash,collars_leashes
2026-07-07,flipkart,PCLGHAF6HEGZW3SK,c4c5ab9296e7856d,https://www.flipkart.com/senapati-combo-dog-chain-leash-collar-belt-set-1-inch-medium/p/itm1b55624589abd?pid=PCLGHAF6HEGZW3SK&lid=LSTPCLGHAF6HEGZW3SK0DAMP9&marketplace=FLIPKART&q=dog+leash&store=p3t%2Fea3%2Fpmw&srno=s_1_1&otracker=search&fm=organic&iid=en_OKxDfikeA80ux8kpWkJ7YFWv_8bLyKuB-h6wuO874rllICL21JW-DEdzemqP85Tog0mLW1G45qQJRslAR9-s63YZoFRQFn7HC-GKBcEEwHNBcF63ns1PjL3xjyx2U2cF&ppt=None&ppn=None&ssid=c2vsj1dnb40000001783424340877&qH=b0e743e99781d2ae&ov_redirect=true&ov_redirect=true,keyword_search,dog leash,1,False,141.0,499.0,72.0,4.0,,In Stock,nan,,ok,scrape,https://rukminim2.flixcart.com/image/612/612/xif0q/pet-collar-harness/a/q/h/medium-combo-chain-and-belt-collar-senapati-original-imaghaf5g5cpzsdm.jpeg?q=70,senapati,SENAPATI Combo Dog Chain Leash Collar & Belt Set 1 inch Medium Dog Collar & Chain,collars_leashes
2026-07-07,flipkart,PLNGSRZBKKJGW8HN,01f2079a9d39c93e,https://www.flipkart.com/senapati-164-cm-dog-cord-leash/p/itmf3aead337e2a9?pid=PLNGSRZBKKJGW8HN&lid=LSTPLNGSRZBKKJGW8HNCLLPM3&marketplace=FLIPKART&q=retractable+dog+leash&store=p3t%2Fea3%2Fpmw&srno=s_1_1&otracker=search&fm=organic&iid=en_3EweRagYPR3DtACMobRBYQqK0iJtHCDxNYux26EZwPLBVCwH3T3Ch447WQoSy0eaBB7q8oW9sdZaJR7WsYlIBXYZoFRQFn7HC-GKBcEEwHOdwx0B_FhFbL1xvNWtdqcr&ppt=None&ppn=None&ssid=4smcf9y8000000001783424346329&qH=bbc46b35e332125e&ov_redirect=true&ov_redirect=true,keyword_search,retractable dog leash,1,False,127.0,449.0,72.0,4.1,,In Stock,nan,,ok,scrape,https://rukminim2.flixcart.com/image/612/612/xif0q/pet-leash-chain/g/w/h/14140-senapati-original-imagsrzbdsyexazg.jpeg?q=70,senapati,SENAPATI 164 cm Dog Cord Leash,collars_leashes
2026-07-07,flipkart,PLNFYZ5VYFJRXVJX,2e19f0621749f00f,https://www.flipkart.com/smart-doggie-dog-collar-nylon-chain-small-not-puppy-25-cm-leash/p/itm375c71ab26890?pid=PLNFYZ5VYFJRXVJX&lid=LSTPLNFYZ5VYFJRXVJXRZQQU6&marketplace=FLIPKART&q=dog+leash&store=p3t%2Fea3%2Fpmw&spotlightTagId=default_FkPickId_p3t%2Fea3%2Fpmw&srno=s_1_3&otracker=search&fm=organic&iid=b8417349-ae6c-4b7f-a2f6-0b0bd52f98fc.PLNFYZ5VYFJRXVJX.SEARCH&ppt=None&ppn=None&ssid=c2vsj1dnb40000001783424340877&qH=b0e743e99781d2ae&ov_redirect=true&ov_redirect=true,keyword_search,dog leash,3,False,153.0,497.0,69.0,4.0,,In Stock,nan,,ok,scrape,https://rukminim2.flixcart.com/image/612/612/xif0q/pet-leash-chain/r/6/k/dog-chain-dog-collar-chain-for-puppy-dog-smart-doggie-original-imahbactj2wqagxe.jpeg?q=70,smart,Smart Doggie Smart Doggie Dog Collar Nylon with chain For Small Dog NOT FOR PUPPY 25 cm Dog Chain Leash,collars_leashes
2026-07-07,flipkart,PLNGSRNZHWHNGYNW,01f2079a9d39c93e,https://www.flipkart.com/senapati-164-cm-dog-cord-leash/p/itm13b542d686d2c?pid=PLNGSRNZHWHNGYNW&lid=LSTPLNGSRNZHWHNGYNWOV67JU&marketplace=FLIPKART&q=dog+leash&store=p3t%2Fea3%2Fpmw&srno=s_1_4&otracker=search&fm=organic&iid=b8417349-ae6c-4b7f-a2f6-0b0bd52f98fc.PLNGSRNZHWHNGYNW.SEARCH&ppt=None&ppn=None&ssid=c2vsj1dnb40000001783424340877&qH=b0e743e99781d2ae&ov_redirect=true&ov_redirect=true,keyword_search,dog leash,4,False,120.0,449.0,73.0,4.0,,In Stock,nan,,ok,scrape,https://rukminim2.flixcart.com/image/612/612/xif0q/pet-leash-chain/u/f/z/12345-senapati-original-imagt5q6ty74y5pz.jpeg?q=70,senapati,SENAPATI 164 cm Dog Cord Leash,collars_leashes
2026-07-07,flipkart,PLNGSRMVVMSMABBX,970ea6768a3d5405,https://www.flipkart.com/senapati-183-cm-dog-cord-leash/p/itme76d69580b627?pid=PLNGSRMVVMSMABBX&lid=LSTPLNGSRMVVMSMABBX0WOMAU&marketplace=FLIPKART&q=retractable+dog+leash&store=p3t%2Fea3%2Fpmw&spotlightTagId=default_FkPickId_p3t%2Fea3%2Fpmw&srno=s_1_3&otracker=search&fm=organic&iid=6b92b321-55fd-4d89-aeb1-c48b5b66fd8f.PLNGSRMVVMSMABBX.SEARCH&ppt=None&ppn=None&ssid=4smcf9y8000000001783424346329&qH=bbc46b35e332125e&ov_redirect=true&ov_redirect=true,keyword_search,retractable dog leash,3,False,102.0,499.0,80.0,4.0,,In Stock,nan,,ok,scrape,https://rukminim2.flixcart.com/image/612/612/xif0q/pet-collar-harness/6/b/o/extra-large-dog-cord-training-leash-for-small-to-medium-sized-original-imagsgptnxgjdgwb.jpeg?q=70,senapati,SENAPATI 183 cm Dog Cord Leash,collars_leashes
2026-07-07,flipkart,PLNGXPHXRAYYBP9P,5716b61740728ed3,https://www.flipkart.com/senapati-153-cm-dog-cord-leash/p/itme0bc42d8689cb?pid=PLNGXPHXRAYYBP9P&lid=LSTPLNGXPHXRAYYBP9PNDLXWE&marketplace=FLIPKART&q=retractable+dog+leash&store=p3t%2Fea3%2Fpmw&srno=s_1_6&otracker=search&fm=organic&iid=en_3EweRagYPR3DtACMobRBYQqK0iJtHCDxNYux26EZwPINLDA3Hy1P-r0uYvlxX_XOXfGBFyphIgqQ61ev86fKzBVSGH5MTlcPJ9znQBgmaOBFYqLIpEQ_2LggkUIwmnlI&ppt=None&ppn=None&ssid=4smcf9y8000000001783424346329&qH=bbc46b35e332125e&ov_redirect=true&ov_redirect=true,keyword_search,retractable dog leash,6,False,120.0,550.0,78.0,4.0,,In Stock,nan,,ok,scrape,https://rukminim2.flixcart.com/image/612/612/xif0q/pet-leash-chain/d/l/i/25218700-senapati-original-imagxq6n2asy6ezy.jpeg?q=70,senapati,SENAPATI 153 cm Dog Cord Leash,collars_leashes
2026-07-07,flipkart,PLNHNY7N92UPYBXH,b1dd79c73b3587f8,https://www.flipkart.com/patch-marshall-dog-leash-indestructible-chew-proof-dogs-5ft-rsk-153-cm-cord/p/itme6369fa1a4851?pid=PLNHNY7N92UPYBXH&lid=LSTPLNHNY7N92UPYBXHE98ELY&marketplace=FLIPKART&q=dog+leash&store=p3t%2Fea3%2Fpmw&srno=s_1_8&otracker=search&fm=organic&iid=b8417349-ae6c-4b7f-a2f6-0b0bd52f98fc.PLNHNY7N92UPYBXH.SEARCH&ppt=None&ppn=None&ssid=c2vsj1dnb40000001783424340877&qH=b0e743e99781d2ae&ov_redirect=true&ov_redirect=true,keyword_search,dog leash,8,False,312.0,499.0,37.0,,,In Stock,nan,,ok,scrape,https://rukminim2.flixcart.com/image/612/612/xif0q/pet-leash-chain/q/e/b/dog-leash-indestructible-chew-proof-double-handle-leash-for-dogs-original-imahny7nrav2svqg.jpeg?q=70,patch,Patch and Marshall Dog Leash Indestructible / Chew Proof Leash for Dogs - 5ft By RSK 153 cm Dog Cord Leash,collars_leashes
2026-07-07,flipkart,PLNGYHZZPJ9HQNUC,122399f2ac1d871e,https://www.flipkart.com/dubidu-dg-10f-dc-300-cm-dog-chain-leash/p/itm7ad69e65c075c?pid=PLNGYHZZPJ9HQNUC&lid=LSTPLNGYHZZPJ9HQNUCLEMOKB&marketplace=FLIPKART&q=dog+leash&store=p3t%2Fea3%2Fpmw&srno=s_1_10&otracker=search&fm=organic&iid=b8417349-ae6c-4b7f-a2f6-0b0bd52f98fc.PLNGYHZZPJ9HQNUC.SEARCH&ppt=None&ppn=None&ssid=c2vsj1dnb40000001783424340877&qH=b0e743e99781d2ae&ov_redirect=true&ov_redirect=true,keyword_search,dog leash,10,False,248.0,999.0,75.0,4.0,,In Stock,nan,,ok,scrape,https://rukminim2.flixcart.com/image/612/612/xif0q/pet-leash-chain/m/u/w/dg-10f-dc-dubidu-original-imahkf94rpfzqhy5.jpeg?q=70,dubidu,dubidu DG-10F-DC 300 cm Dog Chain Leash,collars_leashes
2026-07-07,flipkart,PLNHZ2CXKTNKTWCY,05806e0e620c3f74,https://www.flipkart.com/wagmart-retractable-dog-leash-heavy-duty-pet-lead-rope-lock-walking-belt-300-cm-strap/p/itm0e84cff00fe51?pid=PLNHZ2CXKTNKTWCY&lid=LSTPLNHZ2CXKTNKTWCYD23LPZ&marketplace=FLIPKART&q=retractable+dog+leash&store=p3t%2Fea3%2Fpmw&srno=s_1_2&otracker=search&fm=organic&iid=en_3EweRagYPR3DtACMobRBYQqK0iJtHCDxNYux26EZwPKzT_dlw9FBDrgjwYfAl8SF5flbwgE_T1Cjqqj8Vo6Z2Gf_5ZCuYrQPMcupN5dPuyydwx0B_FhFbL1xvNWtdqcr&ppt=None&ppn=None&ssid=4smcf9y8000000001783424346329&qH=bbc46b35e332125e&ov_redirect=true&ov_redirect=true,keyword_search,retractable dog leash,2,False,344.0,1299.0,74.0,,,In Stock,nan,,ok,scrape,https://rukminim2.flixcart.com/image/612/612/xif0q/pet-leash-chain/o/g/e/retractable-dog-leash-heavy-duty-reflective-nylon-tape-lead-long-original-imah7wugdpfhchzd.jpeg?q=70,wagmart,wagmart Retractable Dog Leash Heavy Duty Pet Lead Rope Lock Walking Belt 300 cm Dog Strap Leash,collars_leashes
2026-07-07,flipkart,PLNH6ZR7AWTBTUEY,a257e4b13c5dd440,https://www.flipkart.com/onlyeasy-heavy-duty-dog-leash-large-medium-small-breed-dogs-122-cm-cat-cord/p/itm311d382d7fb04?pid=PLNH6ZR7AWTBTUEY&lid=LSTPLNH6ZR7AWTBTUEYDPOWEQ&marketplace=FLIPKART&q=dog+leash&store=p3t%2Fea3%2Fpmw&srno=s_1_13&otracker=search&fm=organic&iid=b8417349-ae6c-4b7f-a2f6-0b0bd52f98fc.PLNH6ZR7AWTBTUEY.SEARCH&ppt=None&ppn=None&ssid=c2vsj1dnb40000001783424340877&qH=b0e743e99781d2ae&ov_redirect=true&ov_redirect=true,keyword_search,dog leash,13,False,155.0,721.0,79.0,4.0,,In Stock,nan,,ok,scrape,https://rukminim2.flixcart.com/image/612/612/xif0q/pet-leash-chain/w/y/x/heavy-duty-dog-leash-for-large-medium-small-breed-dogs-original-imah3z2x9zktj4su.jpeg?q=70,onlyeasy,Onlyeasy Heavy Duty Dog Leash for Large Medium Small Breed Dogs 122 cm Dog & Cat Cord Leash,collars_leashes
2026-07-07,flipkart,PLNGS5G9AAS3G4WN,875999ed72c57a09,https://www.flipkart.com/super-chain-gold-heavy-weight-diamond-cut-duty-medium-dog-160-cm-leash/p/itmd2e878de304a5?pid=PLNGS5G9AAS3G4WN&lid=LSTPLNGS5G9AAS3G4WNWTSFEN&marketplace=FLIPKART&q=dog+leash&store=p3t%2Fea3%2Fpmw&srno=s_1_14&otracker=search&fm=organic&iid=b8417349-ae6c-4b7f-a2f6-0b0bd52f98fc.PLNGS5G9AAS3G4WN.SEARCH&ppt=None&ppn=None&ssid=c2vsj1dnb40000001783424340877&qH=b0e743e99781d2ae&ov_redirect=true&ov_redirect=true,keyword_search,dog leash,14,False,213.0,799.0,73.0,3.9,,In Stock,nan,,ok,scrape,https://rukminim2.flixcart.com/image/612/612/xif0q/shopsy-pet-leash-chain/w/h/o/160-gchain-10no-super-chain-original-imah3ja57efgpjbe.jpeg?q=70,super,SUPER CHAIN GOLD Heavy Weight Diamond Cut Heavy Duty (MEDIUM) Dog Gold Chain 160 cm Dog Chain Leash,collars_leashes
2026-07-07,flipkart,PLNGT2YPV23KHTWE,83fa5494d274418e,https://www.flipkart.com/super-chain-combo-dog-leather-leash-collar-3-d-printed-black-medium-130-cm/p/itm6e2c1fb075bad?pid=PLNGT2YPV23KHTWE&lid=LSTPLNGT2YPV23KHTWEUPVWOG&marketplace=FLIPKART&q=dog+leash&store=p3t%2Fea3%2Fpmw&srno=s_1_15&otracker=search&fm=organic&iid=b8417349-ae6c-4b7f-a2f6-0b0bd52f98fc.PLNGT2YPV23KHTWE.SEARCH&ppt=None&ppn=None&ssid=c2vsj1dnb40000001783424340877&qH=b0e743e99781d2ae&ov_redirect=true&ov_redirect=true,keyword_search,dog leash,15,False,231.0,699.0,67.0,3.7,,In Stock,nan,,ok,scrape,https://rukminim2.flixcart.com/image/612/612/xif0q/pet-leash-chain/f/8/q/hlhc-gm-super-chain-original-imah363kjsgtg4wc.jpeg?q=70,super,SUPER CHAIN COMBO Dog Leather Leash And Dog Collar 3-D Printed Black(MEDIUM) 130 cm Dog Chain Leash,collars_leashes
2026-07-07,flipkart,PLNFTTGDPT3JHPFR,d4e4b1f856eaca3b,https://www.flipkart.com/om-zee-medium-collar-chain-pet-dog-15-cm-leash-steel/p/itm5cebb60e50366?pid=PLNFTTGDPT3JHPFR&lid=LSTPLNFTTGDPT3JHPFRXCB8TG&marketplace=FLIPKART&q=dog+leash&store=p3t%2Fea3%2Fpmw&srno=s_1_16&otracker=search&fm=organic&iid=b8417349-ae6c-4b7f-a2f6-0b0bd52f98fc.PLNFTTGDPT3JHPFR.SEARCH&ppt=None&ppn=None&ssid=c2vsj1dnb40000001783424340877&qH=b0e743e99781d2ae&ov_redirect=true&ov_redirect=true,keyword_search,dog leash,16,False,111.0,599.0,81.0,4.5,,In Stock,nan,,ok,scrape,https://rukminim2.flixcart.com/image/612/612/kcrzki80/pet-leash-chain/p/f/r/pet-zone-dog-chain-01-om-zee-original-imafttjqwnhfggyj.jpeg?q=70,om,OM ZEE (MEDIUM) Collar & Chain for Pet Dog (MEDIUM) 15 cm Dog Chain Leash (Steel) 15 cm Dog Chain Leash,collars_leashes
2026-07-07,flipkart,PLNHZQHYVDMDMH6K,ed7f187682bf6409,https://www.flipkart.com/wagmart-heavy-duty-retractable-dog-leash-lock-pet-walking-lead-300cm-500-cm-cat-strap/p/itm542c875825331?pid=PLNHZQHYVDMDMH6K&lid=LSTPLNHZQHYVDMDMH6KANW9BN&marketplace=FLIPKART&q=retractable+dog+leash&store=p3t%2Fea3%2Fpmw&srno=s_1_12&otracker=search&fm=organic&iid=en_3EweRagYPR3DtACMobRBYQqK0iJtHCDxNYux26EZwPIafXX3rQlSuGAtPquOtfvIGOsvpY_fGripC44Oa3TD2zLFJR9rR7-WXOkuL3A8YTRFYqLIpEQ_2LggkUIwmnlI&ppt=None&ppn=None&ssid=4smcf9y8000000001783424346329&qH=bbc46b35e332125e&ov_redirect=true&ov_redirect=true,keyword_search,retractable dog leash,12,False,450.0,1499.0,70.0,,,In Stock,nan,,ok,scrape,https://rukminim2.flixcart.com/image/612/612/xif0q/pet-leash-chain/8/v/o/retractable-pet-leash-5-meter-wagmart-original-imahzqhy2gz2m5mz.jpeg?q=70,wagmart,wagmart Wagmart Heavy Duty Retractable Dog Leash Lock Pet Walking Lead 300cm 500 cm Dog & Cat Strap Leash,collars_leashes
2026-07-07,flipkart,PCLHGB5T4KZGGUYS,ac035cc0777e005c,https://www.flipkart.com/pawxie-no-pull-tactical-dog-harness-adjustable-size-25-40kg-pet-harness-leash/p/itm3402d022259fc?pid=PCLHGB5T4KZGGUYS&lid=LSTPCLHGB5T4KZGGUYSME2PPA&marketplace=FLIPKART&q=dog+leash&store=p3t%2Fea3%2Fpmw&srno=s_1_18&otracker=search&fm=organic&iid=en_OKxDfikeA80ux8kpWkJ7YFWv_8bLyKuB-h6wuO874rnbLwPmG4910DCEjyLaFCYT4ibMv71-UiLUZt-aD0syJtKYmF4J2SOUITq8x7FQx1aUHXbcAgTWzVPN8MswEze2&ppt=None&ppn=None&ssid=c2vsj1dnb40000001783424340877&qH=b0e743e99781d2ae&ov_redirect=true&ov_redirect=true,keyword_search,dog leash,18,False,1910.0,3899.0,51.0,4.1,,In Stock,nan,,ok,scrape,https://rukminim2.flixcart.com/image/612/612/xif0q/pet-collar-harness/m/e/n/medium-tactical-dog-harness-with-leash-pawxie-original-imahhwkfm7btfsw9.jpeg?q=70,pawxie,"Pawxie No Pull Tactical Dog Harness, Adjustable Size For 25-40KG Pet Dog Harness & Leash",collars_leashes
2026-07-07,flipkart,PLNHZGXUSGYYZTGH,3cd5b6fc25bf85c3,https://www.flipkart.com/zelda-heavy-duty-rust-proof-stainless-steel-dog-training-chain-leash-500-cm/p/itma8d8402cff878?pid=PLNHZGXUSGYYZTGH&lid=LSTPLNHZGXUSGYYZTGH2HMHIW&marketplace=FLIPKART&q=dog+leash&store=p3t%2Fea3%2Fpmw&srno=s_1_19&otracker=search&fm=organic&iid=b8417349-ae6c-4b7f-a2f6-0b0bd52f98fc.PLNHZGXUSGYYZTGH.SEARCH&ppt=None&ppn=None&ssid=c2vsj1dnb40000001783424340877&qH=b0e743e99781d2ae&ov_redirect=true&ov_redirect=true,keyword_search,dog leash,19,False,257.0,599.0,57.0,,,In Stock,nan,,ok,scrape,https://rukminim2.flixcart.com/image/612/612/xif0q/clothesline/a/e/4/does-not-apply-1-10-meters-heavy-duty-steel-clothesline-4mm-original-imahhrr98w6pfdag.jpeg?q=70,zelda,Zelda Heavy Duty Rust-Proof Stainless Steel Dog Training Chain Leash 500 cm Dog Chain Leash,collars_leashes
2026-07-07,flipkart,PLNGYHZSVUZA2XAH,1aeb6c7c8ca9dcbe,https://www.flipkart.com/dubidu-dbd2401-180-cm-dog-chain-leash/p/itmee6c8f0f61498?pid=PLNGYHZSVUZA2XAH&lid=LSTPLNGYHZSVUZA2XAHQ0INFP&marketplace=FLIPKART&q=dog+leash&store=p3t%2Fea3%2Fpmw&srno=s_1_20&otracker=search&fm=organic&iid=b8417349-ae6c-4b7f-a2f6-0b0bd52f98fc.PLNGYHZSVUZA2XAH.SEARCH&ppt=None&ppn=None&ssid=c2vsj1dnb40000001783424340877&qH=b0e743e99781d2ae&ov_redirect=true&ov_redirect=true,keyword_search,dog leash,20,False,320.0,999.0,68.0,4.3,,In Stock,nan,,ok,scrape,https://rukminim2.flixcart.com/image/612/612/xif0q/pet-leash-chain/e/k/u/dbd2401-dubidu-original-imagyhzse8hzqwct.jpeg?q=70,dubidu,dubidu DBD2401 180 cm Dog Chain Leash,collars_leashes
2026-07-07,flipkart,PCLHATQ9ZSVCZDWG,303db25b6e41bfb3,https://www.flipkart.com/pawxie-dog-chest-belt-harness-comfortable-adjustable-size-35-kg-pet-standard/p/itm7d99789599ddf?pid=PCLHATQ9ZSVCZDWG&lid=LSTPCLHATQ9ZSVCZDWGKPTKAQ&marketplace=FLIPKART&q=dog+harness&store=p3t%2Fea3%2Fb1n&spotlightTagId=default_TrendingId_p3t%2Fea3%2Fb1n&srno=s_1_3&otracker=search&fm=organic&iid=5a4d3819-8e44-4aad-a67c-a3c7173ca7c5.PCLHATQ9ZSVCZDWG.SEARCH&ppt=None&ppn=None&ssid=sckxvcab7k0000001783424343657&qH=c997f489fc4d5035&ov_redirect=true&ov_redirect=true,keyword_search,dog harness,3,False,365.0,1299.0,72.0,4.0,,In Stock,nan,,ok,scrape,https://rukminim2.flixcart.com/image/612/612/xif0q/pet-collar-harness/7/s/1/medium-pxie021-chullbullpetproducts-original-imahebd87zefrh9g.jpeg?q=70,pawxie,Pawxie Dog Chest Belt Harness | Comfortable & Adjustable Size For 35+ Kg Pet Dog Standard Harness,collars_leashes
2026-07-07,flipkart,PCLGYR5HRS3Z9FPD,0b7530636d64443e,https://www.flipkart.com/buraq-dog-buckle-harness/p/itmeee845ec873c0?pid=PCLGYR5HRS3Z9FPD&lid=LSTPCLGYR5HRS3Z9FPDP9ZR6G&marketplace=FLIPKART&q=dog+harness&store=p3t%2Fea3%2Fb1n&srno=s_1_4&otracker=search&fm=organic&iid=5a4d3819-8e44-4aad-a67c-a3c7173ca7c5.PCLGYR5HRS3Z9FPD.SEARCH&ppt=None&ppn=None&ssid=sckxvcab7k0000001783424343657&qH=c997f489fc4d5035&ov_redirect=true&ov_redirect=true,keyword_search,dog harness,4,False,204.0,1299.0,84.0,4.1,,In Stock,nan,,ok,scrape,https://rukminim2.flixcart.com/image/612/612/xif0q/pet-collar-harness/b/g/f/small-police-k9-dog-harness-small-blue-buraq-original-imagyr5hvnby5aas.jpeg?q=70,buraq,Buraq Dog Buckle Harness,collars_leashes
2026-07-07,flipkart,PCLHGHHWCUTZ7MEX,3dbb83593a018dcd,https://www.flipkart.com/subaka-dog-buckle-harness/p/itmeb44e700489b4?pid=PCLHGHHWCUTZ7MEX&lid=LSTPCLHGHHWCUTZ7MEXND1UQU&marketplace=FLIPKART&q=dog+harness&store=p3t%2Fea3%2Fb1n&srno=s_1_5&otracker=search&fm=organic&iid=5a4d3819-8e44-4aad-a67c-a3c7173ca7c5.PCLHGHHWCUTZ7MEX.SEARCH&ppt=None&ppn=None&ssid=sckxvcab7k0000001783424343657&qH=c997f489fc4d5035&ov_redirect=true&ov_redirect=true,keyword_search,dog harness,5,False,196.0,999.0,80.0,4.1,,In Stock,nan,,ok,scrape,https://rukminim2.flixcart.com/image/612/612/xif0q/pet-collar-harness/t/d/x/extra-large-butterfly-harness-orange-xl-subaka-original-imahghhwuyqhe6ka.jpeg?q=70,subaka,Subaka Dog Buckle Harness,collars_leashes
2026-07-07,flipkart,PCLGEXY4HY63NFQV,20f2084f026503bd,https://www.flipkart.com/globe-pets-dog-harness-no-pull-reflective-choke-safety-standard/p/itma55161eb41455?pid=PCLGEXY4HY63NFQV&lid=LSTPCLGEXY4HY63NFQVKXME58&marketplace=FLIPKART&q=dog+harness&store=p3t%2Fea3%2Fb1n&srno=s_1_6&otracker=search&fm=organic&iid=en_rkj1bJkHAH3RMK1ir1ZvYsaeeN04IQ9hS1LEn75zpE2f5vxik0ILegN8zKYFDIMnA_2pc2ax7RMWTMHgA3WTm63fbOrOmLWZTZaw8k6LDqZYp1BeZzK0TEgVTwnbsCNO&ppt=None&ppn=None&ssid=sckxvcab7k0000001783424343657&qH=c997f489fc4d5035&ov_redirect=true&ov_redirect=true,keyword_search,dog harness,6,False,224.0,864.0,74.0,4.0,,In Stock,nan,,ok,scrape,https://rukminim2.flixcart.com/image/612/612/xif0q/pet-collar-harness/q/d/w/medium-harness-red-medium-globe-of-pets-original-imah4qgxcktaapz5.jpeg?q=70,globe,GLOBE OF PETS Dog Harness No Pull Harness | Reflective | No Choke Dog Safety Harness Dog Standard Harness,collars_leashes
2026-07-07,flipkart,PCLH4HHYJKHQUVPD,16b567633f951d14,https://www.flipkart.com/nayanar-dog-standard-harness/p/itm7b51ed38b8234?pid=PCLH4HHYJKHQUVPD&lid=LSTPCLH4HHYJKHQUVPDR5AKIF&marketplace=FLIPKART&q=dog+harness&store=p3t%2Fea3%2Fb1n&srno=s_1_7&otracker=search&fm=organic&iid=5a4d3819-8e44-4aad-a67c-a3c7173ca7c5.PCLH4HHYJKHQUVPD.SEARCH&ppt=None&ppn=None&ssid=sckxvcab7k0000001783424343657&qH=c997f489fc4d5035&ov_redirect=true&ov_redirect=true,keyword_search,dog harness,7,False,270.0,699.0,61.0,3.8,,In Stock,nan,,ok,scrape,https://rukminim2.flixcart.com/image/612/612/xif0q/pet-collar-harness/3/a/i/large-harness-adjustable-vest-chest-belts-54-70cm-neck-63-84cm-original-imagwynkbjtf9zmz.jpeg?q=70,nayanar,NAYANAR Dog Standard Harness,collars_leashes
2026-07-07,flipkart,PCLHNDMFMA3A5SAF,c52968c058e379f3,https://www.flipkart.com/pawlife-dog-harness-buckle/p/itm5cc735e159923?pid=PCLHNDMFMA3A5SAF&lid=LSTPCLHNDMFMA3A5SAFRT7KKJ&marketplace=FLIPKART&q=dog+harness&store=p3t%2Fea3%2Fb1n&srno=s_1_8&otracker=search&fm=organic&iid=5a4d3819-8e44-4aad-a67c-a3c7173ca7c5.PCLHNDMFMA3A5SAF.SEARCH&ppt=None&ppn=None&ssid=sckxvcab7k0000001783424343657&qH=c997f489fc4d5035&ov_redirect=true&ov_redirect=true,keyword_search,dog harness,8,False,259.0,899.0,71.0,,,In Stock,nan,,ok,scrape,https://rukminim2.flixcart.com/image/612/612/xif0q/pet-collar-harness/h/x/k/45-66-cm-petha001-pawlife-original-imahndmeh54w3dwq.jpeg?q=70,pawlife,Pawlife Dog Harness Dog Buckle Harness,collars_leashes
2026-07-07,flipkart,PCLGFRQYKBYZ9AKN,ed2fd97f88dec017,https://www.flipkart.com/24x7emall-dog-k9-police-harness-red-28-38-inch-girth-xl-buckle/p/itma0d6379f6eac1?pid=PCLGFRQYKBYZ9AKN&lid=LSTPCLGFRQYKBYZ9AKNX9Y0YG&marketplace=FLIPKART&q=dog+harness&store=p3t%2Fea3%2Fb1n&spotlightTagId=default_FkPickId_p3t%2Fea3%2Fb1n&srno=s_1_9&otracker=search&fm=organic&iid=5a4d3819-8e44-4aad-a67c-a3c7173ca7c5.PCLGFRQYKBYZ9AKN.SEARCH&ppt=None&ppn=None&ssid=sckxvcab7k0000001783424343657&qH=c997f489fc4d5035&ov_redirect=true&ov_redirect=true,keyword_search,dog harness,9,False,245.0,1999.0,88.0,4.1,,In Stock,nan,,ok,scrape,https://rukminim2.flixcart.com/image/612/612/xif0q/pet-collar-harness/l/z/2/extra-large-24x7-emall-puppy-k9-dog-vest-with-hook-and-loop-original-imahkzy6rc7vzfpy.jpeg?q=70,24x7emall,"24x7eMall Dog K9 Police Harness Red ( 28 - 38 Inch Girth, XL) Dog Buckle Harness",collars_leashes
2026-07-07,flipkart,PCLHK89938ZWY8H9,2d5b55cc79022034,https://www.flipkart.com/cottoncat-dog-buckle-harness/p/itm9ecd57f316841?pid=PCLHK89938ZWY8H9&lid=LSTPCLHK89938ZWY8H9CERGEN&marketplace=FLIPKART&q=dog+harness&store=p3t%2Fea3%2Fb1n&srno=s_1_11&otracker=search&fm=organic&iid=en_rkj1bJkHAH3RMK1ir1ZvYsaeeN04IQ9hS1LEn75zpE3DYXpafI-lGKRa4c_ff0j-1MjIBm_QgXm_1AAnJtD_nidky1K2gpvkFKpmuPutLlxYp1BeZzK0TEgVTwnbsCNO&ppt=None&ppn=None&ssid=sckxvcab7k0000001783424343657&qH=c997f489fc4d5035&ov_redirect=true&ov_redirect=true,keyword_search,dog harness,11,False,333.0,1499.0,78.0,3.8,,In Stock,nan,,ok,scrape,https://rukminim2.flixcart.com/image/612/612/xif0q/pet-collar-harness/m/d/1/large-star-harness-cottoncat-original-imahkd8zy8zhtrmc.jpeg?q=70,cottoncat,CottonCat Dog Buckle Harness,collars_leashes
2026-07-07,flipkart,PCLHGHHWFHTGJXTM,3dbb83593a018dcd,https://www.flipkart.com/subaka-dog-buckle-harness/p/itm9a76f6cec05cb?pid=PCLHGHHWFHTGJXTM&lid=LSTPCLHGHHWFHTGJXTMEASK5I&marketplace=FLIPKART&q=dog+harness&store=p3t%2Fea3%2Fb1n&spotlightTagId=default_TrendingId_p3t%2Fea3%2Fb1n&srno=s_1_13&otracker=search&fm=organic&iid=5a4d3819-8e44-4aad-a67c-a3c7173ca7c5.PCLHGHHWFHTGJXTM.SEARCH&ppt=None&ppn=None&ssid=sckxvcab7k0000001783424343657&qH=c997f489fc4d5035&ov_redirect=true&ov_redirect=true,keyword_search,dog harness,13,False,221.0,999.0,78.0,4.1,,In Stock,nan,,ok,scrape,https://rukminim2.flixcart.com/image/612/612/xif0q/pet-collar-harness/8/n/1/extra-large-butterfly-harness-red-xl-subaka-original-imahghhw9gghgmhe.jpeg?q=70,subaka,Subaka Dog Buckle Harness,collars_leashes
2026-07-07,flipkart,PCLGYDT4TGKERHK5,1ecc4c4b57234130,https://www.flipkart.com/alcazar-dog-soft-padded-fur-harness-adjustable-recommanded-5-15kg-pet-standard-harness/p/itmf063bfbf8c811?pid=PCLGYDT4TGKERHK5&lid=LSTPCLGYDT4TGKERHK5WQ25EF&marketplace=FLIPKART&q=dog+harness&store=p3t%2Fea3%2Fb1n&srno=s_1_14&otracker=search&fm=organic&iid=5a4d3819-8e44-4aad-a67c-a3c7173ca7c5.PCLGYDT4TGKERHK5.SEARCH&ppt=None&ppn=None&ssid=sckxvcab7k0000001783424343657&qH=c997f489fc4d5035&ov_redirect=true&ov_redirect=true,keyword_search,dog harness,14,False,145.0,499.0,71.0,4.0,,In Stock,nan,,ok,scrape,https://rukminim2.flixcart.com/image/612/612/xif0q/pet-collar-harness/g/h/y/medium-alc-harness-leash-123-alcazar-original-imagymqngnfqy2jj.jpeg?q=70,alcazar,"ALCAZAR Dog Soft Padded Fur Harness, Adjustable (Recommanded for 5-15KG PET) Dog Standard Harness",collars_leashes
2026-07-07,flipkart,PCLGYDP8X876N5DW,1ecc4c4b57234130,https://www.flipkart.com/alcazar-dog-soft-padded-fur-harness-adjustable-recommanded-15-25kg-pet-standard-harness/p/itme45ebf76b31c4?pid=PCLGYDP8X876N5DW&lid=LSTPCLGYDP8X876N5DWLURP6I&marketplace=FLIPKART&q=dog+harness&store=p3t%2Fea3%2Fb1n&srno=s_1_15&otracker=search&fm=organic&iid=5a4d3819-8e44-4aad-a67c-a3c7173ca7c5.PCLGYDP8X876N5DW.SEARCH&ppt=None&ppn=None&ssid=sckxvcab7k0000001783424343657&qH=c997f489fc4d5035&ov_redirect=true&ov_redirect=true,keyword_search,dog harness,15,False,140.0,499.0,72.0,4.0,,In Stock,nan,,ok,scrape,https://rukminim2.flixcart.com/image/612/612/xif0q/pet-collar-harness/0/d/m/small-al-44-harness-alcazar-original-imah3dkzr2pdzezw.jpeg?q=70,alcazar,"ALCAZAR Dog Soft Padded Fur Harness, Adjustable (Recommanded for 15-25KG PET) Dog Standard Harness",collars_leashes
2026-07-07,flipkart,PCLHGHHW5FAVGYKX,3dbb83593a018dcd,https://www.flipkart.com/subaka-dog-buckle-harness/p/itm3d206766c6e07?pid=PCLHGHHW5FAVGYKX&lid=LSTPCLHGHHW5FAVGYKXQS0PHK&marketplace=FLIPKART&q=dog+harness&store=p3t%2Fea3%2Fb1n&srno=s_1_16&otracker=search&fm=organic&iid=5a4d3819-8e44-4aad-a67c-a3c7173ca7c5.PCLHGHHW5FAVGYKX.SEARCH&ppt=None&ppn=None&ssid=sckxvcab7k0000001783424343657&qH=c997f489fc4d5035&ov_redirect=true&ov_redirect=true,keyword_search,dog harness,16,False,243.0,999.0,76.0,4.1,,In Stock,nan,,ok,scrape,https://rukminim2.flixcart.com/image/612/612/xif0q/pet-collar-harness/7/o/4/extra-large-butterfly-harness-military-xl-subaka-original-imahghhw8mxbz9gf.jpeg?q=70,subaka,Subaka Dog Buckle Harness,collars_leashes
2026-07-07,flipkart,PCLHM4G7P24UVZHV,4dbe53b463ab8516,https://www.flipkart.com/pawxie-dog-standard-harness/p/itmcab46f47938f6?pid=PCLHM4G7P24UVZHV&lid=LSTPCLHM4G7P24UVZHVKYGYOV&marketplace=FLIPKART&q=dog+harness&store=p3t%2Fea3%2Fb1n&srno=s_1_18&otracker=search&fm=organic&iid=en_rkj1bJkHAH3RMK1ir1ZvYsaeeN04IQ9hS1LEn75zpE13jHRG-0FvgL-vWR_iDvlbigaBRQwG5AuK3UMWF33rylOFvvzoc1s8s6qJVQyUEXtYp1BeZzK0TEgVTwnbsCNO&ppt=None&ppn=None&ssid=sckxvcab7k0000001783424343657&qH=c997f489fc4d5035&ov_redirect=true&ov_redirect=true,keyword_search,dog harness,18,False,608.0,1299.0,53.0,4.3,,In Stock,nan,,ok,scrape,https://rukminim2.flixcart.com/image/612/612/xif0q/pet-collar-harness/w/a/j/medium-pxie0014b-pawxie-original-imahm4g7swjzxc2t.jpeg?q=70,pawxie,Pawxie Dog Standard Harness,collars_leashes
2026-07-07,flipkart,PCLHNZSGCKUGP2ZF,4561fbb9ca3ef484,https://www.flipkart.com/petszow-dog-safety-harness/p/itm1a4c2ada8ab29?pid=PCLHNZSGCKUGP2ZF&lid=LSTPCLHNZSGCKUGP2ZFFVWMW4&marketplace=FLIPKART&q=dog+harness&store=p3t%2Fea3%2Fb1n&srno=s_1_19&otracker=search&fm=organic&iid=5a4d3819-8e44-4aad-a67c-a3c7173ca7c5.PCLHNZSGCKUGP2ZF.SEARCH&ppt=None&ppn=None&ssid=sckxvcab7k0000001783424343657&qH=c997f489fc4d5035&ov_redirect=true&ov_redirect=true,keyword_search,dog harness,19,False,1201.0,2499.0,52.0,,,In Stock,nan,,ok,scrape,https://rukminim2.flixcart.com/image/612/612/xif0q/pet-collar-harness/7/4/s/small-tactical-harness-petszow-original-imahnzrhfkauhvzh.jpeg?q=70,petszow,PETSZOW Dog Safety Harness,collars_leashes
2026-07-07,flipkart,PCLHGHHW6WQGMGEG,3dbb83593a018dcd,https://www.flipkart.com/subaka-dog-buckle-harness/p/itm1cb25aa140c4d?pid=PCLHGHHW6WQGMGEG&lid=LSTPCLHGHHW6WQGMGEGT72YNO&marketplace=FLIPKART&q=dog+harness&store=p3t%2Fea3%2Fb1n&srno=s_1_20&otracker=search&fm=organic&iid=5a4d3819-8e44-4aad-a67c-a3c7173ca7c5.PCLHGHHW6WQGMGEG.SEARCH&ppt=None&ppn=None&ssid=sckxvcab7k0000001783424343657&qH=c997f489fc4d5035&ov_redirect=true&ov_redirect=true,keyword_search,dog harness,20,False,237.0,999.0,76.0,4.1,,In Stock,nan,,ok,scrape,https://rukminim2.flixcart.com/image/612/612/xif0q/pet-collar-harness/e/a/u/extra-large-butterfly-harness-rainbow-xl-subaka-original-imahghhwfgkbdttf.jpeg?q=70,subaka,Subaka Dog Buckle Harness,collars_leashes
2026-07-07,flipkart,PLNH3HHZXNNNHX4X,a654ed116143847c,https://www.flipkart.com/skog-retractable-dog-leash-5m-360tangle-nylon-tape-chain-500-cm-leash/p/itm9d7d09c87e064?pid=PLNH3HHZXNNNHX4X&lid=LSTPLNH3HHZXNNNHX4XIYJT4N&marketplace=FLIPKART&q=retractable+dog+leash&store=p3t%2Fea3%2Fpmw&srno=s_1_4&otracker=search&fm=organic&iid=6b92b321-55fd-4d89-aeb1-c48b5b66fd8f.PLNH3HHZXNNNHX4X.SEARCH&ppt=None&ppn=None&ssid=4smcf9y8000000001783424346329&qH=bbc46b35e332125e&ov_redirect=true&ov_redirect=true,keyword_search,retractable dog leash,4,False,260.0,599.0,57.0,3.4,,In Stock,nan,,ok,scrape,https://rukminim2.flixcart.com/image/612/612/xif0q/shopsy-pet-leash-chain/x/9/1/500-retractable-dog-leash-5m-quick-lock-nylon-tape-dog-chain-original-imah3hjeggsyh6bh.jpeg?q=70,skog,"SKOG Retractable Dog Leash, 5M 360°Tangle- Nylon Tape Dog Chain 500 cm Dog Chain Leash",collars_leashes
2026-07-07,flipkart,PLNH6FDC8YHKMJKU,2838df2bed2cdf10,https://www.flipkart.com/jancom-walking-leash-3m-15kg-non-slip-retractable-dog-leash-anti-rust-rotating-hook-300-cm-cat-cord/p/itm5c8b7f0c63278?pid=PLNH6FDC8YHKMJKU&lid=LSTPLNH6FDC8YHKMJKUSKQHID&marketplace=FLIPKART&q=retractable+dog+leash&store=p3t%2Fea3%2Fpmw&srno=s_1_5&otracker=search&fm=organic&iid=6b92b321-55fd-4d89-aeb1-c48b5b66fd8f.PLNH6FDC8YHKMJKU.SEARCH&ppt=None&ppn=None&ssid=4smcf9y8000000001783424346329&qH=bbc46b35e332125e&ov_redirect=true&ov_redirect=true,keyword_search,retractable dog leash,5,False,265.0,699.0,62.0,3.7,,In Stock,nan,,ok,scrape,https://rukminim2.flixcart.com/image/612/612/xif0q/pet-leash-chain/h/k/8/dl-30-jancom-original-imah6fdcptsfvgus.jpeg?q=70,jancom,"JANCOM Walking Leash, 3M-15KG, Non-Slip Retractable Dog Leash Anti-Rust Rotating Hook 300 cm Dog & Cat Cord Leash",collars_leashes
2026-07-07,flipkart,PLNHJCMYDSUWNP39,99279ae97f17e466,https://www.flipkart.com/petmosh-nylon-dog-rope-leash-5-feet-heavy-duty-15mm-thick-anti-slip-handle-152-cm-cord/p/itma74d840056337?pid=PLNHJCMYDSUWNP39&lid=LSTPLNHJCMYDSUWNP39GC2ZKG&marketplace=FLIPKART&q=retractable+dog+leash&store=p3t%2Fea3%2Fpmw&srno=s_1_7&otracker=search&fm=organic&iid=6b92b321-55fd-4d89-aeb1-c48b5b66fd8f.PLNHJCMYDSUWNP39.SEARCH&ppt=None&ppn=None&ssid=4smcf9y8000000001783424346329&qH=bbc46b35e332125e&ov_redirect=true&ov_redirect=true,keyword_search,retractable dog leash,7,False,250.0,599.0,58.0,4.6,,In Stock,nan,,ok,scrape,https://rukminim2.flixcart.com/image/612/612/xif0q/pet-leash-chain/y/n/k/pm-001-petmosh-original-imahjcmyhyqttzcn.jpeg?q=70,petmosh,PetMosh Nylon Dog Rope Leash 5 Feet | Heavy Duty 15mm Thick Leash with Anti Slip Handle 152 cm Dog Cord Leash,collars_leashes
2026-07-07,flipkart,PLNH4ZTFCJS7KMMH,302e9fa1df2328ba,https://www.flipkart.com/dgsell-creations-3-meter-retractable-leash-dog-cat-pet-animal-cute-design-hard-rope-300-cm-dog-strap/p/itm995e07c98dd68?pid=PLNH4ZTFCJS7KMMH&lid=LSTPLNH4ZTFCJS7KMMHACRAIG&marketplace=FLIPKART&q=retractable+dog+leash&store=p3t%2Fea3%2Fpmw&srno=s_1_8&otracker=search&fm=organic&iid=6b92b321-55fd-4d89-aeb1-c48b5b66fd8f.PLNH4ZTFCJS7KMMH.SEARCH&ppt=None&ppn=None&ssid=4smcf9y8000000001783424346329&qH=bbc46b35e332125e&ov_redirect=true&ov_redirect=true,keyword_search,retractable dog leash,8,False,259.0,799.0,68.0,4.4,,In Stock,nan,,ok,scrape,https://rukminim2.flixcart.com/image/612/612/xif0q/pet-leash-chain/w/c/p/dg-34-dgsell-creations-original-imahah8qfhkg9wn9.jpeg?q=70,dgsell,"DGSELL CREATIONS 3 meter Retractable Leash Dog, Cat and Pet Animal with Cute Design and Hard Rope 300 cm Dog Strap Leash",collars_leashes
2026-07-07,flipkart,PLNH28J4TVFDMBFZ,db5c6dcd764fd89a,https://www.flipkart.com/pavityaksh-retractable-dog-lace-3m-plain-leash-15-cm-cat-chain/p/itm5fcd7041a4cfc?pid=PLNH28J4TVFDMBFZ&lid=LSTPLNH28J4TVFDMBFZKZR2MI&marketplace=FLIPKART&q=retractable+dog+leash&store=p3t%2Fea3%2Fpmw&srno=s_1_9&otracker=search&fm=organic&iid=6b92b321-55fd-4d89-aeb1-c48b5b66fd8f.PLNH28J4TVFDMBFZ.SEARCH&ppt=None&ppn=None&ssid=4smcf9y8000000001783424346329&qH=bbc46b35e332125e&ov_redirect=true&ov_redirect=true,keyword_search,retractable dog leash,9,False,267.0,899.0,70.0,3.8,,In Stock,nan,,ok,scrape,https://rukminim2.flixcart.com/image/612/612/xif0q/pet-leash-chain/a/z/y/retractable-dog-lace-3m-plain-pavityaksh-original-imah29jhunwzmakx.jpeg?q=70,pavityaksh,PAVITYAKSH RETRACTABLE DOG LACE 3M PLAIN Retractable Dog Leash 15 cm Dog & Cat Chain Leash,collars_leashes
2026-07-07,flipkart,PLNGB9YHEHCRM4Z8,49768cb3c036667d,https://www.flipkart.com/ms-pet-house-padded-dog-training-leash-10-ft-long-lead-dogs-1-wide-blue-305-cm-strap/p/itm88e5793286255?pid=PLNGB9YHEHCRM4Z8&lid=LSTPLNGB9YHEHCRM4Z8CBDKRK&marketplace=FLIPKART&q=retractable+dog+leash&store=p3t%2Fea3%2Fpmw&srno=s_1_10&otracker=search&fm=organic&iid=6b92b321-55fd-4d89-aeb1-c48b5b66fd8f.PLNGB9YHEHCRM4Z8.SEARCH&ppt=None&ppn=None&ssid=4smcf9y8000000001783424346329&qH=bbc46b35e332125e&ov_redirect=true&ov_redirect=true,keyword_search,retractable dog leash,10,False,212.0,999.0,79.0,4.6,,In Stock,nan,,ok,scrape,https://rukminim2.flixcart.com/image/612/612/xif0q/pet-leash-chain/1/p/q/padded-dog-leash-10-ft-blue-ms-pet-house-original-imah5jg7syytnmma.jpeg?q=70,ms,"MS PET HOUSE Padded Dog Training Leash 10 Ft Long Lead for Dogs 1"" Wide by 10 Ft Long Blue 305 cm Dog Strap Leash",collars_leashes
2026-07-07,flipkart,PLNG6HZ7MSWY9HGE,d3ddca80b3253091,https://www.flipkart.com/rvpaws-nylon-leash-dog-rope-adult-blue-152-cm-cord/p/itmce1e3169e73f8?pid=PLNG6HZ7MSWY9HGE&lid=LSTPLNG6HZ7MSWY9HGEDBXKQU&marketplace=FLIPKART&q=retractable+dog+leash&store=p3t%2Fea3%2Fpmw&srno=s_1_13&otracker=search&fm=organic&iid=6b92b321-55fd-4d89-aeb1-c48b5b66fd8f.PLNG6HZ7MSWY9HGE.SEARCH&ppt=None&ppn=None&ssid=4smcf9y8000000001783424346329&qH=bbc46b35e332125e&ov_redirect=true&ov_redirect=true,keyword_search,retractable dog leash,13,False,127.0,599.0,79.0,4.3,,In Stock,nan,,ok,scrape,https://rukminim2.flixcart.com/image/612/612/kikluvk0-0/pet-leash-chain/f/j/6/rope03-alcazar-original-imafybbgpga3unrz.jpeg?q=70,rvpaws,Rvpaws Nylon Leash Dog Rope for Adult (Blue) 152 cm Dog Cord Leash,collars_leashes
2026-07-07,flipkart,PLNHAKZCQHZG4FYS,ed3e08e52fde9089,https://www.flipkart.com/petfun-night-reflective-dog-rope-leash-durable-no-pull-training-dogs-15mm-150-cm-cord/p/itmb63cbc8e7f308?pid=PLNHAKZCQHZG4FYS&lid=LSTPLNHAKZCQHZG4FYSHFZHLK&marketplace=FLIPKART&q=retractable+dog+leash&store=p3t%2Fea3%2Fpmw&srno=s_1_14&otracker=search&fm=organic&iid=6b92b321-55fd-4d89-aeb1-c48b5b66fd8f.PLNHAKZCQHZG4FYS.SEARCH&ppt=None&ppn=None&ssid=4smcf9y8000000001783424346329&qH=bbc46b35e332125e&ov_redirect=true&ov_redirect=true,keyword_search,retractable dog leash,14,False,280.0,949.0,70.0,4.0,,In Stock,nan,,ok,scrape,https://rukminim2.flixcart.com/image/612/612/xif0q/pet-leash-chain/q/m/i/pf-dog-no-pull-rope-18mm-red-petfun-original-imahakzcfuzngz98.jpeg?q=70,petfun,Petfun Night Reflective Dog Rope Leash | Durable No-Pull Training Leash for Dogs 15mm 150 cm Dog Cord Leash,collars_leashes
2026-07-07,flipkart,PLNFY7BGZEA4MZZZ,e5a80de325033ed7,https://www.flipkart.com/medbotics-durable-rope-training-leash-small-dogs-strong-hook-size-6mm-120-cm-dog-cord/p/itmabd35bb6b0b5f?pid=PLNFY7BGZEA4MZZZ&lid=LSTPLNFY7BGZEA4MZZZPSOBT6&marketplace=FLIPKART&q=retractable+dog+leash&store=p3t%2Fea3%2Fpmw&srno=s_1_15&otracker=search&fm=organic&iid=6b92b321-55fd-4d89-aeb1-c48b5b66fd8f.PLNFY7BGZEA4MZZZ.SEARCH&ppt=None&ppn=None&ssid=4smcf9y8000000001783424346329&qH=bbc46b35e332125e&ov_redirect=true&ov_redirect=true,keyword_search,retractable dog leash,15,False,129.0,699.0,82.0,4.0,,In Stock,nan,,ok,scrape,https://rukminim2.flixcart.com/image/612/612/kiew3gw0-0/pet-leash-chain/o/n/h/durable-rope-training-leash-for-small-dogs-with-strong-hook-size-original-imafy7bggzkhjyn6.jpeg?q=70,medbotics,"MEDBOTICS Durable Rope Training Leash for Small Dogs, with Strong Hook Size- 6mm 120 cm Dog Cord Leash",collars_leashes
2026-07-07,flipkart,PLNGMR3UMYJZG8MB,93265212bddf2df5,https://www.flipkart.com/waggy-tails-soft-nylon-dog-training-lead-0-7-inch-10-ft-long-leash-dogs-304-cm-strap/p/itm4526e70894038?pid=PLNGMR3UMYJZG8MB&lid=LSTPLNGMR3UMYJZG8MBVULROG&marketplace=FLIPKART&q=retractable+dog+leash&store=p3t%2Fea3%2Fpmw&srno=s_1_16&otracker=search&fm=organic&iid=6b92b321-55fd-4d89-aeb1-c48b5b66fd8f.PLNGMR3UMYJZG8MB.SEARCH&ppt=None&ppn=None&ssid=4smcf9y8000000001783424346329&qH=bbc46b35e332125e&ov_redirect=true&ov_redirect=true,keyword_search,retractable dog leash,16,False,170.0,399.0,57.0,4.1,,In Stock,nan,,ok,scrape,https://rukminim2.flixcart.com/image/612/612/xif0q/pet-leash-chain/y/j/j/nylon-dog-leash-with-extra-strong-brass-snap-hook-for-dogs-large-original-imah4zhu3gxdvyuv.jpeg?q=70,waggy,WAGGY TAILS Soft Nylon Dog Training Lead 0.7 Inch 10 Ft Long Leash for Dogs 304 cm Dog Strap Leash,collars_leashes
2026-07-07,flipkart,PLNHZPPMXZ9EDUVK,4338569d21628b2c,https://www.flipkart.com/wagmart-heavy-duty-reflective-rope-dog-leash-padded-handle-training-lead-121-cm-cord/p/itmd33ab34f08e3f?pid=PLNHZPPMXZ9EDUVK&lid=LSTPLNHZPPMXZ9EDUVKF0WERZ&marketplace=FLIPKART&q=retractable+dog+leash&store=p3t%2Fea3%2Fpmw&srno=s_1_17&otracker=search&fm=organic&iid=en_3EweRagYPR3DtACMobRBYQqK0iJtHCDxNYux26EZwPJ1zeSNheml3gLz2O9L4WQECEmw7Nuzvy0cOea8QOBBbDLFJR9rR7-WXOkuL3A8YTRFYqLIpEQ_2LggkUIwmnlI&ppt=None&ppn=None&ssid=4smcf9y8000000001783424346329&qH=bbc46b35e332125e&ov_redirect=true&ov_redirect=true,keyword_search,retractable dog leash,17,False,358.0,1299.0,72.0,,,In Stock,nan,,ok,scrape,https://rukminim2.flixcart.com/image/612/612/xif0q/pet-leash-chain/s/v/p/pmvt013-praanavmart-original-imahguhhyzpufvfm.jpeg?q=70,wagmart,wagmart Wagmart Heavy Duty Reflective Rope Dog Leash Padded Handle Training Lead 121 cm Dog Cord Leash,collars_leashes
2026-07-07,flipkart,PLNHZXK2SCZBM4RB,3a089b4a24f1fc92,https://www.flipkart.com/mcbazel-retractable-dog-leash-10-cm-chain/p/itmb930a7eadac69?pid=PLNHZXK2SCZBM4RB&lid=LSTPLNHZXK2SCZBM4RBXEW5P4&marketplace=FLIPKART&q=retractable+dog+leash&store=p3t%2Fea3%2Fpmw&srno=s_1_18&otracker=search&fm=organic&iid=en_3EweRagYPR3DtACMobRBYQqK0iJtHCDxNYux26EZwPJVXsX7HJYh2L2txBfbmoPkJ2yZTLaWOEzupd5v7qozTndJREMa8OPdBU6xXhYzd9FFYqLIpEQ_2LggkUIwmnlI&ppt=None&ppn=None&ssid=4smcf9y8000000001783424346329&qH=bbc46b35e332125e&ov_redirect=true&ov_redirect=true,keyword_search,retractable dog leash,18,False,450.0,999.0,55.0,,,In Stock,nan,,ok,scrape,https://rukminim2.flixcart.com/image/612/612/xif0q/pet-collar-charm/6/h/j/1-vh-pc-001-virohainter-original-imahzzeguvuwfq7d.jpeg?q=70,mcbazel,MCBAZEL Retractable Dog Leash 10 cm Dog Chain Leash,collars_leashes
2026-07-07,flipkart,PLNHNVNA247YZDSM,b443b62b7edcb52c,https://www.flipkart.com/hehari-6-cm-dog-cord-leash/p/itmfd9e0163010da?pid=PLNHNVNA247YZDSM&lid=LSTPLNHNVNA247YZDSMMJGL1Z&marketplace=FLIPKART&q=retractable+dog+leash&store=p3t%2Fea3%2Fpmw&srno=s_1_19&otracker=search&fm=organic&iid=6b92b321-55fd-4d89-aeb1-c48b5b66fd8f.PLNHNVNA247YZDSM.SEARCH&ppt=None&ppn=None&ssid=4smcf9y8000000001783424346329&qH=bbc46b35e332125e&ov_redirect=true&ov_redirect=true,keyword_search,retractable dog leash,19,False,318.0,999.0,68.0,,,In Stock,nan,,ok,scrape,https://rukminim2.flixcart.com/image/612/612/xif0q/pet-leash-chain/9/n/q/6-ft-reflective-rope-dog-leash-or-walking-training-running-egab-original-imahnvhqmzpnacq9.jpeg?q=70,hehari,HEHARI 6 cm Dog Cord Leash,collars_leashes
2026-07-07,flipkart,PLNHCYZ4ATZYGJG8,e9d670ea87245d6f,https://www.flipkart.com/msr-rainbow-dog-rope-leash-rubber-handle-training-daily-walk-size-s-152-4-cm-cord/p/itm9ff17410d582e?pid=PLNHCYZ4ATZYGJG8&lid=LSTPLNHCYZ4ATZYGJG8OIVZBT&marketplace=FLIPKART&q=retractable+dog+leash&store=p3t%2Fea3%2Fpmw&srno=s_1_20&otracker=search&fm=organic&iid=6b92b321-55fd-4d89-aeb1-c48b5b66fd8f.PLNHCYZ4ATZYGJG8.SEARCH&ppt=None&ppn=None&ssid=4smcf9y8000000001783424346329&qH=bbc46b35e332125e&ov_redirect=true&ov_redirect=true,keyword_search,retractable dog leash,20,False,252.0,930.0,73.0,,,In Stock,nan,,ok,scrape,https://rukminim2.flixcart.com/image/612/612/xif0q/pet-leash-chain/c/y/a/srk449-msr-original-imahcyz4mwzm9tgh.jpeg?q=70,msr,"MSR MSR Rainbow Dog Rope Leash with Rubber Handle for Training, Daily Walk, Size: S 152.4 cm Dog Cord Leash",collars_leashes
2026-07-07,flipkart,PDEHHF8AYKZHZFQZ,b1cbbcc8dbfac54d,https://www.flipkart.com/pet-world-training-pads-odor-lock-super-absorbent-disposable-dog-cat-diapers/p/itme1539fdac3303?pid=PDEHHF8AYKZHZFQZ&lid=LSTPDEHHF8AYKZHZFQZNYVHGD&marketplace=FLIPKART&q=puppy+training+pads&store=p3t%2Fixl%2Fhmu&srno=s_1_1&otracker=search&fm=organic&iid=en_omjqoua815HyEyKbKGy2q_-q36HGX_wQOiVD2zwC7PCmS7FaBzG6Z0exwYGC15BjZV3EVCEjxjs0Tk1jUSwCSs06RJ_mG-lp8RDKjlhaWmwfKNn_4Axovuw7TvWsegzN&ppt=None&ppn=None&ssid=vikbikuy8w0000001783424349196&qH=a418c91bf2bdb70b&ov_redirect=true&ov_redirect=true,keyword_search,puppy training pads,1,False,1148.0,3990.0,71.0,,,In Stock,nan,,ok,scrape,https://rukminim2.flixcart.com/image/612/612/xif0q/pet-diaper/6/a/k/5-8-kg-pet-training-pads-with-odor-lock-super-absorbent-s-1-original-imahhf89e5386szq.jpeg?q=70,,PET WORLD Pet Training Pads with Odor Lock & Super Absorbent Disposable Dog & Cat Diapers,training
2026-07-07,flipkart,PDEFTPGSKJRPHUP9,10d51d0a8144df67,https://www.flipkart.com/paramount-puppee-pet-training-pads-25-disposable-dog-diapers/p/itm13e9838a5e15e?pid=PDEFTPGSKJRPHUP9&lid=LSTPDEFTPGSKJRPHUP9MFJPLS&marketplace=FLIPKART&q=puppy+training+pads&store=p3t%2Fixl%2Fhmu&srno=s_1_2&otracker=search&fm=organic&iid=en_omjqoua815HyEyKbKGy2q_-q36HGX_wQOiVD2zwC7PDknJO56TPU1up1UYrE6p3qbVP7yoMzZX2q5cVAFdh7XycWl3Fb1lRPIo3If0xLTpMfKNn_4Axovuw7TvWsegzN&ppt=None&ppn=None&ssid=vikbikuy8w0000001783424349196&qH=a418c91bf2bdb70b&ov_redirect=true&ov_redirect=true,keyword_search,puppy training pads,2,False,320.0,650.0,51.0,4.2,,In Stock,nan,,ok,scrape,https://rukminim2.flixcart.com/image/612/612/xif0q/pet-mat/f/6/1/m-pet-training-pads-60-x-45-cm-urine-underpad-25-count-per-original-imaguht742z2h6g4.jpeg?q=70,paramount,Paramount PupPee Pet Training Pads - 25 Disposable Dog Diapers,training
2026-07-07,flipkart,PDEGFAJ3XBYHQCVK,98643a3ec35aa407,https://www.flipkart.com/dk-beauty-dog-training-pads-size-xl-60-x-90-cm-10-count-training-pee-potty-pads-quick-drying-surface-absorbent-core-suitable-small-large-breed-puppies-disposable-diapers/p/itmeb43af3f5062d?pid=PDEGFAJ3XBYHQCVK&lid=LSTPDEGFAJ3XBYHQCVKBHAZIY&marketplace=FLIPKART&q=puppy+training+pads&store=p3t%2Fixl%2Fhmu&spotlightTagId=default_FkPickId_p3t%2Fixl%2Fhmu&srno=s_1_3&otracker=search&fm=organic&iid=d60d8e75-061f-48aa-83e7-35ac61d14ce8.PDEGFAJ3XBYHQCVK.SEARCH&ppt=None&ppn=None&ssid=vikbikuy8w0000001783424349196&qH=a418c91bf2bdb70b&ov_redirect=true&ov_redirect=true,keyword_search,puppy training pads,3,False,158.0,599.0,74.0,4.0,,In Stock,nan,,ok,scrape,https://rukminim2.flixcart.com/image/612/612/kh9gbrk0/pet-diaper/v/x/z/2-5-dog-training-pads-training-pee-and-potty-pads-with-quick-original-imafxbg9n9h3ykmj.jpeg?q=70,dk,DK Beauty Dog Training Pads/Size: XL/60 x 90 cm/10 Count/Training Pee and Potty Pads with Quick Drying Surface and Absorbent Core/Suitable for Small/Large Breed Puppies Disposable Dog Diapers Disposable Dog Diapers,training
2026-07-07,flipkart,PDEFX7Y3GKHRUEAJ,77fdd70131838ea9,https://www.flipkart.com/hygiene-hub-heavy-duty-pet-puppy-training-pads-xl-10-disposable-dog-diapers/p/itmf033062456849?pid=PDEFX7Y3GKHRUEAJ&lid=LSTPDEFX7Y3GKHRUEAJOIPD27&marketplace=FLIPKART&q=puppy+training+pads&store=p3t%2Fixl%2Fhmu&srno=s_1_4&otracker=search&fm=organic&iid=d60d8e75-061f-48aa-83e7-35ac61d14ce8.PDEFX7Y3GKHRUEAJ.SEARCH&ppt=None&ppn=None&ssid=vikbikuy8w0000001783424349196&qH=a418c91bf2bdb70b&ov_redirect=true&ov_redirect=true,keyword_search,puppy training pads,4,False,167.0,999.0,83.0,4.0,,In Stock,nan,,ok,scrape,https://rukminim2.flixcart.com/image/612/612/k5e7o280/pet-mat/t/x/t/xl-pet-training-pads-30-sheets-lavender-original-imafn2vqku8guqgx.jpeg?q=70,hygiene,"Hygiene Hub Heavy Duty Pet and Puppy Training Pads (XL, 10) Disposable Dog Diapers",training
2026-07-07,flipkart,PDEGY7MZ4WTTTRVQ,c2800c124df7aa45,https://www.flipkart.com/multani-di-hatti-dog-training-pads-size-xl-60-x-90-cm-30-count-training-pee-potty-pads-quick-drying-surface-absorbent-core-suitable-small-large-breed-puppies-diapers-disposable/p/itmd3839ceefa8ce?pid=PDEGY7MZ4WTTTRVQ&lid=LSTPDEGY7MZ4WTTTRVQMVKTRP&marketplace=FLIPKART&q=puppy+training+pads&store=p3t%2Fixl%2Fhmu&srno=s_1_5&otracker=search&fm=organic&iid=d60d8e75-061f-48aa-83e7-35ac61d14ce8.PDEGY7MZ4WTTTRVQ.SEARCH&ppt=None&ppn=None&ssid=vikbikuy8w0000001783424349196&qH=a418c91bf2bdb70b&ov_redirect=true&ov_redirect=true,keyword_search,puppy training pads,5,False,512.0,1349.0,62.0,3.7,,In Stock,nan,,ok,scrape,https://rukminim2.flixcart.com/image/612/612/kkr72q80/pet-diaper/w/5/d/360-training-pads-super-absorbent-water-proof-non-slippery-original-imagyyhjezqguy63.jpeg?q=70,multani,Multani Di Hatti Dog Training Pads/Size: XL/60 x 90 cm/30 Count/Training Pee and Potty Pads with Quick Drying Surface and Absorbent Core/Suitable for Small/Large Breed Puppies Dog Diapers Disposable Dog Diapers,training
2026-07-07,flipkart,PDEHEH5JMW783GZY,0397d43106f21cf6,https://www.flipkart.com/furpro-puppy-toilet-training-pee-pad-leak-proof-odour-free-mat-60x60cm-10pieces-disposable-dog-diapers/p/itmbfb152871e985?pid=PDEHEH5JMW783GZY&lid=LSTPDEHEH5JMW783GZYRLKO4O&marketplace=FLIPKART&q=puppy+training+pads&store=p3t%2Fixl%2Fhmu&srno=s_1_6&otracker=search&fm=organic&iid=en_omjqoua815HyEyKbKGy2q_-q36HGX_wQOiVD2zwC7PCNLq2ExYhc1l4PO25vGZtfj7D-Aahdrmq6iLgXl1x0ZXsCrIUiy_rDxqBv15wGWjkigWQvBXQu8-yLZkbzqjMX&ppt=None&ppn=None&ssid=vikbikuy8w0000001783424349196&qH=a418c91bf2bdb70b&ov_redirect=true&ov_redirect=true,keyword_search,puppy training pads,6,False,400.0,599.0,33.0,,,In Stock,nan,,ok,scrape,https://rukminim2.flixcart.com/image/612/612/xif0q/pet-diaper/c/l/r/0-25-puppy-toilet-training-pee-pad-leak-proof-odour-free-mat-original-imahgv96xxhbcshm.jpeg?q=70,furpro,FURPRO Puppy Toilet Training Pee Pad|Leak Proof Odour Free Mat 60x60cm 10Pieces Disposable Dog Diapers,training
2026-07-07,flipkart,PDEHM3YYGFKZJHVM,80204b76e3abbf06,https://www.flipkart.com/pawpaya-93469-disposable-dog-diapers/p/itm0f3fcb43e8364?pid=PDEHM3YYGFKZJHVM&lid=LSTPDEHM3YYGFKZJHVMOPYXVV&marketplace=FLIPKART&q=puppy+training+pads&store=p3t%2Fixl%2Fhmu&srno=s_1_8&otracker=search&fm=organic&iid=d60d8e75-061f-48aa-83e7-35ac61d14ce8.PDEHM3YYGFKZJHVM.SEARCH&ppt=None&ppn=None&ssid=vikbikuy8w0000001783424349196&qH=a418c91bf2bdb70b&ov_redirect=true&ov_redirect=true,keyword_search,puppy training pads,8,False,448.0,550.0,19.0,,,In Stock,nan,,ok,scrape,https://rukminim2.flixcart.com/image/612/612/xif0q/pet-diaper/o/o/w/4-20-kg-93469-m-1-pawpaya-original-imahm3yyzdmaqgwh.jpeg?q=70,pawpaya,PAWPAYA 93469 Disposable Dog Diapers,training
2026-07-07,flipkart,PDEGVFPYAT55ZKDT,9556ec2810de38cb,https://www.flipkart.com/jnoni-pet-training-pads-60x90-cms-disposable-dog-diapers/p/itm77ff4347a1bdf?pid=PDEGVFPYAT55ZKDT&lid=LSTPDEGVFPYAT55ZKDTLU8YFD&marketplace=FLIPKART&q=puppy+training+pads&store=p3t%2Fixl%2Fhmu&srno=s_1_9&otracker=search&fm=organic&iid=d60d8e75-061f-48aa-83e7-35ac61d14ce8.PDEGVFPYAT55ZKDT.SEARCH&ppt=None&ppn=None&ssid=vikbikuy8w0000001783424349196&qH=a418c91bf2bdb70b&ov_redirect=true&ov_redirect=true,keyword_search,puppy training pads,9,False,380.0,1499.0,75.0,4.3,,In Stock,nan,,ok,scrape,https://rukminim2.flixcart.com/image/612/612/xif0q/pet-diaper/o/w/q/3-50kg-absorbent-core-pet-training-pads-60x90-cms-25-jnoni-original-imagvyrsm2jshxpb.jpeg?q=70,jnoni,JNONI Pet Training Pads 60x90 cms Disposable Dog Diapers,training
2026-07-07,flipkart,PDEGVGDCRNXXWGB3,d66f66f20c7fce3a,https://www.flipkart.com/jnoni-heavy-duty-pet-puppy-training-pads-xl-10-disposable-dog-diapers/p/itm14e16b157c7a1?pid=PDEGVGDCRNXXWGB3&lid=LSTPDEGVGDCRNXXWGB3ETNTRA&marketplace=FLIPKART&q=puppy+training+pads&store=p3t%2Fixl%2Fhmu&srno=s_1_10&otracker=search&fm=organic&iid=d60d8e75-061f-48aa-83e7-35ac61d14ce8.PDEGVGDCRNXXWGB3.SEARCH&ppt=None&ppn=None&ssid=vikbikuy8w0000001783424349196&qH=a418c91bf2bdb70b&ov_redirect=true&ov_redirect=true,keyword_search,puppy training pads,10,False,145.0,899.0,84.0,3.0,,In Stock,nan,,ok,scrape,https://rukminim2.flixcart.com/image/612/612/k5e7o280/pet-mat/t/x/t/xl-pet-training-pads-30-sheets-lavender-original-imafn2vqku8guqgx.jpeg?q=70,jnoni,"JNONI Heavy Duty Pet and Puppy Training Pads (XL, 10) Disposable Dog Diapers",training
2026-07-07,flipkart,PDEFZZS3FMHHNHAC,10d51d0a8144df67,https://www.flipkart.com/paramount-puppee-pet-training-pads-mn-13-disposable-dog-diapers/p/itm28ada6988e8d0?pid=PDEFZZS3FMHHNHAC&lid=LSTPDEFZZS3FMHHNHACKFPWAV&marketplace=FLIPKART&q=puppy+training+pads&store=p3t%2Fixl%2Fhmu&srno=s_1_12&otracker=search&fm=organic&iid=en_omjqoua815HyEyKbKGy2q_-q36HGX_wQOiVD2zwC7PAXP2lmYJwQx36pzfoG_g6BpbB0Xli9ESbpa4giarbTNpQbtuEcDmqwg6Kxd7aa5WBaZ6CwHDZ2Utc3rB8wXWfB&ppt=None&ppn=None&ssid=vikbikuy8w0000001783424349196&qH=a418c91bf2bdb70b&ov_redirect=true&ov_redirect=true,keyword_search,puppy training pads,12,False,170.0,350.0,51.0,4.2,,In Stock,nan,,ok,scrape,https://rukminim2.flixcart.com/image/612/612/kkbh8cw0/pet-diaper/w/q/f/5-8-kg-puppee-pet-training-pads-mn-01-paramount-original-imafzzs3dgmamxyd.jpeg?q=70,paramount,Paramount PupPee Pet Training Pads||Mn-13 Disposable Dog Diapers,training
2026-07-07,flipkart,PDEFXQUPZKH4XHMG,e4303f00e764ea54,https://www.flipkart.com/secom-dog-training-pads-training-pee-potty-pads-quick-drying-surface-absorbent-core-suitable-small-large-breed-puppies-20-count-size-xl-l-60-cm-x-h-90-disposable-diapers/p/itm7ca519d3f4597?pid=PDEFXQUPZKH4XHMG&lid=LSTPDEFXQUPZKH4XHMGSTCQY2&marketplace=FLIPKART&q=puppy+training+pads&store=p3t%2Fixl%2Fhmu&srno=s_1_13&otracker=search&fm=organic&iid=d60d8e75-061f-48aa-83e7-35ac61d14ce8.PDEFXQUPZKH4XHMG.SEARCH&ppt=None&ppn=None&ssid=vikbikuy8w0000001783424349196&qH=a418c91bf2bdb70b&ov_redirect=true&ov_redirect=true,keyword_search,puppy training pads,13,False,256.0,1399.0,82.0,4.1,,In Stock,nan,,ok,scrape,https://rukminim2.flixcart.com/image/612/612/khtghow0-0/pet-diaper/r/j/u/upto-5-kg-dog-training-pads-training-pee-and-potty-pads-with-original-imafxqtq6jqqeg29.jpeg?q=70,secom,SECOM Dog Training Pads/Training Pee and Potty Pads with Quick Drying Surface and Absorbent Core/Suitable for Small/Large Breed Puppies /20 Count/Size: XL/L-60 cm X H- 90 cm Disposable Dog Diapers,training
2026-07-07,flipkart,PDEGY7GXX57HVFXF,,https://www.flipkart.com/multani-di-hatti-dog-training-pads-size-xl-60-x-90-cm-10-count-training-pee-potty-pads-quick-drying-surface-absorbent-core-suitable-small-large-breed-puppies-diapers-disposable/p/itm2a7ae9ffbe1b2?pid=PDEGY7GXX57HVFXF&lid=LSTPDEGY7GXX57HVFXFWYCOVZ&marketplace=FLIPKART&q=puppy+training+pads&store=p3t%2Fixl%2Fhmu&srno=s_1_14&otracker=search&fm=organic&iid=d60d8e75-061f-48aa-83e7-35ac61d14ce8.PDEGY7GXX57HVFXF.SEARCH&ppt=None&ppn=None&ssid=vikbikuy8w0000001783424349196&qH=a418c91bf2bdb70b&ov_redirect=true&ov_redirect=true,keyword_search,puppy training pads,14,False,209.0,880.0,76.0,4.0,,In Stock,nan,,ok,scrape,https://rukminim2.flixcart.com/image/612/612/kh9gbrk0/pet-diaper/v/x/z/2-5-dog-training-pads-training-pee-and-potty-pads-with-quick-original-imafxbg9n9h3ykmj.jpeg?q=70,multani,Multani Di Hatti Dog Training Pads/Size: XL/60 x 90 cm/10 Count/Training Pee and Potty Pads with Quick Drying Surface and Absorbent Core/Suitable for Small/Large Breed Puppies Dog Diapers Disposable Dog Diapers,training
2026-07-07,flipkart,PDEHJPCTYJ7Q44YK,9c29d1c6e73a4bd8,https://www.flipkart.com/furrchild-dog-puppy-training-pads-60x60-cm-super-absorbent-20-pack-disposable-diapers/p/itm7741c7c5a5f12?pid=PDEHJPCTYJ7Q44YK&lid=LSTPDEHJPCTYJ7Q44YKRVC8AG&marketplace=FLIPKART&q=puppy+training+pads&store=p3t%2Fixl%2Fhmu&srno=s_1_15&otracker=search&fm=organic&iid=d60d8e75-061f-48aa-83e7-35ac61d14ce8.PDEHJPCTYJ7Q44YK.SEARCH&ppt=None&ppn=None&ssid=vikbikuy8w0000001783424349196&qH=a418c91bf2bdb70b&ov_redirect=true&ov_redirect=true,keyword_search,puppy training pads,15,False,272.0,649.0,58.0,3.5,,In Stock,nan,,ok,scrape,https://rukminim2.flixcart.com/image/612/612/xif0q/pet-diaper/t/0/9/up-to-10-kg-pet-training-pads-for-dogs-puppies-60x60-cm-original-imahhhyfauda5yhp.jpeg?q=70,furrchild,FurrChild Dog & Puppy Training Pads 60x60 cm Super Absorbent 20 Pack Disposable Dog Diapers,training
2026-07-07,flipkart,PDEGVGGVCHHFDXC7,7082121047796e9a,https://www.flipkart.com/jnoni-training-pad-training-pee-potty-quick-drying-surface-absorbent-core-disposable-dog-diapers/p/itm0bd6fdf6135ed?pid=PDEGVGGVCHHFDXC7&lid=LSTPDEGVGGVCHHFDXC7QXQTV9&marketplace=FLIPKART&q=puppy+training+pads&store=p3t%2Fixl%2Fhmu&srno=s_1_16&otracker=search&fm=organic&iid=d60d8e75-061f-48aa-83e7-35ac61d14ce8.PDEGVGGVCHHFDXC7.SEARCH&ppt=None&ppn=None&ssid=vikbikuy8w0000001783424349196&qH=a418c91bf2bdb70b&ov_redirect=true&ov_redirect=true,keyword_search,puppy training pads,16,False,154.0,890.0,83.0,4.8,,In Stock,nan,,ok,scrape,https://rukminim2.flixcart.com/image/612/612/kf2v3ww0/pet-diaper/z/k/x/2-5-dog-training-pads-dog-training-pads-training-pee-and-potty-original-imafvmejebas4x6s.jpeg?q=70,jnoni,JNONI Training Pad/Training Pee and Potty with Quick Drying Surface and Absorbent Core Disposable Dog Diapers,training
2026-07-07,flipkart,PDEGEEUUZYJVG9DU,3ddd177e72f51231,https://www.flipkart.com/puppee-large-pack-30-disposable-dog-cat-diapers/p/itme6f28fd612d12?pid=PDEGEEUUZYJVG9DU&lid=LSTPDEGEEUUZYJVG9DU8YPOYG&marketplace=FLIPKART&q=puppy+training+pads&store=p3t%2Fixl%2Fhmu&srno=s_1_17&otracker=search&fm=organic&iid=en_omjqoua815HyEyKbKGy2q_-q36HGX_wQOiVD2zwC7PDJqzOyC7KTxo7af8QLGGkQXN7604DYlUvDmjyJ7HAWOZQbtuEcDmqwg6Kxd7aa5WBaZ6CwHDZ2Utc3rB8wXWfB&ppt=None&ppn=None&ssid=vikbikuy8w0000001783424349196&qH=a418c91bf2bdb70b&ov_redirect=true&ov_redirect=true,keyword_search,puppy training pads,17,False,557.0,1400.0,60.0,4.7,,In Stock,nan,,ok,scrape,https://rukminim2.flixcart.com/image/612/612/xif0q/pet-mat/n/f/i/l-pet-training-pads-60-x-90-cm-urine-underpad-30-count-per-original-imagsgkmxy4zvur9.jpeg?q=70,puppee,puppee LARGE PACK OF 30 Disposable Dog & Cat Diapers,training
2026-07-07,flipkart,PDEHMJRCYZGNUAN5,50eb1cdb985a4f94,https://www.flipkart.com/dtach-dog-puppy-pee-pads-leak-proof-60-45-cm-10-pcs-disposable-cat-diapers/p/itm53dedbc461eaa?pid=PDEHMJRCYZGNUAN5&lid=LSTPDEHMJRCYZGNUAN5VCKONB&marketplace=FLIPKART&q=puppy+training+pads&store=p3t%2Fixl%2Fhmu&srno=s_1_19&otracker=search&fm=organic&iid=d60d8e75-061f-48aa-83e7-35ac61d14ce8.PDEHMJRCYZGNUAN5.SEARCH&ppt=None&ppn=None&ssid=vikbikuy8w0000001783424349196&qH=a418c91bf2bdb70b&ov_redirect=true&ov_redirect=true,keyword_search,puppy training pads,19,False,202.0,699.0,71.0,,,In Stock,nan,,ok,scrape,https://rukminim2.flixcart.com/image/612/612/xif0q/pet-diaper/o/l/6/600-grams-dog-puppy-pee-pads-leak-proof-60-45-cm-10-pcs-xl-10-original-imahmjrctnhx9eyy.jpeg?q=70,dtach,Dtach Dog Puppy Pee Pads | Leak-Proof | 60 × 45 cm | 10 Pcs Disposable Dog & Cat Diapers,training
2026-07-07,flipkart,PTTGDZA34GZ4KSDG,150387a7584d4174,https://www.flipkart.com/active-treat-biscuits-buy-1-get-2x500g-real-chicken-dog/p/itmfd3192c4a0612?pid=PTTGDZA34GZ4KSDG&lid=LSTPTTGDZA34GZ4KSDGDMOT9F&marketplace=FLIPKART&q=dog+training+treats&store=p3t%2Fea3%2Fnva&srno=s_1_1&otracker=search&fm=organic&iid=en_NRsyrqAtCGc4_jtLG5PLX4gyl43FAUuJtvosuCk66QU6gpQuo2_oIythE0mS8kQB7ftCC5-bg66GFEOfGXpAcBY0PR7G-ZQepDD3gvhoxJF7MMWA7kplm_x81ATFE3jS&ppt=None&ppn=None&ssid=wov3prijog0000001783424351807&qH=a29335f69d7964db&ov_redirect=true,keyword_search,dog training treats,1,False,229.0,289.0,21.0,4.4,8855.0,In Stock,nan,,ok,scrape,https://rukminim2.flixcart.com/image/312/312/xif0q/pet-treat/o/i/5/-enriched-transparent-original-imahdufyf4953xf7.png?q=70,active,Active Treat Biscuits Buy 1 get 1 (2x500g) Real Chicken Dog Treat,training
2026-07-07,flipkart,PTTFMR5VQFJJ6JGZ,09111e5628f51fb4,https://www.flipkart.com/active-treat-biscuits-buy-1-get-1-1kgx-2-real-chicken-dog/p/itmdaebd27353a9e?pid=PTTFMR5VQFJJ6JGZ&lid=LSTPTTFMR5VQFJJ6JGZS92V7X&marketplace=FLIPKART&q=dog+training+treats&store=p3t%2Fea3%2Fnva&srno=s_1_2&otracker=search&fm=organic&iid=en_NRsyrqAtCGc4_jtLG5PLX4gyl43FAUuJtvosuCk66QXcIemlX8fsLheqWm66YeMxIBQkqqPoYCycchsBjz6n8_1FlZWfm2yDSnYIYBSlA9l7MMWA7kplm_x81ATFE3jS&ppt=None&ppn=None&ssid=wov3prijog0000001783424351807&qH=a29335f69d7964db&ov_redirect=true,keyword_search,dog training treats,2,False,346.0,440.0,21.0,4.4,20739.0,In Stock,nan,,ok,scrape,https://rukminim2.flixcart.com/image/312/312/xif0q/pet-treat/7/n/r/-original-imahduezqm8mevez.jpeg?q=70,active,Active Treat Biscuits Buy 1 get 1( 1kgX 2) Real Chicken Dog Treat,training
2026-07-07,flipkart,PTTGYYW2W8H5ZJHQ,a2cfd529fc3907bc,https://www.flipkart.com/drools-biscuits-real-chicken-egg-dog-treat/p/itmabb46e494294a?pid=PTTGYYW2W8H5ZJHQ&lid=LSTPTTGYYW2W8H5ZJHQ05Z8CT&marketplace=FLIPKART&q=dog+training+treats&store=p3t%2Fea3%2Fnva&srno=s_1_3&otracker=search&fm=organic&iid=25f5e471-619f-4ddd-b027-4bce8ed3004f.PTTGYYW2W8H5ZJHQ.SEARCH&ppt=None&ppn=None&ssid=wov3prijog0000001783424351807&qH=a29335f69d7964db&ov_redirect=true,keyword_search,dog training treats,3,False,166.0,200.0,17.0,4.3,1521.0,In Stock,nan,,ok,scrape,https://rukminim2.flixcart.com/image/312/312/xif0q/pet-treat/l/z/a/-original-imahzzfyxthtse9g.jpeg?q=70,drools,Drools Biscuits Real Chicken and Egg Dog Treat,training
2026-07-07,flipkart,PFDENR86HWMHSDNP,fe3db59d907a2820,https://www.flipkart.com/pedigree-dentastix-oral-care-small-breed-5-10-kg-dog-treat/p/itmf3j7quhyqte4y?pid=PFDENR86HWMHSDNP&lid=LSTPFDENR86HWMHSDNPS5XOXR&marketplace=FLIPKART&q=dog+training+treats&store=p3t%2Fea3%2Fnva&srno=s_1_6&otracker=search&fm=organic&iid=en_NRsyrqAtCGc4_jtLG5PLX4gyl43FAUuJtvosuCk66QU0sUMocAncm5sJZczsTT8HxfICQipe4BqX-gd3iE1Ql_Dei1ziXRcrSs5uBXtsJ-cws-Ia9oyK-pWX4yRAjWED&ppt=None&ppn=None&ssid=wov3prijog0000001783424351807&qH=a29335f69d7964db&ov_redirect=true,keyword_search,dog training treats,6,False,144.0,160.0,10.0,4.4,6612.0,In Stock,nan,,ok,scrape,https://rukminim2.flixcart.com/image/312/312/xif0q/pet-treat/a/e/0/-enriched-transparent-original-imahhtvafs6retqx.png?q=70,pedigree,PEDIGREE Dentastix Oral Care for Small Breed (5-10 kg) Dog Treat,training
2026-07-07,flipkart,PTTFHYU2JNQQKDWN,3629d5f8b0d9299a,https://www.flipkart.com/pedigree-biscrok-biscuits-above-4-months-chicken-dog-treat/p/itmfhyu2usmezqpw?pid=PTTFHYU2JNQQKDWN&lid=LSTPTTFHYU2JNQQKDWNIMIS9N&marketplace=FLIPKART&q=dog+training+treats&store=p3t%2Fea3%2Fnva&srno=s_1_7&otracker=search&fm=organic&iid=25f5e471-619f-4ddd-b027-4bce8ed3004f.PTTFHYU2JNQQKDWN.SEARCH&ppt=None&ppn=None&ssid=wov3prijog0000001783424351807&qH=a29335f69d7964db&ov_redirect=true,keyword_search,dog training treats,7,False,170.0,200.0,15.0,4.4,12590.0,In Stock,nan,,ok,scrape,https://rukminim2.flixcart.com/image/312/312/xif0q/pet-treat/p/g/6/-enriched-transparent-original-imahgdgpzngyhnxb.png?q=70,pedigree,PEDIGREE Biscrok Biscuits (Above 4 months) Chicken Dog Treat,training
2026-07-07,flipkart,PTTHNNXJWZEM9NET,8a23ceb4c6c0d17e,https://www.flipkart.com/jerhigh-treats-real-chicken-meat-carrot-sticks-dogs-pupies-dog-treat/p/itm3e2b0ba7fd781?pid=PTTHNNXJWZEM9NET&lid=LSTPTTHNNXJWZEM9NETWTUQSZ&marketplace=FLIPKART&q=dog+training+treats&store=p3t%2Fea3%2Fnva&srno=s_1_8&otracker=search&fm=organic&iid=25f5e471-619f-4ddd-b027-4bce8ed3004f.PTTHNNXJWZEM9NET.SEARCH&ppt=None&ppn=None&ssid=wov3prijog0000001783424351807&qH=a29335f69d7964db&ov_redirect=true,keyword_search,dog training treats,8,False,842.0,1075.0,22.0,,,In Stock,nan,,ok,scrape,https://rukminim2.flixcart.com/image/312/312/xif0q/pet-treat/x/z/a/400-dog-2-jh-carrot-400-02-jerhigh-original-imahnnxfgz5hubhj.jpeg?q=70,jerhigh,"jerhigh Jerhigh Treats, Real chicken Meat , Chicken with Carrot sticks for Dogs/Pupies Carrot Dog Trea...",training
2026-07-07,flipkart,PFDENR86JHSUUXV2,51579fe668953ed0,https://www.flipkart.com/pedigree-tasty-jerky-chicken-dog-treat/p/itmf3j7qj5gyqzwe?pid=PFDENR86JHSUUXV2&lid=LSTPFDENR86JHSUUXV2W7V6V4&marketplace=FLIPKART&q=dog+training+treats&store=p3t%2Fea3%2Fnva&srno=s_1_9&otracker=search&fm=organic&iid=25f5e471-619f-4ddd-b027-4bce8ed3004f.PFDENR86JHSUUXV2.SEARCH&ppt=None&ppn=None&ssid=wov3prijog0000001783424351807&qH=a29335f69d7964db&ov_redirect=true,keyword_search,dog training treats,9,False,170.0,189.0,10.0,4.6,2421.0,In Stock,nan,,ok,scrape,https://rukminim2.flixcart.com/image/312/312/xif0q/pet-treat/0/u/h/-enriched-transparent-original-imahgdgpgphtcgda.png?q=70,pedigree,PEDIGREE Tasty Jerky Chicken Dog Treat,training
2026-07-07,flipkart,PFDENR86J5HHFNFC,178d6db8b30228b2,https://www.flipkart.com/pedigree-tasty-jerky-liver-dog-treat/p/itmf3j7qsawhdn4h?pid=PFDENR86J5HHFNFC&lid=LSTPFDENR86J5HHFNFCBQY5BZ&marketplace=FLIPKART&q=dog+training+treats&store=p3t%2Fea3%2Fnva&srno=s_1_10&otracker=search&fm=organic&iid=25f5e471-619f-4ddd-b027-4bce8ed3004f.PFDENR86J5HHFNFC.SEARCH&ppt=None&ppn=None&ssid=wov3prijog0000001783424351807&qH=a29335f69d7964db&ov_redirect=true,keyword_search,dog training treats,10,False,170.0,189.0,10.0,4.6,1175.0,In Stock,nan,,ok,scrape,https://rukminim2.flixcart.com/image/312/312/xif0q/pet-treat/u/t/e/-enriched-transparent-original-imahgdgpfgpyjpfh.png?q=70,pedigree,PEDIGREE Tasty Jerky Liver Dog Treat,training
2026-07-07,flipkart,PTTHMBF5E4NFPECM,36fd855dc0f46689,https://www.flipkart.com/drools-sticks-chicken-liver-dog-treat/p/itm9f6691aa838f9?pid=PTTHMBF5E4NFPECM&lid=LSTPTTHMBF5E4NFPECMQPVSBL&marketplace=FLIPKART&q=dog+training+treats&store=p3t%2Fea3%2Fnva&srno=s_1_11&otracker=search&fm=organic&iid=en_NRsyrqAtCGc4_jtLG5PLX4gyl43FAUuJtvosuCk66QU4qyICu2F7iTK9hhHyisxcr0pZmIJpgsTwcYfqNzWglHXLxfF2E0hXZ6d_Qr2S8-RMBgtxK0_g1j0VYLGmvQkl&ppt=None&ppn=None&ssid=wov3prijog0000001783424351807&qH=a29335f69d7964db&ov_redirect=true,keyword_search,dog training treats,11,False,169.0,199.0,15.0,,,In Stock,nan,,ok,scrape,https://rukminim2.flixcart.com/image/312/312/xif0q/pet-treat/i/n/3/-original-imahmdyqe9nz4w9u.jpeg?q=70,drools,Drools Sticks Chicken Liver Dog Treat,training
2026-07-07,flipkart,PTTFVPZ6DXX9WDVS,70b2289ce1fcfccd,https://www.flipkart.com/jk-international-white-munchies-pack-10-stick-milk-dog-treat/p/itmdfda3b4e46d71?pid=PTTFVPZ6DXX9WDVS&lid=LSTPTTFVPZ6DXX9WDVSQHCCKT&marketplace=FLIPKART&q=dog+training+treats&store=p3t%2Fea3%2Fnva&srno=s_1_13&otracker=search&fm=organic&iid=25f5e471-619f-4ddd-b027-4bce8ed3004f.PTTFVPZ6DXX9WDVS.SEARCH&ppt=None&ppn=None&ssid=wov3prijog0000001783424351807&qH=a29335f69d7964db&ov_redirect=true,keyword_search,dog training treats,13,False,172.0,250.0,31.0,4.2,40.0,In Stock,nan,,ok,scrape,https://rukminim2.flixcart.com/image/312/312/kf8kvbk0/pet-treat/d/v/s/200-dog-white-munchies-pack-of-10-stick-jk-international-original-imafvq5cma6hqz2u.jpeg?q=70,jk,JK INTERNATIONAL WHITE MUNCHIES PACK OF 10 STICK Milk Dog Treat,training
2026-07-07,flipkart,PTTFVGY2MWRGNS6N,ac3afb16c860c4d0,https://www.flipkart.com/jk-international-3-inch-bone-pets-milk-dog-treat/p/itme777b39f8716b?pid=PTTFVGY2MWRGNS6N&lid=LSTPTTFVGY2MWRGNS6NWJ7OH1&marketplace=FLIPKART&q=dog+training+treats&store=p3t%2Fea3%2Fnva&srno=s_1_14&otracker=search&fm=organic&iid=25f5e471-619f-4ddd-b027-4bce8ed3004f.PTTFVGY2MWRGNS6N.SEARCH&ppt=None&ppn=None&ssid=wov3prijog0000001783424351807&qH=a29335f69d7964db&ov_redirect=true,keyword_search,dog training treats,14,False,115.0,199.0,42.0,3.9,23.0,In Stock,nan,,ok,scrape,https://rukminim2.flixcart.com/image/312/312/k4ohqq80/pet-chew/f/a/z/6-dog-rwb6i1p-sage-square-original-imafnjaqqnfxhxh8.jpeg?q=70,jk,JK INTERNATIONAL `3 INCH BONE FOR PETS Milk Dog Treat,training
2026-07-07,flipkart,PFDENR86SGZZBP8K,a50618a7f7ffb993,https://www.flipkart.com/pedigree-dentastix-oral-care-large-breed-25-kg-dog-treat/p/itmf3j7qpykhdtyv?pid=PFDENR86SGZZBP8K&lid=LSTPFDENR86SGZZBP8KJ2BPXD&marketplace=FLIPKART&q=dog+training+treats&store=p3t%2Fea3%2Fnva&srno=s_1_15&otracker=search&fm=organic&iid=25f5e471-619f-4ddd-b027-4bce8ed3004f.PFDENR86SGZZBP8K.SEARCH&ppt=None&ppn=None&ssid=wov3prijog0000001783424351807&qH=a29335f69d7964db&ov_redirect=true,keyword_search,dog training treats,15,False,252.0,280.0,10.0,4.5,2213.0,In Stock,nan,,ok,scrape,https://rukminim2.flixcart.com/image/312/312/xif0q/pet-treat/q/v/3/-enriched-transparent-original-imahhtvaz6krfkp8.png?q=70,pedigree,PEDIGREE Dentastix Oral Care for Large Breed (25 kg+) Dog Treat,training
2026-07-07,flipkart,PTTHNZWGWZGHHQRQ,0ad72e2d04631e38,https://www.flipkart.com/dr-pets-banana-oats-dog-biscuits-pure-oven-baked-treats-food-treat/p/itm10d085735df1f?pid=PTTHNZWGWZGHHQRQ&lid=LSTPTTHNZWGWZGHHQRQNH4CIF&marketplace=FLIPKART&q=dog+training+treats&store=p3t%2Fea3%2Fnva&srno=s_1_16&otracker=search&fm=organic&iid=25f5e471-619f-4ddd-b027-4bce8ed3004f.PTTHNZWGWZGHHQRQ.SEARCH&ppt=None&ppn=None&ssid=wov3prijog0000001783424351807&qH=a29335f69d7964db&ov_redirect=true,keyword_search,dog training treats,16,False,795.0,1599.0,50.0,,,In Stock,nan,,ok,scrape,https://rukminim2.flixcart.com/image/312/312/xif0q/pet-treat/q/t/y/4-5-dog-5-bstk-bna-oats-900gm-5-dr-pets-original-imahnzwgnfzyzb9g.jpeg?q=70,dr,Dr. Pets Banana Oats Dog Biscuits Pure Oven Baked Dog Treats Food Oats Dog Treat,training
2026-07-07,flipkart,PTTG69HSUKKMJP7G,ab5396f0b629429d,https://www.flipkart.com/dogsee-chew-puffies-100-natural-himalayan-vegetarian-cheese-dog-treat/p/itm1171768eeec9a?pid=PTTG69HSUKKMJP7G&lid=LSTPTTG69HSUKKMJP7GTUO7ZA&marketplace=FLIPKART&q=dog+training+treats&store=p3t%2Fea3%2Fnva&srno=s_1_18&otracker=search&fm=organic&iid=en_NRsyrqAtCGc4_jtLG5PLX4gyl43FAUuJtvosuCk66QUkS5ii1maRu23huQKtp_FCKH_BMyjom5INglLd4HwmX3lcQNzZR51uixkr3kSBk0ilM2TORqvASF-FH_Rogwnc&ppt=None&ppn=None&ssid=wov3prijog0000001783424351807&qH=a29335f69d7964db&ov_redirect=true,keyword_search,dog training treats,18,False,127.0,199.0,36.0,4.1,137.0,In Stock,nan,,ok,scrape,https://rukminim2.flixcart.com/image/312/312/xif0q/shopsy-pet-treat/3/s/i/70-puffies-cheese-dog-treat-dog-1-dogsee-chew-original-imaggkpe3sjthvdc.jpeg?q=70,himalaya,Dogsee Chew Puffies|100% Natural Himalayan Vegetarian Cheese Dog Treat,training
2026-07-07,flipkart,PTTGDKPHGWRAYBZD,b220e782dbf52290,https://www.flipkart.com/doggie-biscuits-chicken-flavour-1-pack-450g-dog-treat/p/itm94878e869d322?pid=PTTGDKPHGWRAYBZD&lid=LSTPTTGDKPHGWRAYBZDC8N9SC&marketplace=FLIPKART&q=dog+training+treats&store=p3t%2Fea3%2Fnva&srno=s_1_19&otracker=search&fm=organic&iid=25f5e471-619f-4ddd-b027-4bce8ed3004f.PTTGDKPHGWRAYBZD.SEARCH&ppt=None&ppn=None&ssid=wov3prijog0000001783424351807&qH=a29335f69d7964db&ov_redirect=true,keyword_search,dog training treats,19,False,109.0,280.0,61.0,4.0,675.0,In Stock,nan,,ok,scrape,https://rukminim2.flixcart.com/image/312/312/xif0q/pet-treat/x/z/j/0-45-dog-1-dog-biscuits-in-chicken-flavour-doggie-original-imahm32zv7yasyyz.jpeg?q=70,doggie,DOGGIE Biscuits In Chicken Flavour 1 Pack 450G Chicken Dog Treat,training
2026-07-07,flipkart,PTTH4D8CVKXZMVG5,6664e2f7bad7eb70,https://www.flipkart.com/chip-chops-sushi-rolls-dog-meaty-treat-70-gm-chicken/p/itm99be01ff02c42?pid=PTTH4D8CVKXZMVG5&lid=LSTPTTH4D8CVKXZMVG5WOEZXM&marketplace=FLIPKART&q=dog+training+treats&store=p3t%2Fea3%2Fnva&srno=s_1_20&otracker=search&fm=organic&iid=25f5e471-619f-4ddd-b027-4bce8ed3004f.PTTH4D8CVKXZMVG5.SEARCH&ppt=None&ppn=None&ssid=wov3prijog0000001783424351807&qH=a29335f69d7964db&ov_redirect=true,keyword_search,dog training treats,20,False,193.0,215.0,10.0,4.6,33.0,In Stock,nan,,ok,scrape,https://rukminim2.flixcart.com/image/312/312/xif0q/pet-treat/l/l/4/0-07-dog-1-otrfo2280-chip-chops-original-imah4d8cacfjfjbh.jpeg?q=70,chip,Chip Chops Sushi Rolls dog Meaty Treat - 70 gm Chicken Dog Treat,training
2026-07-07,flipkart,PTYH7JSYH6EFUTAW,a3e4b089adcf88ab,https://www.flipkart.com/plushmate-pet-training-clicker-wrist-strap-hook-plastic-aid-dog-cat/p/itm020bb620faa5a?pid=PTYH7JSYH6EFUTAW&lid=LSTPTYH7JSYH6EFUTAWZLPQN1&marketplace=FLIPKART&q=clicker+dog+training&store=p3t%2Fea3%2Fg4c&srno=s_1_5&otracker=search&fm=organic&iid=fbb02aa1-aabd-4b0d-9e72-e506e20115f2.PTYH7JSYH6EFUTAW.SEARCH&ppt=None&ppn=None&ssid=k2z16a13j40000001783424354631&qH=b0c60dc4bffa7e54&ov_redirect=true&ov_redirect=true,keyword_search,clicker dog training,5,False,145.0,230.0,37.0,,,In Stock,nan,,ok,scrape,https://rukminim2.flixcart.com/image/612/612/xif0q/pet-toy/g/0/t/1-pm-trainingclicker-aco19-blue-p1-plushmate-original-imah7jsywdt5jfny.jpeg?q=70,plushmate,Plushmate Pet Training Clicker with Wrist Strap and Strap Hook Plastic Training Aid For Dog & Cat,training
2026-07-07,flipkart,PTYG7CJGUAGE7JQV,f71f1ab73fb9d749,https://www.flipkart.com/emily-pets-pet-training-clicker-green-plastic-aid-dog/p/itm23464051948f9?pid=PTYG7CJGUAGE7JQV&lid=LSTPTYG7CJGUAGE7JQVCQQJ8L&marketplace=FLIPKART&q=clicker+dog+training&store=p3t%2Fea3%2Fg4c&srno=s_1_6&otracker=search&fm=organic&iid=fbb02aa1-aabd-4b0d-9e72-e506e20115f2.PTYG7CJGUAGE7JQV.SEARCH&ppt=None&ppn=None&ssid=k2z16a13j40000001783424354631&qH=b0c60dc4bffa7e54&ov_redirect=true&ov_redirect=true,keyword_search,clicker dog training,6,False,214.0,299.0,28.0,4.3,,In Stock,nan,,ok,scrape,https://rukminim2.flixcart.com/image/612/612/ku5ufm80/pet-toy/b/f/0/dog-training-clicker-with-wrist-strap-durable-lightweight-easy-original-imag7cgymyczdyga.jpeg?q=70,emily,Emily Pets Pet Training Clicker (Green) Plastic Training Aid For Dog,training
2026-07-07,flipkart,PTYH8BGMCQYFNFQU,c69adcd5decea95a,https://www.flipkart.com/petjoy-dog-training-clicker-wrist-strap-oval-clicker-plastic-aid-cat/p/itmf1a8293b0f7c7?pid=PTYH8BGMCQYFNFQU&lid=LSTPTYH8BGMCQYFNFQUP0QRMT&marketplace=FLIPKART&q=clicker+dog+training&store=p3t%2Fea3%2Fg4c&srno=s_1_7&otracker=search&fm=organic&iid=fbb02aa1-aabd-4b0d-9e72-e506e20115f2.PTYH8BGMCQYFNFQU.SEARCH&ppt=None&ppn=None&ssid=k2z16a13j40000001783424354631&qH=b0c60dc4bffa7e54&ov_redirect=true&ov_redirect=true,keyword_search,clicker dog training,7,False,340.0,800.0,57.0,5.0,,In Stock,nan,,ok,scrape,https://rukminim2.flixcart.com/image/612/612/xif0q/pet-toy/g/l/u/1-dog-training-clicker-with-wrist-strap-oval-clicker-pet-original-imahd89mdwzygze9.jpeg?q=70,petjoy,PetJoy Dog Training Clicker with Wrist Strap - (Oval Clicker) Plastic Training Aid For Dog & Cat,training
2026-07-07,flipkart,PTYGB9FKJQBH7ZFY,9b72f19ba9293cb2,https://www.flipkart.com/rvpaws-pet-training-clicker-wrist-strap-dog-plastic-aid/p/itmca5cb9bae061d?pid=PTYGB9FKJQBH7ZFY&lid=LSTPTYGB9FKJQBH7ZFYGMMEHW&marketplace=FLIPKART&q=clicker+dog+training&store=p3t%2Fea3%2Fg4c&srno=s_1_9&otracker=search&fm=organic&iid=fbb02aa1-aabd-4b0d-9e72-e506e20115f2.PTYGB9FKJQBH7ZFY.SEARCH&ppt=None&ppn=None&ssid=k2z16a13j40000001783424354631&qH=b0c60dc4bffa7e54&ov_redirect=true&ov_redirect=true,keyword_search,clicker dog training,9,False,167.0,899.0,81.0,3.8,,In Stock,nan,,ok,scrape,https://rukminim2.flixcart.com/image/612/612/ktaeqvk0/pet-toy/s/9/f/mini-70-scooper-clicker-combo-foodiepuppies-original-imag6zy6fgknnspt.jpeg?q=70,rvpaws,Rvpaws Pet Training Clicker with Wrist Strap for Dog Plastic Training Aid For Dog,training
2026-07-07,flipkart,PTYGB9ZUHHBRGXSZ,,https://www.flipkart.com/rvpaws-pet-training-clicker-wrist-bands-strap-plastic-aid-dog/p/itmd5f43fd055975?pid=PTYGB9ZUHHBRGXSZ&lid=LSTPTYGB9ZUHHBRGXSZCYUSWT&marketplace=FLIPKART&q=clicker+dog+training&store=p3t%2Fea3%2Fg4c&srno=s_1_10&otracker=search&fm=organic&iid=fbb02aa1-aabd-4b0d-9e72-e506e20115f2.PTYGB9ZUHHBRGXSZ.SEARCH&ppt=None&ppn=None&ssid=k2z16a13j40000001783424354631&qH=b0c60dc4bffa7e54&ov_redirect=true&ov_redirect=true,keyword_search,clicker dog training,10,False,177.0,699.0,75.0,3.4,,In Stock,nan,,ok,scrape,https://rukminim2.flixcart.com/image/612/612/kz7bcsw0/pet-toy/2/r/z/1-pet-training-aid-clicker-for-puppy-rvpaws-original-imagb9zucqxrzzgg.jpeg?q=70,rvpaws,Rvpaws Pet Training Clicker with Wrist Bands Strap Plastic Training Aid For Dog,training
2026-07-07,flipkart,PTYG7DG4WFNDKDBX,2866b1de4cb570e3,https://www.flipkart.com/emily-pets-clicker-dogs-pack-4-plastic-training-aid-dog-cat/p/itmbe8c3bed890b9?pid=PTYG7DG4WFNDKDBX&lid=LSTPTYG7DG4WFNDKDBXWT3ALH&marketplace=FLIPKART&q=clicker+dog+training&store=p3t%2Fea3%2Fg4c&srno=s_1_11&otracker=search&fm=organic&iid=fbb02aa1-aabd-4b0d-9e72-e506e20115f2.PTYG7DG4WFNDKDBX.SEARCH&ppt=None&ppn=None&ssid=k2z16a13j40000001783424354631&qH=b0c60dc4bffa7e54&ov_redirect=true&ov_redirect=true,keyword_search,clicker dog training,11,False,748.0,999.0,25.0,,,In Stock,nan,,ok,scrape,https://rukminim2.flixcart.com/image/612/612/l4ln8nk0/pet-toy/x/h/e/1-dog-clickers-with-black-wrist-bands-2-4x1-8-inches-colorful-original-imagfgg7xvpxfnvy.jpeg?q=70,emily,Emily Pets Clicker for Dogs (Pack of 4) Plastic Training Aid For Dog & Cat,training
2026-07-07,flipkart,PTYG7DGZGSYSXD52,e40816928ef44e59,https://www.flipkart.com/emily-pets-dog-training-clicker-pack-2-starp-plastic-aid-cat/p/itmda3c15a76d0ff?pid=PTYG7DGZGSYSXD52&lid=LSTPTYG7DGZGSYSXD52TIL2SB&marketplace=FLIPKART&q=clicker+dog+training&store=p3t%2Fea3%2Fg4c&srno=s_1_12&otracker=search&fm=organic&iid=fbb02aa1-aabd-4b0d-9e72-e506e20115f2.PTYG7DGZGSYSXD52.SEARCH&ppt=None&ppn=None&ssid=k2z16a13j40000001783424354631&qH=b0c60dc4bffa7e54&ov_redirect=true&ov_redirect=true,keyword_search,clicker dog training,12,False,367.0,499.0,26.0,,,In Stock,nan,,ok,scrape,https://rukminim2.flixcart.com/image/612/612/ku79vgw0/pet-toy/b/x/y/dog-training-clicker-with-wrist-strap-oyefly-durable-lightweight-original-imag7dgzendmz5vz.jpeg?q=70,emily,Emily Pets Dog training Clicker (Pack 2) with starp. Plastic Training Aid For Dog & Cat,training
2026-07-07,flipkart,PTYG5RQYYRPFJFZK,8674926917dbb360,https://www.flipkart.com/rvpaws-dog-training-clicker-wrist-strap-pet-clicker-big-button-set-pack-3-plastic-aid/p/itmabe1d76b34457?pid=PTYG5RQYYRPFJFZK&lid=LSTPTYG5RQYYRPFJFZKULDXX5&marketplace=FLIPKART&q=clicker+dog+training&store=p3t%2Fea3%2Fg4c&srno=s_1_13&otracker=search&fm=organic&iid=fbb02aa1-aabd-4b0d-9e72-e506e20115f2.PTYG5RQYYRPFJFZK.SEARCH&ppt=None&ppn=None&ssid=k2z16a13j40000001783424354631&qH=b0c60dc4bffa7e54&ov_redirect=true&ov_redirect=true,keyword_search,clicker dog training,13,False,198.0,299.0,34.0,1.0,,In Stock,nan,,ok,scrape,https://rukminim2.flixcart.com/image/612/612/ks4yz680/pet-toy/s/0/j/6878-rvpaws-original-imag5rqy7eyczjzz.jpeg?q=70,rvpaws,"Rvpaws Dog Training Clicker with Wrist Strap - Pet Training Clicker, Big Button Clicker Set, Pack of 3 Plastic Training Aid For Dog",training
2026-07-07,flipkart,PTYGFMADFR3VFJFD,02b4873c2e606638,https://www.flipkart.com/ratixes-pet-training-clicker-wrist-strap-hook-dog-cat-plastic-aid-dog-cat/p/itm7d7241cb8ab7f?pid=PTYGFMADFR3VFJFD&lid=LSTPTYGFMADFR3VFJFDJQJZ9A&marketplace=FLIPKART&q=clicker+dog+training&store=p3t%2Fea3%2Fg4c&srno=s_1_14&otracker=search&fm=organic&iid=fbb02aa1-aabd-4b0d-9e72-e506e20115f2.PTYGFMADFR3VFJFD.SEARCH&ppt=None&ppn=None&ssid=k2z16a13j40000001783424354631&qH=b0c60dc4bffa7e54&ov_redirect=true&ov_redirect=true,keyword_search,clicker dog training,14,False,146.0,399.0,63.0,,,In Stock,nan,,ok,scrape,https://rukminim2.flixcart.com/image/612/612/l4ssfww0/shopsy-pet-toy/n/g/1/1-3-pcs-dog-clicker-dog-training-clicker-i-click-clicker-with-original-imagfma33mhhmhnm.jpeg?q=70,ratixes,Ratixes Pet Training Clicker with Wrist Strap and Strap Hook for Dog/Cat Plastic Training Aid For Dog & Cat,training
2026-07-07,flipkart,PTYHM8AZGUNENKAY,61f78fa11f3bc526,https://www.flipkart.com/pettlepop-clicker-coil-wrist-strap-plastic-training-aid-dog/p/itm63777566b6299?pid=PTYHM8AZGUNENKAY&lid=LSTPTYHM8AZGUNENKAYUQ51PB&marketplace=FLIPKART&q=clicker+dog+training&store=p3t%2Fea3%2Fg4c&srno=s_1_15&otracker=search&fm=organic&iid=fbb02aa1-aabd-4b0d-9e72-e506e20115f2.PTYHM8AZGUNENKAY.SEARCH&ppt=None&ppn=None&ssid=k2z16a13j40000001783424354631&qH=b0c60dc4bffa7e54&ov_redirect=true&ov_redirect=true,keyword_search,clicker dog training,15,False,167.0,599.0,72.0,,,In Stock,nan,,ok,scrape,https://rukminim2.flixcart.com/image/612/612/xif0q/pet-toy/a/r/y/1-dog-training-clicker-pettlepop-original-imahm8azmmdkuwsp.jpeg?q=70,pettlepop,PETTLEPOP Clicker with Coil Wrist Strap Plastic Training Aid For Dog,training
2026-07-07,flipkart,PTYGUEE7WFGAQTHA,085d92d33f4fef84,https://www.flipkart.com/chullbull-pet-products-training-clicker-wrist-strap-hook-dog-cat-plastic-aid-dog-cat/p/itmb989eb9bb675b?pid=PTYGUEE7WFGAQTHA&lid=LSTPTYGUEE7WFGAQTHAD9LOXM&marketplace=FLIPKART&q=clicker+dog+training&store=p3t%2Fea3%2Fg4c&srno=s_1_16&otracker=search&fm=organic&iid=fbb02aa1-aabd-4b0d-9e72-e506e20115f2.PTYGUEE7WFGAQTHA.SEARCH&ppt=None&ppn=None&ssid=k2z16a13j40000001783424354631&qH=b0c60dc4bffa7e54&ov_redirect=true&ov_redirect=true,keyword_search,clicker dog training,16,False,123.0,399.0,69.0,3.3,,In Stock,nan,,ok,scrape,https://rukminim2.flixcart.com/image/612/612/l4ssfww0/shopsy-pet-toy/n/g/1/1-3-pcs-dog-clicker-dog-training-clicker-i-click-clicker-with-original-imagfma33mhhmhnm.jpeg?q=70,chullbull,chullbull pet products Pet Training Clicker with Wrist Strap and Strap Hook for Dog/Cat Plastic Training Aid For Dog & Cat,training
2026-07-07,flipkart,PTYH4MAFZXHKYHFT,16da4c2624c17fa3,https://www.flipkart.com/petfun-high-quality-pet-training-clicker-green-yellow-plastic-tug-toy-fetch-toy-dog-cat/p/itm2067e0b77357c?pid=PTYH4MAFZXHKYHFT&lid=LSTPTYH4MAFZXHKYHFTFVONTB&marketplace=FLIPKART&q=clicker+dog+training&store=p3t%2Fea3%2Fg4c&srno=s_1_18&otracker=search&fm=organic&iid=fbb02aa1-aabd-4b0d-9e72-e506e20115f2.PTYH4MAFZXHKYHFT.SEARCH&ppt=None&ppn=None&ssid=k2z16a13j40000001783424354631&qH=b0c60dc4bffa7e54&ov_redirect=true&ov_redirect=true,keyword_search,clicker dog training,18,False,110.0,350.0,69.0,,,In Stock,nan,,ok,scrape,https://rukminim2.flixcart.com/image/612/612/xif0q/pet-toy/j/2/i/1-clicker-with-wrist-strap-petfun-original-imahathqrwcetnhx.jpeg?q=70,petfun,"Petfun High Quality Pet Training Clicker (Green & Yellow) Plastic Tug Toy, Fetch Toy For Dog & Cat",training
2026-07-07,flipkart,PTYFTRHGTDZTWCXF,b8410368877a7b61,https://www.flipkart.com/psk-pet-mart-training-clicker-button-pack-1-plastic-aid-dog/p/itm283cd41d3c3e1?pid=PTYFTRHGTDZTWCXF&lid=LSTPTYFTRHGTDZTWCXFZ2QAEM&marketplace=FLIPKART&q=clicker+dog+training&store=p3t%2Fea3%2Fg4c&srno=s_1_19&otracker=search&fm=organic&iid=fbb02aa1-aabd-4b0d-9e72-e506e20115f2.PTYFTRHGTDZTWCXF.SEARCH&ppt=None&ppn=None&ssid=k2z16a13j40000001783424354631&qH=b0c60dc4bffa7e54&ov_redirect=true&ov_redirect=true,keyword_search,clicker dog training,19,False,162.0,399.0,59.0,3.5,,In Stock,nan,,ok,scrape,https://rukminim2.flixcart.com/image/612/612/kcp4osw0/pet-toy/c/x/f/tra-dog18-psk-pet-mart-original-imaftrnsyqwu4zpr.jpeg?q=70,psk,PSK PET MART Pet Training Clicker Button Clicker (Pack of 1) Plastic Training Aid For Dog,training
2026-07-07,flipkart,PCLGYUA5G477NSUQ,9b89658265cc54ce,https://www.flipkart.com/alcazar-dog-anti-stress-collar/p/itmc09b54fe57b47?pid=PCLGYUA5G477NSUQ&lid=LSTPCLGYUA5G477NSUQT8SFFI&marketplace=FLIPKART&q=anti+bark+collar&store=search.flipkart.com&srno=s_1_1&otracker=search&fm=organic&iid=a5e41e6c-f712-4fa1-877c-d3c823b8ca75.PCLGYUA5G477NSUQ.SEARCH&ppt=None&ppn=None&ssid=p8wimx3quo0000001783424357818&qH=f1fde8a6826f7c4a&ov_redirect=true&ov_redirect=true,keyword_search,anti bark collar,1,False,104.0,325.0,68.0,,,In Stock,nan,,ok,scrape,https://rukminim2.flixcart.com/image/612/612/klscivk0/pet-collar-harness/l/a/j/large-alc-acc154-alcazar-original-imagyua5medgj26y.jpeg?q=70,alcazar,ALCAZAR Dog Anti-stress Collar,training
2026-07-07,flipkart,PCLG5WCS4ZUHEDWT,020881c4759a213c,https://www.flipkart.com/hachiko-dog-collar-leash/p/itmabad9e512913f?pid=PCLG5WCS4ZUHEDWT&lid=LSTPCLG5WCS4ZUHEDWT7KBJTK&marketplace=FLIPKART&q=anti+bark+collar&store=search.flipkart.com&srno=s_1_2&otracker=search&fm=organic&iid=a5e41e6c-f712-4fa1-877c-d3c823b8ca75.PCLG5WCS4ZUHEDWT.SEARCH&ppt=None&ppn=None&ssid=p8wimx3quo0000001783424357818&qH=f1fde8a6826f7c4a&ov_redirect=true&ov_redirect=true,keyword_search,anti bark collar,2,False,332.0,999.0,67.0,,,In Stock,nan,,ok,scrape,https://rukminim2.flixcart.com/image/612/612/ksaoqkw0/pet-collar-harness/r/6/g/medium-armrdchkrpeclrmedmn1-hachiko-original-imag5wcs8rqemyvr.jpeg?q=70,hachiko,Hachiko Dog Collar & Leash,training
2026-07-07,flipkart,PCLHG3DNJAY8XGSR,2534d1ccb1427c36,https://www.flipkart.com/aonepter-dogs-can-use-anti-flea-collar-safely-dog-cat-anti-tick/p/itme6a57d3d829a0?pid=PCLHG3DNJAY8XGSR&lid=LSTPCLHG3DNJAY8XGSROMVZOD&marketplace=FLIPKART&q=anti+bark+collar&store=search.flipkart.com&srno=s_1_3&otracker=search&fm=organic&iid=a5e41e6c-f712-4fa1-877c-d3c823b8ca75.PCLHG3DNJAY8XGSR.SEARCH&ppt=None&ppn=None&ssid=p8wimx3quo0000001783424357818&qH=f1fde8a6826f7c4a&ov_redirect=true&ov_redirect=true,keyword_search,anti bark collar,3,False,283.0,999.0,72.0,4.2,,In Stock,nan,,ok,scrape,https://rukminim2.flixcart.com/image/612/612/xif0q/pet-collar-harness/9/a/j/large-tick-collar-for-dogs-premium-adjustable-silicone-pet-original-imahmd85ynhszmh4.jpeg?q=70,aonepter,AONEPTER dogs can use this anti-flea dogs collar safely Dog & Cat Anti-tick Collar,training
2026-07-07,flipkart,PCLEPXCUGZ69UB6J,ee150bb63dbc7930,https://www.flipkart.com/dooda-flea-tick-collar-60cm-unique-formula-quick-long-lasting-protection-dog-anti-tick/p/itmepxcug3a6pkkm?pid=PCLEPXCUGZ69UB6J&lid=LSTPCLEPXCUGZ69UB6JKVURMW&marketplace=FLIPKART&q=anti+bark+collar&store=search.flipkart.com&srno=s_1_4&otracker=search&fm=organic&iid=a5e41e6c-f712-4fa1-877c-d3c823b8ca75.PCLEPXCUGZ69UB6J.SEARCH&ppt=None&ppn=None&ssid=p8wimx3quo0000001783424357818&qH=f1fde8a6826f7c4a&ov_redirect=true&ov_redirect=true,keyword_search,anti bark collar,4,False,327.0,590.0,45.0,3.5,,In Stock,nan,,ok,scrape,https://rukminim2.flixcart.com/image/612/612/pet-collar-harness/b/6/j/519016-dooda-original-imaepuxfpdjdthtb.jpeg?q=70,dooda,DOODA Flea & Tick Collar 60cm | Unique Formula for Quick & Long-Lasting Protection | Dog Anti-tick Collar,training
2026-07-07,flipkart,PCLHHA6GPHJZ4AJE,5932665b6d8685c3,https://www.flipkart.com/gustave-insect-repellent-collar-dogs-adjustable-silicone-8-month-protection-dog-anti-tick/p/itm8574addc13b64?pid=PCLHHA6GPHJZ4AJE&lid=LSTPCLHHA6GPHJZ4AJEOM8ZWF&marketplace=FLIPKART&q=anti+bark+collar&store=search.flipkart.com&srno=s_1_5&otracker=search&fm=organic&iid=a5e41e6c-f712-4fa1-877c-d3c823b8ca75.PCLHHA6GPHJZ4AJE.SEARCH&ppt=None&ppn=None&ssid=p8wimx3quo0000001783424357818&qH=f1fde8a6826f7c4a&ov_redirect=true&ov_redirect=true,keyword_search,anti bark collar,5,False,307.0,449.0,32.0,,,In Stock,nan,,ok,scrape,https://rukminim2.flixcart.com/image/612/612/xif0q/pet-collar-harness/e/e/e/35-50-cm-insect-repellent-dog-collar-gustave-original-imahha6g8rnhvep6.jpeg?q=70,gustave,gustave Insect Repellent Collar for Dogs Adjustable Silicone 8 Month Protection Dog Anti-tick Collar,training
2026-07-07,flipkart,PCLHZWKYSJTGT2T2,a480d6e17bf5687a,https://www.flipkart.com/petgrip-dog-collar-leash-set-small-4ft-red/p/itm16384e70edc49?pid=PCLHZWKYSJTGT2T2&lid=LSTPCLHZWKYSJTGT2T2ADDA9Z&marketplace=FLIPKART&q=anti+bark+collar&store=search.flipkart.com&srno=s_1_6&otracker=search&fm=organic&iid=en_9pYVfEVMOHvKr1gPSl8VOCEejdh4sqL7CdSEfvV4_xGHJgDvIQOgAYdu_U2AwzdOJ8bNAL8vN8kDsIRRVbIBF3QpE0k6W9HZ2IkBsX-ZtMbC0sK_kE4VrfF-uCqTyhdi&ppt=None&ppn=None&ssid=p8wimx3quo0000001783424357818&qH=f1fde8a6826f7c4a&ov_redirect=true&ov_redirect=true,keyword_search,anti bark collar,6,False,225.0,499.0,55.0,,,In Stock,nan,,ok,scrape,https://rukminim2.flixcart.com/image/612/612/xif0q/pet-collar-harness/n/v/n/small-pg-dcls-4ft-s-rd-petgrip-original-imahzwkyxqfnef3f.jpeg?q=70,petgrip,Petgrip PetGrip Dog Collar & Leash Set Small 4FT Red Dog Collar & Leash,training
2026-07-07,flipkart,PCLEGFDFYJX9PPYA,5253b88e3eab27bf,https://www.flipkart.com/paw-zone-dog-collar-leash/p/itmegfdfmjehgggz?pid=PCLEGFDFYJX9PPYA&lid=LSTPCLEGFDFYJX9PPYAQLQVJJ&marketplace=FLIPKART&q=anti+bark+collar&store=search.flipkart.com&srno=s_1_7&otracker=search&fm=organic&iid=a5e41e6c-f712-4fa1-877c-d3c823b8ca75.PCLEGFDFYJX9PPYA.SEARCH&ppt=None&ppn=None&ssid=p8wimx3quo0000001783424357818&qH=f1fde8a6826f7c4a&ov_redirect=true&ov_redirect=true,keyword_search,anti bark collar,7,False,121.0,249.0,51.0,4.1,,In Stock,nan,,ok,scrape,https://rukminim2.flixcart.com/image/612/612/pet-collar-harness/p/y/a/smooth-sturdy-black-collar-with-leash-set-3-4-inch-pawzone-original-imaehxdg43855epg.jpeg?q=70,paw,PAW ZONE Dog Collar & Leash,training
2026-07-07,flipkart,PCLHFXY4PZ5KAPUG,940797ecaadb3a8b,https://www.flipkart.com/aquabucket-dog-neck-collar-easy-apply-provides-continuous-protection-cat-anti-tick/p/itm649413e14ec9f?pid=PCLHFXY4PZ5KAPUG&lid=LSTPCLHFXY4PZ5KAPUG8TYO5X&marketplace=FLIPKART&q=anti+bark+collar&store=search.flipkart.com&srno=s_1_8&otracker=search&fm=organic&iid=a5e41e6c-f712-4fa1-877c-d3c823b8ca75.PCLHFXY4PZ5KAPUG.SEARCH&ppt=None&ppn=None&ssid=p8wimx3quo0000001783424357818&qH=f1fde8a6826f7c4a&ov_redirect=true&ov_redirect=true,keyword_search,anti bark collar,8,False,243.0,900.0,73.0,3.0,,In Stock,nan,,ok,scrape,https://rukminim2.flixcart.com/image/612/612/xif0q/pet-collar-harness/y/m/x/large-ticks-and-fleas-remover-for-dogs-adjustable-dog-collar-for-original-imahfxy4nrgzkgfg.jpeg?q=70,aquabucket,AQUABUCKET dog neck collar is easy to apply and provides continuous protection Dog & Cat Anti-tick Collar,training
2026-07-07,flipkart,PCLHGKMZPZNAYGQZ,6ba170a0a003b912,https://www.flipkart.com/epp-pro-eip-5655-dog-anti-stress-collar/p/itm74a3f85874358?pid=PCLHGKMZPZNAYGQZ&lid=LSTPCLHGKMZPZNAYGQZUEGGSS&marketplace=FLIPKART&q=anti+bark+collar&store=search.flipkart.com&srno=s_1_9&otracker=search&fm=organic&iid=a5e41e6c-f712-4fa1-877c-d3c823b8ca75.PCLHGKMZPZNAYGQZ.SEARCH&ppt=None&ppn=None&ssid=p8wimx3quo0000001783424357818&qH=f1fde8a6826f7c4a&ov_redirect=true&ov_redirect=true,keyword_search,anti bark collar,9,False,130.0,599.0,78.0,4.7,,In Stock,nan,,ok,scrape,https://rukminim2.flixcart.com/image/612/612/xif0q/pet-collar-harness/h/h/t/small-eip-5655-refelective-collar-epp-pro-original-imahkbqzrr4qqyyh.jpeg?q=70,epp,EPP PRO EIP-5655 Dog Anti-stress Collar,training
2026-07-07,flipkart,PCLHG3CSRMAF2TQH,afd77ec208ac2322,https://www.flipkart.com/fippyo-dogs-can-use-anti-flea-collar-safely-dog-cat-anti-tick/p/itm6a35735ec5a78?pid=PCLHG3CSRMAF2TQH&lid=LSTPCLHG3CSRMAF2TQHMIJQ2N&marketplace=FLIPKART&q=anti+bark+collar&store=search.flipkart.com&srno=s_1_10&otracker=search&fm=organic&iid=a5e41e6c-f712-4fa1-877c-d3c823b8ca75.PCLHG3CSRMAF2TQH.SEARCH&ppt=None&ppn=None&ssid=p8wimx3quo0000001783424357818&qH=f1fde8a6826f7c4a&ov_redirect=true&ov_redirect=true,keyword_search,anti bark collar,10,False,270.0,999.0,73.0,,,In Stock,nan,,ok,scrape,https://rukminim2.flixcart.com/image/612/612/xif0q/pet-collar-harness/a/h/4/large-tick-collar-for-dogs-premium-adjustable-silicone-pet-original-imahg3csmjuhh6nh.jpeg?q=70,fippyo,FIPPYO dogs can use this anti-flea dogs collar safely Dog & Cat Anti-tick Collar,training
2026-07-07,flipkart,PCLHZTWCG2XDBVJM,eefd4ef02f951be6,https://www.flipkart.com/wagmart-reflective-nylon-dog-collar-adjustable-black-quick-release-buckle-everyday/p/itm7ebce23a929ca?pid=PCLHZTWCG2XDBVJM&lid=LSTPCLHZTWCG2XDBVJM7VXDIK&marketplace=FLIPKART&q=anti+bark+collar&store=search.flipkart.com&srno=s_1_11&otracker=search&fm=organic&iid=en_9pYVfEVMOHvKr1gPSl8VOCEejdh4sqL7CdSEfvV4_xHXZm3buv3Tc2cSl1wd-qy79epbHEfjSE3Y8uC0tQwOxjLFJR9rR7-WXOkuL3A8YTTC0sK_kE4VrfF-uCqTyhdi&ppt=None&ppn=None&ssid=p8wimx3quo0000001783424357818&qH=f1fde8a6826f7c4a&ov_redirect=true&ov_redirect=true,keyword_search,anti bark collar,11,False,225.0,999.0,77.0,,,In Stock,nan,,ok,scrape,https://rukminim2.flixcart.com/image/612/612/xif0q/pet-collar-harness/2/w/w/medium-titan-reflective-dog-collar-black-wagmart-original-imahztwcukdstpye.jpeg?q=70,wagmart,wagmart Wagmart Reflective Nylon Dog Collar Adjustable Black with Quick Release Buckle Dog Everyday Collar,training
2026-07-07,flipkart,PCLHZC3YQDKZCHSG,e8ddd658d91f78f1,https://www.flipkart.com/pawxie-tactical-dog-collar-leash-soft-handle-adjustable-military-style/p/itmefc51b0ebe53d?pid=PCLHZC3YQDKZCHSG&lid=LSTPCLHZC3YQDKZCHSGQQEP0J&marketplace=FLIPKART&q=anti+bark+collar&store=search.flipkart.com&srno=s_1_12&otracker=search&fm=organic&iid=en_9pYVfEVMOHvKr1gPSl8VOCEejdh4sqL7CdSEfvV4_xH58Zj4H2NXwfh4wWeAMPoYlYmnNlkNKirPa4NNpeUhn1OFvvzoc1s8s6qJVQyUEXvC0sK_kE4VrfF-uCqTyhdi&ppt=None&ppn=None&ssid=p8wimx3quo0000001783424357818&qH=f1fde8a6826f7c4a&ov_redirect=true&ov_redirect=true,keyword_search,anti bark collar,12,False,858.0,1499.0,43.0,,,In Stock,nan,,ok,scrape,https://rukminim2.flixcart.com/image/612/612/xif0q/pet-collar-harness/g/v/m/large-tactical-dog-coller-metal-buckle-with-tatron-leash-for-original-imahzcy97hkhxzc3.jpeg?q=70,pawxie,Pawxie Tactical Dog Collar with Leash Soft Handle –Adjustable Military Style Dog Collar & Leash,training
2026-07-07,flipkart,PCLHGZQF2VD6J27T,abdad19b2be7b570,https://www.flipkart.com/petbabas-dog-anti-stress-collar/p/itmf41b1173133b4?pid=PCLHGZQF2VD6J27T&lid=LSTPCLHGZQF2VD6J27TFQN2AA&marketplace=FLIPKART&q=anti+bark+collar&store=search.flipkart.com&srno=s_1_13&otracker=search&fm=organic&iid=a5e41e6c-f712-4fa1-877c-d3c823b8ca75.PCLHGZQF2VD6J27T.SEARCH&ppt=None&ppn=None&ssid=p8wimx3quo0000001783424357818&qH=f1fde8a6826f7c4a&ov_redirect=true&ov_redirect=true,keyword_search,anti bark collar,13,False,243.0,799.0,70.0,,,In Stock,nan,,ok,scrape,https://rukminim2.flixcart.com/image/612/612/xif0q/pet-collar-harness/q/2/x/large-6-petbabas-original-imahgzqf9anzdvbr.jpeg?q=70,petbabas,Petbabas Dog Anti-stress Collar,training
2026-07-07,flipkart,PCLHGZQFZKJKKKM9,abdad19b2be7b570,https://www.flipkart.com/petbabas-dog-anti-stress-collar/p/itm56323225bc95e?pid=PCLHGZQFZKJKKKM9&lid=LSTPCLHGZQFZKJKKKM9BIZGGK&marketplace=FLIPKART&q=anti+bark+collar&store=search.flipkart.com&srno=s_1_14&otracker=search&fm=organic&iid=a5e41e6c-f712-4fa1-877c-d3c823b8ca75.PCLHGZQFZKJKKKM9.SEARCH&ppt=None&ppn=None&ssid=p8wimx3quo0000001783424357818&qH=f1fde8a6826f7c4a&ov_redirect=true&ov_redirect=true,keyword_search,anti bark collar,14,False,243.0,799.0,70.0,,,In Stock,nan,,ok,scrape,https://rukminim2.flixcart.com/image/612/612/xif0q/pet-collar-harness/q/q/j/small-5-petbabas-original-imahgzqf4wtmkv5h.jpeg?q=70,petbabas,Petbabas Dog Anti-stress Collar,training
2026-07-07,flipkart,PCLHK73Y3WPDFDRV,1223cea36eddf437,https://www.flipkart.com/zigly-lifestyle-tropical-drift-adjustable-dog-everyday-collar/p/itmfc55b849dcd90?pid=PCLHK73Y3WPDFDRV&lid=LSTPCLHK73Y3WPDFDRV6HCNCK&marketplace=FLIPKART&q=anti+bark+collar&store=search.flipkart.com&srno=s_1_15&otracker=search&fm=organic&iid=a5e41e6c-f712-4fa1-877c-d3c823b8ca75.PCLHK73Y3WPDFDRV.SEARCH&ppt=None&ppn=None&ssid=p8wimx3quo0000001783424357818&qH=f1fde8a6826f7c4a&ov_redirect=true&ov_redirect=true,keyword_search,anti bark collar,15,False,506.0,699.0,28.0,,,In Stock,nan,,ok,scrape,https://rukminim2.flixcart.com/image/612/612/xif0q/pet-collar-harness/f/u/r/small-plnf20831-zigly-original-imahk73yuatxhk5k.jpeg?q=70,zigly,ZIGLY Lifestyle Tropical Drift Adjustable Dog Dog Everyday Collar,training
2026-07-07,flipkart,PCLHB3KFWXCHPG9C,99eb46a9bd1c1542,https://www.flipkart.com/wapaw-dog-collar-leash/p/itmc279926895614?pid=PCLHB3KFWXCHPG9C&lid=LSTPCLHB3KFWXCHPG9CDCNW9A&marketplace=FLIPKART&q=anti+bark+collar&store=search.flipkart.com&srno=s_1_16&otracker=search&fm=organic&iid=a5e41e6c-f712-4fa1-877c-d3c823b8ca75.PCLHB3KFWXCHPG9C.SEARCH&ppt=None&ppn=None&ssid=p8wimx3quo0000001783424357818&qH=f1fde8a6826f7c4a&ov_redirect=true&ov_redirect=true,keyword_search,anti bark collar,16,False,1299.0,1995.0,35.0,3.0,,In Stock,nan,,ok,scrape,https://rukminim2.flixcart.com/image/612/612/xif0q/pet-collar-harness/r/e/y/extra-large-tactical-adjustable-military-dog-collar-and-leash-xl-original-imahb3kfhhr7tgqt.jpeg?q=70,wapaw,WapaW Dog Collar & Leash,training
2026-07-07,flipkart,PCLHZRZNTB4YWESM,95cadb100c98f0cf,https://www.flipkart.com/sniffyhub-puppy-collar-leash-set-soft-nylon-adjustable-bell-dog/p/itm8f31f991a8aef?pid=PCLHZRZNTB4YWESM&lid=LSTPCLHZRZNTB4YWESMV657WY&marketplace=FLIPKART&q=anti+bark+collar&store=search.flipkart.com&srno=s_1_17&otracker=search&fm=organic&iid=en_9pYVfEVMOHvKr1gPSl8VOCEejdh4sqL7CdSEfvV4_xE6VQKJ6EVE5gvj7DqHWNSFyv_qxh2QVEF3nYs-h_xkovkgN6RV26y20b65qTGVihvC0sK_kE4VrfF-uCqTyhdi&ppt=None&ppn=None&ssid=p8wimx3quo0000001783424357818&qH=f1fde8a6826f7c4a&ov_redirect=true&ov_redirect=true,keyword_search,anti bark collar,17,False,180.0,499.0,64.0,,,In Stock,nan,,ok,scrape,https://rukminim2.flixcart.com/image/612/612/xif0q/pet-collar-harness/e/y/m/small-dog-clr-lsh-red-ppy-set-sniffyhub-original-imahzuypj43h7xcy.jpeg?q=70,sniffyhub,"SniffyHub Puppy Collar & Leash Set, Soft Nylon, Adjustable with Bell Dog Collar & Leash",training
2026-07-07,flipkart,PCLHZSYC7J3QG6TX,95cadb100c98f0cf,https://www.flipkart.com/sniffyhub-puppy-collar-leash-set-soft-nylon-adjustable-bell-dog/p/itm9bc7223323ff5?pid=PCLHZSYC7J3QG6TX&lid=LSTPCLHZSYC7J3QG6TXWQ4LAV&marketplace=FLIPKART&q=anti+bark+collar&store=search.flipkart.com&srno=s_1_18&otracker=search&fm=organic&iid=en_9pYVfEVMOHvKr1gPSl8VOCEejdh4sqL7CdSEfvV4_xHAmT5EiICeDR7yfxCgf2U9Xwj2Zm86Y5mRf3LfiLKM3vkgN6RV26y20b65qTGVihvC0sK_kE4VrfF-uCqTyhdi&ppt=None&ppn=None&ssid=p8wimx3quo0000001783424357818&qH=f1fde8a6826f7c4a&ov_redirect=true&ov_redirect=true,keyword_search,anti bark collar,18,False,180.0,499.0,64.0,,,In Stock,nan,,ok,scrape,https://rukminim2.flixcart.com/image/612/612/xif0q/pet-collar-harness/a/h/x/small-dog-clr-lsh-purpnk-ppy-set-sniffyhub-original-imahzsycczfwjey4.jpeg?q=70,sniffyhub,"SniffyHub Puppy Collar & Leash Set, Soft Nylon, Adjustable with Bell Dog Collar & Leash",training
2026-07-07,flipkart,PCLH9M3WPJNZU3AY,56b0de2f88c69306,https://www.flipkart.com/petfun-reflective-32mm-dog-collar-adjustable-soft-padded-heavy-duty-buckle-safety-anti-tick/p/itm816a7d839ab4f?pid=PCLH9M3WPJNZU3AY&lid=LSTPCLH9M3WPJNZU3AYYT2RNI&marketplace=FLIPKART&q=anti+bark+collar&store=search.flipkart.com&srno=s_1_19&otracker=search&fm=organic&iid=a5e41e6c-f712-4fa1-877c-d3c823b8ca75.PCLH9M3WPJNZU3AY.SEARCH&ppt=None&ppn=None&ssid=p8wimx3quo0000001783424357818&qH=f1fde8a6826f7c4a&ov_redirect=true&ov_redirect=true,keyword_search,anti bark collar,19,False,197.0,999.0,80.0,,,In Stock,nan,,ok,scrape,https://rukminim2.flixcart.com/image/612/612/xif0q/pet-collar-harness/u/h/t/large-pf-dog-fluorescent-paded-collar-20mm-petfun-original-imahedgugkjuqptc.jpeg?q=70,petfun,"Petfun Reflective 32MM Dog Collar Adjustable & Soft Padded, Heavy-Duty Buckle & Safety Dog Anti-tick Collar",training
2026-07-07,flipkart,PCLFAPPSU8MKRGNV,f892a5a6fc2b6363,https://www.flipkart.com/pet-hub-dog-collar-leash/p/itmfapsysmvgaw62?pid=PCLFAPPSU8MKRGNV&lid=LSTPCLFAPPSU8MKRGNVMFK2CN&marketplace=FLIPKART&q=anti+bark+collar&store=search.flipkart.com&srno=s_1_20&otracker=search&fm=organic&iid=a5e41e6c-f712-4fa1-877c-d3c823b8ca75.PCLFAPPSU8MKRGNV.SEARCH&ppt=None&ppn=None&ssid=p8wimx3quo0000001783424357818&qH=f1fde8a6826f7c4a&ov_redirect=true&ov_redirect=true,keyword_search,anti bark collar,20,False,197.0,899.0,78.0,4.2,,In Stock,nan,,ok,scrape,https://rukminim2.flixcart.com/image/612/612/joacvww0/pet-collar-harness/g/n/v/dlh6216721-pet-hub-original-imafarfk54nx8ugz.jpeg?q=70,,PET HUB Dog Collar & Leash,training
