snapshot_date,canonical_product_id,canonical_title,normalized_brand,category,species,amazon_rank,flipkart_rank,amazon_rating,flipkart_rating,review_count,interest_index,amazon_price_inr,flipkart_price_inr,image_url,sources,trend_score,trend_score_v2,trend_velocity_7d,trend_velocity_14d,trend_confidence,penalty_score,reason_codes,recommended_action,trend_tier,amazon_rank_momentum,flipkart_rank_momentum,search_momentum,cross_platform_signal,review_velocity_signal,discount_signal,novelty_signal,sentiment_signal,rank_position,computed_ts,trend_score_baseline,trend_momentum_bonus
2026-07-07,909baaf3b2d579aa,"HIMALAYA Erina-EP Shampoo, Tick & Flea Control for Dogs & Cats with Neem & Eucalyptus Flea and Tick Neem and Eucalyptus Dog, Cat Shampoo",himalaya,grooming,both,1.0,3.0,4.4,4.4,4893.0,13.5,235.0,283.0,"https://images-eu.ssl-images-amazon.com/images/I/51UYPTXkUhL._AC_UL300_SR300,200_.jpg",amazon|flipkart|gtrends,83.02,83.02,0.0,,0.99,0.0,CROSS_PLATFORM_VISIBLE,WATCHLIST,breakout,0.0,0.0,0.0,1.0,0.0,0.0,0.0,1.0,1,2026-07-07T17:09:43.208467,78.02,5.0
2026-07-07,a50618a7f7ffb993,"Pedigree Dentastix Oral Care Dog Treat, Adult Small Breed (5-10 kg), 440 g, Recommended by Vets, Supports Gum Health, Reduces",pedigree,health_wellness,dog,2.0,15.0,4.5,4.5,9077.0,0.5,624.0,252.0,"https://images-eu.ssl-images-amazon.com/images/I/71xgVTxZQiL._AC_UL300_SR300,200_.jpg",amazon|flipkart|gtrends,82.6,82.6,0.0,,0.99,0.0,CROSS_PLATFORM_VISIBLE,WATCHLIST,breakout,0.0,0.0,0.0,1.0,0.0,0.0,0.0,1.0,2,2026-07-07T17:09:43.208791,77.6,5.0
2026-07-07,95c2aaceea1669d4,Drools Adult Wet Dog Food 0.9kg (150g x 6) Pack of 6 | Real Chicken and Chicken Liver Chunks in Gravy | Healthy Skin and Coat,drools,dog_food,dog,1.0,10.0,4.3,4.3,9482.0,18.0,192.0,608.0,"https://images-eu.ssl-images-amazon.com/images/I/71t+v5devPL._AC_UL300_SR300,200_.jpg",amazon|flipkart|gtrends,82.4,82.4,0.0,,0.99,0.0,CROSS_PLATFORM_VISIBLE,WATCHLIST,breakout,0.0,0.0,0.0,1.0,0.0,0.0,0.0,1.0,3,2026-07-07T17:09:43.209114,77.4,5.0
2026-07-07,8c9c3f5b734567fc,HIMALAYA Furglow (Skin & Coat Tonic) Liquid for Dogs & Cats I Omega Fatty Acid Supplement Pet Health Supplements,himalaya,health_wellness,both,22.0,1.0,4.2,4.3,2443.0,0.5,435.0,342.0,"https://images-eu.ssl-images-amazon.com/images/I/71fzIyjLAxL._AC_UL300_SR300,200_.jpg",amazon|flipkart|gtrends,81.7,81.7,0.0,,0.99,0.0,CROSS_PLATFORM_VISIBLE,WATCHLIST,breakout,0.0,0.0,0.0,1.0,0.0,0.0,0.0,1.0,4,2026-07-07T17:09:43.209372,76.7,5.0
2026-07-07,58cf71ebfe212a42,"Pedigree Adult Wet Dog Food, Chicken & Liver Chunks in Gravy, 70 g (Pack of 15), Complete & Balanced Meal for Adult Dogs",pedigree,dog_food,dog,2.0,8.0,4.4,4.6,11602.0,18.0,660.0,675.0,"https://images-eu.ssl-images-amazon.com/images/I/81sy2ka+J3L._AC_UL300_SR300,200_.jpg",amazon|flipkart|gtrends,81.68,81.68,0.0,,0.99,0.0,CROSS_PLATFORM_VISIBLE,WATCHLIST,breakout,0.0,0.0,0.0,1.0,0.0,0.0,0.0,1.0,5,2026-07-07T17:09:43.209597,76.68,5.0
2026-07-07,e919a52545d5b2a3,Purepet Adult Dry Cat Food 1kg | Mackerel Flavour | Hairball Protection | Heart Care with Taurine | Skin Health,purepet,cat_food,cat,1.0,,4.4,,4805.0,21.67,162.0,,"https://images-eu.ssl-images-amazon.com/images/I/71VWZVE32iL._AC_UL300_SR300,200_.jpg",amazon|gtrends,78.81,78.81,0.0,,0.95,0.0,,WATCHLIST,rising,0.0,0.0,0.0,0.5,0.0,0.0,0.0,1.0,6,2026-07-07T17:09:43.209812,75.69,3.12
2026-07-07,21e795b776ac9c35,"PEDIGREE 100% Nutrition Chicken, Vegetable 5.5 kg Dry Adult Dog Food",pedigree,dog_food,dog,,1.0,,4.5,80652.0,18.0,,1209.0,https://rukminim2.flixcart.com/image/312/312/xif0q/pet-food/l/0/r/-original-imahjayzu8esmejy.jpeg?q=70,flipkart|gtrends,78.58,78.58,0.0,,0.95,0.0,,WATCHLIST,rising,0.0,0.0,0.0,0.5,0.0,0.0,0.0,1.0,7,2026-07-07T17:09:43.210019,75.46,3.12
2026-07-07,150387a7584d4174,Active Treat Biscuits Buy 1 get 1 (2x500g) Real Chicken Dog Treat,active,training,dog,,1.0,,4.4,8855.0,0.5,,229.0,https://rukminim2.flixcart.com/image/312/312/xif0q/pet-treat/o/i/5/-enriched-transparent-original-imahdufyf4953xf7.png?q=70,flipkart|gtrends,78.54,78.54,0.0,,0.95,0.0,,WATCHLIST,rising,0.0,0.0,0.0,0.5,0.0,0.0,0.0,1.0,8,2026-07-07T17:09:43.210244,75.42,3.12
2026-07-07,b53e24187c83b93a,Agirav Tail Dog Toys + Dog Chew Toys + Puppy Teething Toys + Rope Dog Toy + Dog Toys for Small to Medium Dog Toys + Dog Toy P,agirav,dog_toys,dog,1.0,,4.2,,3582.0,3.0,239.0,,"https://images-eu.ssl-images-amazon.com/images/I/71RM9OOMX-L._AC_UL300_SR300,200_.jpg",amazon|gtrends,78.36,78.36,0.0,,0.95,0.0,,WATCHLIST,rising,0.0,0.0,0.0,0.5,0.0,0.0,0.0,1.0,9,2026-07-07T17:09:43.210458,75.24,3.12
2026-07-07,12b91d2dba092ea2,Drools Performance Chicken 10 kg Dry Adult Dog Food,drools,dog_food,dog,,1.0,,4.4,13479.0,18.0,,1599.0,https://rukminim2.flixcart.com/image/312/312/xif0q/pet-food/k/w/n/-original-imahmjndgyggwztz.jpeg?q=70,flipkart|gtrends,78.3,78.3,0.0,,0.95,0.0,,WATCHLIST,rising,0.0,0.0,0.0,0.5,0.0,0.0,0.0,1.0,10,2026-07-07T17:09:43.210666,75.18,3.12
2026-07-07,e81b4b927aa992ee,Active Buy 1 Get 1 (2x3 kg) Chicken & Vegetable 6 kg (2x3 kg) Dry Young Dog Food,active,dog_food,dog,,1.0,,4.3,45873.0,18.0,,630.0,https://rukminim2.flixcart.com/image/312/312/xif0q/pet-food/e/j/9/-original-imahdufypex6b7af.jpeg?q=70,flipkart|gtrends,78.02,78.02,0.0,,0.95,0.0,,WATCHLIST,rising,0.0,0.0,0.0,0.5,0.0,0.0,0.0,1.0,11,2026-07-07T17:09:43.210869,74.9,3.12
2026-07-07,f5533c6e17a211b8,Active Buy 1 Get 1 Chicken and Vegetable 6 kg (2x3 kg) Dry Adult Dog Food,active,dog_food,dog,,1.0,,4.3,57031.0,18.0,,630.0,https://rukminim2.flixcart.com/image/312/312/xif0q/pet-food/9/6/l/-enriched-transparent-original-imahnefczzhz6m3g.png?q=70,flipkart|gtrends,78.02,78.02,0.0,,0.95,0.0,,WATCHLIST,rising,0.0,0.0,0.0,0.5,0.0,0.0,0.0,1.0,12,2026-07-07T17:09:43.211084,74.9,3.12
2026-07-07,e69b9146a66459a3,Purepet Adult Dry Cat Food 1kg | Tuna & Salmon Flavour | Hairball Protection | Heart Care with Taurine | Skin Health,purepet,cat_food,cat,2.0,,4.4,,5937.0,21.67,169.0,,"https://images-eu.ssl-images-amazon.com/images/I/619YgJCkmhL._AC_UL300_SR300,200_.jpg",amazon|gtrends,77.81,77.81,0.0,,0.95,0.0,,WATCHLIST,rising,0.0,0.0,0.0,0.5,0.0,0.0,0.0,1.0,13,2026-07-07T17:09:43.211303,74.69,3.12
2026-07-07,a89a069a4ca181d5,"PEDIGREE Adult Chicken & Vegetables Chicken, Vegetable 10 kg Dry Adult Dog Food",pedigree,dog_food,dog,,2.0,,4.5,80652.0,18.0,,2103.0,https://rukminim2.flixcart.com/image/312/312/xif0q/pet-food/l/t/9/-original-imahjayzzyjawk75.jpeg?q=70,flipkart|gtrends,77.58,77.58,0.0,,0.95,0.0,,WATCHLIST,rising,0.0,0.0,0.0,0.5,0.0,0.0,0.0,1.0,14,2026-07-07T17:09:43.211508,74.46,3.12
2026-07-07,09111e5628f51fb4,Active Treat Biscuits Buy 1 get 1( 1kgX 2) Real Chicken Dog Treat,active,training,dog,,2.0,,4.4,20739.0,0.5,,346.0,https://rukminim2.flixcart.com/image/312/312/xif0q/pet-treat/7/n/r/-original-imahduezqm8mevez.jpeg?q=70,flipkart|gtrends,77.54,77.54,0.0,,0.95,0.0,,WATCHLIST,rising,0.0,0.0,0.0,0.5,0.0,0.0,0.0,1.0,15,2026-07-07T17:09:43.211710,74.42,3.12
2026-07-07,f1b5d7571ffaeafb,"Active Buy 1 Get 1 ,Chicken and Vegetable 20 kg (2x10 kg) Dry Young Dog Food",active,dog_food,dog,,2.0,,4.3,45873.0,18.0,,1800.0,https://rukminim2.flixcart.com/image/312/312/xif0q/pet-food/b/d/q/-original-imahn9fepevrv6hq.jpeg?q=70,flipkart|gtrends,77.02,77.02,0.0,,0.94,0.0,,WATCHLIST,rising,0.0,0.0,0.0,0.5,0.0,0.0,0.0,1.0,16,2026-07-07T17:09:43.211914,73.9,3.12
2026-07-07,b27245302f3b3372,Active Buy 1 get 1 (2x1.2 kg) Chicken & Vegetable 2.4 kg (2x1.2 kg) Dry Adult Dog Food,active,dog_food,dog,,2.0,,4.3,57031.0,18.0,,334.0,https://rukminim2.flixcart.com/image/312/312/xif0q/pet-food/s/t/b/-enriched-transparent-original-imahduezghfrc3gg.png?q=70,flipkart|gtrends,77.02,77.02,0.0,,0.94,0.0,,WATCHLIST,rising,0.0,0.0,0.0,0.5,0.0,0.0,0.0,1.0,17,2026-07-07T17:09:43.212125,73.9,3.12
2026-07-07,c85f84af07615489,Royal Canin Urinary Adult Feline (Cat) Powder 1.5 Kg,royal canin,health_wellness,cat,2.0,,4.6,,1762.0,0.5,1900.0,,"https://images-eu.ssl-images-amazon.com/images/I/41AHmvGxX1L._AC_UL300_SR300,200_.jpg",amazon|gtrends,76.7,76.7,0.0,,0.94,0.0,,WATCHLIST,rising,0.0,0.0,0.0,0.5,0.0,0.0,0.0,1.0,18,2026-07-07T17:09:43.212341,73.58,3.12
2026-07-07,80ad5e9c767fcf99,"ZEXSAZONE Round Donut Pet Bed for Cats and Puppies Dogs mat, Cozy and Plush, Raised Bedside Support, Both Sides Use Like 2 in",zexsazone,beds_accessories,both,4.0,6.0,4.3,4.3,711.0,20.5,853.0,446.0,"https://images-eu.ssl-images-amazon.com/images/I/81coJXdfF+L._AC_UL300_SR300,200_.jpg",amazon|flipkart|gtrends,76.31,76.31,0.0,,0.99,0.0,CROSS_PLATFORM_VISIBLE,WATCHLIST,rising,0.0,0.0,0.0,1.0,0.0,0.0,0.0,1.0,19,2026-07-07T17:09:43.218526,71.31,5.0
2026-07-07,3a68f6527a985f29,"PEDIGREE 100% Nutrition Chicken, Milk 5.5 kg Dry Young Puppy Food",pedigree,dog_food,dog,,3.0,,4.4,110881.0,18.0,,1262.0,https://rukminim2.flixcart.com/image/312/312/xif0q/pet-food/9/h/w/-enriched-transparent-original-imahjayzgh9rrjeg.png?q=70,flipkart|gtrends,76.3,76.3,0.0,,0.94,0.0,,WATCHLIST,rising,0.0,0.0,0.0,0.5,0.0,0.0,0.0,1.0,20,2026-07-07T17:09:43.212544,73.18,3.12
2026-07-07,add3f10082cbb683,"Pedigree Adult Dry Dog Food, Chicken & Vegetables, 3 kg, Contains 37 Essential Nutrients, 100% Complete & Balanced Food for",pedigree,dog_food,dog,3.0,,4.4,,25208.0,18.0,653.0,,"https://images-eu.ssl-images-amazon.com/images/I/712604bPj2L._AC_UL300_SR300,200_.jpg",amazon|gtrends,76.3,76.3,0.0,,0.94,0.0,,WATCHLIST,rising,0.0,0.0,0.0,0.5,0.0,0.0,0.0,1.0,21,2026-07-07T17:09:43.212749,73.18,3.12
2026-07-07,e1b0b429bb764c87,"Zoivane 5 in 1 Extra White Cat Shampoo with Conditioner|100% Natural Active Ingredients| Allergy Relief, Anti-microbial, Conditioning, Whitening and Color Enhancing Floral and Sweet Cat Shampoo",zoivane,grooming,cat,5.0,5.0,4.2,4.3,1450.0,13.5,222.0,96.0,"https://images-eu.ssl-images-amazon.com/images/I/51vw+XqzCDL._AC_UL300_SR300,200_.jpg",amazon|flipkart|gtrends,76.27,76.27,0.0,,0.99,0.0,CROSS_PLATFORM_VISIBLE,WATCHLIST,rising,0.0,0.0,0.0,1.0,0.0,0.0,0.0,1.0,22,2026-07-07T17:09:43.218947,71.27,5.0
2026-07-07,9b68100f97efc4d0,"Whiskas Wet Cat Food for Adult Cats (1+Years), Tuna in Jelly Flavour, 80g (Pack of 14)",whiskas,cat_food,cat,3.0,,4.3,,3074.0,21.67,574.0,,"https://images-eu.ssl-images-amazon.com/images/I/813o99W+iKL._AC_UL300_SR300,200_.jpg",amazon|gtrends,76.07,76.07,0.0,,0.94,0.0,,WATCHLIST,rising,0.0,0.0,0.0,0.5,0.0,0.0,0.0,1.0,23,2026-07-07T17:09:43.213160,72.95,3.12
2026-07-07,eacceebca33524db,"Active (2x1.2kg) , Chicken and Vegetable 2.4 kg (2x1.2 kg) Dry Young Dog Food",active,dog_food,dog,,3.0,,4.3,45873.0,18.0,,334.0,https://rukminim2.flixcart.com/image/312/312/xif0q/pet-food/d/a/e/-enriched-transparent-original-imahdufypyzbymar.png?q=70,flipkart|gtrends,76.02,76.02,0.0,,0.94,0.0,,WATCHLIST,rising,0.0,0.0,0.0,0.5,0.0,0.0,0.0,1.0,24,2026-07-07T17:09:43.213375,72.9,3.12
2026-07-07,2ec73ea173332356,Active Buy 1 Get 1 Meat And Rice Adult Dog Food Rice 6 kg (2x3 kg) Dry Adult Dog Food,active,dog_food,dog,,2.0,,4.5,1857.0,18.0,,630.0,https://rukminim2.flixcart.com/image/312/312/xif0q/pet-food/w/o/i/-original-imahz6g4ypte5may.jpeg?q=70,flipkart|gtrends,75.89,75.89,0.0,,0.94,0.0,,WATCHLIST,rising,0.0,0.0,0.0,0.5,0.0,0.0,0.0,1.0,25,2026-07-07T17:09:43.213589,72.77,3.12
2026-07-07,a3fad6a2de3681d1,"Amorite Waterproof Reusable Washable Pee Pads for Dogs (Medium, Dark Blue)",amorite,beds_accessories,dog,1.0,,4.0,,2336.0,20.5,299.0,,"https://images-eu.ssl-images-amazon.com/images/I/71FIXeVbd3L._AC_UL300_SR300,200_.jpg",amazon|gtrends,75.63,75.63,0.0,,0.94,0.0,,WATCHLIST,rising,0.0,0.0,0.0,0.5,0.0,0.0,0.0,0.5,26,2026-07-07T17:09:43.212958,73.13,2.5
2026-07-07,a494d3878faa0518,"Pil Neem Plus Herbal Pet Shampoo 1000ml | Puppy Safe | Anti-Fungal, Anti-Ticks and Fleas, Antibacterial, Antiseptic & pH Bala",pil,grooming,dog,3.0,,4.2,,2821.0,13.5,439.0,,"https://images-eu.ssl-images-amazon.com/images/I/61Isgz9RKoL._AC_UL300_SR300,200_.jpg",amazon|gtrends,75.39,75.39,0.0,,0.94,0.0,,WATCHLIST,rising,0.0,0.0,0.0,0.5,0.0,0.0,0.0,1.0,27,2026-07-07T17:09:43.213793,72.27,3.12
2026-07-07,d16832e32fb7f621,Royal Canin Maxi Adult 1 Kg Dry Adult Dog Food,royal canin,dog_food,dog,,3.0,,4.5,2256.0,18.0,,920.0,https://rukminim2.flixcart.com/image/312/312/xif0q/pet-food/8/h/9/10-dog-3182550774581-royal-canin-enriched-transparent-original-imafe7j5yprfyzvs.png?q=70,flipkart|gtrends,75.33,75.33,0.0,,0.94,0.0,,WATCHLIST,rising,0.0,0.0,0.0,0.5,0.0,0.0,0.0,1.0,28,2026-07-07T17:09:43.213993,72.21,3.12
2026-07-07,5d7b1959445bf427,"Agirav Dog and Puppy Toy Set - Chew, Teething, Rope, and Tug Toys for Small to Medium Dogs - Washable Cotton Pack of 12",agirav,dog_toys,dog,2.0,,4.4,,1113.0,3.0,299.0,,"https://images-eu.ssl-images-amazon.com/images/I/91S5aESG1QL._AC_UL300_SR300,200_.jpg",amazon|gtrends,75.28,75.28,0.0,,0.94,0.0,,WATCHLIST,rising,0.0,0.0,0.0,0.5,0.0,0.0,0.0,1.0,29,2026-07-07T17:09:43.214202,72.16,3.12
2026-07-07,ed97e2272c207e2c,"Amazon Basics Faux Fur Donut Pet Bed |Small (50 x 50 x 12 cm) | Color -Brown | Reversible, Washable, Cozy Mat for Cats & Dogs",amazon basics,beds_accessories,both,2.0,,4.2,,1792.0,20.5,399.0,,"https://images-eu.ssl-images-amazon.com/images/I/61G04u3YxjL._AC_UL300_SR300,200_.jpg",amazon|gtrends,75.21,75.21,0.0,,0.94,0.0,,WATCHLIST,rising,0.0,0.0,0.0,0.5,0.0,0.0,0.0,1.0,30,2026-07-07T17:09:43.214421,72.09,3.12
2026-07-07,49cc480dc879e26b,"PetVogue Dog Nail Cutter Clipper and filer,Claw & Nails Clippers Grinder Grooming Trimmer for Small, Medium, Large dogs and c",petvogue,grooming,dog,4.0,,4.2,,8504.0,13.5,205.0,,"https://images-eu.ssl-images-amazon.com/images/I/51XIj8cJG-L._AC_UL300_SR300,200_.jpg",amazon|gtrends,75.08,75.08,0.0,,0.93,0.0,,WATCHLIST,rising,0.0,0.0,0.0,0.5,0.0,0.0,0.0,1.0,31,2026-07-07T17:09:43.214819,71.96,3.12
2026-07-07,d9979ee004816968,Pet Clean Primrose Oil Eye & Ear Pads - Gentle Care for Dogs & Cats - 50 Count (Pack of 1),,health_wellness,both,1.0,,4.4,,427.0,0.5,279.0,,"https://images-eu.ssl-images-amazon.com/images/I/41bZHG50S-L._AC_UL300_SR300,200_.jpg",amazon|gtrends,75.01,75.01,0.0,,0.93,0.0,,WATCHLIST,rising,0.0,0.0,0.0,0.5,0.0,0.0,0.0,1.0,32,2026-07-07T17:09:43.215022,71.89,3.12
2026-07-07,1381fe3a100aecec,"Amazon Basics Plush Fur Fabic Multistory Cat Tree with Condos, Perches and Sctraching Post Furry Hanging Ball, Dark Beige wit",amazon basics,beds_accessories,cat,3.0,,4.3,,2064.0,20.5,4069.0,,"https://images-eu.ssl-images-amazon.com/images/I/71kG0KRofQL._AC_UL300_SR300,200_.jpg",amazon|gtrends,74.8,74.8,0.0,,0.93,0.0,,WATCHLIST,rising,0.0,0.0,0.0,0.5,0.0,0.0,0.0,1.0,33,2026-07-07T17:09:43.215659,71.68,3.12
2026-07-07,ccf7c0628619e2aa,Canine Creek Ultra Premium Grain Free Formula Real Chicken 13.5 kg Dry Adult Dog Food,canine,dog_food,dog,,2.0,,4.4,1219.0,18.0,,722.0,https://rukminim2.flixcart.com/image/312/312/xif0q/pet-food/q/b/7/-original-imahn9fejcm2a5zz.jpeg?q=70,flipkart|gtrends,74.79,74.79,0.0,,0.93,0.0,,WATCHLIST,rising,0.0,0.0,0.0,0.5,0.0,0.0,0.0,1.0,34,2026-07-07T17:09:43.216133,71.67,3.12
2026-07-07,c956e3ce79f4e881,Drools Adult Nutrition Chicken and Egg Egg 1.2 kg Dry Adult Dog Food,drools,dog_food,dog,,4.0,,4.4,2978.0,18.0,,350.0,https://rukminim2.flixcart.com/image/312/312/xif0q/pet-food/l/x/y/-original-imahmjndfbzyufdx.jpeg?q=70,flipkart|gtrends,74.76,74.76,0.0,,0.93,0.0,,WATCHLIST,rising,0.0,0.0,0.0,0.5,0.0,0.0,0.0,1.0,35,2026-07-07T17:09:43.216406,71.64,3.12
2026-07-07,1219ecab1e794b00,"P for PET Grooming Wet Wipes 300 Count(Pack of 3) for Dogs, Cats & All Pets | Purified Water, Glycerin |Anti-Bacterial|Cleans",p,grooming,both,2.0,,4.4,,910.0,13.5,273.0,,"https://images-eu.ssl-images-amazon.com/images/I/81xU7fjrNcL._AC_UL300_SR300,200_.jpg",amazon|gtrends,74.66,74.66,0.0,,0.93,0.0,,WATCHLIST,rising,0.0,0.0,0.0,0.5,0.0,0.0,0.0,1.0,36,2026-07-07T17:09:43.216801,71.54,3.12
2026-07-07,51cb78901eae8c84,"Canine Creek Starter dry dog food , Ultra Premium Chicken 13.5 Kg Dry New Born Dog Food",canine,dog_food,dog,,1.0,,4.4,531.0,18.0,,6969.0,https://rukminim2.flixcart.com/image/312/312/xif0q/pet-food/i/k/8/-original-imahnefcgcvdghmh.jpeg?q=70,flipkart|gtrends,74.6,74.6,0.0,,0.93,0.0,,WATCHLIST,rising,0.0,0.0,0.0,0.5,0.0,0.0,0.0,1.0,37,2026-07-07T17:09:43.217443,71.48,3.12
2026-07-07,1703df8ec624c055,Royal Canin Maxi Puppy 1 kg Dry Young Dog Food,royal canin,dog_food,dog,,5.0,,4.5,7218.0,18.0,,1020.0,https://rukminim2.flixcart.com/image/312/312/xif0q/pet-food/f/q/w/1-dog-1-3182550402460-royal-canin-enriched-transparent-original-imah2hfxeagkzpwq.png?q=70,flipkart|gtrends,74.58,74.58,0.0,,0.93,0.0,,WATCHLIST,rising,0.0,0.0,0.0,0.5,0.0,0.0,0.0,1.0,38,2026-07-07T17:09:43.217742,71.46,3.12
2026-07-07,494393af2f5265eb,Emily Pets Cat Scratcher Cardboard 2 in 1 Reversible Scratching Pad Recyclable Corrugated Scratch Toy with Wave Shape & 10ML,emily,beds_accessories,cat,1.0,,4.1,,1191.0,20.5,276.0,,"https://images-eu.ssl-images-amazon.com/images/I/714BJl77PGL._AC_UL300_SR300,200_.jpg",amazon|gtrends,74.53,74.53,0.0,,0.94,0.0,,WATCHLIST,rising,0.0,0.0,0.0,0.5,0.0,0.0,0.0,0.5,39,2026-07-07T17:09:43.214621,72.03,2.5
2026-07-07,d160a5a9a90a9811,"PUPPEE Wipe ME 100% Biodegradable 96 Count (Pack of 2) Wet Wipes for Dogs, Cats & All Pets | Lavender Essential, Vitamin E &",puppee,grooming,both,5.0,,4.5,,3008.0,13.5,189.0,,"https://images-eu.ssl-images-amazon.com/images/I/71dDrG6kN-L._AC_UL300_SR300,200_.jpg",amazon|gtrends,74.4,74.4,0.0,,0.93,0.0,,WATCHLIST,rising,0.0,0.0,0.0,0.5,0.0,0.0,0.0,1.0,40,2026-07-07T17:09:43.218733,71.28,3.12
2026-07-07,e9b004ae560a5435,"Whiskas Adult (1+ Years) Wet Cat Food, Chicken in Gravy, 80 g (Pack of 14), Hydrating Food Made With Real Chicken, 100% Compl",whiskas,cat_food,cat,5.0,,4.3,,3432.0,21.67,595.0,,"https://images-eu.ssl-images-amazon.com/images/I/81izQ04uXHL._AC_UL300_SR300,200_.jpg",amazon|gtrends,74.38,74.38,0.0,,0.93,0.0,,WATCHLIST,rising,0.0,0.0,0.0,0.5,0.0,0.0,0.0,1.0,41,2026-07-07T17:09:43.219156,71.26,3.12
2026-07-07,54b37cf471fe5482,Drools Inside Container Egg and Chicken 5 kg Dry Adult Dog Food,drools,dog_food,dog,,5.0,,4.4,29635.0,18.0,,934.0,https://rukminim2.flixcart.com/image/312/312/xif0q/pet-food/a/x/g/-original-imahkgpyqwzrksf6.jpeg?q=70,flipkart|gtrends,74.3,74.3,0.0,,0.93,0.0,,WATCHLIST,rising,0.0,0.0,0.0,0.5,0.0,0.0,0.0,1.0,42,2026-07-07T17:09:43.219359,71.18,3.12
2026-07-07,9b4e77828c947ff2,"Buraq No Pull Cat Harness with Leash, Escape Proof, Ultra-Light Weight, Air Mesh Fabric, Aesthetic Design Adjustable Cat Leas",buraq,collars_leashes,cat,1.0,,4.0,,1315.0,5.0,359.0,,"https://images-eu.ssl-images-amazon.com/images/I/719xjPAItDL._AC_UL300_SR300,200_.jpg",amazon|gtrends,74.23,74.23,0.0,,0.93,0.0,,WATCHLIST,rising,0.0,0.0,0.0,0.5,0.0,0.0,0.0,0.5,43,2026-07-07T17:09:43.215361,71.73,2.5
2026-07-07,56a8bf6d425cfae7,Agirav No Pull Dog Harness - Step in Dog Harness and Leash for Small Medium Large Dog - Escape Proof Adjustable Soft Leash Co,agirav,collars_leashes,dog,1.0,,3.8,,1709.0,5.0,174.0,,"https://images-eu.ssl-images-amazon.com/images/I/51ez5oWoCSL._AC_UL300_SR300,200_.jpg",amazon|gtrends,74.17,74.17,0.0,,0.93,0.0,,WATCHLIST,rising,0.0,0.0,0.0,0.5,0.0,0.0,0.0,0.5,44,2026-07-07T17:09:43.215890,71.67,2.5
2026-07-07,a2cfd529fc3907bc,Drools Biscuits Real Chicken and Egg Dog Treat,drools,training,dog,,3.0,,4.3,1521.0,0.5,,166.0,https://rukminim2.flixcart.com/image/312/312/xif0q/pet-treat/l/z/a/-original-imahzzfyxthtse9g.jpeg?q=70,flipkart|gtrends,74.16,74.16,0.0,,0.93,0.0,,WATCHLIST,rising,0.0,0.0,0.0,0.5,0.0,0.0,0.0,1.0,45,2026-07-07T17:09:43.219561,71.04,3.12
2026-07-07,afe09fc162350e92,Active Chicken and Vegetable 20 kg (2x10 kg) Dry Adult Dog Food,active,dog_food,dog,,5.0,,4.3,57031.0,18.0,,1900.0,https://rukminim2.flixcart.com/image/312/312/xif0q/pet-food/u/w/w/-original-imahnefcgfbszbg9.jpeg?q=70,flipkart|gtrends,74.02,74.02,0.0,,0.93,0.0,,WATCHLIST,rising,0.0,0.0,0.0,0.5,0.0,0.0,0.0,1.0,46,2026-07-07T17:09:43.219758,70.9,3.12
2026-07-07,7f0871dee6381c00,Drools Adult Dry Dog Food 5kg | Chicken & Egg Flavour | Omega 3 & 6 for Growth | Better Digestibility | Supports Joint Health,drools,dog_food,dog,5.0,,4.3,,15978.0,18.0,873.0,,"https://images-eu.ssl-images-amazon.com/images/I/81n6YT1OYbL._AC_UL300_SR300,200_.jpg",amazon|gtrends,74.02,74.02,0.0,,0.93,0.0,,WATCHLIST,rising,0.0,0.0,0.0,0.5,0.0,0.0,0.0,1.0,47,2026-07-07T17:09:43.220048,70.9,3.12
2026-07-07,612e82eb08a4bbd6,"JIARON Feather Teaser Cat Toy, 2PCS Retractable Wand & 10PCS Replacement Feathers, Interactive Cat Catcher & Exercise for Kit",jiaron,cat_toys,cat,5.0,,4.5,,13986.0,4.0,399.0,,"https://images-eu.ssl-images-amazon.com/images/I/61YvOkRTp5L._AC_UL300_SR300,200_.jpg",amazon|gtrends,74.02,74.02,0.0,,0.93,0.0,,WATCHLIST,rising,0.0,0.0,0.0,0.5,0.0,0.0,0.0,1.0,48,2026-07-07T17:09:43.220332,70.9,3.12
2026-07-07,3394c7e88ba5f39a,"SmileDenX Teeth Cleaning Wipes for Dogs & Cats, Dog Finger Toothbrush Wipes, Dog Dental Care Finger Wipes, Dog Tooth Brushing",smiledenx,health_wellness,both,4.0,,4.2,,2144.0,0.5,249.0,,"https://images-eu.ssl-images-amazon.com/images/I/71eqt0l1a1L._AC_UL300_SR300,200_.jpg",amazon|gtrends,74.01,74.01,0.0,,0.93,0.0,,WATCHLIST,rising,0.0,0.0,0.0,0.5,0.0,0.0,0.0,1.0,49,2026-07-07T17:09:43.220560,70.89,3.12
2026-07-07,572e52cb523eff92,Wooflix Heavy Duty Nylon Dog Leash | Anti Slip Padded Handle Long Dog Leash | Highly Reflective Leash for Dogs | Dog Rope for,wooflix,collars_leashes,dog,2.0,,4.4,,715.0,5.0,379.0,,"https://images-eu.ssl-images-amazon.com/images/I/71mv7oAPiaL._AC_UL300_SR300,200_.jpg",amazon|gtrends,74.01,74.01,0.0,,0.93,0.0,,WATCHLIST,rising,0.0,0.0,0.0,0.5,0.0,0.0,0.0,1.0,50,2026-07-07T17:09:43.220774,70.89,3.12
2026-07-07,8c3a120810e87085,"Pawzone Interactive Cat Toys Roller, Spring Cat Toys with Catnip, Kitten Tracks, Pet Toy with Moving Balls Teaser Mouse Exerc",pawzone,cat_toys,cat,3.0,,4.0,,8920.0,4.0,263.0,,"https://images-eu.ssl-images-amazon.com/images/I/71C2Gt6x38L._AC_UL300_SR300,200_.jpg",amazon|gtrends,74.0,74.0,0.0,,0.93,0.0,,WATCHLIST,rising,0.0,0.0,0.0,0.5,0.0,0.0,0.0,0.5,51,2026-07-07T17:09:43.217088,71.5,2.5
2026-07-07,b37a1a038fe47bc7,Yuppy Puppy Nail Clipper for Cats - Gentle Round Hole Trimmer with Dust Storage | Adjustable Size & Hidden Nail File | Pet Gr,yuppy,grooming,both,1.0,,4.4,,186.0,13.5,333.0,,"https://images-eu.ssl-images-amazon.com/images/I/61PaTeYL6EL._AC_UL300_SR300,200_.jpg",amazon|gtrends,74.0,74.0,0.0,,0.93,0.0,,WATCHLIST,rising,0.0,0.0,0.0,0.5,0.0,0.0,0.0,1.0,52,2026-07-07T17:09:43.220988,70.88,3.12
2026-07-07,ef7b0db1ac5361e7,"Foodie Puppies Pet Hair Remover Lint Roller with Handle and 4 Refills (300 Sheets), Hair Remover for Dogs and Cats, Ideal for",foodie,grooming,both,4.0,,4.4,,1816.0,13.5,299.0,,"https://images-eu.ssl-images-amazon.com/images/I/81rIyUb9UAL._AC_UL300_SR300,200_.jpg",amazon|gtrends,73.9,73.9,0.0,,0.93,0.0,,WATCHLIST,rising,0.0,0.0,0.0,0.5,0.0,0.0,0.0,1.0,53,2026-07-07T17:09:43.221212,70.78,3.12
2026-07-07,eafb2e93ce979a64,"Absolut Pet Dog Supplement for Gut Health, Probiotics for Dogs That Reduces Scratching & Paw-Licking (30 Chews)",absolut,health_wellness,dog,1.0,,4.1,,572.0,0.5,699.0,,"https://images-eu.ssl-images-amazon.com/images/I/516FzD1Z-AL._AC_UL300_SR300,200_.jpg",amazon|gtrends,73.87,73.87,0.0,,0.93,0.0,,WATCHLIST,rising,0.0,0.0,0.0,0.5,0.0,0.0,0.0,0.5,54,2026-07-07T17:09:43.217995,71.37,2.5
2026-07-07,bde6d74e3e0887be,Meat Up Adult Dry Dog Food 6kg (3kg + 3kg) | Chicken Flavour | Glucosamine for Healthy Joints & Bones | Enriched with Vitamin,meat up,dog_food,dog,4.0,,4.1,,19275.0,18.0,764.0,,"https://images-eu.ssl-images-amazon.com/images/I/71kKlDp-ADL._AC_UL300_SR300,200_.jpg",amazon|gtrends,73.84,73.84,0.0,,0.93,0.0,,WATCHLIST,rising,0.0,0.0,0.0,0.5,0.0,0.0,0.0,0.5,55,2026-07-07T17:09:43.218307,71.34,2.5
2026-07-07,228c8a0e975c8fc8,"Natural Remedies Fresh Me Up Mild Waterless Foam Cleanser Dry Shampoo for Dogs, Cats and Pups of All Breeds, Moisturizer & Co",natural,grooming,both,3.0,,4.4,,1014.0,13.5,269.0,,"https://images-eu.ssl-images-amazon.com/images/I/61j7zKGugZL._AC_UL300_SR300,200_.jpg",amazon|gtrends,73.82,73.82,0.0,,0.93,0.0,,WATCHLIST,rising,0.0,0.0,0.0,0.5,0.0,0.0,0.0,1.0,56,2026-07-07T17:09:43.221428,70.7,3.12
2026-07-07,5a40a3fed64b51c9,"Foodie Puppies 2-in-1 Reversible Cat Scratcher Pad with Catnip for Cats & Kittens, (Couch, 43.5 x 23 x 6 cm) | Durable Corrug",foodie,beds_accessories,both,2.0,,4.3,,598.0,20.5,299.0,,"https://images-eu.ssl-images-amazon.com/images/I/71vh2Fn6NnL._AC_UL300_SR300,200_.jpg",amazon|gtrends,73.71,73.71,0.0,,0.93,0.0,,WATCHLIST,rising,0.0,0.0,0.0,0.5,0.0,0.0,0.0,1.0,57,2026-07-07T17:09:43.221633,70.59,3.12
2026-07-07,3c68bcbc9470ec25,Buraq Basic Full Body Cat Harness with Leash Set for Walking | Escape Proof | Adjustable & Durable for Cats (Red),buraq,collars_leashes,cat,25.0,4.0,4.0,3.9,264.0,5.0,166.0,125.0,"https://images-eu.ssl-images-amazon.com/images/I/51dCviepd-L._AC_UL300_SR300,200_.jpg",amazon|flipkart|gtrends,73.6,73.6,0.0,,0.99,0.0,CROSS_PLATFORM_VISIBLE,WATCHLIST,rising,0.0,0.0,0.0,1.0,0.0,0.0,0.0,0.5,58,2026-07-07T17:09:43.227385,69.22,4.38
2026-07-07,fe3db59d907a2820,PEDIGREE Dentastix Oral Care for Small Breed (5-10 kg) Dog Treat,pedigree,training,dog,,6.0,,4.4,6612.0,0.5,,144.0,https://rukminim2.flixcart.com/image/312/312/xif0q/pet-treat/a/e/0/-enriched-transparent-original-imahhtvafs6retqx.png?q=70,flipkart|gtrends,73.54,73.54,0.0,,0.93,0.0,,WATCHLIST,rising,0.0,0.0,0.0,0.5,0.0,0.0,0.0,1.0,59,2026-07-07T17:09:43.221846,70.42,3.12
2026-07-07,b1638bcb1b88d0a0,"amazon basics Large Elevated Cooling Mesh Fabric Pet Dog Cot Bed - 51 X 31 X 8 Inches, Green",amazon basics,beds_accessories,dog,6.0,,4.4,,9711.0,20.5,2099.0,,"https://images-eu.ssl-images-amazon.com/images/I/71iVF47Q5sS._AC_UL300_SR300,200_.jpg",amazon|gtrends,73.54,73.54,0.0,,0.93,0.0,,WATCHLIST,rising,0.0,0.0,0.0,0.5,0.0,0.0,0.0,1.0,60,2026-07-07T17:09:43.222065,70.42,3.12
2026-07-07,6f5e9bb4cf8269c5,"Heartie Oatmeal 6-in-1 Pet Shampoo & Conditioner |Paraben Free Dog Shampoo |Shiny Coat Conditioning, Hypoallergenic, Anti-itching Fresh Dog, Cat Shampoo",heartie,grooming,both,,1.0,,4.7,,13.5,,319.0,https://rukminim2.flixcart.com/image/612/612/xif0q/pet-shampoo/x/y/b/300-detangling-shampoo-and-conditioner-for-dogs-cats-heartie-original-imahmrnhgqqnrdca.jpeg?q=70,flipkart|gtrends,73.48,73.48,0.0,,0.93,0.0,,WATCHLIST,rising,0.0,0.0,0.0,0.5,0.0,0.0,0.0,1.0,61,2026-07-07T17:09:43.222488,70.36,3.12
2026-07-07,50fa5b101138d1b4,"Whiskas Junior Kitten (2-12 Months) Wet Cat Food, Chicken in Gravy, 80 g (Pack of 14), Hydrating Food Made With Real Chicken,",whiskas,cat_food,cat,6.0,,4.4,,3140.0,21.67,600.0,,"https://images-eu.ssl-images-amazon.com/images/I/81O3vUMUvgL._AC_UL300_SR300,200_.jpg",amazon|gtrends,73.41,73.41,0.0,,0.93,0.0,,WATCHLIST,rising,0.0,0.0,0.0,0.5,0.0,0.0,0.0,1.0,62,2026-07-07T17:09:43.222706,70.29,3.12
2026-07-07,b78cf4954388d007,"Chappi Adult (1+ Years) Dry Dog Food, Chicken & Rice, 20 kg, Complete and Balanced Food for Adult Dogs",chappi,dog_food,dog,12.0,10.0,4.3,4.4,4067.0,18.0,2542.0,2542.0,"https://images-eu.ssl-images-amazon.com/images/I/61znVoIonUL._AC_UL300_SR300,200_.jpg",amazon|flipkart|gtrends,73.4,73.4,0.0,,0.99,0.0,CROSS_PLATFORM_VISIBLE,WATCHLIST,rising,0.0,0.0,0.0,1.0,0.0,0.0,0.0,1.0,63,2026-07-07T17:09:43.229775,68.4,5.0
2026-07-07,b913eaf3383a045c,"Drools Absolute Dog Supplement Tablet, Skin+ Coat 400g 110 Pieces Jar | Turmeric Flavour | Supports Skin& Food Sensitivity",drools,health_wellness,dog,6.0,,4.2,,6393.0,0.5,446.0,,"https://images-eu.ssl-images-amazon.com/images/I/61s337s6ShL._AC_UL300_SR300,200_.jpg",amazon|gtrends,73.38,73.38,0.0,,0.93,0.0,,WATCHLIST,rising,0.0,0.0,0.0,0.5,0.0,0.0,0.0,1.0,64,2026-07-07T17:09:43.223112,70.26,3.12
2026-07-07,6bf8927b83e90ffd,Drools Real Chicken Egg 10 Kg Dry Adult Dog Food,drools,dog_food,dog,,6.0,,4.4,29635.0,18.0,,1869.0,https://rukminim2.flixcart.com/image/312/312/xif0q/pet-food/z/u/4/10-dog-1-9951021-drools-original-imah9atkchtzdymf.jpeg?q=70,flipkart|gtrends,73.3,73.3,0.0,,0.93,0.0,,WATCHLIST,rising,0.0,0.0,0.0,0.5,0.0,0.0,0.0,1.0,65,2026-07-07T17:09:43.223323,70.18,3.12
2026-07-07,4a887c584af2a94c,"PEDIGREE 100% Nutrition Meat, Rice 20 kg Dry Adult Dog Food",pedigree,dog_food,dog,,6.0,,4.4,54125.0,18.0,,672.0,https://rukminim2.flixcart.com/image/312/312/xif0q/pet-food/a/g/f/-original-imahjayzmrzcghzh.jpeg?q=70,flipkart|gtrends,73.3,73.3,0.0,,0.93,0.0,,WATCHLIST,rising,0.0,0.0,0.0,0.5,0.0,0.0,0.0,1.0,66,2026-07-07T17:09:43.223544,70.18,3.12
2026-07-07,092a64b432e65e27,Me-O JP Pet Products Mackrel-1.2kg Mackerel 1.2 kg Dry Adult Cat Food,me-o,cat_food,cat,,1.0,,4.5,,21.67,,515.0,https://rukminim2.flixcart.com/image/612/612/xif0q/pet-food/h/t/4/1-2-cat-1-mackrel-1-2kg-me-o-original-imahh2kad9ygsy5n.jpeg?q=70,flipkart|gtrends,73.09,73.09,0.0,,0.92,0.0,,WATCHLIST,rising,0.0,0.0,0.0,0.5,0.0,0.0,0.0,1.0,67,2026-07-07T17:09:43.223955,69.97,3.12
2026-07-07,20d33b58a09c1a00,Amazon Basics Tie-Out Cable/ Leash for Dogs Up to 57 kg | 30 Feet | Red | Large Size | Durable Metal Clips for Quick and Easy,amazon basics,collars_leashes,dog,6.0,,4.3,,28352.0,5.0,399.0,,"https://images-eu.ssl-images-amazon.com/images/I/71174zxkimL._AC_UL300_SR300,200_.jpg",amazon|gtrends,73.06,73.06,0.0,,0.92,0.0,,WATCHLIST,rising,0.0,0.0,0.0,0.5,0.0,0.0,0.0,1.0,68,2026-07-07T17:09:43.224170,69.94,3.12
2026-07-07,1e71ce03bb1aebcd,"Drools Absolute Dog Supplement Tablets 400g, 110 Pieces Jar | Vitamin Flavour | Supports Growth | Maintains Healthy Body Cond",drools,health_wellness,dog,7.0,,4.4,,4910.0,0.5,446.0,,"https://images-eu.ssl-images-amazon.com/images/I/61gngaiA2jL._AC_UL300_SR300,200_.jpg",amazon|gtrends,72.94,72.94,0.0,,0.92,0.0,,WATCHLIST,rising,0.0,0.0,0.0,0.5,0.0,0.0,0.0,1.0,69,2026-07-07T17:09:43.224386,69.82,3.12
2026-07-07,60b9775315f5e188,Drools Chicken Liver Chunks and Real Chicken 0.72 kg (12x0.06 kg) Wet Young Dog Food,drools,dog_food,dog,,3.0,,4.4,690.0,18.0,,270.0,https://rukminim2.flixcart.com/image/312/312/xif0q/pet-food/k/k/6/-original-imahz8zbyxygsyhy.jpeg?q=70,flipkart|gtrends,72.93,72.93,0.0,,0.92,0.0,,WATCHLIST,rising,0.0,0.0,0.0,0.5,0.0,0.0,0.0,1.0,70,2026-07-07T17:09:43.224590,69.81,3.12
2026-07-07,8d9f47cc0c51e417,"Foodie Puppies Latex Rubber Squeaky Dog Chew Ball Toy - (Claw Ball, Small) Durable and Safe Fetch Teething Dog Toy for Puppie",foodie,dog_toys,dog,4.0,,4.1,,1933.0,3.0,149.0,,"https://images-eu.ssl-images-amazon.com/images/I/617NApD-SoL._AC_UL300_SR300,200_.jpg",amazon|gtrends,72.88,72.88,0.0,,0.93,0.0,,WATCHLIST,rising,0.0,0.0,0.0,0.5,0.0,0.0,0.0,0.5,71,2026-07-07T17:09:43.222281,70.38,2.5
2026-07-07,57e5475a25a1d699,"Foodie Puppies Cat Teaser Playing Stick Wooden Cat Wand Toy for Cats and Kittens - (Mouse-Bell - 40cm), Interactive Feather T",foodie,cat_toys,both,2.0,,4.0,,1427.0,4.0,149.0,,"https://images-eu.ssl-images-amazon.com/images/I/61uS1ezu43L._AC_UL300_SR300,200_.jpg",amazon|gtrends,72.78,72.78,0.0,,0.93,0.0,,WATCHLIST,rising,0.0,0.0,0.0,0.5,0.0,0.0,0.0,0.5,72,2026-07-07T17:09:43.222912,70.28,2.5
2026-07-07,bb287277677004f0,Purepet Adult Dry Dog Food 10kg | Meat & Rice Flavour | Promotes Health & Vitality | Immune Support | Healthy Digestion,purepet,dog_food,dog,6.0,,4.2,,7348.0,18.0,1143.0,,"https://images-eu.ssl-images-amazon.com/images/I/61Qfvv9pM0L._AC_UL300_SR300,200_.jpg",amazon|gtrends,72.74,72.74,0.0,,0.92,0.0,,WATCHLIST,rising,0.0,0.0,0.0,0.5,0.0,0.0,0.0,1.0,73,2026-07-07T17:09:43.224997,69.62,3.12
2026-07-07,207aed0a49bd13af,Medfly Healthcare Natural Enzyme & Probiotic Based Dewormer for Dog -(Pack of 2) Pet Dewormer,medfly,health_wellness,dog,,1.0,,4.3,,0.5,,347.0,https://rukminim2.flixcart.com/image/612/612/xif0q/pet-dewormer/e/g/y/20-natural-enzyme-probiotic-based-dewormer-for-dog-medfly-original-imahmqfrbqtvvxz6.jpeg?q=70,flipkart|gtrends,72.66,72.66,0.0,,0.92,0.0,,WATCHLIST,rising,0.0,0.0,0.0,0.5,0.0,0.0,0.0,1.0,74,2026-07-07T17:09:43.225204,69.54,3.12
2026-07-07,6fea9474a12b39c1,"HIMALAYA Erina-EP Shampoo Flea and Tick Lemon Dog, Cat Shampoo",himalaya,grooming,both,,1.0,,4.4,,13.5,,549.0,https://rukminim2.flixcart.com/image/612/612/xif0q/pet-shampoo/a/1/j/-enriched-transparent-original-imahf3grwgj8nhcq.png?q=70,flipkart|gtrends,72.64,72.64,0.0,,0.92,0.0,,WATCHLIST,rising,0.0,0.0,0.0,0.5,0.0,0.0,0.0,1.0,75,2026-07-07T17:09:43.225414,69.52,3.12
2026-07-07,c9db09b02ecbc307,"Amazon Basics Premium Soft Velvet Pet Hut House | For Cats, Kittens and Small Dogs | With Reversible Cushion | Washable Cozy",amazon basics,beds_accessories,both,3.0,,4.0,,1455.0,20.5,769.0,,"https://images-eu.ssl-images-amazon.com/images/I/81ldRIBMPiL._AC_UL300_SR300,200_.jpg",amazon|gtrends,72.61,72.61,0.0,,0.93,0.0,,WATCHLIST,rising,0.0,0.0,0.0,0.5,0.0,0.0,0.0,0.5,76,2026-07-07T17:09:43.223752,70.11,2.5
2026-07-07,9ca1578de6a21f60,"SETON Unisex Pet Clippers Set for Dogs and Cats, Low Noise Electric Trimmer with LED Light, Rechargeable and Stainless Steel",seton,grooming,both,2.0,,4.3,,147.0,13.5,589.0,,"https://images-eu.ssl-images-amazon.com/images/I/61nNu6gm-YL._AC_UL300_SR300,200_.jpg",amazon|gtrends,72.57,72.57,0.0,,0.92,0.0,,WATCHLIST,rising,0.0,0.0,0.0,0.5,0.0,0.0,0.0,1.0,77,2026-07-07T17:09:43.225617,69.45,3.12
2026-07-07,3629d5f8b0d9299a,PEDIGREE Biscrok Biscuits (Above 4 months) Chicken Dog Treat,pedigree,training,dog,,7.0,,4.4,12590.0,0.5,,170.0,https://rukminim2.flixcart.com/image/312/312/xif0q/pet-treat/p/g/6/-enriched-transparent-original-imahgdgpzngyhnxb.png?q=70,flipkart|gtrends,72.54,72.54,0.0,,0.92,0.0,,WATCHLIST,rising,0.0,0.0,0.0,0.5,0.0,0.0,0.0,1.0,78,2026-07-07T17:09:43.225817,69.42,3.12
2026-07-07,874e565cb3777673,Zexsazone Pet Bed for Cats and Puppies Dogs S Pet Bed,zexsazone,beds_accessories,both,,1.0,,4.4,,20.5,,449.0,https://rukminim2.flixcart.com/image/612/612/xif0q/pet-bed/y/u/a/s-pet-bed-for-cats-and-puppies-dogs-zexsazone-original-imahkq7uzzrng9ht.jpeg?q=70,flipkart|gtrends,72.54,72.54,0.0,,0.92,0.0,,WATCHLIST,rising,0.0,0.0,0.0,0.5,0.0,0.0,0.0,1.0,79,2026-07-07T17:09:43.226015,69.42,3.12
2026-07-07,8a5e9dc2559b1740,BROWNLADY Interactive Rolling Chewie Ball for Cats & Dogs Silicone Ball For Dog & Cat,brownlady,cat_toys,both,,2.0,,5.0,,4.0,,221.0,https://rukminim2.flixcart.com/image/612/612/xif0q/pet-toy/e/9/z/1-pjctb100-pet-joy-original-imah878yw2snns7b.jpeg?q=70,flipkart|gtrends,72.42,72.42,0.0,,0.92,0.0,,WATCHLIST,rising,0.0,0.0,0.0,0.5,0.0,0.0,0.0,1.0,80,2026-07-07T17:09:43.226215,69.3,3.12
2026-07-07,8a02f11f1f77a4b9,Virbac Nutrition Nutrich Tablets Supplement of vitamins And Minerals For Dog And Cat Pet Health Supplements,virbac,health_wellness,both,18.0,9.0,4.6,4.2,647.0,0.5,397.0,412.0,"https://images-eu.ssl-images-amazon.com/images/I/6197+lkgGwL._AC_UL300_SR300,200_.jpg",amazon|flipkart|gtrends,72.42,72.42,0.0,,0.99,0.0,CROSS_PLATFORM_VISIBLE,WATCHLIST,rising,0.0,0.0,0.0,1.0,0.0,0.0,0.0,1.0,81,2026-07-07T17:09:43.234952,67.42,5.0
2026-07-07,a2342a24a9a42590,"decorvaiz Toys for Puppies & Small Dogs Toys | Rope Ball Toy | Color May Vary | Cotton, Rubber Ball, Bone, Chew Toy, Rubber Toy, Chew Toy, Training Aid, Tug Toy For Dog",decorvaiz,dog_toys,dog,,1.0,,4.2,,3.0,,138.0,https://rukminim2.flixcart.com/image/612/612/xif0q/pet-toy/x/h/p/6-dtspckof6toys-decorvaiz-original-imahd7ckfwqkssjc.jpeg?q=70,flipkart|gtrends,72.38,72.38,0.0,,0.92,0.0,,WATCHLIST,rising,0.0,0.0,0.0,0.5,0.0,0.0,0.0,1.0,82,2026-07-07T17:09:43.226693,69.26,3.12
2026-07-07,b6a0d7bdfaa8d654,Whiskas (1+ Years) Chicken 4.48 kg (56x0.08 kg) Wet Adult Cat Food,whiskas,cat_food,cat,,2.0,,4.6,,21.67,,2380.0,https://rukminim2.flixcart.com/image/612/612/xif0q/pet-food/k/u/r/-original-imaheszf2gygvzuz.jpeg?q=70,flipkart|gtrends,72.37,72.37,0.0,,0.92,0.0,,WATCHLIST,rising,0.0,0.0,0.0,0.5,0.0,0.0,0.0,1.0,83,2026-07-07T17:09:43.226901,69.25,3.12
2026-07-07,debc663b6bca1033,"Depets Self Cleaning Slicker Brush, Pet Grooming Shedding Brush for Dogs and Cats - Easy to Remove Loose Undercoat, Pet Massa",depets,grooming,both,7.0,,4.3,,20680.0,13.5,149.0,,"https://images-eu.ssl-images-amazon.com/images/I/61qjyzM3+BL._AC_UL300_SR300,200_.jpg",amazon|gtrends,72.36,72.36,0.0,,0.92,0.0,,WATCHLIST,rising,0.0,0.0,0.0,0.5,0.0,0.0,0.0,1.0,84,2026-07-07T17:09:43.227154,69.24,3.12
2026-07-07,1e05a5d05c7f2bff,Drools (3+ 1.2 kg) Egg & Real Chicken 4.2 kg (2x2.1 kg) Dry Adult Dog Food,drools,dog_food,dog,,7.0,,4.4,29635.0,18.0,,833.0,https://rukminim2.flixcart.com/image/312/312/xif0q/pet-food/z/c/x/-original-imahmjndfzgzqjbn.jpeg?q=70,flipkart|gtrends,72.3,72.3,0.0,,0.92,0.0,,WATCHLIST,rising,0.0,0.0,0.0,0.5,0.0,0.0,0.0,1.0,85,2026-07-07T17:09:43.227605,69.18,3.12
2026-07-07,fca6682dfd09825c,"Fur Ball Story Dermaprove Ayurvedic Herbal Formula Dog Shampoo Rosemary, Neem Oil & Aloevera Itch Relief, Anti-dandruff, Anti-Bacterial, Anti-fungal, Anti-microbial Mild Dog Shampoo",fur,grooming,dog,,2.0,,4.6,,13.5,,249.0,https://rukminim2.flixcart.com/image/612/612/xif0q/pet-shampoo/u/7/v/200-dermaprove-vet-recommended-ayurvedic-antifungal-rosemary-oil-original-imahmstcy2npujpf.jpeg?q=70,flipkart|gtrends,72.2,72.2,0.0,,0.92,0.0,,WATCHLIST,rising,0.0,0.0,0.0,0.5,0.0,0.0,0.0,1.0,86,2026-07-07T17:09:43.227817,69.08,3.12
2026-07-07,cdbeecb7014662c7,Aviean International 1.4 Kg Dog Biscuit (0.7Kg+0.7Kg) Combo Pack Baked Chicken Biscuit Puppy Treats Ch...,aviean,dog_food,dog,,4.0,,4.0,2141.0,18.0,,147.0,https://rukminim2.flixcart.com/image/312/312/xif0q/pet-food/h/g/u/1-4-dog-2-mark-23-aviean-international-original-imahm3y8rfgeezbq.jpeg?q=70,flipkart|gtrends,72.19,72.19,0.0,,0.92,0.0,,WATCHLIST,rising,0.0,0.0,0.0,0.5,0.0,0.0,0.0,0.5,87,2026-07-07T17:09:43.224787,69.69,2.5
2026-07-07,392d256bf5217c82,"Zoivane Smooth and Shine Cat Shampoo for Pet | Aloe Vera Natural Herbs | 200 ML Pack 2 Allergy Relief, Anti-microbial, Conditioning, Whitening and Color Enhancing Vanilla and Almond Cat Shampoo",zoivane,grooming,cat,7.0,9.0,4.2,4.3,284.0,13.5,176.0,158.0,"https://images-eu.ssl-images-amazon.com/images/I/61vy+GZq97L._AC_UL300_SR300,200_.jpg",amazon|flipkart|gtrends,72.15,72.15,0.0,,0.99,0.0,CROSS_PLATFORM_VISIBLE,WATCHLIST,rising,0.0,0.0,0.0,1.0,0.0,0.0,0.0,1.0,88,2026-07-07T17:09:43.236210,67.15,5.0
2026-07-07,49768cb3c036667d,"MS PET HOUSE Padded Dog Training Leash 10 Ft Long Lead for Dogs 1"" Wide by 10 Ft Long Blue 305 cm Dog Strap Leash",ms,collars_leashes,dog,9.0,10.0,4.3,4.6,1360.0,5.0,299.0,212.0,"https://images-eu.ssl-images-amazon.com/images/I/7174awAq0wL._AC_UL300_SR300,200_.jpg",amazon|flipkart|gtrends,72.13,72.13,0.0,,0.99,0.0,CROSS_PLATFORM_VISIBLE,WATCHLIST,rising,0.0,0.0,0.0,1.0,0.0,0.0,0.0,1.0,89,2026-07-07T17:09:43.236470,67.13,5.0
2026-07-07,a5b288b4b2b40e4b,"Royal Canin Persian Adult Food, Dry Food, Supports Healthy Growth & Long Hair, Digestive Health, and Reduction in Hairball Fo",royal canin,cat_food,cat,8.0,,4.5,,4259.0,21.67,2376.0,,"https://images-eu.ssl-images-amazon.com/images/I/61sHaP2sqBL._AC_UL300_SR300,200_.jpg",amazon|gtrends,72.09,72.09,0.0,,0.92,0.0,,WATCHLIST,rising,0.0,0.0,0.0,0.5,0.0,0.0,0.0,1.0,90,2026-07-07T17:09:43.228043,68.97,3.12
2026-07-07,983adbd6bca33322,"Foodie Puppies Monkey Crinkle Paper Rope Plush Toy for Dogs | Non-Toxic, Soft, Stuffed Interactive Cute Squeaky, Teething Rop",foodie,dog_toys,dog,5.0,,4.5,,687.0,3.0,399.0,,"https://images-eu.ssl-images-amazon.com/images/I/819CL1wacfL._AC_UL300_SR300,200_.jpg",amazon|gtrends,71.84,71.84,0.0,,0.92,0.0,,WATCHLIST,rising,0.0,0.0,0.0,0.5,0.0,0.0,0.0,1.0,91,2026-07-07T17:09:43.228532,68.72,3.12
2026-07-07,239fb3bee4fd7602,"Pawpro Adjustable Nylon Dog Collar with Secure D-Ring from Small - Medium to Large Breeds (Brown, Large)",pawpro,collars_leashes,dog,3.0,,4.1,,840.0,5.0,199.0,,"https://images-eu.ssl-images-amazon.com/images/I/71JDZ1uGD2L._AC_UL300_SR300,200_.jpg",amazon|gtrends,71.78,71.78,0.0,,0.92,0.0,,WATCHLIST,rising,0.0,0.0,0.0,0.5,0.0,0.0,0.0,0.5,92,2026-07-07T17:09:43.226461,69.28,2.5
2026-07-07,db6d8d4f422b7ec7,Drools Adult Dry Dog Food 10kg | Chicken Flavour | Optimum Protein & Energy Ratio | High-Grade Protein with Vitamins & Minera,drools,dog_food,dog,7.0,,4.2,,8653.0,18.0,1281.0,,"https://images-eu.ssl-images-amazon.com/images/I/716muWbBS5L._AC_UL300_SR300,200_.jpg",amazon|gtrends,71.74,71.74,0.0,,0.92,0.0,,WATCHLIST,rising,0.0,0.0,0.0,0.5,0.0,0.0,0.0,1.0,93,2026-07-07T17:09:43.228741,68.62,3.12
2026-07-07,ef82e3c2e9559542,"Super Toy Cute Sleeping Cat Plush Toy with Meow Sound, Kids Gift & Car Dashboard Accessory - 5.7 cm",me-o,cat_toys,cat,,1.0,,4.4,,4.0,,268.0,https://rukminim2.flixcart.com/image/612/612/xif0q/showpiece-figurine/1/8/t/3-14-sleeping-cute-cat-for-car-dashboard-and-home-decor-original-imah4f7cctkgs7qy.jpeg?q=70,flipkart|gtrends,71.74,71.74,0.0,,0.92,0.0,,WATCHLIST,rising,0.0,0.0,0.0,0.5,0.0,0.0,0.0,1.0,94,2026-07-07T17:09:43.228944,68.62,3.12
2026-07-07,131c5e189a8f6c38,"Qpets Cat Harness with Leash for Kittens with Quick Release Buckle, Escape-Proof Cute Flower Cat Belt for Outdoor Walking &",qpets,collars_leashes,cat,3.0,,4.2,,326.0,5.0,258.0,,"https://images-eu.ssl-images-amazon.com/images/I/51hhSgAil2L._AC_UL300_SR300,200_.jpg",amazon|gtrends,71.59,71.59,0.0,,0.92,0.0,,WATCHLIST,rising,0.0,0.0,0.0,0.5,0.0,0.0,0.0,1.0,95,2026-07-07T17:09:43.229156,68.47,3.12
2026-07-07,4b1a2ddbe0b2588c,Me-O meo tuna Tuna 1.2 kg Dry Adult Cat Food,me-o,cat_food,cat,,2.0,,4.3,,21.67,,568.0,https://rukminim2.flixcart.com/image/612/612/xif0q/pet-food/v/m/t/3-cat-1-meo-tuna-3kg-me-o-original-imahccff8szk3tse.jpeg?q=70,flipkart|gtrends,71.53,71.53,0.0,,0.92,0.0,,WATCHLIST,rising,0.0,0.0,0.0,0.5,0.0,0.0,0.0,1.0,96,2026-07-07T17:09:43.229571,68.41,3.12
2026-07-07,b98171f747d28eb5,"ROMSAY Anti-Tick & Flea Shampoo For Dogs & Cats 200ML Pack Of 2 With Bath Brush Flea and Tick, Allergy Relief, Anti-fungal, Anti-itching, Anti-dandruff, Hypoallergenic Fresh Notes, Blueberry Dog Shampoo",romsay,health_wellness,both,,2.0,,4.2,,0.5,,184.0,https://rukminim2.flixcart.com/image/612/612/xif0q/pet-shampoo/i/v/h/400-hh-1390-romsay-original-imagj2v7svrqvfm9.jpeg?q=70,flipkart|gtrends,71.38,71.38,0.0,,0.92,0.0,,WATCHLIST,rising,0.0,0.0,0.0,0.5,0.0,0.0,0.0,1.0,97,2026-07-07T17:09:43.230392,68.26,3.12
2026-07-07,2e04efb83791fff1,"Ceenwes Unisex Low Noise Pet Clippers - Rechargeable Dog Trimmer, Cordless Grooming Tool With Comb Guides, Scissors, Nail Kit",ceenwes,grooming,dog,8.0,,4.3,,22612.0,13.5,999.0,,"https://images-eu.ssl-images-amazon.com/images/I/71+hZAxEIQL._AC_UL300_SR300,200_.jpg",amazon|gtrends,71.36,71.36,0.0,,0.92,0.0,,WATCHLIST,rising,0.0,0.0,0.0,0.5,0.0,0.0,0.0,1.0,98,2026-07-07T17:09:43.230590,68.24,3.12
2026-07-07,abe6b14ee36b6ce1,PAWPRO HANDMADE Reflective Pet Collar with Custom ID Tag – Adjustable Collar with Bell for Cats & Small Dogs – Personalized N,pawpro,collars_leashes,both,2.0,,4.1,,206.0,5.0,189.0,,"https://images-eu.ssl-images-amazon.com/images/I/51W0z6fTiYL._AC_UL300_SR300,200_.jpg",amazon|gtrends,71.32,71.32,0.0,,0.92,0.0,,WATCHLIST,rising,0.0,0.0,0.0,0.5,0.0,0.0,0.0,0.5,99,2026-07-07T17:09:43.228300,68.82,2.5
2026-07-07,144e537ca66336ae,"decorvaiz Tail Dog Toys+Dog Chew Toys+Rope Toys+Dog Toys for Small to Medium Dog Cotton, Rubber Ball, Bone, Chew Toy, Rubber Toy, Squeaky Toy, Training Aid, Tug Toy For Dog",decorvaiz,dog_toys,dog,,3.0,,4.5,,3.0,,214.0,https://rukminim2.flixcart.com/image/612/612/xif0q/pet-toy/o/z/n/9-exercise-toy-decorvaiz-original-imah9szztrcfdp5b.jpeg?q=70,flipkart|gtrends,71.22,71.22,0.0,,0.92,0.0,,WATCHLIST,rising,0.0,0.0,0.0,0.5,0.0,0.0,0.0,1.0,100,2026-07-07T17:09:43.231647,68.1,3.12
2026-07-07,12a40f86261d9538,GHANU 2.2L Pet Water Fountain-Cat Water Dispenser with USB-Powered Filter for Cats,ghanu,beds_accessories,cat,,3.0,,4.6,,20.5,,851.0,https://rukminim2.flixcart.com/image/612/612/xif0q/pet-fountain/0/f/k/5-2-2l-pet-water-fountain-cat-water-dispenser-with-usb-powered-original-imahdravrcevw7zg.jpeg?q=70,flipkart|gtrends,71.1,71.1,0.0,,0.91,0.0,,WATCHLIST,rising,0.0,0.0,0.0,0.5,0.0,0.0,0.0,1.0,101,2026-07-07T17:09:43.232139,67.98,3.12
2026-07-07,04e5995532663163,Royal Canin Regular Fit 0.4 kg Dry Adult Cat Food,royal canin,cat_food,cat,,3.0,,4.5,,21.67,,403.0,https://rukminim2.flixcart.com/image/612/612/xif0q/pet-food/c/n/q/4-cat-pfdf3kyegsqjrsen-royal-canin-enriched-transparent-original-imafcafjkthce5mt.png?q=70,flipkart|gtrends,71.09,71.09,0.0,,0.91,0.0,,WATCHLIST,rising,0.0,0.0,0.0,0.5,0.0,0.0,0.0,1.0,102,2026-07-07T17:09:43.232370,67.97,3.12
2026-07-07,c0a4d028062954a0,Drools Puppy Wet Dog Food 0.9kg (150g x 6 Packs) | Real Chicken & Chicken Liver Chunks in Gravy | Better Digestibility & Over,drools,dog_food,dog,8.0,,4.3,,5965.0,18.0,198.0,,"https://images-eu.ssl-images-amazon.com/images/I/71Fc3+zeBhL._AC_UL300_SR300,200_.jpg",amazon|gtrends,71.02,71.02,0.0,,0.91,0.0,,WATCHLIST,rising,0.0,0.0,0.0,0.5,0.0,0.0,0.0,1.0,103,2026-07-07T17:09:43.232798,67.9,3.12
2026-07-07,10d51d0a8144df67,Paramount PupPee Pet Training Pads||Mn-13 Disposable Dog Diapers,paramount,training,dog,,2.0,,4.2,,0.5,,320.0,https://rukminim2.flixcart.com/image/612/612/xif0q/pet-mat/f/6/1/m-pet-training-pads-60-x-45-cm-urine-underpad-25-count-per-original-imaguht742z2h6g4.jpeg?q=70,flipkart|gtrends,70.98,70.98,0.0,,0.91,0.0,,WATCHLIST,rising,0.0,0.0,0.0,0.5,0.0,0.0,0.0,1.0,104,2026-07-07T17:09:43.233026,67.86,3.12
2026-07-07,fd2ad4cabbdf393e,"Amazon Basics Cat Scratching Pole and Lounge Bed, with Hanging Star and Ball, Natural Jute, Sturdy Wooden Base, 50cm (S)",amazon basics,beds_accessories,cat,5.0,,3.9,,1927.0,20.5,869.0,,"https://images-eu.ssl-images-amazon.com/images/I/71L5ydwojOL._AC_UL300_SR300,200_.jpg",amazon|gtrends,70.91,70.91,0.0,,0.92,0.0,,WATCHLIST,rising,0.0,0.0,0.0,0.5,0.0,0.0,0.0,0.5,105,2026-07-07T17:09:43.229370,68.41,2.5
2026-07-07,93a80e76cf1bd3c2,TrendKart Dog Nail Cutter - Dog Nail Cutter Set - Adult Dog Nail Cutter- Nail Cutter Combo Scissor Nail Clipper,trendkart,grooming,dog,,1.0,,4.0,,13.5,,127.0,https://rukminim2.flixcart.com/image/612/612/xif0q/pet-nail-clipper/a/b/s/dog-nail-cutter-dog-nail-cutter-set-adult-dog-nail-cutter-pet-original-imahmghvtwbqns6r.jpeg?q=70,flipkart|gtrends,70.9,70.9,0.0,,0.92,0.0,,WATCHLIST,rising,0.0,0.0,0.0,0.5,0.0,0.0,0.0,0.5,106,2026-07-07T17:09:43.229982,68.4,2.5
2026-07-07,01f2079a9d39c93e,SENAPATI 164 cm Dog Cord Leash,senapati,collars_leashes,dog,,1.0,,4.1,,5.0,,127.0,https://rukminim2.flixcart.com/image/612/612/xif0q/pet-leash-chain/g/w/h/14140-senapati-original-imagsrzbdsyexazg.jpeg?q=70,flipkart|gtrends,70.88,70.88,0.0,,0.92,0.0,,WATCHLIST,rising,0.0,0.0,0.0,0.5,0.0,0.0,0.0,0.5,107,2026-07-07T17:09:43.230181,68.38,2.5
2026-07-07,2799465362834118,"Goofy Tails Dog Ball Toy, Hard Squeaky Rubber Ball Toys for Dogs, Dog Chew Toy, Squeaky Toys for Dogs (Blue/Green/Orange)",goofy,dog_toys,dog,7.0,,4.2,,1984.0,3.0,211.0,,"https://images-eu.ssl-images-amazon.com/images/I/61LRn-FyVNL._AC_UL300_SR300,200_.jpg",amazon|gtrends,70.83,70.83,0.0,,0.91,0.0,,WATCHLIST,rising,0.0,0.0,0.0,0.5,0.0,0.0,0.0,1.0,108,2026-07-07T17:09:43.233510,67.71,3.12
2026-07-07,b6f9878b16cb975f,"Drools Adult Cat Wet Mousse 80g Pack of 5, 400g | Chicken Flavour | Rich in Protein | Promotes Hydration & Easy to Digest| No",drools,cat_food,cat,4.0,,4.4,,100.0,21.67,136.0,,"https://images-eu.ssl-images-amazon.com/images/I/619hl-E7WBL._AC_UL300_SR300,200_.jpg",amazon|gtrends,70.81,70.81,0.0,,0.91,0.0,,WATCHLIST,rising,0.0,0.0,0.0,0.5,0.0,0.0,0.0,1.0,109,2026-07-07T17:09:43.233940,67.69,3.12
2026-07-07,cb1e62f43629d677,"Emily Pets Cat Balls & Catnip Toys - Cartoon Fuzzy Ball, Soft & Lightweight -Chewing Catnip Wooden Chew Toy For Cat",emily,cat_toys,cat,,2.0,,4.4,,4.0,,170.0,https://rukminim2.flixcart.com/image/612/612/xif0q/pet-toy/v/r/p/12-cat-balls-catnip-toys-cartoon-fuzzy-ball-soft-lightweight-original-imagxrp2pnuz4njh.jpeg?q=70,flipkart|gtrends,70.74,70.74,0.0,,0.91,0.0,,WATCHLIST,rising,0.0,0.0,0.0,0.5,0.0,0.0,0.0,1.0,110,2026-07-07T17:09:43.234342,67.62,3.12
2026-07-07,9588280d571bc15b,Amazon Basics Self Cleaning Slicker Pet Grooming Brush | Dogs and Cats | Rectangular Shape | Blue,amazon basics,grooming,both,6.0,,4.1,,1950.0,13.5,239.0,,"https://images-eu.ssl-images-amazon.com/images/I/71iWJiqLLLL._AC_UL300_SR300,200_.jpg",amazon|gtrends,70.6,70.6,0.0,,0.92,0.0,,WATCHLIST,rising,0.0,0.0,0.0,0.5,0.0,0.0,0.0,0.5,111,2026-07-07T17:09:43.230803,68.1,2.5
2026-07-07,2731706c8ce9d6fe,Buraq Escape Proof No Pull Cat Harness with Leash & 2 Pcs Cat Collar Cat Harness & Leash,buraq,collars_leashes,cat,,1.0,,4.0,,5.0,,220.0,https://rukminim2.flixcart.com/image/612/612/xif0q/pet-collar-harness/o/4/1/small-cat-harness-with-leash-2-pcs-cat-collar-buraq-original-imah6f5ghtht7xke.jpeg?q=70,flipkart|gtrends,70.6,70.6,0.0,,0.92,0.0,,WATCHLIST,rising,0.0,0.0,0.0,0.5,0.0,0.0,0.0,0.5,112,2026-07-07T17:09:43.231006,68.1,2.5
2026-07-07,c4c5ab9296e7856d,SENAPATI Combo Dog Chain Leash Collar & Belt Set 1 inch Medium Dog Collar & Chain,senapati,collars_leashes,dog,,1.0,,4.0,,5.0,,141.0,https://rukminim2.flixcart.com/image/612/612/xif0q/pet-collar-harness/a/q/h/medium-combo-chain-and-belt-collar-senapati-original-imaghaf5g5cpzsdm.jpeg?q=70,flipkart|gtrends,70.6,70.6,0.0,,0.92,0.0,,WATCHLIST,rising,0.0,0.0,0.0,0.5,0.0,0.0,0.0,0.5,113,2026-07-07T17:09:43.231256,68.1,2.5
2026-07-07,58da801ad36d8fd7,Petworld Cat Scratching Inclined Pad,petworld,cat_food,cat,,1.0,,3.8,,21.67,,192.0,https://rukminim2.flixcart.com/image/612/612/xif0q/cat-scratching-post/q/4/q/ctsh-double-wide-pcud109-small-petworld-4-original-imahbzz4uerad4ms.jpeg?q=70,flipkart|gtrends,70.51,70.51,0.0,,0.92,0.0,,WATCHLIST,rising,0.0,0.0,0.0,0.5,0.0,0.0,0.0,0.5,114,2026-07-07T17:09:43.231911,68.01,2.5
2026-07-07,57c66c4fa83f4ddb,"ProDen PlaqueOff Powder Supports Normal, Healthy Teeth, Gums, and Breath Odour in Dogs 20 gm",proden,health_wellness,dog,3.0,,3.9,,225.0,0.5,1119.0,,"https://images-eu.ssl-images-amazon.com/images/I/61VBz0ZTbYL._AC_UL300_SR300,200_.jpg",amazon|gtrends,70.42,70.42,0.0,,0.91,0.0,,WATCHLIST,rising,0.0,0.0,0.0,0.5,0.0,0.0,0.0,0.5,115,2026-07-07T17:09:43.232583,67.92,2.5
2026-07-07,5ea9655966d95a51,Royal Canin Persian 0.4 kg Dry Adult Cat Food,royal canin,cat_food,cat,,4.0,,4.6,,21.67,,639.0,https://rukminim2.flixcart.com/image/612/612/xif0q/pet-food/z/h/g/0-4-cat-3182550702607-royal-canin-enriched-transparent-original-imafcafjmyhharyz.png?q=70,flipkart|gtrends,70.37,70.37,0.0,,0.91,0.0,,WATCHLIST,rising,0.0,0.0,0.0,0.5,0.0,0.0,0.0,1.0,116,2026-07-07T17:09:43.235377,67.25,3.12
2026-07-07,c7633fc8331822e6,"SENAPATI Combo Dog Harness Belts Neck and Rope Set (Waterproof, Medium, Leash Dog Collar & Leash",senapati,collars_leashes,dog,,1.0,,3.9,,5.0,,131.0,https://rukminim2.flixcart.com/image/612/612/kwjkuq80/pet-collar-harness/w/i/k/large-premium-quality-dog-combo-pack-of-harness-neck-collar-belt-original-imag972qtdppyggf.jpeg?q=70,flipkart|gtrends,70.32,70.32,0.0,,0.91,0.0,,WATCHLIST,rising,0.0,0.0,0.0,0.5,0.0,0.0,0.0,0.5,117,2026-07-07T17:09:43.233294,67.82,2.5
2026-07-07,80e21af7a5d2d5f8,Drools Real Chicken and Egg 1.2 kg Dry Young Dog Food,drools,dog_food,dog,,9.0,,4.4,17296.0,18.0,,1912.0,https://rukminim2.flixcart.com/image/312/312/xif0q/pet-food/a/b/i/-original-imah48t4gt4gcq57.jpeg?q=70,flipkart|gtrends,70.3,70.3,0.0,,0.91,0.0,,WATCHLIST,rising,0.0,0.0,0.0,0.5,0.0,0.0,0.0,1.0,118,2026-07-07T17:09:43.235786,67.18,3.12
2026-07-07,d8661caabfdb4bd9,"Pedigree Adult Dry Dog Food, Meat & Rice, 3 kg, Contains 37 Essential Nutrients, 100% Complete & Balanced Food for Adult Dogs",pedigree,dog_food,dog,9.0,,4.4,,16777.0,18.0,609.0,,"https://images-eu.ssl-images-amazon.com/images/I/71zbf-M0zAL._AC_UL300_SR300,200_.jpg",amazon|gtrends,70.3,70.3,0.0,,0.91,0.0,,WATCHLIST,rising,0.0,0.0,0.0,0.5,0.0,0.0,0.0,1.0,119,2026-07-07T17:09:43.235999,67.18,3.12
2026-07-07,1d7f59bc9a932631,"Buraq Premium Reflective Dog Harness with 5FT Leash, No-Pull Adjustable Belt Vest for Small, Medium & Large Dogs, Escape-Proo",buraq,collars_leashes,dog,4.0,,4.2,,210.0,5.0,975.0,,"https://images-eu.ssl-images-amazon.com/images/I/816yoA-iJFL._AC_UL300_SR300,200_.jpg",amazon|gtrends,70.23,70.23,0.0,,0.91,0.0,,WATCHLIST,rising,0.0,0.0,0.0,0.5,0.0,0.0,0.0,1.0,120,2026-07-07T17:09:43.236897,67.11,3.12
2026-07-07,2a2000e18f9fde28,"Beaphar Tooth Gel in Liver Flavour for Dog & Cat, 100 Gram",beaphar,health_wellness,both,9.0,,4.3,,3093.0,0.5,730.0,,"https://images-eu.ssl-images-amazon.com/images/I/51bNWllaX5L._AC_UL300_SR300,200_.jpg",amazon|gtrends,70.22,70.22,0.0,,0.91,0.0,,WATCHLIST,rising,0.0,0.0,0.0,0.5,0.0,0.0,0.0,1.0,121,2026-07-07T17:09:43.237370,67.1,3.12
2026-07-07,b7cf77dbb0382415,"Aviean International 1.4 Kg Dog Biscuits 2 Pack (700*2,Gm) Puppy Combo (Chicken +Mutton ) Biscuits Egg Dog Treat",aviean,health_wellness,dog,,2.0,,4.0,,0.5,,157.0,https://rukminim2.flixcart.com/image/612/612/xif0q/pet-treat/b/r/r/2-dog-2-091191-aviean-international-original-imahm6axgfqe2nyt.jpeg?q=70,flipkart|gtrends,70.2,70.2,0.0,,0.91,0.0,,WATCHLIST,rising,0.0,0.0,0.0,0.5,0.0,0.0,0.0,0.5,122,2026-07-07T17:09:43.233730,67.7,2.5
2026-07-07,9e55ce6d64648104,"Absolut Pet Hip and Joint-Supplements for Dogs Chews that Improve Mobility & Bone Strength with Glucosamine, Chondroitin & Co",absolut,health_wellness,dog,3.0,,4.0,,89.0,0.5,999.0,,"https://images-eu.ssl-images-amazon.com/images/I/5112RijP1rL._AC_UL300_SR300,200_.jpg",amazon|gtrends,70.14,70.14,0.0,,0.91,0.0,,WATCHLIST,rising,0.0,0.0,0.0,0.5,0.0,0.0,0.0,0.5,123,2026-07-07T17:09:43.234144,67.64,2.5
2026-07-07,51579fe668953ed0,PEDIGREE Tasty Jerky Chicken Dog Treat,pedigree,training,dog,,9.0,,4.6,2421.0,0.5,,170.0,https://rukminim2.flixcart.com/image/312/312/xif0q/pet-treat/0/u/h/-enriched-transparent-original-imahgdgpgphtcgda.png?q=70,flipkart|gtrends,70.02,70.02,0.0,,0.91,0.0,,WATCHLIST,rising,0.0,0.0,0.0,0.5,0.0,0.0,0.0,1.0,124,2026-07-07T17:09:43.237790,66.9,3.12
2026-07-07,a6db9fcde363bba8,NGS Battery Operated Dog Back Flip Jumping and Barking,ngs,dog_food,dog,,1.0,,3.8,,18.0,,542.0,https://rukminim2.flixcart.com/image/612/612/k2arbm80/musical-toy/h/e/g/battery-operated-dog-back-flip-jumping-and-barking-ngs-original-imafhzr7hmr8fvpe.jpeg?q=70,flipkart|gtrends,70.0,70.0,0.0,,0.91,0.0,,WATCHLIST,rising,0.0,0.0,0.0,0.5,0.0,0.0,0.0,0.5,125,2026-07-07T17:09:43.234752,67.5,2.5
2026-07-07,2534d1ccb1427c36,AONEPTER dogs can use this anti-flea dogs collar safely Dog & Cat Anti-tick Collar,aonepter,training,both,,3.0,,4.2,,0.5,,283.0,https://rukminim2.flixcart.com/image/612/612/xif0q/pet-collar-harness/9/a/j/large-tick-collar-for-dogs-premium-adjustable-silicone-pet-original-imahmd85ynhszmh4.jpeg?q=70,flipkart|gtrends,69.98,69.98,0.0,,0.91,0.0,,WATCHLIST,rising,0.0,0.0,0.0,0.5,0.0,0.0,0.0,1.0,126,2026-07-07T17:09:43.238011,66.86,3.12
2026-07-07,9896e84421541bda,"Stuffiva Oval Shaped Faux Fur PET Bed for Dogs, Kittens and Cats S Pet Bed",stuffiva,beds_accessories,both,,3.0,,4.2,,20.5,,237.0,https://rukminim2.flixcart.com/image/612/612/xif0q/pet-bed/p/d/h/s-oval-shaped-faux-fur-pet-bed-for-dogs-kittens-and-cats-original-imahgs47tzpszvcc.jpeg?q=70,flipkart|gtrends,69.98,69.98,0.0,,0.91,0.0,,WATCHLIST,rising,0.0,0.0,0.0,0.5,0.0,0.0,0.0,1.0,127,2026-07-07T17:09:43.238216,66.86,3.12
2026-07-07,a24c90637d63e702,Foodie Puppies 3 in 1 USB Laser Pointer Cat Teasing Toy with 5 Adjustable Patterns I Pet Chaser Tease Stick Pointer Toys for,foodie,cat_toys,both,4.0,,4.2,,314.0,4.0,451.0,,"https://images-eu.ssl-images-amazon.com/images/I/61YP5yytwtL._AC_UL300_SR300,200_.jpg",amazon|gtrends,69.95,69.95,0.0,,0.91,0.0,,WATCHLIST,rising,0.0,0.0,0.0,0.5,0.0,0.0,0.0,1.0,128,2026-07-07T17:09:43.238802,66.83,3.12
2026-07-07,f36e5719d8fcda7e,Drools Salmon Oil Syrup Pet Health Supplements,drools,health_wellness,both,,4.0,,4.4,,0.5,,254.0,https://rukminim2.flixcart.com/image/612/612/xif0q/pet-health-supplement/f/x/8/-original-imahzzfyshann7wa.jpeg?q=70,flipkart|gtrends,69.94,69.94,0.0,,0.91,0.0,,WATCHLIST,rising,0.0,0.0,0.0,0.5,0.0,0.0,0.0,1.0,129,2026-07-07T17:09:43.239024,66.82,3.12
2026-07-07,3bf8e56ee56266fb,"PETZLUV YOUHAVEDEAL Toys for Puppies & Medium Dogs Toys | Color May Vary | Rope Ball Toy Cotton Ball, Tug Toy, Fetch Toy, Training Aid, Chew Toy For Dog & Cat",petzluv,dog_toys,both,,4.0,,4.4,,3.0,,135.0,https://rukminim2.flixcart.com/image/612/612/xif0q/pet-toy/t/w/s/5-dog-rope-toys-for-small-and-medium-dogs-g410-petzluv-original-imahdxm4gg3z5m2n.jpeg?q=70,flipkart|gtrends,69.94,69.94,0.0,,0.91,0.0,,WATCHLIST,rising,0.0,0.0,0.0,0.5,0.0,0.0,0.0,1.0,130,2026-07-07T17:09:43.239240,66.82,3.12
2026-07-07,6b2f4ff4283c145d,amazon basics Interactive Sound Ball Toy for Dogs and Puppies| Fun Squeaky Sounds | Pet-Safe Materials| Suitable for All Dog,amazon basics,dog_toys,dog,6.0,,4.2,,631.0,3.0,519.0,,"https://images-eu.ssl-images-amazon.com/images/I/613lpZQvnSL._AC_UL300_SR300,200_.jpg",amazon|gtrends,69.89,69.89,0.0,,0.91,0.0,,WATCHLIST,rising,0.0,0.0,0.0,0.5,0.0,0.0,0.0,1.0,131,2026-07-07T17:09:43.239678,66.77,3.12
2026-07-07,020881c4759a213c,Hachiko Dog Collar & Leash,hachiko,collars_leashes,dog,,2.0,,4.1,,5.0,,141.0,https://rukminim2.flixcart.com/image/612/612/kr3tj0w0/pet-collar-harness/t/v/g/small-clrbkrdcmbomn3-hachiko-original-imag4z38ysvyyh6n.jpeg?q=70,flipkart|gtrends,69.88,69.88,0.0,,0.91,0.0,,WATCHLIST,rising,0.0,0.0,0.0,0.5,0.0,0.0,0.0,0.5,132,2026-07-07T17:09:43.235162,67.38,2.5
2026-07-07,4996f6fe5745b1df,ZEXSAZONE Summer Comfortable Durable Both Sides usable and Washable Pet Bed | Cat Bed | Puppy Bed | Dog Bed | Medium Dog Bed,zexsazone,beds_accessories,both,5.0,,4.3,,246.0,20.5,430.0,,"https://images-eu.ssl-images-amazon.com/images/I/61uAf52uJDL._AC_UL300_SR300,200_.jpg",amazon|gtrends,69.83,69.83,0.0,,0.91,0.0,,WATCHLIST,rising,0.0,0.0,0.0,0.5,0.0,0.0,0.0,1.0,133,2026-07-07T17:09:43.239883,66.71,3.12
2026-07-07,d3a9b6fa9c52ebf2,Royal Canin Maxi Starter Dry Dog Food Meat 1 kg Dry Young Dog Food,royal canin,dog_food,dog,,4.0,,4.3,59.0,18.0,,1013.0,https://rukminim2.flixcart.com/image/312/312/xif0q/pet-food/p/q/j/1-dog-1-otrfo1859-royal-canin-original-imah46r5xxhhcafe.jpeg?q=70,flipkart|gtrends,69.79,69.79,0.0,,0.91,0.0,,WATCHLIST,rising,0.0,0.0,0.0,0.5,0.0,0.0,0.0,1.0,134,2026-07-07T17:09:43.240102,66.67,3.12
2026-07-07,97611549b7087a10,"decorvaiz 360° Interactive Dog, Cat Toys Ball, Electric Rolling Ball Automatic Moving Ball Silicone, Plastic Ball For Dog & Cat",decorvaiz,cat_toys,both,,1.0,,3.9,,4.0,,149.0,https://rukminim2.flixcart.com/image/612/612/xif0q/pet-toy/v/y/g/1-interactive-cat-and-dog-ball-decorvaiz-original-imahdp3nxt55znwr.jpeg?q=70,flipkart|gtrends,69.72,69.72,0.0,,0.91,0.0,,WATCHLIST,rising,0.0,0.0,0.0,0.5,0.0,0.0,0.0,0.5,135,2026-07-07T17:09:43.235585,67.22,2.5
2026-07-07,6d204eae07ef1fe6,"Pedigree Wet Food for Puppy, Chicken Chunks in Gravy Flavour (Pack of 15 x 70g)",pedigree,dog_food,dog,14.0,15.0,4.4,4.5,7301.0,18.0,588.0,756.0,"https://images-eu.ssl-images-amazon.com/images/I/81YnLlLye6L._AC_UL300_SR300,200_.jpg",amazon|flipkart|gtrends,69.68,69.68,0.0,,0.99,0.0,CROSS_PLATFORM_VISIBLE,WATCHLIST,rising,0.0,0.0,0.0,1.0,0.0,0.0,0.0,1.0,136,2026-07-07T17:09:43.253512,64.68,5.0
2026-07-07,c8b94669b4fe83fb,Royal Canin Royal Canin Fit 32 Adult Dry Cat Food - 400 gm Chicken 0.4 kg Dry Adult Cat Food,royal canin,cat_food,cat,,5.0,,4.7,,21.67,,403.0,https://rukminim2.flixcart.com/image/612/612/xif0q/pet-food/y/x/k/0-4-cat-1-otrfo1752-royal-canin-original-imah5fbufcgfk2hd.jpeg?q=70,flipkart|gtrends,69.65,69.65,0.0,,0.91,0.0,,WATCHLIST,rising,0.0,0.0,0.0,0.5,0.0,0.0,0.0,1.0,137,2026-07-07T17:09:43.240523,66.53,3.12
2026-07-07,8632da445573ebfa,Active Buy 1 Get 1 All Breed 100% Vegetable 6 kg (2x3 kg) Dry Adult Dog Food,active,dog_food,dog,,6.0,,4.4,531.0,18.0,,630.0,https://rukminim2.flixcart.com/image/312/312/xif0q/pet-food/o/h/r/-original-imahghjahhn98hpa.jpeg?q=70,flipkart|gtrends,69.6,69.6,0.0,,0.91,0.0,,WATCHLIST,rising,0.0,0.0,0.0,0.5,0.0,0.0,0.0,1.0,138,2026-07-07T17:09:43.240725,66.48,3.12
2026-07-07,30eddd805a31d191,AomniStore 2pcs Adjustable Small Pets Cute Bow-Tie Collar for Puppies & Cats - Stylish Belt Dog & Cat Everyday Collar,aomnistore,collars_leashes,both,,2.0,,4.0,,5.0,,114.0,https://rukminim2.flixcart.com/image/612/612/xif0q/pet-collar-harness/l/d/o/small-aao2bowtie-aomni-store-original-imahfhh2gb9twrce.jpeg?q=70,flipkart|gtrends,69.6,69.6,0.0,,0.91,0.0,,WATCHLIST,rising,0.0,0.0,0.0,0.5,0.0,0.0,0.0,0.5,139,2026-07-07T17:09:43.237144,67.1,2.5
2026-07-07,b3fcc01fc3805236,"Petfun Avocado,Paw Catnip Mint Treats Wall Lick Treat, Natural Teeth Cleaning Toy Plastic Treat Dispensing Toy For Cat",petfun,cat_food,cat,,4.0,,4.3,,21.67,,116.0,https://rukminim2.flixcart.com/image/612/612/xif0q/pet-toy/0/q/i/1-pf-cat-lick-treats-paw-avacdo-shape-toy-petfun-original-imah8qfcqcfbedgn.jpeg?q=70,flipkart|gtrends,69.53,69.53,0.0,,0.91,0.0,,WATCHLIST,rising,0.0,0.0,0.0,0.5,0.0,0.0,0.0,1.0,140,2026-07-07T17:09:43.241140,66.41,3.12
2026-07-07,3af5a3fc66f7404e,Royal Canin Medium Puppy 1 kg Dry Young Dog Food,royal canin,dog_food,dog,,7.0,,4.4,1041.0,18.0,,959.0,https://rukminim2.flixcart.com/image/312/312/xif0q/pet-food/7/t/k/10-dog-3182550778077-royal-canin-enriched-transparent-original-imaf8yuhxsrqxyqn.png?q=70,flipkart|gtrends,69.53,69.53,0.0,,0.91,0.0,,WATCHLIST,rising,0.0,0.0,0.0,0.5,0.0,0.0,0.0,1.0,141,2026-07-07T17:09:43.241374,66.41,3.12
2026-07-07,4b61fcdea60dbd7a,cocoluxe Cat Scratching Pad,cocoluxe,cat_food,cat,,4.0,,4.3,,21.67,,329.0,https://rukminim2.flixcart.com/image/612/612/xif0q/cat-scratching-post/z/d/d/cat-scratcher-mat-natural-sisal-with-anti-slip-rubber-backing-original-imahzwdfq4s9hshx.jpeg?q=70,flipkart|gtrends,69.53,69.53,0.0,,0.91,0.0,,WATCHLIST,rising,0.0,0.0,0.0,0.5,0.0,0.0,0.0,1.0,142,2026-07-07T17:09:43.241589,66.41,3.12
2026-07-07,b236ea5bda51719a,"OM ZEE Cat Toy Catnip Mice, Cat and Kitten Toy Mouse 3 Pcs Pack Cotton Soft Toy For Cat",om,cat_toys,cat,,1.0,,3.8,,4.0,,110.0,https://rukminim2.flixcart.com/image/612/612/xif0q/pet-toy/r/k/a/1-cat-toy-3-om-zee-original-imah6hecej8rn4h6.jpeg?q=70,flipkart|gtrends,69.44,69.44,0.0,,0.91,0.0,,WATCHLIST,rising,0.0,0.0,0.0,0.5,0.0,0.0,0.0,0.5,143,2026-07-07T17:09:43.237584,66.94,2.5
2026-07-07,3da95b38f591cab3,AbsolutPet Hip & Joint Supplement for Dogs to Improve Mobility & Bone Strength 30 Chews Pet Health Supplements,absolutpet,health_wellness,dog,,4.0,,4.2,,0.5,,540.0,https://rukminim2.flixcart.com/image/612/612/xif0q/pet-health-supplement/i/u/m/75-hip-joint-supplement-for-dogs-to-improve-mobility-bone-original-imahhpgzycans7xm.jpeg?q=70,flipkart|gtrends,69.38,69.38,0.0,,0.91,0.0,,WATCHLIST,rising,0.0,0.0,0.0,0.5,0.0,0.0,0.0,1.0,144,2026-07-07T17:09:43.242638,66.26,3.12
2026-07-07,11d65efe78c13ea5,"ROMSAY Anti-Tick & Flea Blueberry Shampoo 200ML + Tick & Flea Soap 75GM Flea and Tick, Allergy Relief, Anti-dandruff, Anti-itching, Anti-microbial, Hypoallergenic Neem, Blueberry Dog Shampoo",romsay,health_wellness,dog,,4.0,,4.2,,0.5,,143.0,https://rukminim2.flixcart.com/image/612/612/xif0q/pet-shampoo/m/y/5/275-h-402452-romsay-original-imagzwhchzsn5hec.jpeg?q=70,flipkart|gtrends,69.38,69.38,0.0,,0.91,0.0,,WATCHLIST,rising,0.0,0.0,0.0,0.5,0.0,0.0,0.0,1.0,145,2026-07-07T17:09:43.242841,66.26,3.12
2026-07-07,ba3e96ab2553b997,"Zoivane Persian Cat Shampoo with Conditioner Anti-dandruff, Allergy Relief, Anti-fungal, Anti-itching, Whitening and Color Enhancing Floral, Sweet Cat Shampoo",zoivane,grooming,cat,,4.0,,4.3,,13.5,,122.0,https://rukminim2.flixcart.com/image/612/612/xif0q/pet-shampoo/v/c/0/100-5-in-one-extra-white-shampoo-conditioner-100-ml-zoivane-original-imahdmj5bhyhbwhe.jpeg?q=70,flipkart|gtrends,69.36,69.36,0.0,,0.91,0.0,,WATCHLIST,rising,0.0,0.0,0.0,0.5,0.0,0.0,0.0,1.0,146,2026-07-07T17:09:43.243243,66.24,3.12
2026-07-07,36a2673c724e00f3,Emily Pets Cat Scratching Pad,emily,cat_food,cat,,3.0,,4.1,,21.67,,221.0,https://rukminim2.flixcart.com/image/612/612/xif0q/cat-scratching-post/0/x/1/cat-scratcher-cardboard-reversible-scratching-pad-recyclable-original-imagn9sdydyzqfcy.jpeg?q=70,flipkart|gtrends,69.35,69.35,0.0,,0.91,0.0,,WATCHLIST,rising,0.0,0.0,0.0,0.5,0.0,0.0,0.0,0.5,147,2026-07-07T17:09:43.238558,66.85,2.5
2026-07-07,54e94f5fb3fe6ace,"SENAPATI Senapati Dog Combo Pack of Harness, Neck Collar Belt and Rope Set (Red, Medium) Dog Collar & Leash",senapati,collars_leashes,dog,,2.0,,3.9,,5.0,,132.0,https://rukminim2.flixcart.com/image/612/612/l5iid8w0/pet-collar-harness/l/3/s/medium-black-combo-salethief-original-imagg6y9fkmf8ymu.jpeg?q=70,flipkart|gtrends,69.32,69.32,0.0,,0.91,0.0,,WATCHLIST,rising,0.0,0.0,0.0,0.5,0.0,0.0,0.0,0.5,148,2026-07-07T17:09:43.239465,66.82,2.5
2026-07-07,dc6e135a3460bfb1,"Pedigree Puppy Dry Dog Food, Chicken & Milk, 3 kg, Contains 37 Essential Nutrients, 100% Complete & Balanced Food for Puppies",pedigree,dog_food,dog,10.0,,4.4,,23006.0,18.0,689.0,,"https://images-eu.ssl-images-amazon.com/images/I/71sxUT6SUIL._AC_UL300_SR300,200_.jpg",amazon|gtrends,69.3,69.3,0.0,,0.91,0.0,,WATCHLIST,rising,0.0,0.0,0.0,0.5,0.0,0.0,0.0,1.0,149,2026-07-07T17:09:43.243452,66.18,3.12
2026-07-07,2dcc86dbf8dabdf5,"Let's Bite Active Kitten Dry Cat Food, 400gm + 400gm, Total 800 g Pack",lets,cat_food,cat,10.0,,4.2,,5524.0,21.67,169.0,,"https://images-eu.ssl-images-amazon.com/images/I/61m5hSva+GL._AC_UL300_SR300,200_.jpg",amazon|gtrends,69.25,69.25,0.0,,0.91,0.0,,WATCHLIST,rising,0.0,0.0,0.0,0.5,0.0,0.0,0.0,1.0,150,2026-07-07T17:09:43.243650,66.13,3.12
2026-07-07,7b1c90bb3f019a50,"Foodie Puppies Anti-Bacterial 200 Pulls Pet Wet Wipes (Fresh Apple) - 100 Wipes (Pack of 2) | Grooming Wipes for Dogs, Puppie",foodie,grooming,dog,10.0,,4.3,,3412.0,13.5,249.0,,"https://images-eu.ssl-images-amazon.com/images/I/71yoToG61DL._AC_UL300_SR300,200_.jpg",amazon|gtrends,69.2,69.2,0.0,,0.91,0.0,,WATCHLIST,rising,0.0,0.0,0.0,0.5,0.0,0.0,0.0,1.0,151,2026-07-07T17:09:43.244471,66.08,3.12
2026-07-07,1c0235758562b5ea,Whiskas (2-12 Months) Mackerel 1.1 kg Dry Young Kitten Food,whiskas,cat_food,cat,,5.0,,4.5,,21.67,,391.0,https://rukminim2.flixcart.com/image/612/612/xif0q/pet-food/k/1/d/-enriched-transparent-original-imahkyffmh8tjyb2.png?q=70,flipkart|gtrends,69.09,69.09,0.0,,0.9,0.0,,WATCHLIST,rising,0.0,0.0,0.0,0.5,0.0,0.0,0.0,1.0,152,2026-07-07T17:09:43.245275,65.97,3.12
2026-07-07,8ce17da85a6ea694,"Whiskas Adult (1+ Years) Dry Cat Food, Tuna Flavour, 3 kg, Contains 41 Essential Nutrients, Complete & Balanced Nutrition for",whiskas,cat_food,cat,11.0,,4.5,,9284.0,21.67,978.0,,"https://images-eu.ssl-images-amazon.com/images/I/81yapTGwJLL._AC_UL300_SR300,200_.jpg",amazon|gtrends,69.09,69.09,0.0,,0.9,0.0,,WATCHLIST,rising,0.0,0.0,0.0,0.5,0.0,0.0,0.0,1.0,153,2026-07-07T17:09:43.245487,65.97,3.12
2026-07-07,ad71024eb3bfc54c,Subaka Dog Double Body Harness For All Breed Dog Sizes Dog Buckle Harness,subaka,collars_leashes,dog,,2.0,,3.8,,5.0,,372.0,https://rukminim2.flixcart.com/image/612/612/xif0q/pet-collar-harness/w/i/e/large-double-body-dog-harness-subaka-original-imahkzw6qstt24e2.jpeg?q=70,flipkart|gtrends,69.04,69.04,0.0,,0.91,0.0,,WATCHLIST,rising,0.0,0.0,0.0,0.5,0.0,0.0,0.0,0.5,154,2026-07-07T17:09:43.240320,66.54,2.5
2026-07-07,cda8279f5e363ede,"HASTHIP Adjustable Cat Belt, Strong Breakaway Buckle, Cat Collar With Bell, Velvet Neck Strap for Small and medium-sized Cat",hasthip,collars_leashes,cat,7.0,,3.9,,2173.0,5.0,197.0,,"https://images-eu.ssl-images-amazon.com/images/I/51pybFOifvL._AC_UL300_SR300,200_.jpg",amazon|gtrends,68.98,68.98,0.0,,0.91,0.0,,WATCHLIST,rising,0.0,0.0,0.0,0.5,0.0,0.0,0.0,0.5,155,2026-07-07T17:09:43.240937,66.48,2.5
2026-07-07,448def63779d1acc,"FAB TECH Cat Nail Cutter For Persian Cat , Innovative Bear Design Cat Clipper , Scissor Nail Clipper",fab,grooming,cat,,5.0,,4.5,,13.5,,195.0,https://rukminim2.flixcart.com/image/612/612/xif0q/pet-nail-clipper/x/k/c/cat-nail-cutter-fab-tech-original-imahn7hzpdvkjyr5.jpeg?q=70,flipkart|gtrends,68.92,68.92,0.0,,0.9,0.0,,WATCHLIST,rising,0.0,0.0,0.0,0.5,0.0,0.0,0.0,1.0,156,2026-07-07T17:09:43.245690,65.8,3.12
2026-07-07,49947544e828ba08,TommyChew Regular Dog Everyday Collar,tommychew,collars_leashes,dog,,3.0,,4.1,,5.0,,97.0,https://rukminim2.flixcart.com/image/612/612/pet-collar-harness/m/k/r/tmsc-20-tommychew-original-imae78rpdpuxbeu9.jpeg?q=70,flipkart|gtrends,68.88,68.88,0.0,,0.91,0.0,,WATCHLIST,rising,0.0,0.0,0.0,0.5,0.0,0.0,0.0,0.5,157,2026-07-07T17:09:43.241804,66.38,2.5
2026-07-07,0c372850ac12e7ef,"Buraq 4 Pcs Perfect Plain Cat Collar for Indoor & Outdoor Use, Strong Cat Belt, Adjustable & Durable, Accessories for Cats -",buraq,collars_leashes,cat,5.0,,4.1,,396.0,5.0,199.0,,"https://images-eu.ssl-images-amazon.com/images/I/71M-pOTawUL._AC_UL300_SR300,200_.jpg",amazon|gtrends,68.87,68.87,0.0,,0.91,0.0,,WATCHLIST,rising,0.0,0.0,0.0,0.5,0.0,0.0,0.0,0.5,158,2026-07-07T17:09:43.242012,66.37,2.5
2026-07-07,e0752c60d5d8ada4,"Sheba Rich Premium Adult (1+ Years) Wet Cat Food, Maguro & Bream Flavour, 35 g Pouch (Pack of 12), High-moisture wet food for",sheba,cat_food,cat,9.0,,4.5,,1432.0,21.67,543.0,,"https://images-eu.ssl-images-amazon.com/images/I/719XFvYCy5L._AC_UL300_SR300,200_.jpg",amazon|gtrends,68.87,68.87,0.0,,0.9,0.0,,WATCHLIST,rising,0.0,0.0,0.0,0.5,0.0,0.0,0.0,1.0,159,2026-07-07T17:09:43.245888,65.75,3.12
2026-07-07,00cb1d5066510c21,Foodie Puppies Cat Happy Circle with Ball Bell and Feather Mouse Attached for Cats and Kittens (Color May Vary) | Interactive,foodie,cat_toys,both,6.0,,4.0,,1454.0,4.0,270.0,,"https://images-eu.ssl-images-amazon.com/images/I/61eLykKOMmL._AC_UL300_SR300,200_.jpg",amazon|gtrends,68.81,68.81,0.0,,0.91,0.0,,WATCHLIST,rising,0.0,0.0,0.0,0.5,0.0,0.0,0.0,0.5,160,2026-07-07T17:09:43.242225,66.31,2.5
2026-07-07,f68fcd2bea268378,Purepet Real Mackerel 6 kg Dry Adult Cat Food,purepet,cat_food,cat,,5.0,,4.4,,21.67,,949.0,https://rukminim2.flixcart.com/image/612/612/xif0q/pet-food/d/x/f/-enriched-transparent-original-imahmz9swuk5gvyu.png?q=70,flipkart|gtrends,68.81,68.81,0.0,,0.9,0.0,,WATCHLIST,rising,0.0,0.0,0.0,0.5,0.0,0.0,0.0,1.0,161,2026-07-07T17:09:43.246312,65.69,3.12
2026-07-07,98643a3ec35aa407,DK Beauty Dog Training Pads/Size: XL/60 x 90 cm/10 Count/Training Pee and Potty Pads with Quick Drying Surface and Absorbent Core/Suitable for Small/Large Breed Puppies Disposable Dog Diapers Disposable Dog Diapers,dk,training,dog,,3.0,,4.0,,0.5,,158.0,https://rukminim2.flixcart.com/image/612/612/kh9gbrk0/pet-diaper/v/x/z/2-5-dog-training-pads-training-pee-and-potty-pads-with-quick-original-imafxbg9n9h3ykmj.jpeg?q=70,flipkart|gtrends,68.8,68.8,0.0,,0.91,0.0,,WATCHLIST,rising,0.0,0.0,0.0,0.5,0.0,0.0,0.0,0.5,162,2026-07-07T17:09:43.242429,66.3,2.5
2026-07-07,9b524067cc92044b,"Himalaya FreshCoat No Rinse Spray for Dogs & Cats | Quick Freshness & Skin Hygiene | with Lemon, Vetiver & Holy Basil | 200 m",himalaya,grooming,both,6.0,,3.9,,977.0,13.5,258.0,,"https://images-eu.ssl-images-amazon.com/images/I/51+6FP6Z8YL._AC_UL300_SR300,200_.jpg",amazon|gtrends,68.75,68.75,0.0,,0.91,0.0,,WATCHLIST,rising,0.0,0.0,0.0,0.5,0.0,0.0,0.0,0.5,163,2026-07-07T17:09:43.243041,66.25,2.5
2026-07-07,3067b5e4cb60a337,"DEWORM Dewormer for Dogs and Cats, Pet Dewormer",deworm,health_wellness,both,,5.0,,4.3,,0.5,,165.0,https://rukminim2.flixcart.com/image/612/612/xif0q/pet-dewormer/3/c/8/200-dewormer-for-dogs-and-cats-deworm-original-imahfp57gutbhydp.jpeg?q=70,flipkart|gtrends,68.66,68.66,0.0,,0.9,0.0,,WATCHLIST,rising,0.0,0.0,0.0,0.5,0.0,0.0,0.0,1.0,164,2026-07-07T17:09:43.247607,65.54,3.12
2026-07-07,303db25b6e41bfb3,Pawxie Dog Chest Belt Harness | Comfortable & Adjustable Size For 35+ Kg Pet Dog Standard Harness,pawxie,collars_leashes,dog,,3.0,,4.0,,5.0,,365.0,https://rukminim2.flixcart.com/image/612/612/xif0q/pet-collar-harness/7/s/1/medium-pxie021-chullbullpetproducts-original-imahebd87zefrh9g.jpeg?q=70,flipkart|gtrends,68.6,68.6,0.0,,0.91,0.0,,WATCHLIST,rising,0.0,0.0,0.0,0.5,0.0,0.0,0.0,0.5,165,2026-07-07T17:09:43.243846,66.1,2.5
2026-07-07,970ea6768a3d5405,SENAPATI 183 cm Dog Cord Leash,senapati,collars_leashes,dog,,3.0,,4.0,,5.0,,102.0,https://rukminim2.flixcart.com/image/612/612/xif0q/pet-collar-harness/6/b/o/extra-large-dog-cord-training-leash-for-small-to-medium-sized-original-imagsgptnxgjdgwb.jpeg?q=70,flipkart|gtrends,68.6,68.6,0.0,,0.91,0.0,,WATCHLIST,rising,0.0,0.0,0.0,0.5,0.0,0.0,0.0,0.5,166,2026-07-07T17:09:43.244064,66.1,2.5
2026-07-07,2e19f0621749f00f,Smart Doggie Smart Doggie Dog Collar Nylon with chain For Small Dog NOT FOR PUPPY 25 cm Dog Chain Leash,smart,collars_leashes,dog,,3.0,,4.0,,5.0,,153.0,https://rukminim2.flixcart.com/image/612/612/xif0q/pet-leash-chain/r/6/k/dog-chain-dog-collar-chain-for-puppy-dog-smart-doggie-original-imahbactj2wqagxe.jpeg?q=70,flipkart|gtrends,68.6,68.6,0.0,,0.91,0.0,,WATCHLIST,rising,0.0,0.0,0.0,0.5,0.0,0.0,0.0,0.5,167,2026-07-07T17:09:43.244272,66.1,2.5
2026-07-07,de720ebd0c1284ad,"YellowCult Interactive Cat Toys Ball – Smart Rolling LED Ball, Automatic & USB Rechargeable Motion Activate for Indoor Kitten",yellowcult,cat_toys,cat,3.0,,3.8,,130.0,4.0,149.0,,"https://images-eu.ssl-images-amazon.com/images/I/61Lf33ayodL._AC_UL300_SR300,200_.jpg",amazon|gtrends,68.58,68.58,0.0,,0.91,0.0,,WATCHLIST,rising,0.0,0.0,0.0,0.5,0.0,0.0,0.0,0.5,168,2026-07-07T17:09:43.244668,66.08,2.5
2026-07-07,3460346d2a2ba286,Yuppy Puppy Cat Harness with Leash - Adjustable Floral Vest Belt for Persian Cats & Small Pets - Soft Padded Escape Proof Cat,yuppy,collars_leashes,both,4.0,,4.1,,48.0,5.0,323.0,,"https://images-eu.ssl-images-amazon.com/images/I/71ViwAKB8hL._AC_UL300_SR300,200_.jpg",amazon|gtrends,68.57,68.57,0.0,,0.91,0.0,,WATCHLIST,rising,0.0,0.0,0.0,0.5,0.0,0.0,0.0,0.5,169,2026-07-07T17:09:43.244876,66.07,2.5
2026-07-07,dd3c53184b48fefc,"Qpets Cat Collar - Cute Pink Flower Cat Collar with Bell, Quick Release Adjustable Soft Plush Collar",qpets,collars_leashes,cat,6.0,,4.3,,215.0,5.0,211.0,,"https://images-eu.ssl-images-amazon.com/images/I/51Qa2KvbQnL._AC_UL300_SR300,200_.jpg",amazon|gtrends,68.53,68.53,0.0,,0.9,0.0,,WATCHLIST,rising,0.0,0.0,0.0,0.5,0.0,0.0,0.0,1.0,170,2026-07-07T17:09:43.247820,65.41,3.12
2026-07-07,160d5ad8d5723281,"Furry Smile Simple Letest Beds , Sofas & Chair With Collar & Haddi For Dog And Cat S Pet Bed",furry,beds_accessories,both,,3.0,,3.9,,20.5,,288.0,https://rukminim2.flixcart.com/image/612/612/krme93k0/pet-bed/k/8/s/l-luxurious-utra-shoft-bed-for-dog-and-cat-reversible-little-original-imag5dqhtcnpnkyh.jpeg?q=70,flipkart|gtrends,68.52,68.52,0.0,,0.91,0.0,,WATCHLIST,rising,0.0,0.0,0.0,0.5,0.0,0.0,0.0,0.5,171,2026-07-07T17:09:43.245079,66.02,2.5
2026-07-07,e2b77fce166a6b7e,"Fur Ball Story Meow Care - Cat Shampoo | Sulphate & Paraben Free | Soft, Silky & Smooth Coat | Anti-itching, Allergy Relief, Anti-dandruff, Anti-fungal, Anti-microbial, Anti-Bacterial Mild Cat Shampoo",me-o,grooming,cat,,6.0,,4.7,,13.5,,249.0,https://rukminim2.flixcart.com/image/612/612/xif0q/pet-shampoo/m/d/v/200-meow-care-vet-recom-ayurvedic-cat-shampoo-for-healthy-skin-original-imahmsnyu3fpdwzw.jpeg?q=70,flipkart|gtrends,68.48,68.48,0.0,,0.9,0.0,,WATCHLIST,rising,0.0,0.0,0.0,0.5,0.0,0.0,0.0,1.0,172,2026-07-07T17:09:43.248934,65.36,3.12
2026-07-07,30ea44f91502da15,"TrendyTresures Interactive Cat Toys Ball –Motion Activated Rolling Toy,Training For Dog & Cat Silicone, Plastic Ball, Fetch Toy, Chew Toy For Dog & Cat",trendytresures,cat_toys,both,,4.0,,4.3,,4.0,,170.0,https://rukminim2.flixcart.com/image/612/612/xif0q/pet-toy/e/f/z/1-smart-led-360-rotating-cat-toy-ball-cat-dancing-ball-pet-original-imahg6cnvcgz42pb.jpeg?q=70,flipkart|gtrends,68.46,68.46,0.0,,0.9,0.0,,WATCHLIST,rising,0.0,0.0,0.0,0.5,0.0,0.0,0.0,1.0,173,2026-07-07T17:09:43.249142,65.34,3.12
2026-07-07,097431722b82dca5,Drools Chunks in gravy for Adult - Chicken Liver and Real Chicken Chicken 3.6 kg (24x0.15 kg) Wet Adul...,drools,dog_food,dog,,11.0,,4.4,15107.0,18.0,,918.0,https://rukminim2.flixcart.com/image/312/312/xif0q/pet-food/q/u/m/-enriched-transparent-original-imahn72afrxb64qh.png?q=70,flipkart|gtrends,68.3,68.3,0.0,,0.9,0.0,,WATCHLIST,rising,0.0,0.0,0.0,0.5,0.0,0.0,0.0,1.0,174,2026-07-07T17:09:43.249559,65.18,3.12
2026-07-07,787f970e59342fd6,"Bscly Neem Dog Shampoo 1000ml | Anti Tick & Flea Shampoo for Dogs | Neem, Aloe & Coconut Oil | Dog Shampoo for Itchy Skin, Ha",bscly,grooming,dog,8.0,,4.2,,1022.0,13.5,388.0,,"https://images-eu.ssl-images-amazon.com/images/I/51pEe4CvsUL._AC_UL300_SR300,200_.jpg",amazon|gtrends,68.28,68.28,0.0,,0.9,0.0,,WATCHLIST,rising,0.0,0.0,0.0,0.5,0.0,0.0,0.0,1.0,175,2026-07-07T17:09:43.250181,65.16,3.12
2026-07-07,b931f6b0f5b12912,Fifozone Sky Ec Cat Star Multivitamin Syrup for Cats - 100 Ml by Jolly and Cutie Pets by Fifozone,fifozone,health_wellness,cat,6.0,,4.2,,81.0,0.5,245.0,,"https://images-eu.ssl-images-amazon.com/images/I/61CNJLSF64L._AC_UL300_SR300,200_.jpg",amazon|gtrends,68.28,68.28,0.0,,0.9,0.0,,WATCHLIST,rising,0.0,0.0,0.0,0.5,0.0,0.0,0.0,1.0,176,2026-07-07T17:09:43.250394,65.16,3.12
2026-07-07,75e60b3bc7731687,Me-O JP Pet Products Persian Adult.1.1Kg 1.1 kg Dry New Born Cat Food,me-o,cat_food,cat,,5.0,,4.2,,21.67,,557.0,https://rukminim2.flixcart.com/image/612/612/xif0q/pet-food/s/4/z/1-1-cat-1-persan-adult-1-1kg-me-o-original-imahktztynnzsaug.jpeg?q=70,flipkart|gtrends,68.25,68.25,0.0,,0.9,0.0,,WATCHLIST,rising,0.0,0.0,0.0,0.5,0.0,0.0,0.0,1.0,177,2026-07-07T17:09:43.250598,65.13,3.12
2026-07-07,734baa322d769fe7,"PAWS SAMRAT Glow Giggle Ball Interactive Dog Toy Laughing Ball for All Pet Dogs | Rubber Ball, Squeaky Toy For Dog & Cat",paws,dog_toys,both,,6.0,,4.5,,3.0,,519.0,https://rukminim2.flixcart.com/image/612/612/xif0q/pet-toy/y/y/2/1-glow-giggle-ball-interactive-dog-toy-laughing-ball-for-all-pet-original-imahds36cgf82qjc.jpeg?q=70,flipkart|gtrends,68.22,68.22,0.0,,0.9,0.0,,WATCHLIST,rising,0.0,0.0,0.0,0.5,0.0,0.0,0.0,1.0,178,2026-07-07T17:09:43.250807,65.1,3.12
2026-07-07,c69adcd5decea95a,PetJoy Dog Training Clicker with Wrist Strap - (Oval Clicker) Plastic Training Aid For Dog & Cat,petjoy,training,both,,7.0,,5.0,,0.5,,340.0,https://rukminim2.flixcart.com/image/612/612/xif0q/pet-toy/g/l/u/1-dog-training-clicker-with-wrist-strap-oval-clicker-pet-original-imahd89mdwzygze9.jpeg?q=70,flipkart|gtrends,68.22,68.22,0.0,,0.9,0.0,,WATCHLIST,rising,0.0,0.0,0.0,0.5,0.0,0.0,0.0,1.0,179,2026-07-07T17:09:43.251005,65.1,3.12
2026-07-07,0f3549260074e410,Gobinkies Flea Comb For Dogs & Cats | Stainless Steel Bristles | Lice & Tick Remover Basic Comb for Dog & Cat,gobinkies,grooming,both,,6.0,,4.6,,13.5,,138.0,https://rukminim2.flixcart.com/image/612/612/xif0q/pet-comb-brush/2/r/b/large-gbfcp1-gobinkies-original-imahmaqhgqhjvyzh.jpeg?q=70,flipkart|gtrends,68.2,68.2,0.0,,0.9,0.0,,WATCHLIST,rising,0.0,0.0,0.0,0.5,0.0,0.0,0.0,1.0,180,2026-07-07T17:09:43.251473,65.08,3.12
2026-07-07,35c6a4afeef4fb07,"Prefetto COSMO Cat teaser playing stick feather interactive toy for cat & kitten Plated, Steel Perch, Stick, Training Aid For Cat",prefetto,cat_toys,cat,,4.0,,4.2,,4.0,,123.0,https://rukminim2.flixcart.com/image/612/612/xif0q/pet-toy/x/d/0/1-cat-teaser-wand-training-feather-bell-creative-cat-training-original-imahfuckgyqrc4ns.jpeg?q=70,flipkart|gtrends,68.18,68.18,0.0,,0.9,0.0,,WATCHLIST,rising,0.0,0.0,0.0,0.5,0.0,0.0,0.0,1.0,181,2026-07-07T17:09:43.251681,65.06,3.12
2026-07-07,d86d7cd598d30de9,Me-O Mackerel in Jelly Mackerel 1.2 kg (12x0.1 kg) Wet Adult Cat Food,me-o,cat_food,cat,,6.0,,4.5,,21.67,,719.0,https://rukminim2.flixcart.com/image/612/612/k9loccw0/pet-food/j/w/z/1-2-cat-8850477584808-me-o-original-imafrcjhwwjfcyzk.jpeg?q=70,flipkart|gtrends,68.09,68.09,0.0,,0.9,0.0,,WATCHLIST,rising,0.0,0.0,0.0,0.5,0.0,0.0,0.0,1.0,182,2026-07-07T17:09:43.251880,64.97,3.12
2026-07-07,3085dc7d2494dd47,Whiskas (1+ Years) Salmon 4.48 kg (56x0.08 kg) Wet Adult Cat Food,whiskas,cat_food,cat,,6.0,,4.5,,21.67,,2380.0,https://rukminim2.flixcart.com/image/612/612/xif0q/pet-food/m/a/h/-original-imaheszfqawvxwbk.jpeg?q=70,flipkart|gtrends,68.09,68.09,0.0,,0.9,0.0,,WATCHLIST,rising,0.0,0.0,0.0,0.5,0.0,0.0,0.0,1.0,183,2026-07-07T17:09:43.252083,64.97,3.12
2026-07-07,c286a77bd1706b5c,"AmazonBasics Cat Activity Tree with Scratching Posts, Large (Beige)",amazon basics,beds_accessories,cat,10.0,,4.1,,19033.0,20.5,2069.0,,"https://images-eu.ssl-images-amazon.com/images/I/71oeawcwU7L._AC_UL300_SR300,200_.jpg",amazon|gtrends,68.08,68.08,0.0,,0.9,0.0,,WATCHLIST,rising,0.0,0.0,0.0,0.5,0.0,0.0,0.0,0.5,184,2026-07-07T17:09:43.247382,65.58,2.5
2026-07-07,60125487f602d3eb,shagul leather dog collar all breeds{64 cm-2INCH} Dog Everyday Collar,shagul,collars_leashes,dog,,5.0,,4.3,,5.0,,205.0,https://rukminim2.flixcart.com/image/612/612/xif0q/pet-collar-harness/u/3/s/large-1111-shagul-original-imagrz3fef5wwenh.jpeg?q=70,flipkart|gtrends,68.06,68.06,0.0,,0.9,0.0,,WATCHLIST,rising,0.0,0.0,0.0,0.5,0.0,0.0,0.0,1.0,185,2026-07-07T17:09:43.252293,64.94,3.12
2026-07-07,9fae47f4e4440a9f,Goofy Tails Cat Scratch Pad with Catnip | Recycled Paper Corrugated Scratch Pad for Cats and Kittens| Scratcher for Cats and,goofy,beds_accessories,cat,6.0,,4.2,,99.0,20.5,258.0,,"https://images-eu.ssl-images-amazon.com/images/I/81EszSTlL0L._AC_UL300_SR300,200_.jpg",amazon|gtrends,67.97,67.97,0.0,,0.9,0.0,,WATCHLIST,rising,0.0,0.0,0.0,0.5,0.0,0.0,0.0,1.0,186,2026-07-07T17:09:43.252493,64.85,3.12
2026-07-07,96295cd96058dcf5,Himalaya Erina Coat Cleanser | 450 ml | Routine Bathing & Skin Hygiene | With Neem for Dandruff & Itch Relief,himalaya,grooming,both,11.0,,4.3,,3114.0,13.5,407.0,,"https://images-eu.ssl-images-amazon.com/images/I/41c1RwLGEDL._AC_UL300_SR300,200_.jpg",amazon|gtrends,67.94,67.94,0.0,,0.9,0.0,,WATCHLIST,rising,0.0,0.0,0.0,0.5,0.0,0.0,0.0,1.0,187,2026-07-07T17:09:43.252692,64.82,3.12
2026-07-07,baba21d39fdeb7cb,"ROMSAY Anti-Dandruff Shampoo 200ML + Tick & Flea Soap 75GM + Lavender Soap 75GM Allergy Relief, Anti-dandruff, Anti-itching, Conditioning, Flea and Tick Eucalyptus Mint, Lavender, Lemon Dog Shampoo",romsay,health_wellness,dog,,6.0,,4.4,,0.5,,157.0,https://rukminim2.flixcart.com/image/612/612/xif0q/pet-shampoo/y/b/e/350-hh-1190-romsay-original-imagwfgpt44afcyb.jpeg?q=70,flipkart|gtrends,67.94,67.94,0.0,,0.9,0.0,,WATCHLIST,rising,0.0,0.0,0.0,0.5,0.0,0.0,0.0,1.0,188,2026-07-07T17:09:43.252896,64.82,3.12
2026-07-07,211168c2bdb95034,"Breedo Dog Need (Combo of 2) 5IN1 Shampoo Conditioner + Gloves Allergy Relief, Conditioning, Anti-fungal, Anti-microbial, Anti-itching, Anti-dandruff Natural Dog Shampoo",breedo,grooming,dog,,4.0,,4.0,,13.5,,147.0,https://rukminim2.flixcart.com/image/612/612/l23mhzk0/pet-shampoo/z/1/t/250-dog-need-combo-of-2-5in1-shampoo-conditioner-gloves-anti-original-imagdgw5a73wkfp7.jpeg?q=70,flipkart|gtrends,67.9,67.9,0.0,,0.9,0.0,,WATCHLIST,rising,0.0,0.0,0.0,0.5,0.0,0.0,0.0,0.5,189,2026-07-07T17:09:43.248030,65.4,2.5
2026-07-07,adc49caf35a408ee,"PetJoy Dog Nail Cutter with Filer (Large), Professional Nail Clipper for Pets Scissor Nail Clipper",petjoy,grooming,dog,,4.0,,4.0,,13.5,,155.0,https://rukminim2.flixcart.com/image/612/612/xif0q/pet-nail-clipper/c/k/g/pjnc046-petjoy-original-imahhucauhnmzfhn.jpeg?q=70,flipkart|gtrends,67.9,67.9,0.0,,0.9,0.0,,WATCHLIST,rising,0.0,0.0,0.0,0.5,0.0,0.0,0.0,0.5,190,2026-07-07T17:09:43.248294,65.4,2.5
2026-07-07,0b7530636d64443e,Buraq Dog Buckle Harness,buraq,collars_leashes,dog,,4.0,,4.1,,5.0,,204.0,https://rukminim2.flixcart.com/image/612/612/xif0q/pet-collar-harness/b/g/f/small-police-k9-dog-harness-small-blue-buraq-original-imagyr5hvnby5aas.jpeg?q=70,flipkart|gtrends,67.88,67.88,0.0,,0.9,0.0,,WATCHLIST,rising,0.0,0.0,0.0,0.5,0.0,0.0,0.0,0.5,191,2026-07-07T17:09:43.248720,65.38,2.5
2026-07-07,d15ece73feb7156c,"Foodie Puppies Natural Rubber Spike Ball - 2.8inch/ 7cm | Suitable for Small to Medium Dogs and Puppies | Chewing, Teething,",foodie,dog_toys,dog,10.0,,4.3,,1744.0,3.0,140.0,,"https://images-eu.ssl-images-amazon.com/images/I/817UzL+QmSL._AC_UL300_SR300,200_.jpg",amazon|gtrends,67.84,67.84,0.0,,0.9,0.0,,WATCHLIST,rising,0.0,0.0,0.0,0.5,0.0,0.0,0.0,1.0,192,2026-07-07T17:09:43.253099,64.72,3.12
2026-07-07,e1ef5555ef1eb1ea,"SOFTSPUN Microfiber Pet Towel 60x120 cms 1pcs 380gsm Grey! Ultra-Soft, Ultra-Absorbent for Drying Small & Medium Dogs & Cats",softspun,grooming,both,9.0,,4.5,,834.0,13.5,299.0,,"https://images-eu.ssl-images-amazon.com/images/I/71H5Z7R5ErL._AC_UL300_SR300,200_.jpg",amazon|gtrends,67.81,67.81,0.0,,0.9,0.0,,WATCHLIST,rising,0.0,0.0,0.0,0.5,0.0,0.0,0.0,1.0,193,2026-07-07T17:09:43.253313,64.69,3.12
2026-07-07,77fdd70131838ea9,"Hygiene Hub Heavy Duty Pet and Puppy Training Pads (XL, 10) Disposable Dog Diapers",hygiene,training,dog,,4.0,,4.0,,0.5,,167.0,https://rukminim2.flixcart.com/image/612/612/k5e7o280/pet-mat/t/x/t/xl-pet-training-pads-30-sheets-lavender-original-imafn2vqku8guqgx.jpeg?q=70,flipkart|gtrends,67.8,67.8,0.0,,0.9,0.0,,WATCHLIST,rising,0.0,0.0,0.0,0.5,0.0,0.0,0.0,0.5,194,2026-07-07T17:09:43.249356,65.3,2.5
2026-07-07,da810e1c6d6eb0e8,Amazon Basics Premium Reversible Super Soft Velvet Round Cat Dog Pet Bed | Medium 72 x 72 x 16 cm | Blue,amazon basics,beds_accessories,both,7.0,,4.1,,670.0,20.5,799.0,,"https://images-eu.ssl-images-amazon.com/images/I/91z90Srl2pL._AC_UL300_SR300,200_.jpg",amazon|gtrends,67.67,67.67,0.0,,0.9,0.0,,WATCHLIST,rising,0.0,0.0,0.0,0.5,0.0,0.0,0.0,0.5,195,2026-07-07T17:09:43.249774,65.17,2.5
2026-07-07,d072599373443ecf,FURRLOVERS Condo Fur Fabric Activity Kitten Cat Tree | Hammock | Hanging Ball | Scratching Posts | Jute Rope (Height 55 Inch),furrlovers,beds_accessories,cat,7.0,,4.3,,197.0,20.5,3989.0,,"https://images-eu.ssl-images-amazon.com/images/I/61mKf8+9ewL._AC_UL300_SR300,200_.jpg",amazon|gtrends,67.66,67.66,0.0,,0.9,0.0,,WATCHLIST,rising,0.0,0.0,0.0,0.5,0.0,0.0,0.0,1.0,196,2026-07-07T17:09:43.253928,64.54,3.12
2026-07-07,841918ebe859fecb,shagul Dog Show Collar,shagul,collars_leashes,dog,,4.0,,4.0,,5.0,,366.0,https://rukminim2.flixcart.com/image/612/612/xif0q/pet-collar-harness/d/v/3/large-23224-shagul-original-imagskwuzcxkahgm.jpeg?q=70,flipkart|gtrends,67.6,67.6,0.0,,0.9,0.0,,WATCHLIST,rising,0.0,0.0,0.0,0.5,0.0,0.0,0.0,0.5,197,2026-07-07T17:09:43.251269,65.1,2.5
2026-07-07,905e35260771e112,"Foodie Puppies Interactive Lightweight Foldable T-Shape Tube Hiding Tunnel with Hanging Ball - Perfect for Small Cats, Kitten",foodie,cat_toys,both,7.0,,4.4,,328.0,4.0,499.0,,"https://images-eu.ssl-images-amazon.com/images/I/71aPwXyE28L._AC_UL300_SR300,200_.jpg",amazon|gtrends,67.55,67.55,0.0,,0.9,0.0,,WATCHLIST,rising,0.0,0.0,0.0,0.5,0.0,0.0,0.0,1.0,198,2026-07-07T17:09:43.254131,64.43,3.12
2026-07-07,1ef73538baa8641d,"Goofy Tails Active Seaweed Dental Stick 220g, Dog Treats Vegetarian, Dental Sticks for Dogs, Chew Sticks for Dogs, Dog Chew S",goofy,health_wellness,dog,8.0,,4.2,,473.0,0.5,338.0,,"https://images-eu.ssl-images-amazon.com/images/I/618aYF5QntL._AC_UL300_SR300,200_.jpg",amazon|gtrends,67.55,67.55,0.0,,0.9,0.0,,WATCHLIST,rising,0.0,0.0,0.0,0.5,0.0,0.0,0.0,1.0,199,2026-07-07T17:09:43.254347,64.43,3.12
2026-07-07,2e8c101c833dcaef,Vetina Cardio Support Tablets for Cardiac Care for Dogs & Cats 30 Tablets,vetina,health_wellness,both,8.0,,4.8,,24.0,0.5,543.0,,"https://images-eu.ssl-images-amazon.com/images/I/31o8dwsVonL._AC_UL300_SR300,200_.jpg",amazon|gtrends,67.55,67.55,0.0,,0.9,0.0,,WATCHLIST,rising,0.0,0.0,0.0,0.5,0.0,0.0,0.0,1.0,200,2026-07-07T17:09:43.254549,64.43,3.12
2026-07-07,cf9d555d363ca91f,"PetJoy Pet Single Door Folding Metal Cage with Removable Tray for Dog & Cat, 30 Inch Hard Crate Pet Crate",petjoy,beds_accessories,both,,6.0,,4.4,,20.5,,2719.0,https://rukminim2.flixcart.com/image/612/612/xif0q/pet-crate/z/4/m/7-25-pet-single-door-folding-metal-cage-with-removable-tray-for-original-imahchtty8bzm4hh.jpeg?q=70,flipkart|gtrends,67.54,67.54,0.0,,0.9,0.0,,WATCHLIST,rising,0.0,0.0,0.0,0.5,0.0,0.0,0.0,1.0,201,2026-07-07T17:09:43.254747,64.42,3.12
2026-07-07,178d6db8b30228b2,PEDIGREE Tasty Jerky Liver Dog Treat,pedigree,training,dog,,10.0,,4.6,1175.0,0.5,,170.0,https://rukminim2.flixcart.com/image/312/312/xif0q/pet-treat/u/t/e/-enriched-transparent-original-imahgdgpfgpyjpfh.png?q=70,flipkart|gtrends,67.53,67.53,0.0,,0.9,0.0,,WATCHLIST,rising,0.0,0.0,0.0,0.5,0.0,0.0,0.0,1.0,202,2026-07-07T17:09:43.254950,64.41,3.12
2026-07-07,2f6b1590baa482ab,skyec JOINT MUST TABLETS FOR DOGS Pet Health Supplements,skyec,health_wellness,dog,,7.0,,4.6,,0.5,,662.0,https://rukminim2.flixcart.com/image/612/612/xif0q/pet-health-supplement/j/r/t/30-joint-must-tablets-for-dogs-sky-ec-original-imahed9xazhasfd6.jpeg?q=70,flipkart|gtrends,67.5,67.5,0.0,,0.9,0.0,,WATCHLIST,rising,0.0,0.0,0.0,0.5,0.0,0.0,0.0,1.0,203,2026-07-07T17:09:43.255754,64.38,3.12
2026-07-07,bf15bc2acb604483,"ZENIPUP Premium Fur 4XL Dog Bed for Large Dogs | Orthopedic Washable Pet Bed with Fiber Filling, Anti-Slip Bottom & Calming S",zenipup,beds_accessories,dog,8.0,,5.0,,5.0,20.5,,,"https://images-eu.ssl-images-amazon.com/images/I/61slVPbsX-L._AC_UL300_SR300,200_.jpg",amazon|gtrends,67.44,67.44,0.0,,0.9,0.0,,WATCHLIST,rising,0.0,0.0,0.0,0.5,0.0,0.0,0.0,1.0,204,2026-07-07T17:09:43.255960,64.32,3.12
2026-07-07,cecae55fceae9914,Defender Nex Pro Deworming Tablet for Cats & Kittens of Over 6 Weeks Old (Pack of 1) | Natural & Herbal Ingredients | Effecti,defender,health_wellness,cat,7.0,,4.2,,107.0,0.5,295.0,,"https://images-eu.ssl-images-amazon.com/images/I/71nNyr-sWHL._AC_UL300_SR300,200_.jpg",amazon|gtrends,67.41,67.41,0.0,,0.9,0.0,,WATCHLIST,rising,0.0,0.0,0.0,0.5,0.0,0.0,0.0,1.0,205,2026-07-07T17:09:43.256161,64.29,3.12
2026-07-07,94a48567222ed4a9,"Dr.pets Dog Dry Food Puppy Chicken & Milk – 1 kg Chicken 1 kg Dry New Born, Young Dog Food",drpets,dog_food,dog,,7.0,,4.2,274.0,18.0,,242.0,https://rukminim2.flixcart.com/image/312/312/xif0q/pet-food/a/v/d/1-dog-1-sd-puppy-1kg-dr-pets-original-imahmuqdrtz272k2.jpeg?q=70,flipkart|gtrends,67.4,67.4,0.0,,0.9,0.0,,WATCHLIST,rising,0.0,0.0,0.0,0.5,0.0,0.0,0.0,1.0,206,2026-07-07T17:09:43.256603,64.28,3.12
2026-07-07,1eef871da97165e3,"Fur Ball Story Tick Free Ayurvedic Dog Shampoo Flea & Tick Control Vet Approved Pet Shampoo Flea and Tick, Anti-fungal, Anti-itching, Anti-Bacterial, Itch Relief, Anti-microbial Mild Dog Shampoo",fur,grooming,dog,,6.0,,4.3,,13.5,,249.0,https://rukminim2.flixcart.com/image/612/612/xif0q/pet-shampoo/c/z/8/200-shampooch-tick-free-vet-approved-ayurvedic-tick-flea-dog-original-imahmszcbdafw9kr.jpeg?q=70,flipkart|gtrends,67.36,67.36,0.0,,0.9,0.0,,WATCHLIST,rising,0.0,0.0,0.0,0.5,0.0,0.0,0.0,1.0,207,2026-07-07T17:09:43.256888,64.24,3.12
2026-07-07,f71f1ab73fb9d749,Emily Pets Pet Training Clicker (Green) Plastic Training Aid For Dog,emily,training,dog,,6.0,,4.3,,0.5,,214.0,https://rukminim2.flixcart.com/image/612/612/ku5ufm80/pet-toy/b/f/0/dog-training-clicker-with-wrist-strap-durable-lightweight-easy-original-imag7cgymyczdyga.jpeg?q=70,flipkart|gtrends,67.26,67.26,0.0,,0.9,0.0,,WATCHLIST,rising,0.0,0.0,0.0,0.5,0.0,0.0,0.0,1.0,208,2026-07-07T17:09:43.257111,64.14,3.12
2026-07-07,eeeea5dedf78d962,Royal Canin Maxi Puppy Dry Food Meat 1 kg Dry Young Puppy Food,royal canin,dog_food,dog,,8.0,,4.6,181.0,18.0,,1020.0,https://rukminim2.flixcart.com/image/312/312/xif0q/pet-food/l/a/m/1-puppy-1-otrfo2143-royal-canin-original-imah47ve65bdnfe6.jpeg?q=70,flipkart|gtrends,67.21,67.21,0.0,,0.9,0.0,,WATCHLIST,rising,0.0,0.0,0.0,0.5,0.0,0.0,0.0,1.0,209,2026-07-07T17:09:43.257973,64.09,3.12
2026-07-07,804d47b9f3960f44,"S.Blaze Pet Grooming Ticks, Flea Remover Hair Comb Blue Plain/ Bristle Brushes for Cat, Dog",sblaze,grooming,both,,5.0,,4.1,,13.5,,113.0,https://rukminim2.flixcart.com/image/612/612/xif0q/pet-comb-brush/d/1/x/medium-pet-grooming-comb-blue-s-blaze-original-imagvhtshk9qzsrd.jpeg?q=70,flipkart|gtrends,67.18,67.18,0.0,,0.9,0.0,,WATCHLIST,rising,0.0,0.0,0.0,0.5,0.0,0.0,0.0,0.5,210,2026-07-07T17:09:43.253720,64.68,2.5
2026-07-07,25f778b56aebc635,Foodie Puppies Interactive Durable Cotton Rope Toys for Dog Chew Teething Training Playing Combo Toys for Puppies (Cotton Bal,foodie,dog_toys,dog,8.0,,4.4,,117.0,3.0,170.0,,"https://images-eu.ssl-images-amazon.com/images/I/71PDSBEm3fL._AC_UL300_SR300,200_.jpg",amazon|gtrends,67.02,67.02,0.0,,0.89,0.0,,WATCHLIST,rising,0.0,0.0,0.0,0.5,0.0,0.0,0.0,1.0,211,2026-07-07T17:09:43.258823,63.9,3.12
2026-07-07,311349c9ec90f770,"Foodie Puppies Professional Animal Nail Cutter Clipper Trimmer Filer (Nail Clipper - Large) for Small, Medium, and Large Dogs",foodie,grooming,dog,12.0,,4.2,,3438.0,13.5,220.0,,"https://images-eu.ssl-images-amazon.com/images/I/71qWU0WwbLL._AC_UL300_SR300,200_.jpg",amazon|gtrends,66.94,66.94,0.0,,0.89,0.0,,WATCHLIST,rising,0.0,0.0,0.0,0.5,0.0,0.0,0.0,1.0,212,2026-07-07T17:09:43.259230,63.82,3.12
2026-07-07,8f5201b9673d118b,"Hachiko Best quality ( Pack of 2 ) Dog Shampoo 5 IN 1 (Total 500 ml) Allergy Relief, Anti-dandruff, Anti-fungal, Conditioning Artificial Fragrance Free Dog Shampoo",hachiko,grooming,dog,,5.0,,4.0,,13.5,,141.0,https://rukminim2.flixcart.com/image/612/612/xif0q/pet-shampoo/z/g/s/250-best-quality-pack-of-2-dog-shampoo-5-in-1-shampoo-anti-original-imah7hyhchcfmqzd.jpeg?q=70,flipkart|gtrends,66.9,66.9,0.0,,0.9,0.0,,WATCHLIST,rising,0.0,0.0,0.0,0.5,0.0,0.0,0.0,0.5,213,2026-07-07T17:09:43.255155,64.4,2.5
2026-07-07,99279ae97f17e466,PetMosh Nylon Dog Rope Leash 5 Feet | Heavy Duty 15mm Thick Leash with Anti Slip Handle 152 cm Dog Cord Leash,petmosh,collars_leashes,dog,,7.0,,4.6,,5.0,,250.0,https://rukminim2.flixcart.com/image/612/612/xif0q/pet-leash-chain/y/n/k/pm-001-petmosh-original-imahjcmyhyqttzcn.jpeg?q=70,flipkart|gtrends,66.9,66.9,0.0,,0.89,0.0,,WATCHLIST,rising,0.0,0.0,0.0,0.5,0.0,0.0,0.0,1.0,214,2026-07-07T17:09:43.259444,63.78,3.12
2026-07-07,d9f63b646448dc80,AomniStore Set of 4pcs Breakaway Puppy Belt Adjustable Cat Collar with Bell Safety Buckle Dog & Cat Everyday Collar,aomnistore,collars_leashes,both,,5.0,,4.1,,5.0,,151.0,https://rukminim2.flixcart.com/image/612/612/xif0q/pet-collar-harness/u/l/v/small-catcollar3-tore-smni-oa-original-imahdgcyfnxxhexh.jpeg?q=70,flipkart|gtrends,66.88,66.88,0.0,,0.9,0.0,,WATCHLIST,rising,0.0,0.0,0.0,0.5,0.0,0.0,0.0,0.5,215,2026-07-07T17:09:43.255363,64.38,2.5
2026-07-07,3dbb83593a018dcd,Subaka Dog Buckle Harness,subaka,collars_leashes,dog,,5.0,,4.1,,5.0,,196.0,https://rukminim2.flixcart.com/image/612/612/xif0q/pet-collar-harness/t/d/x/extra-large-butterfly-harness-orange-xl-subaka-original-imahghhwuyqhe6ka.jpeg?q=70,flipkart|gtrends,66.88,66.88,0.0,,0.9,0.0,,WATCHLIST,rising,0.0,0.0,0.0,0.5,0.0,0.0,0.0,0.5,216,2026-07-07T17:09:43.255558,64.38,2.5
2026-07-07,db8ebba558397376,Royal Canin Royal Canin Hair & Skin Care Adult Dry Cat Food - 400 gm Chicken 0.4 kg Dry Adult Cat Food,royal canin,cat_food,cat,,7.0,,4.4,,21.67,,470.0,https://rukminim2.flixcart.com/image/612/612/xif0q/pet-food/3/r/7/0-4-cat-1-otrfo1734-royal-canin-original-imah5fbumu8qn8ze.jpeg?q=70,flipkart|gtrends,66.81,66.81,0.0,,0.89,0.0,,WATCHLIST,rising,0.0,0.0,0.0,0.5,0.0,0.0,0.0,1.0,217,2026-07-07T17:09:43.259648,63.69,3.12
2026-07-07,31db294e6274f8ff,Baby Melon Soft fur Musical Cat with meow meow sound Animal toy - 30 cm,me-o,cat_toys,cat,,6.0,,4.4,,4.0,,301.0,https://rukminim2.flixcart.com/image/612/612/xif0q/stuffed-toy/k/g/g/soft-fur-musical-cat-with-meow-meow-sound-animal-toy-30-baby-original-imahhpmpbamvzyyj.jpeg?q=70,flipkart|gtrends,66.74,66.74,0.0,,0.89,0.0,,WATCHLIST,rising,0.0,0.0,0.0,0.5,0.0,0.0,0.0,1.0,218,2026-07-07T17:09:43.259845,63.62,3.12
2026-07-07,65bb51c3da6cbd56,"PAWPRO HANDMADE Customized Pet ID Tag Personalize Black Engraved Name Collar Tag with Breed face for Your Loving Pet Dog, Cat",pawpro,collars_leashes,both,10.0,,4.4,,1155.0,5.0,189.0,,"https://images-eu.ssl-images-amazon.com/images/I/51thhblqZ1L._AC_UL300_SR300,200_.jpg",amazon|gtrends,66.74,66.74,0.0,,0.89,0.0,,WATCHLIST,rising,0.0,0.0,0.0,0.5,0.0,0.0,0.0,1.0,219,2026-07-07T17:09:43.260044,63.62,3.12
2026-07-07,3b9a33138c9bce8e,"Medfly Fortix Fleas and Ticks Spray for Cats, Dogs and Home Defense Flea and Tick Natural Dog Shampoo",medfly,health_wellness,both,,7.0,,4.3,,0.5,,299.0,https://rukminim2.flixcart.com/image/612/612/xif0q/pet-shampoo/b/k/5/200-fortix-fleas-and-ticks-spray-for-cats-dogs-and-home-defense-original-imahb3pyhpck5hhc.jpeg?q=70,flipkart|gtrends,66.66,66.66,0.0,,0.89,0.0,,WATCHLIST,rising,0.0,0.0,0.0,0.5,0.0,0.0,0.0,1.0,220,2026-07-07T17:09:43.260269,63.54,3.12
2026-07-07,ba924d120adbea66,Grain Zero Mousse For Adult Cats Salmon 0.4 kg (5x0.08 kg) Wet Young Cat Food,grain,cat_food,cat,,8.0,,4.7,,21.67,,144.0,https://rukminim2.flixcart.com/image/612/612/xif0q/pet-food/y/a/8/-original-imahknx3kgecs5q5.jpeg?q=70,flipkart|gtrends,66.65,66.65,0.0,,0.89,0.0,,WATCHLIST,rising,0.0,0.0,0.0,0.5,0.0,0.0,0.0,1.0,221,2026-07-07T17:09:43.260478,63.53,3.12
2026-07-07,323ae91a4d78b6ce,Pawbabas Cat Ball Launcher | Launcher with Soft Plush Balls Silent Smart Play Toy Shooting Toy Funny Interactive Cat Toys for,pawbabas,cat_toys,cat,8.0,,5.0,,4.0,4.0,299.0,,"https://images-eu.ssl-images-amazon.com/images/I/71mOxph8LJL._AC_UL300_SR300,200_.jpg",amazon|gtrends,66.62,66.62,0.0,,0.89,0.0,,WATCHLIST,rising,0.0,0.0,0.0,0.5,0.0,0.0,0.0,1.0,222,2026-07-07T17:09:43.260878,63.5,3.12
2026-07-07,0cc5a6bb4bf3393c,PAWPRO HANDMADE Reflective Yellow Nylon Dog Collar with Custom Engraved Bone ID Tag- Adjustable for Medium Dogs (15-21 inch),pawpro,collars_leashes,dog,7.0,,4.1,,282.0,5.0,199.0,,"https://images-eu.ssl-images-amazon.com/images/I/6109gRRNhSL._AC_UL300_SR300,200_.jpg",amazon|gtrends,66.56,66.56,0.0,,0.9,0.0,,WATCHLIST,rising,0.0,0.0,0.0,0.5,0.0,0.0,0.0,0.5,223,2026-07-07T17:09:43.258175,64.06,2.5
2026-07-07,c1145c76b262bf3d,Me-O JP Pet Products Persian Kitten.1.1Kg 1.1 kg Dry New Born Cat Food,me-o,cat_food,cat,,7.0,,4.3,,21.67,,595.0,https://rukminim2.flixcart.com/image/612/612/kdukgi80/pet-food/x/r/c/1-1-cat-persian-kitten-1-1kg-me-o-original-imafunx4ry65egwz.jpeg?q=70,flipkart|gtrends,66.53,66.53,0.0,,0.89,0.0,,WATCHLIST,rising,0.0,0.0,0.0,0.5,0.0,0.0,0.0,1.0,224,2026-07-07T17:09:43.262160,63.41,3.12
2026-07-07,4d0f03dfda288b19,"Drools Kitten Wet Mousse 80g Pack of 5, 400g | Salmon Flavour | Rich in Protein | Promotes Hydration & Easy to Digest | No Ar",drools,cat_food,cat,7.0,,4.1,,115.0,21.67,136.0,,"https://images-eu.ssl-images-amazon.com/images/I/61fHy2ZZasL._AC_UL300_SR300,200_.jpg",amazon|gtrends,66.42,66.42,0.0,,0.89,0.0,,WATCHLIST,rising,0.0,0.0,0.0,0.5,0.0,0.0,0.0,0.5,225,2026-07-07T17:09:43.258409,63.92,2.5
2026-07-07,57282c87a41d848a,TrendKart Dog & Cat Hair Comb Brush - Pet Hair Comb For Dogs & Cats Slicker Brushes for Dog & Cat,trendkart,grooming,both,,7.0,,4.3,,13.5,,117.0,https://rukminim2.flixcart.com/image/612/612/xif0q/pet-comb-brush/q/r/r/small-dog-combing-brush-dog-grooming-brush-pet-brush-slicker-original-imagvpfxvfw988vr.jpeg?q=70,flipkart|gtrends,66.36,66.36,0.0,,0.89,0.0,,WATCHLIST,rising,0.0,0.0,0.0,0.5,0.0,0.0,0.0,1.0,226,2026-07-07T17:09:43.262783,63.24,3.12
2026-07-07,1e6841f5e44d1b88,Royal Canin Medium Adult 1 Kg Dry Adult Dog Food,royal canin,dog_food,dog,,9.0,,4.5,308.0,18.0,,1020.0,https://rukminim2.flixcart.com/image/312/312/xif0q/pet-food/q/b/4/10-dog-3182550774536-royal-canin-enriched-transparent-original-imafcaffqrdknk9v.png?q=70,flipkart|gtrends,66.33,66.33,0.0,,0.89,0.0,,WATCHLIST,rising,0.0,0.0,0.0,0.5,0.0,0.0,0.0,1.0,227,2026-07-07T17:09:43.262999,63.21,3.12
2026-07-07,97e3876083d86e83,PEDIGREE Large Breed (18 Months Onwards) Chicken 3 kg Dry Adult Dog Food,pedigree,dog_food,dog,,13.0,,4.4,6457.0,18.0,,1074.0,https://rukminim2.flixcart.com/image/312/312/xif0q/pet-food/c/n/z/-enriched-transparent-original-imah27qppjfgvtyc.png?q=70,flipkart|gtrends,66.3,66.3,0.0,,0.89,0.0,,WATCHLIST,rising,0.0,0.0,0.0,0.5,0.0,0.0,0.0,1.0,228,2026-07-07T17:09:43.263691,63.18,3.12
2026-07-07,bf7423dad9a7e84f,"AAURAS Diamond Dog Orthopedic for Large Washable Cover & Nonskid Bottom, L Pet Bed",aauras,beds_accessories,dog,,7.0,,4.3,,20.5,,748.0,https://rukminim2.flixcart.com/image/612/612/xif0q/pet-bed/q/d/z/l-dog-pet-bed-leg-fold-strong-quality-size-36x24x12inch-aauras-original-imahgntzgvnkxytf.jpeg?q=70,flipkart|gtrends,66.26,66.26,0.0,,0.89,0.0,,WATCHLIST,rising,0.0,0.0,0.0,0.5,0.0,0.0,0.0,1.0,229,2026-07-07T17:09:43.264092,63.14,3.12
2026-07-07,0e63ede8c610383b,Whiskas (1+ Years) Tuna 1.2 kg Dry Adult Cat Food,whiskas,cat_food,cat,,8.0,,4.5,,21.67,,2066.0,https://rukminim2.flixcart.com/image/612/612/xif0q/pet-food/q/z/z/-original-imahkyfftmtkhxzy.jpeg?q=70,flipkart|gtrends,66.09,66.09,0.0,,0.89,0.0,,WATCHLIST,rising,0.0,0.0,0.0,0.5,0.0,0.0,0.0,1.0,230,2026-07-07T17:09:43.264918,62.97,3.12
2026-07-07,1a22656c82f68d82,"PetLux Velvet Dog Bed Washable Cat Beds for Indoor Cats and Puppy,Grey Dog Bed Sofa for Dogs,Gift for Dogs and Cats,Round Bed",petlux,beds_accessories,both,20.0,11.0,3.9,4.2,140.0,20.5,854.0,594.0,"https://images-eu.ssl-images-amazon.com/images/I/51txsUw2QbL._AC_UL300_SR300,200_.jpg",amazon|flipkart|gtrends,66.08,66.08,0.0,,0.99,0.0,CROSS_PLATFORM_VISIBLE,WATCHLIST,rising,0.0,0.0,0.0,1.0,0.0,0.0,0.0,0.5,231,2026-07-07T17:09:43.271423,61.7,4.38
2026-07-07,9a06cfa1cb35d2af,"Qpets Professional Electric Dog Nail Grinder with 2 LED Light, Dog Nail Trimmer for Cat Dog, Low Noise Pet Nail Trimmer Pet",qpets,grooming,both,9.0,,4.3,,282.0,13.5,1584.0,,"https://images-eu.ssl-images-amazon.com/images/I/51CN7lPlkvL._AC_UL300_SR300,200_.jpg",amazon|gtrends,66.04,66.04,0.0,,0.89,0.0,,WATCHLIST,rising,0.0,0.0,0.0,0.5,0.0,0.0,0.0,1.0,232,2026-07-07T17:09:43.265141,62.92,3.12
2026-07-07,edf5bafc7347b6ac,Himalaya Erina-EP Shampoo | 450 ml | Tick & Flea Control for Dogs & Cats | With Neem & Eucalyptus for Skin Health & Hygiene,himalaya,grooming,both,13.0,,4.3,,3214.0,13.5,468.0,,"https://images-eu.ssl-images-amazon.com/images/I/51zri3uL0WL._AC_UL300_SR300,200_.jpg",amazon|gtrends,66.03,66.03,0.0,,0.89,0.0,,WATCHLIST,rising,0.0,0.0,0.0,0.5,0.0,0.0,0.0,1.0,233,2026-07-07T17:09:43.265344,62.91,3.12
2026-07-07,9b89658265cc54ce,ALCAZAR Dog Anti-stress Collar,alcazar,training,dog,,1.0,,,,0.5,,104.0,https://rukminim2.flixcart.com/image/612/612/klscivk0/pet-collar-harness/l/a/j/large-alc-acc154-alcazar-original-imagyua5medgj26y.jpeg?q=70,flipkart|gtrends,65.98,65.98,0.0,,0.9,0.0,,WATCHLIST,rising,0.0,0.0,0.0,0.5,0.0,0.0,0.0,0.0,234,2026-07-07T17:09:43.257333,64.1,1.88
2026-07-07,b1cbbcc8dbfac54d,PET WORLD Pet Training Pads with Odor Lock & Super Absorbent Disposable Dog & Cat Diapers,,training,both,,1.0,,,,0.5,,1148.0,https://rukminim2.flixcart.com/image/612/612/xif0q/pet-diaper/6/a/k/5-8-kg-pet-training-pads-with-odor-lock-super-absorbent-s-1-original-imahhf89e5386szq.jpeg?q=70,flipkart|gtrends,65.98,65.98,0.0,,0.9,0.0,,WATCHLIST,rising,0.0,0.0,0.0,0.5,0.0,0.0,0.0,0.0,235,2026-07-07T17:09:43.257547,64.1,1.88
2026-07-07,4c5832de68b227b0,SUIinterprise Cute Huggable Super Soft Dog Teddy Bear Soft - 28 cm,suiinterprise,dog_food,dog,,9.0,,5.0,,18.0,,212.0,https://rukminim2.flixcart.com/image/612/612/xif0q/stuffed-toy/v/r/a/cute-huggable-super-soft-dog-teddy-bear-soft-28-suiinterprise-original-imagkab25ah3h5em.jpeg?q=70,flipkart|gtrends,65.98,65.98,0.0,,0.89,0.0,,WATCHLIST,rising,0.0,0.0,0.0,0.5,0.0,0.0,0.0,1.0,236,2026-07-07T17:09:43.265756,62.86,3.12
2026-07-07,f663b7f880ee0dc1,mewkat Luxury Soft Pet Igloo House for Cats & Small Dogs S Pet Bed,mewkat,beds_accessories,both,,1.0,,,,20.5,,824.0,https://rukminim2.flixcart.com/image/612/612/xif0q/pet-bed/x/p/l/s-luxury-soft-pet-igloo-house-for-cats-small-dogs-mewkat-original-imahktdgygxrs5qe.jpeg?q=70,flipkart|gtrends,65.98,65.98,0.0,,0.9,0.0,,WATCHLIST,rising,0.0,0.0,0.0,0.5,0.0,0.0,0.0,0.0,237,2026-07-07T17:09:43.257766,64.1,1.88
2026-07-07,e0cee90e0428645f,Royal Canin Hairball Care Adult Dry Cat Food 1.02 kg Wet Adult Cat Food,royal canin,cat_food,cat,,8.0,,4.4,,21.67,,500.0,https://rukminim2.flixcart.com/image/612/612/xif0q/pet-food/q/n/e/2-cat-1-otrfo1756-royal-canin-original-imah47xgmrpsqnc4.jpeg?q=70,flipkart|gtrends,65.81,65.81,0.0,,0.89,0.0,,WATCHLIST,rising,0.0,0.0,0.0,0.5,0.0,0.0,0.0,1.0,238,2026-07-07T17:09:43.266747,62.69,3.12
2026-07-07,dcec2be0a2246875,Buraq pet collar harness Cat Break Away Collar,buraq,collars_leashes,cat,,7.0,,4.2,,5.0,,129.0,https://rukminim2.flixcart.com/image/612/612/xif0q/pet-collar-harness/e/4/q/small-4-pcs-plain-collar-buraq-original-imahhj4wnwveprjw.jpeg?q=70,flipkart|gtrends,65.78,65.78,0.0,,0.89,0.0,,WATCHLIST,rising,0.0,0.0,0.0,0.5,0.0,0.0,0.0,1.0,239,2026-07-07T17:09:43.267208,62.66,3.12
2026-07-07,a0581c257c6d9ea7,"BarkButler Aly The Gator Plush Dog Toy - Soft & Squeaky Toys for Dogs, Dog Toys for Large Dogs (5-30kgs) - Green",barkbutler,dog_toys,dog,12.0,,4.2,,1918.0,3.0,719.0,,"https://images-eu.ssl-images-amazon.com/images/I/81th9m7QvrL._AC_UL300_SR300,200_.jpg",amazon|gtrends,65.76,65.76,0.0,,0.89,0.0,,WATCHLIST,rising,0.0,0.0,0.0,0.5,0.0,0.0,0.0,1.0,240,2026-07-07T17:09:43.267428,62.64,3.12
2026-07-07,c71e5e068ab50ab0,Amazon Basics Round Cozy Cat Tree | 43.6 X 49 CM | Beige | Natural Jute Fiber Cat Tower | Rope Scratching Posts with Hanging,amazon basics,beds_accessories,cat,9.0,,4.3,,203.0,20.5,1039.0,,"https://images-eu.ssl-images-amazon.com/images/I/91MGyy+-S4L._AC_UL300_SR300,200_.jpg",amazon|gtrends,65.68,65.68,0.0,,0.89,0.0,,WATCHLIST,rising,0.0,0.0,0.0,0.5,0.0,0.0,0.0,1.0,241,2026-07-07T17:09:43.267867,62.56,3.12
2026-07-07,d476439e13eeb5b4,"WOOFLIX Dog Harness for Small Dogs, Puppies and Cats | Suitable for Small Size Dogs, Cats & Puppies of 2.5kg -4.5kg | Reflect",wooflix,collars_leashes,both,8.0,,4.0,,434.0,5.0,649.0,,"https://images-eu.ssl-images-amazon.com/images/I/81UzWL2RXlL._AC_UL300_SR300,200_.jpg",amazon|gtrends,65.68,65.68,0.0,,0.89,0.0,,WATCHLIST,rising,0.0,0.0,0.0,0.5,0.0,0.0,0.0,0.5,242,2026-07-07T17:09:43.263892,63.18,2.5
2026-07-07,14146f75e2e31723,"Foodie Puppies Interactive Latex Squeaky Chew Dog Toy - (Green Monkey, 20cm) | Small to Medium Dogs & Puppies | Durable, Rubb",foodie,dog_toys,dog,11.0,,4.3,,900.0,3.0,260.0,,"https://images-eu.ssl-images-amazon.com/images/I/61K34JMHgmL._AC_UL300_SR300,200_.jpg",amazon|gtrends,65.66,65.66,0.0,,0.89,0.0,,WATCHLIST,rising,0.0,0.0,0.0,0.5,0.0,0.0,0.0,1.0,243,2026-07-07T17:09:43.268112,62.54,3.12
2026-07-07,20f2084f026503bd,GLOBE OF PETS Dog Harness No Pull Harness | Reflective | No Choke Dog Safety Harness Dog Standard Harness,globe,collars_leashes,dog,,6.0,,4.0,,5.0,,224.0,https://rukminim2.flixcart.com/image/612/612/xif0q/pet-collar-harness/q/d/w/medium-harness-red-medium-globe-of-pets-original-imah4qgxcktaapz5.jpeg?q=70,flipkart|gtrends,65.6,65.6,0.0,,0.89,0.0,,WATCHLIST,rising,0.0,0.0,0.0,0.5,0.0,0.0,0.0,0.5,244,2026-07-07T17:09:43.264306,63.1,2.5
2026-07-07,5716b61740728ed3,SENAPATI 153 cm Dog Cord Leash,senapati,collars_leashes,dog,,6.0,,4.0,,5.0,,120.0,https://rukminim2.flixcart.com/image/612/612/xif0q/pet-leash-chain/d/l/i/25218700-senapati-original-imagxq6n2asy6ezy.jpeg?q=70,flipkart|gtrends,65.6,65.6,0.0,,0.89,0.0,,WATCHLIST,rising,0.0,0.0,0.0,0.5,0.0,0.0,0.0,0.5,245,2026-07-07T17:09:43.264509,63.1,2.5
2026-07-07,a5d60a43a31a0674,"Pet Needs Combo of 4 Soft Latex Rubber Interactive Squeaky Toys for Small Puppy; Rubber Ball, Fetch Toy, Rubber Toy, Soft Toy, Squeaky Toy For Dog & Cat",,dog_toys,both,,9.0,,4.6,,3.0,,245.0,https://rukminim2.flixcart.com/image/612/612/xif0q/pet-toy/3/t/7/4-pa-ty-326-combo-of-4-soft-latex-rubber-interactive-squeaky-original-imah2e59ze6rzs5p.jpeg?q=70,flipkart|gtrends,65.5,65.5,0.0,,0.89,0.0,,WATCHLIST,rising,0.0,0.0,0.0,0.5,0.0,0.0,0.0,1.0,246,2026-07-07T17:09:43.268924,62.38,3.12
2026-07-07,5a017ff94bd7f5fd,"decorvaiz Dog Chew Rope & Squeaky Toy Set -Durable Interactive for Medium Dogs Cotton Ball, Chew Toy, Fetch Toy, Squeaky Toy For Dog & Cat",decorvaiz,dog_toys,both,,7.0,,4.1,,3.0,,142.0,https://rukminim2.flixcart.com/image/612/612/xif0q/pet-toy/l/s/g/1-new-f-combo-173-decorvaiz-original-imahea8hgnqnwtrq.jpeg?q=70,flipkart|gtrends,65.48,65.48,0.0,,0.89,0.0,,WATCHLIST,rising,0.0,0.0,0.0,0.5,0.0,0.0,0.0,0.5,247,2026-07-07T17:09:43.264708,62.98,2.5
2026-07-07,798bb9651ef79591,Purepet Adult Dry Cat Food 6kg | Seafood | Taurine for Heart Health | Skin & Coat Care | Controls Urinary pH | Hairball Prote,purepet,cat_food,cat,14.0,,4.4,,3144.0,21.67,849.0,,"https://images-eu.ssl-images-amazon.com/images/I/71sXSnuTbwL._AC_UL300_SR300,200_.jpg",amazon|gtrends,65.41,65.41,0.0,,0.89,0.0,,WATCHLIST,rising,0.0,0.0,0.0,0.5,0.0,0.0,0.0,1.0,248,2026-07-07T17:09:43.269134,62.29,3.12
2026-07-07,6ba170a0a003b912,EPP PRO EIP-5655 Dog Anti-stress Collar,epp,training,dog,,9.0,,4.7,,0.5,,130.0,https://rukminim2.flixcart.com/image/612/612/xif0q/pet-collar-harness/h/h/t/small-eip-5655-refelective-collar-epp-pro-original-imahkbqzrr4qqyyh.jpeg?q=70,flipkart|gtrends,65.38,65.38,0.0,,0.89,0.0,,WATCHLIST,rising,0.0,0.0,0.0,0.5,0.0,0.0,0.0,1.0,249,2026-07-07T17:09:43.269351,62.26,3.12
2026-07-07,d9981fca65fc51c9,"Furry Castle Knitted Bunny Ratle Dog Toy Polyester,Cotton with Thick Cord and Squeakers-Pink Polyester Plush Toy For Dog",furry,dog_toys,dog,,2.0,,,,3.0,,211.0,https://rukminim2.flixcart.com/image/612/612/xif0q/shopsy-pet-toy/u/2/d/1-ttt1001-shopsy-furry-castle-original-imahfyq7szvegckt.jpeg?q=70,flipkart|gtrends,65.38,65.38,0.0,,0.89,0.0,,WATCHLIST,rising,0.0,0.0,0.0,0.5,0.0,0.0,0.0,0.0,250,2026-07-07T17:09:43.260680,63.5,1.88
2026-07-07,2f86a171ec4dd88c,"Petroyale Daily One Supplement for Dogs – Multivitamin – Hip & Joint, Skin & Coat, Pet Health Supplements",petroyale,health_wellness,dog,,2.0,,,,0.5,,854.0,https://rukminim2.flixcart.com/image/612/612/xif0q/pet-health-supplement/a/c/r/60-daily-one-supplement-for-dogs-multivitamin-hip-joint-skin-original-imahm45brputxtzq.jpeg?q=70,flipkart|gtrends,65.38,65.38,0.0,,0.89,0.0,,WATCHLIST,rising,0.0,0.0,0.0,0.5,0.0,0.0,0.0,0.0,251,2026-07-07T17:09:43.261088,63.5,1.88
2026-07-07,302e9fa1df2328ba,"DGSELL CREATIONS 3 meter Retractable Leash Dog, Cat and Pet Animal with Cute Design and Hard Rope 300 cm Dog Strap Leash",dgsell,collars_leashes,both,,8.0,,4.4,,5.0,,259.0,https://rukminim2.flixcart.com/image/612/612/xif0q/pet-leash-chain/w/c/p/dg-34-dgsell-creations-original-imahah8qfhkg9wn9.jpeg?q=70,flipkart|gtrends,65.34,65.34,0.0,,0.89,0.0,,WATCHLIST,rising,0.0,0.0,0.0,0.5,0.0,0.0,0.0,1.0,252,2026-07-07T17:09:43.269560,62.22,3.12
2026-07-07,eddf61479e991852,Drools (3+ 1.2 kg inside) Egg and Real Chicken 4.2 kg Dry Young Dog Food,drools,dog_food,dog,,14.0,,4.4,17296.0,18.0,,828.0,https://rukminim2.flixcart.com/image/312/312/xif0q/pet-food/k/u/y/-original-imahhzhfagu5mcau.jpeg?q=70,flipkart|gtrends,65.3,65.3,0.0,,0.89,0.0,,WATCHLIST,rising,0.0,0.0,0.0,0.5,0.0,0.0,0.0,1.0,253,2026-07-07T17:09:43.269775,62.18,3.12
2026-07-07,46200fe26a1660b3,"AmazonBasics Cat Scratching Post, Beige",amazon basics,beds_accessories,cat,12.0,,4.0,,2972.0,20.5,717.0,,"https://images-eu.ssl-images-amazon.com/images/I/513droclz0L._AC_UL300_SR300,200_.jpg",amazon|gtrends,65.25,65.25,0.0,,0.89,0.0,,WATCHLIST,rising,0.0,0.0,0.0,0.5,0.0,0.0,0.0,0.5,254,2026-07-07T17:09:43.265958,62.75,2.5
2026-07-07,d1cb4e4eee451281,Catmos Cat Scratching Sleeper,catmos,cat_food,cat,,2.0,,,,21.67,,259.0,https://rukminim2.flixcart.com/image/612/612/xif0q/cat-scratching-post/o/l/h/plnf21368-catmos-4-original-imahn4y2xpyytzg7.jpeg?q=70,flipkart|gtrends,65.25,65.25,0.0,,0.89,0.0,,WATCHLIST,rising,0.0,0.0,0.0,0.5,0.0,0.0,0.0,0.0,255,2026-07-07T17:09:43.262365,63.37,1.88
2026-07-07,9132314f60a87b5e,Medfly Natural Enzyme & Probiotic Based Dewormer for Cat and kittens -Pack of 1 Pet Dewormer,medfly,health_wellness,cat,,7.0,,4.0,,0.5,,305.0,https://rukminim2.flixcart.com/image/612/612/xif0q/pet-dewormer/v/o/x/20-natural-enzyme-probiotic-based-dewormer-for-dog-medfly-original-imahmqfphuttvypw.jpeg?q=70,flipkart|gtrends,65.2,65.2,0.0,,0.89,0.0,,WATCHLIST,rising,0.0,0.0,0.0,0.5,0.0,0.0,0.0,0.5,256,2026-07-07T17:09:43.266451,62.7,2.5
2026-07-07,59fc47313bccd4b3,"Breedo Dog (Combo of 3) Flea-Tick Shampoo + Anti-Itch Shampoo 500 ml + 100 ml Spray Allergy Relief, Conditioning, Anti-fungal, Anti-microbial, Anti-itching, Anti-dandruff Natural Dog Shampoo",breedo,grooming,dog,,7.0,,4.1,,13.5,,209.0,https://rukminim2.flixcart.com/image/612/612/xif0q/pet-shampoo/s/0/h/600-high-quality-dog-need-combo-of-3-dog-flea-tick-shampoo-original-imah7hyhyrrwtaja.jpeg?q=70,flipkart|gtrends,65.18,65.18,0.0,,0.89,0.0,,WATCHLIST,rising,0.0,0.0,0.0,0.5,0.0,0.0,0.0,0.5,257,2026-07-07T17:09:43.266983,62.68,2.5
2026-07-07,cb85f712aabe420b,Humane & Hound Velvet Skin & Coat Tonic with Omega 3 6 9 for Dogs & Cats (300 ML),humane,health_wellness,both,12.0,,4.4,,1036.0,0.5,654.0,,"https://images-eu.ssl-images-amazon.com/images/I/51+oRHavLPL._AC_UL300_SR300,200_.jpg",amazon|gtrends,65.16,65.16,0.0,,0.89,0.0,,WATCHLIST,rising,0.0,0.0,0.0,0.5,0.0,0.0,0.0,1.0,258,2026-07-07T17:09:43.270181,62.04,3.12
2026-07-07,5f0e0de69edc7c6a,"KickAt Gentle Care Anti Hair Fall Shampoo for Adult Cats - Sulphate & Paraben Free Anti-dandruff, Allergy Relief, Hypoallergenic, Anti-fungal AQUA Cat Shampoo",kickat,grooming,cat,,2.0,,,,13.5,,130.0,https://rukminim2.flixcart.com/image/612/612/xif0q/pet-shampoo/5/6/a/200-anti-hair-fall-cat-200ml-kickat-original-imahzdmkapyzcyth.jpeg?q=70,flipkart|gtrends,65.08,65.08,0.0,,0.89,0.0,,WATCHLIST,rising,0.0,0.0,0.0,0.5,0.0,0.0,0.0,0.0,259,2026-07-07T17:09:43.263211,63.2,1.88
2026-07-07,5253b88e3eab27bf,PAW ZONE Dog Collar & Leash,paw,training,dog,,7.0,,4.1,,0.5,,121.0,https://rukminim2.flixcart.com/image/612/612/pet-collar-harness/p/y/a/smooth-sturdy-black-collar-with-leash-set-3-4-inch-pawzone-original-imaehxdg43855epg.jpeg?q=70,flipkart|gtrends,65.08,65.08,0.0,,0.89,0.0,,WATCHLIST,rising,0.0,0.0,0.0,0.5,0.0,0.0,0.0,0.5,260,2026-07-07T17:09:43.267648,62.58,2.5
2026-07-07,5894527716705a45,wagmart Wagmart 2-Sided Pet Dematting Comb Deshedding Brush Dog Cat Grooming Tool Shedding Blade for Dog & Cat,wagmart,grooming,both,,2.0,,,,13.5,,299.0,https://rukminim2.flixcart.com/image/612/612/xif0q/pet-comb-brush/o/c/z/medium-pet-dematting-comb-curve-wagster-original-imahzqt4tfk5ybne.jpeg?q=70,flipkart|gtrends,65.08,65.08,0.0,,0.89,0.0,,WATCHLIST,rising,0.0,0.0,0.0,0.5,0.0,0.0,0.0,0.0,261,2026-07-07T17:09:43.263478,63.2,1.88
2026-07-07,c834cc84bf0a088c,skyec FLEXIRUN Advanced Hip & Joint Formula Tasty Chewable Tablets for Dogs Pet Health Supplements,skyec,health_wellness,dog,,10.0,,4.8,,0.5,,841.0,https://rukminim2.flixcart.com/image/612/612/xif0q/pet-health-supplement/o/q/l/30-flexirun-advanced-hip-joint-formula-tasty-chewable-tablets-original-imahezc8mxwyptsz.jpeg?q=70,flipkart|gtrends,65.06,65.06,0.0,,0.88,0.0,,WATCHLIST,rising,0.0,0.0,0.0,0.5,0.0,0.0,0.0,1.0,262,2026-07-07T17:09:43.270605,61.94,3.12
2026-07-07,fbfd9f157b23c733,"SENAPATI Belts Neck and Rope Set (Waterproof, Medium Dog Collar & Leash",senapati,collars_leashes,dog,,6.0,,3.8,,5.0,,112.0,https://rukminim2.flixcart.com/image/612/612/kngd0nk0/pet-collar-harness/l/z/s/medium-dog-collar-and-rope-set-senapati-original-imag24g9d6xpbcfy.jpeg?q=70,flipkart|gtrends,65.04,65.04,0.0,,0.89,0.0,,WATCHLIST,rising,0.0,0.0,0.0,0.5,0.0,0.0,0.0,0.5,263,2026-07-07T17:09:43.268464,62.54,2.5
2026-07-07,67ab4f4d5b47cc7d,Yuppy Puppy Self Cleaning Slicker Brush Pet Hair Grooming Comb Pet Massaging Tool and Shedding Brush for Long or Medium Haire,yuppy,grooming,dog,10.0,,4.4,,178.0,13.5,307.0,,"https://images-eu.ssl-images-amazon.com/images/I/71OqOFJM66L._AC_UL300_SR300,200_.jpg",amazon|gtrends,64.97,64.97,0.0,,0.88,0.0,,MONITOR,rising,0.0,0.0,0.0,0.5,0.0,0.0,0.0,1.0,264,2026-07-07T17:09:43.270809,61.85,3.12
2026-07-07,fc2cedba5cae21f0,Petfun High Quality Teething Chewing Training Nylone Toy Bone for Adult & Large Dogs Nylon Bone For Dog,petfun,dog_toys,dog,,7.0,,3.9,,3.0,,111.0,https://rukminim2.flixcart.com/image/612/612/xif0q/pet-toy/q/e/r/1-large-nylon-bone-petfun-original-imahgh5sjwnmdpy9.jpeg?q=70,flipkart|gtrends,64.92,64.92,0.0,,0.89,0.0,,MONITOR,rising,0.0,0.0,0.0,0.5,0.0,0.0,0.0,0.5,265,2026-07-07T17:09:43.268705,62.42,2.5
2026-07-07,c1d80f420d31b2c1,Active Buy 1 Get 1 Mackerel 2.4 kg (2x1.2 kg) Dry Adult Cat Food,active,cat_food,cat,,9.0,,4.4,,21.67,,334.0,https://rukminim2.flixcart.com/image/612/612/xif0q/pet-food/g/c/1/-original-imahghjaybbj9fhz.jpeg?q=70,flipkart|gtrends,64.81,64.81,0.0,,0.88,0.0,,MONITOR,rising,0.0,0.0,0.0,0.5,0.0,0.0,0.0,1.0,266,2026-07-07T17:09:43.271629,61.69,3.12
2026-07-07,0d8e3bc6d1a7a432,Pawptails Cat Scratching Pad,pawptails,cat_food,cat,,9.0,,4.4,,21.67,,278.0,https://rukminim2.flixcart.com/image/612/612/xif0q/cat-scratching-post/i/4/d/pwt-0003-set-of-2-wave-interlock-cat-scr-pawptails-6-8-original-imahg2t6ckahtawb.jpeg?q=70,flipkart|gtrends,64.81,64.81,0.0,,0.88,0.0,,MONITOR,rising,0.0,0.0,0.0,0.5,0.0,0.0,0.0,1.0,267,2026-07-07T17:09:43.271829,61.69,3.12
2026-07-07,ed1c0d93b8b374d9,Royal Canin Adult Dry Cat Food - 400 gm 0.4 kg Dry Adult Cat Food,royal canin,cat_food,cat,,9.0,,4.4,,21.67,,587.0,https://rukminim2.flixcart.com/image/612/612/xif0q/pet-food/w/b/x/0-4-cat-1-otrfo1743-royal-canin-enriched-transparent-original-imah5hf9gep7hute.png?q=70,flipkart|gtrends,64.81,64.81,0.0,,0.88,0.0,,MONITOR,rising,0.0,0.0,0.0,0.5,0.0,0.0,0.0,1.0,268,2026-07-07T17:09:43.272036,61.69,3.12
2026-07-07,05806e0e620c3f74,wagmart Retractable Dog Leash Heavy Duty Pet Lead Rope Lock Walking Belt 300 cm Dog Strap Leash,wagmart,collars_leashes,dog,,2.0,,,,5.0,,344.0,https://rukminim2.flixcart.com/image/612/612/xif0q/pet-leash-chain/o/g/e/retractable-dog-leash-heavy-duty-reflective-nylon-tape-lead-long-original-imah7wugdpfhchzd.jpeg?q=70,flipkart|gtrends,64.78,64.78,0.0,,0.89,0.0,,MONITOR,rising,0.0,0.0,0.0,0.5,0.0,0.0,0.0,0.0,269,2026-07-07T17:09:43.265548,62.9,1.88
2026-07-07,d542711aa72094fa,"Royal Canin Fit 32 Regular Powder Adult Cat Food, Dry Food, Supports Weight Management & Optimal Nutrient Profile,2 Kg",royal canin,cat_food,cat,15.0,,4.5,,3049.0,21.67,1850.0,,"https://images-eu.ssl-images-amazon.com/images/I/61UhPmozh+L._AC_UL300_SR300,200_.jpg",amazon|gtrends,64.61,64.61,0.0,,0.88,0.0,,MONITOR,rising,0.0,0.0,0.0,0.5,0.0,0.0,0.0,1.0,270,2026-07-07T17:09:43.272662,61.49,3.12
2026-07-07,e76e1dcefed29fe8,"Maxi Tuna & Salmon Dry Cat Food 1.2Kg,Adult",maxi,cat_food,cat,12.0,,4.2,,1082.0,21.67,169.0,,"https://images-eu.ssl-images-amazon.com/images/I/71CIXDG5gGL._AC_UL300_SR300,200_.jpg",amazon|gtrends,64.54,64.54,0.0,,0.88,0.0,,MONITOR,rising,0.0,0.0,0.0,0.5,0.0,0.0,0.0,1.0,271,2026-07-07T17:09:43.273074,61.42,3.12
2026-07-07,258efdad772be658,"Dr. vet simba Anti-Tick & Flea Dog Shampoo & Conditioner + 2 dog soap. Anti-dandruff, Flea and Tick, Anti-itching White Rose Dog Shampoo",dr,health_wellness,dog,,8.0,,4.1,,0.5,,229.0,https://rukminim2.flixcart.com/image/612/612/xif0q/pet-shampoo/1/l/2/350-anti-tick-flea-dog-shampoo-200ml-soap-2x75gm-dr-vet-simba-original-imagyrfc3dfkrykn.jpeg?q=70,flipkart|gtrends,64.48,64.48,0.0,,0.88,0.0,,MONITOR,rising,0.0,0.0,0.0,0.5,0.0,0.0,0.0,0.5,272,2026-07-07T17:09:43.270390,61.98,2.5
2026-07-07,b36923eddeb94238,"decorvaiz Dog Toys |Squawking Chicken Rubber Squeeze Dog Toys(LARGE)|Chew Rope Cotton Ball, Fetch Toy, Chew Toy, Tug Toy, Rubber Toy, Squeaky Toy For Dog",decorvaiz,dog_toys,dog,,9.0,,4.2,,3.0,,172.0,https://rukminim2.flixcart.com/image/612/612/xif0q/pet-toy/s/i/v/5-new-combo-toys0285-decorvaiz-original-imahea8hjekfxyzz.jpeg?q=70,flipkart|gtrends,64.38,64.38,0.0,,0.88,0.0,,MONITOR,rising,0.0,0.0,0.0,0.5,0.0,0.0,0.0,1.0,273,2026-07-07T17:09:43.274311,61.26,3.12
2026-07-07,ae6ce4450e945b5a,decorvaiz Dog Grooming Kit | Pet Grooming Kit | Slicker Brushes for Dog & Cat,decorvaiz,grooming,both,,9.0,,4.3,,13.5,,147.0,https://rukminim2.flixcart.com/image/612/612/xif0q/pet-comb-brush/k/m/x/medium-dog-grooming-kit-pet-grooming-kit-dog-combo-set-trendkart-original-imahdfrfsfty46vp.jpeg?q=70,flipkart|gtrends,64.36,64.36,0.0,,0.88,0.0,,MONITOR,rising,0.0,0.0,0.0,0.5,0.0,0.0,0.0,1.0,274,2026-07-07T17:09:43.274726,61.24,3.12
2026-07-07,ecf09756a19f387e,Royal Canin Mini Adult 0.8 kg Dry Adult Dog Food,royal canin,dog_food,dog,,13.0,,4.6,1167.0,18.0,,796.0,https://rukminim2.flixcart.com/image/312/312/xif0q/pet-food/s/7/n/-enriched-transparent-original-imagjdugdxrhwudr.png?q=70,flipkart|gtrends,64.28,64.28,0.0,,0.88,0.0,,MONITOR,rising,0.0,0.0,0.0,0.5,0.0,0.0,0.0,1.0,275,2026-07-07T17:09:43.274926,61.16,3.12
2026-07-07,3feb3ee857f73f97,"CottonCat Set of 3 Adjustable Paw Cat Collar with Bell for Kittens, Cats & Small Pets | Soft, Safe Pet Collar | Lightweight,",cottoncat,collars_leashes,cat,8.0,,3.9,,88.0,5.0,173.0,,"https://images-eu.ssl-images-amazon.com/images/I/319IBPJmPxL._AC_UL300_SR300,200_.jpg",amazon|gtrends,64.26,64.26,0.0,,0.88,0.0,,MONITOR,rising,0.0,0.0,0.0,0.5,0.0,0.0,0.0,0.5,276,2026-07-07T17:09:43.271010,61.76,2.5
2026-07-07,feff616f85a99115,"GHANU Cat Water Fountain, Dog Water Dispenser, Pet Drinking Fountain, Drinking Bowl",ghanu,beds_accessories,both,,9.0,,4.3,,20.5,,847.0,https://rukminim2.flixcart.com/image/612/612/xif0q/pet-fountain/w/3/z/1-8-cat-water-fountain-dog-water-dispenser-pet-drinking-fountain-original-imah7gcmgzunuhme.jpeg?q=70,flipkart|gtrends,64.26,64.26,0.0,,0.88,0.0,,MONITOR,rising,0.0,0.0,0.0,0.5,0.0,0.0,0.0,1.0,277,2026-07-07T17:09:43.275135,61.14,3.12
2026-07-07,9556ec2810de38cb,JNONI Pet Training Pads 60x90 cms Disposable Dog Diapers,jnoni,training,dog,,9.0,,4.3,,0.5,,380.0,https://rukminim2.flixcart.com/image/612/612/xif0q/pet-diaper/o/w/q/3-50kg-absorbent-core-pet-training-pads-60x90-cms-25-jnoni-original-imagvyrsm2jshxpb.jpeg?q=70,flipkart|gtrends,64.26,64.26,0.0,,0.88,0.0,,MONITOR,rising,0.0,0.0,0.0,0.5,0.0,0.0,0.0,1.0,278,2026-07-07T17:09:43.275350,61.14,3.12
2026-07-07,7aa0adf7162f32bb,Me-O Mackerel 3 kg Cat Food,me-o,cat_food,cat,,9.0,,4.2,,21.67,,1654.0,https://rukminim2.flixcart.com/image/612/612/xif0q/pet-food/v/r/t/-original-imagjgvgcefmzzrd.jpeg?q=70,flipkart|gtrends,64.25,64.25,0.0,,0.88,0.0,,MONITOR,rising,0.0,0.0,0.0,0.5,0.0,0.0,0.0,1.0,279,2026-07-07T17:09:43.275549,61.13,3.12
2026-07-07,bb84be2be0919223,RvPaws Mouse Toy - 6 Pieces Cats Mouse Plush Cat Toys Realistic Cute Kitten Mice Filled Polyfill Rat for Cat,rvpaws,cat_toys,cat,9.0,,4.0,,508.0,4.0,262.0,,"https://images-eu.ssl-images-amazon.com/images/I/71jajvVicTL._AC_UL300_SR300,200_.jpg",amazon|gtrends,64.25,64.25,0.0,,0.88,0.0,,MONITOR,rising,0.0,0.0,0.0,0.5,0.0,0.0,0.0,0.5,280,2026-07-07T17:09:43.271212,61.75,2.5
2026-07-07,56009f9a559c9616,"Spray Cat Brush for Shedding, Remove Static Flying Hair Pet Grooming Brush Self Cleaning Dog Brush Suitable for Long and Shor",spray,grooming,both,12.0,,4.2,,980.0,13.5,469.0,,"https://images-eu.ssl-images-amazon.com/images/I/71Tb4TViEJL._AC_UL300_SR300,200_.jpg",amazon|gtrends,64.21,64.21,0.0,,0.88,0.0,,MONITOR,rising,0.0,0.0,0.0,0.5,0.0,0.0,0.0,1.0,281,2026-07-07T17:09:43.275945,61.09,3.12
2026-07-07,8a4dbbd5b2692e30,Medfly Healthcare Defender Pro Deworming Tablet for Dogs of All Life Stages (Pack of 1) | Natural & Herbal Ingredients | Effe,medfly,health_wellness,dog,13.0,,4.2,,1401.0,0.5,329.0,,"https://images-eu.ssl-images-amazon.com/images/I/71m6run0ItL._AC_UL300_SR300,200_.jpg",amazon|gtrends,64.12,64.12,0.0,,0.88,0.0,,MONITOR,rising,0.0,0.0,0.0,0.5,0.0,0.0,0.0,1.0,282,2026-07-07T17:09:43.276991,61.0,3.12
2026-07-07,de7b20c5c6a8721e,Royal Canin Hair and Skin 2 kg Dry Adult Cat Food,royal canin,cat_food,cat,,10.0,,4.5,,21.67,,1976.0,https://rukminim2.flixcart.com/image/612/612/jt7jhjk0/pet-food/d/7/y/2-cat-pfdf3kyezvpfnyh9-royal-canin-original-imafem4m8zvzchtw.jpeg?q=70,flipkart|gtrends,64.09,64.09,0.0,,0.88,0.0,,MONITOR,rising,0.0,0.0,0.0,0.5,0.0,0.0,0.0,1.0,283,2026-07-07T17:09:43.277436,60.97,3.12
2026-07-07,3438078eb57edfd9,FOURESTA Durable Large Size Dog/Cat Nail Cutter with Nail Filer Scissor Nail Clipper,fouresta,grooming,both,,9.0,,4.2,,13.5,,135.0,https://rukminim2.flixcart.com/image/612/612/xif0q/pet-nail-clipper/q/a/j/nail-cutter-fouresta-original-imahe5ptmnr3gwsm.jpeg?q=70,flipkart|gtrends,64.08,64.08,0.0,,0.88,0.0,,MONITOR,rising,0.0,0.0,0.0,0.5,0.0,0.0,0.0,1.0,284,2026-07-07T17:09:43.277654,60.96,3.12
2026-07-07,16b567633f951d14,NAYANAR Dog Standard Harness,nayanar,collars_leashes,dog,,7.0,,3.8,,5.0,,270.0,https://rukminim2.flixcart.com/image/612/612/xif0q/pet-collar-harness/3/a/i/large-harness-adjustable-vest-chest-belts-54-70cm-neck-63-84cm-original-imagwynkbjtf9zmz.jpeg?q=70,flipkart|gtrends,64.04,64.04,0.0,,0.88,0.0,,MONITOR,rising,0.0,0.0,0.0,0.5,0.0,0.0,0.0,0.5,285,2026-07-07T17:09:43.272255,61.54,2.5
2026-07-07,0ff9c99cc1107822,Purepet Chicken and Vegetable 9 kg Dry Adult Dog Food,purepet,dog_food,dog,,15.0,,4.3,12630.0,18.0,,1199.0,https://rukminim2.flixcart.com/image/312/312/xif0q/pet-food/u/r/u/-original-imahztyc3h58cejq.jpeg?q=70,flipkart|gtrends,64.02,64.02,0.0,,0.88,0.0,,MONITOR,rising,0.0,0.0,0.0,0.5,0.0,0.0,0.0,1.0,286,2026-07-07T17:09:43.277863,60.9,3.12
2026-07-07,97b2fcbc9426d6b8,"Joansan Dog Puzzle Toys, Interactive Treat Dispenser for Puppy and Cats Training and Playing, Slow Feeder to Aid Pets Digesti",joansan,dog_food,both,13.0,,3.8,,5541.0,18.0,258.0,,"https://images-eu.ssl-images-amazon.com/images/I/616oqwwS34L._AC_UL300_SR300,200_.jpg",amazon|gtrends,64.0,64.0,0.0,,0.88,0.0,,MONITOR,rising,0.0,0.0,0.0,0.5,0.0,0.0,0.0,0.5,287,2026-07-07T17:09:43.272462,61.5,2.5
2026-07-07,610890786de7b023,Pups&Pets Double-Door Folding Metal Dog Cage with Paw Protector Black Soft Crate Pet Crate,pupspets,beds_accessories,dog,,3.0,,,,20.5,,2871.0,https://rukminim2.flixcart.com/image/612/612/l2dmky80/pet-crate/w/z/j/double-door-folding-metal-dog-cage-with-paw-protector-black-pups-original-imagdqc49nhw29cz.jpeg?q=70,flipkart|gtrends,63.98,63.98,0.0,,0.89,0.0,,MONITOR,rising,0.0,0.0,0.0,0.5,0.0,0.0,0.0,0.0,288,2026-07-07T17:09:43.269980,62.1,1.88
2026-07-07,2fca0e5e293f1a99,"Drools Kitten Dry Cat Food, Mackerel Flavour 1 kg with Free Container Pack",drools,cat_food,cat,13.0,,4.2,,1378.0,21.67,265.0,,"https://images-eu.ssl-images-amazon.com/images/I/61QtTmZYaOL._AC_UL300_SR300,200_.jpg",amazon|gtrends,63.96,63.96,0.0,,0.88,0.0,,MONITOR,rising,0.0,0.0,0.0,0.5,0.0,0.0,0.0,1.0,289,2026-07-07T17:09:43.278071,60.84,3.12
2026-07-07,94ec8b386f24725d,"AAZEEM Soft Light Weight Mat for Dogs,Cats & Pets, (Size-M),Black",aazeem,beds_accessories,both,10.0,,4.0,,452.0,20.5,171.0,,"https://images-eu.ssl-images-amazon.com/images/I/61PyaDHkNXL._AC_UL300_SR300,200_.jpg",amazon|gtrends,63.93,63.93,0.0,,0.88,0.0,,MONITOR,rising,0.0,0.0,0.0,0.5,0.0,0.0,0.0,0.5,290,2026-07-07T17:09:43.272872,61.43,2.5
2026-07-07,e26e469712420281,"Fifozone Feed Supplement Mother Milk Replacement for Young Kittens 200GM, Tablet",fifozone,health_wellness,cat,11.0,,4.5,,49.0,0.5,425.0,,"https://images-eu.ssl-images-amazon.com/images/I/31sun-NXrqL._AC_UL300_SR300,200_.jpg",amazon|gtrends,63.92,63.92,0.0,,0.88,0.0,,MONITOR,rising,0.0,0.0,0.0,0.5,0.0,0.0,0.0,1.0,291,2026-07-07T17:09:43.278490,60.8,3.12
2026-07-07,5ec29ac83a19bb91,"Absolut Pet Dog Supplement for Skin & Coat, Chews for Reduced Shedding, Healthy Skin & with Omega, Collagen & Biotin (Probiot",absolut,health_wellness,dog,10.0,,4.0,,287.0,0.5,998.0,,"https://images-eu.ssl-images-amazon.com/images/I/61X2w0s-ZvL._AC_UL300_SR300,200_.jpg",amazon|gtrends,63.89,63.89,0.0,,0.88,0.0,,MONITOR,rising,0.0,0.0,0.0,0.5,0.0,0.0,0.0,0.5,292,2026-07-07T17:09:43.273281,61.39,2.5
2026-07-07,a642a90c4aef1bf0,"YellowCult Pet Collar - Adjustable [8-11 inch], with Bell, Fast Release Buckle, Neck Collar for Kitten, Cat, Small Dogs & Pup",yellowcult,collars_leashes,both,11.0,,4.1,,872.0,5.0,165.0,,"https://images-eu.ssl-images-amazon.com/images/I/5108fYXrxqL._AC_UL300_SR300,200_.jpg",amazon|gtrends,63.83,63.83,0.0,,0.88,0.0,,MONITOR,rising,0.0,0.0,0.0,0.5,0.0,0.0,0.0,0.5,293,2026-07-07T17:09:43.273481,61.33,2.5
2026-07-07,fb602d2d66287f3d,"Cutepups Orthopedic Dog Bed Comfortable Dog Mattress for Sleeping, Washable pet Bed for Dogs (Only Black, S)",cutepups,beds_accessories,dog,9.0,,3.9,,169.0,20.5,710.0,,"https://images-eu.ssl-images-amazon.com/images/I/61--xUlgSiL._AC_UL300_SR300,200_.jpg",amazon|gtrends,63.82,63.82,0.0,,0.88,0.0,,MONITOR,rising,0.0,0.0,0.0,0.5,0.0,0.0,0.0,0.5,294,2026-07-07T17:09:43.273688,61.32,2.5
2026-07-07,8bdce41d42f607f0,Active Buy 1 Get 1 Tuna And Salmon 2.4 kg (2x1.2 kg) Dry Adult Cat Food,active,cat_food,cat,,10.0,,4.4,,21.67,,334.0,https://rukminim2.flixcart.com/image/612/612/xif0q/pet-food/j/9/r/-original-imahz6g5xyhpghqz.jpeg?q=70,flipkart|gtrends,63.81,63.81,0.0,,0.88,0.0,,MONITOR,rising,0.0,0.0,0.0,0.5,0.0,0.0,0.0,1.0,295,2026-07-07T17:09:43.278741,60.69,3.12
2026-07-07,223903965822a5b0,"TRANDING STYLISH Luxury Coller Sofas , Beds For Dog And Cat S Pet Bed",tranding,beds_accessories,both,,8.0,,4.0,,20.5,,338.0,https://rukminim2.flixcart.com/image/612/612/krme93k0/pet-bed/q/s/b/xxxl-luxurious-utra-shoft-bed-for-dog-and-cat-reversible-little-original-imag5dqhgrhcvggg.jpeg?q=70,flipkart|gtrends,63.8,63.8,0.0,,0.88,0.0,,MONITOR,rising,0.0,0.0,0.0,0.5,0.0,0.0,0.0,0.5,296,2026-07-07T17:09:43.273889,61.3,2.5
2026-07-07,5bd2689576e48481,"Qpets Cat Toys for Persian Cat, Interactive Cats Teaser Wand Toys for Kitten with Bell & Feather, Sticky Suction Cup Base El",qpets,cat_toys,cat,10.0,,3.9,,915.0,4.0,257.0,,"https://images-eu.ssl-images-amazon.com/images/I/51mTv4RO3kL._AC_UL300_SR300,200_.jpg",amazon|gtrends,63.74,63.74,0.0,,0.88,0.0,,MONITOR,rising,0.0,0.0,0.0,0.5,0.0,0.0,0.0,0.5,297,2026-07-07T17:09:43.274525,61.24,2.5
2026-07-07,a6ae37029e3d14d0,Rvpaws Dog Cage 18 Inch Blue Hard Crate Pet Crate,rvpaws,beds_accessories,dog,,8.0,,3.9,,20.5,,894.0,https://rukminim2.flixcart.com/image/612/612/kx7vc7k0/pet-carrier/f/h/7/dog-cage-rvpaws-original-imag9ptffrtgga26.jpeg?q=70,flipkart|gtrends,63.52,63.52,0.0,,0.88,0.0,,MONITOR,rising,0.0,0.0,0.0,0.5,0.0,0.0,0.0,0.5,298,2026-07-07T17:09:43.276147,61.02,2.5
2026-07-07,f6f4a97210f745c8,"Vivaldis Endewor Dewormer for Dogs and Cats, Natural Enzyme and Probiotic Based Supplements for Gut Health to Kill & Expels P",vivaldis,health_wellness,both,14.0,,4.0,,2820.0,0.5,216.0,,"https://images-eu.ssl-images-amazon.com/images/I/614+STg+yfL._AC_UL300_SR300,200_.jpg",amazon|gtrends,63.51,63.51,0.0,,0.88,0.0,,MONITOR,rising,0.0,0.0,0.0,0.5,0.0,0.0,0.0,0.5,299,2026-07-07T17:09:43.276739,61.01,2.5
2026-07-07,84d65fc9c4d3fca8,PetWale Cat Collar | Adjustable | Durable | Safety Collar | Pet Supplies | Cat Accessories | Cat Collar | Cat Belt | Soft and,petwale,collars_leashes,cat,12.0,,4.4,,467.0,5.0,235.0,,"https://images-eu.ssl-images-amazon.com/images/I/71nY9AHqJ5L._AC_UL300_SR300,200_.jpg",amazon|gtrends,63.5,63.5,0.0,,0.88,0.0,,MONITOR,rising,0.0,0.0,0.0,0.5,0.0,0.0,0.0,1.0,300,2026-07-07T17:09:43.280851,60.38,3.12
2026-07-07,031b34ef4a986a65,Me-O Kitten chicken chunk in gravy(80gx12pack) Chicken 0.96 kg Wet Young Cat Food,me-o,cat_food,cat,,12.0,,5.0,,21.67,,617.0,https://rukminim2.flixcart.com/image/612/612/xif0q/pet-food/h/m/i/0-960-cat-1-kitten-chicken-chunk-in-gravy-80gx12pack-me-o-original-imahcfypn7wkhy3h.jpeg?q=70,flipkart|gtrends,63.49,63.49,0.0,,0.88,0.0,,MONITOR,rising,0.0,0.0,0.0,0.5,0.0,0.0,0.0,1.0,301,2026-07-07T17:09:43.281275,60.37,3.12
2026-07-07,3b87f2caafe42c00,"decorvaiz Puppies Combo Kit for Small and Medium Dog-6in1 Chew Toys for Puppy Cotton Squeaky Toy, Bone, Ball, Rubber Toy, Tug Toy, Chew Toy For Dog & Cat",decorvaiz,dog_toys,both,,9.0,,4.1,,3.0,,159.0,https://rukminim2.flixcart.com/image/612/612/xif0q/pet-toy/h/8/m/1-squea7847toy0-petzluv-original-imahed5mhxgr8zht.jpeg?q=70,flipkart|gtrends,63.48,63.48,0.0,,0.88,0.0,,MONITOR,rising,0.0,0.0,0.0,0.5,0.0,0.0,0.0,0.5,302,2026-07-07T17:09:43.277219,60.98,2.5
2026-07-07,c9aae5ded38a56b4,Foodie Puppies Cat Scratcher Pad with Catnip for Cats & Kittens - (Sofa 52 x 26 x 15 cm) | Durable Modern Longue Corrugated C,foodie,beds_accessories,both,11.0,,4.4,,81.0,20.5,699.0,,"https://images-eu.ssl-images-amazon.com/images/I/51nrI6Uu4XL._AC_UL300_SR300,200_.jpg",amazon|gtrends,63.44,63.44,0.0,,0.88,0.0,,MONITOR,rising,0.0,0.0,0.0,0.5,0.0,0.0,0.0,1.0,303,2026-07-07T17:09:43.281705,60.32,3.12
2026-07-07,52b55b473451ec79,"Bones UP Dog Chew Chicken & Mutton Stick 2 x (450 gm) - 900 gram, Dog Sticks, Dog Snacks Chicken, Mutt...",bones,dog_toys,dog,,16.0,,4.2,4328.0,3.0,,184.0,https://rukminim2.flixcart.com/image/312/312/xif0q/pet-food/a/y/g/dog-cmm950gx2-bonesup-original-imaghzaq9kx7xzgy.jpeg?q=70,flipkart|gtrends,63.38,63.38,0.0,,0.88,0.0,,MONITOR,rising,0.0,0.0,0.0,0.5,0.0,0.0,0.0,1.0,304,2026-07-07T17:09:43.282110,60.26,3.12
2026-07-07,f63f80da57522587,Let's bite Active Chicken 11 kg Dry Adult Dog Food,lets,dog_food,dog,,11.0,,4.4,116.0,18.0,,1699.0,https://rukminim2.flixcart.com/image/312/312/xif0q/pet-food/d/7/q/-original-imahztycgtcumyzy.jpeg?q=70,flipkart|gtrends,63.38,63.38,0.0,,0.88,0.0,,MONITOR,rising,0.0,0.0,0.0,0.5,0.0,0.0,0.0,1.0,305,2026-07-07T17:09:43.282320,60.26,3.12
2026-07-07,9de495938abab0b4,"Procott Intas Procott Anti-parasitic, Allergy Relief, Flea and Tick Rose Dog Shampoo",procott,grooming,dog,,10.0,,4.3,,13.5,,152.0,https://rukminim2.flixcart.com/image/612/612/xif0q/pet-shampoo/3/d/n/275-adult-dog-shampoo-procott-original-imahmjz7zhk8tyqq.jpeg?q=70,flipkart|gtrends,63.36,63.36,0.0,,0.88,0.0,,MONITOR,rising,0.0,0.0,0.0,0.5,0.0,0.0,0.0,1.0,306,2026-07-07T17:09:43.282534,60.24,3.12
2026-07-07,3d75e4f998314740,"Royal Canin Mini Adult Dog Food, Dry Food, Supports Weight Management & Digestive Health, Promotes overall development, 800 G",royal canin,dog_food,dog,16.0,,4.4,,8622.0,18.0,792.0,,"https://images-eu.ssl-images-amazon.com/images/I/61G+GTJDvdL._AC_UL300_SR300,200_.jpg",amazon|gtrends,63.3,63.3,0.0,,0.88,0.0,,MONITOR,rising,0.0,0.0,0.0,0.5,0.0,0.0,0.0,1.0,307,2026-07-07T17:09:43.282740,60.18,3.12
2026-07-07,4c0d15aabed83d82,Me-O persian Kitten 1.1 kg Dry Young Cat Food,me-o,cat_food,cat,,10.0,,4.2,,21.67,,599.0,https://rukminim2.flixcart.com/image/612/612/xif0q/pet-food/c/t/5/1-1-cat-1-id5ck51-1-1-me-o-original-imahh2kcthky2wjf.jpeg?q=70,flipkart|gtrends,63.25,63.25,0.0,,0.88,0.0,,MONITOR,rising,0.0,0.0,0.0,0.5,0.0,0.0,0.0,1.0,308,2026-07-07T17:09:43.283149,60.13,3.12
2026-07-07,6e7aa6f2b0e43bf8,Pat Your Pet Wide Pet Dematting Comb - Dual Sided 9+17 Grooming Rake for Cats & Dogs | Safe and Easy Mats & Tangles Remover,pat,grooming,both,17.0,,4.6,,37751.0,13.5,278.0,,"https://images-eu.ssl-images-amazon.com/images/I/8127AKlirLL._AC_UL300_SR300,200_.jpg",amazon|gtrends,63.2,63.2,0.0,,0.88,0.0,,MONITOR,rising,0.0,0.0,0.0,0.5,0.0,0.0,0.0,1.0,309,2026-07-07T17:09:43.283758,60.08,3.12
2026-07-07,05bde373ae458e4b,decorvaiz Dog Hair Brush Combo | Pet Hair Brush Combo Slicker Brushes for Dog & Cat,decorvaiz,grooming,both,,10.0,,4.2,,13.5,,135.0,https://rukminim2.flixcart.com/image/612/612/xif0q/pet-comb-brush/v/e/b/medium-dog-hair-brush-dog-bath-brush-combo-decorvaiz-original-imahd7bytezvhgef.jpeg?q=70,flipkart|gtrends,63.08,63.08,0.0,,0.87,0.0,,MONITOR,rising,0.0,0.0,0.0,0.5,0.0,0.0,0.0,1.0,310,2026-07-07T17:09:43.283962,59.96,3.12
2026-07-07,5f465088a3dfcfdd,AGGARWAL 36 Inch Dog Cage Hard Crate Pet Crate,aggarwal,beds_accessories,dog,,4.0,,,,20.5,,3559.0,https://rukminim2.flixcart.com/image/612/612/xif0q/pet-crate/h/y/p/15-foldable-metal-wire-dog-cage-aggarwal-original-imahg5uvjem2vbne.jpeg?q=70,flipkart|gtrends,62.98,62.98,0.0,,0.88,0.0,,MONITOR,rising,0.0,0.0,0.0,0.5,0.0,0.0,0.0,0.0,311,2026-07-07T17:09:43.275746,61.1,1.88
2026-07-07,1611ce547f217fa3,"Royal Canin Skin & Hair Care for Adult Cats, Dry Food with Added Amino Acids, Vitamins, and Omega 3 and 6, Supports Healthy S",royal canin,cat_food,cat,16.0,,4.6,,2061.0,21.67,468.0,,"https://images-eu.ssl-images-amazon.com/images/I/51zELrltO8L._AC_UL300_SR300,200_.jpg",amazon|gtrends,62.91,62.91,0.0,,0.87,0.0,,MONITOR,rising,0.0,0.0,0.0,0.5,0.0,0.0,0.0,1.0,312,2026-07-07T17:09:43.284162,59.79,3.12
2026-07-07,36c37c637bc63b49,"TAIL TOWN Pet Teeth Cleaning Finger Wipes for Dogs & Cats | 50 Count | Fresh Breath, Plaque & Tartar Removal (Cleaning Finger",tail,health_wellness,both,12.0,,4.6,,17.0,0.5,331.0,,"https://images-eu.ssl-images-amazon.com/images/I/51CC38ogEyL._AC_UL300_SR300,200_.jpg",amazon|gtrends,62.91,62.91,0.0,,0.87,0.0,,MONITOR,rising,0.0,0.0,0.0,0.5,0.0,0.0,0.0,1.0,313,2026-07-07T17:09:43.284369,59.79,3.12
2026-07-07,300a23c22d2792c7,"Drixa DOG & CAT PREMIUM PACK SHAMPOO WITH SPRAY FREE COMBO Allergy Relief, Conditioning, Flea and Tick, Itch Relief NATURAL Cat, Dog Shampoo",drixa,grooming,both,,9.0,,4.0,,13.5,,164.0,https://rukminim2.flixcart.com/image/612/612/xif0q/pet-shampoo/z/7/c/200-pet-shampoo-perpule-pet-spray-free-tick-flea-free-shampoo-original-imahek7gkkndg3up.jpeg?q=70,flipkart|gtrends,62.9,62.9,0.0,,0.88,0.0,,MONITOR,rising,0.0,0.0,0.0,0.5,0.0,0.0,0.0,0.5,314,2026-07-07T17:09:43.279827,60.4,2.5
2026-07-07,ed2fd97f88dec017,"24x7eMall Dog K9 Police Harness Red ( 28 - 38 Inch Girth, XL) Dog Buckle Harness",24x7emall,collars_leashes,dog,,9.0,,4.1,,5.0,,245.0,https://rukminim2.flixcart.com/image/612/612/xif0q/pet-collar-harness/l/z/2/extra-large-24x7-emall-puppy-k9-dog-vest-with-hook-and-loop-original-imahkzy6rc7vzfpy.jpeg?q=70,flipkart|gtrends,62.88,62.88,0.0,,0.88,0.0,,MONITOR,rising,0.0,0.0,0.0,0.5,0.0,0.0,0.0,0.5,315,2026-07-07T17:09:43.280159,60.38,2.5
2026-07-07,c1fdefc809adaeca,Buraq Reflective Cat Collar Set of 2 | Bell | Adjustable | Breakaway | All Breeds Bell Cat Collar Charm,buraq,collars_leashes,cat,,9.0,,4.1,,5.0,,109.0,https://rukminim2.flixcart.com/image/612/612/xif0q/pet-collar-charm/c/o/n/1-reflective-cat-collar-buraq-original-imahhj55sg4qkv6c.jpeg?q=70,flipkart|gtrends,62.88,62.88,0.0,,0.88,0.0,,MONITOR,rising,0.0,0.0,0.0,0.5,0.0,0.0,0.0,0.5,316,2026-07-07T17:09:43.280416,60.38,2.5
2026-07-07,3f21f1ca5e3d561c,Hachiko Dog Everyday Collar,hachiko,collars_leashes,dog,,9.0,,4.1,,5.0,,185.0,https://rukminim2.flixcart.com/image/612/612/kr3tj0w0/pet-collar-harness/b/8/a/small-clrbkcmbomn3-hachiko-original-imag4z2ssfurrxqz.jpeg?q=70,flipkart|gtrends,62.88,62.88,0.0,,0.88,0.0,,MONITOR,rising,0.0,0.0,0.0,0.5,0.0,0.0,0.0,0.5,317,2026-07-07T17:09:43.280638,60.38,2.5
2026-07-07,206e2b256481fd49,Drools Puppy Dry Dog Food 4.2kg (3kg + 1.2kg Free) | Chicken & Egg Flavour | Supports Active Behaviour | Digestive Health &,drools,dog_food,dog,15.0,,4.1,,13819.0,18.0,732.0,,"https://images-eu.ssl-images-amazon.com/images/I/616v6VY8tlL._AC_UL300_SR300,200_.jpg",amazon|gtrends,62.84,62.84,0.0,,0.88,0.0,,MONITOR,rising,0.0,0.0,0.0,0.5,0.0,0.0,0.0,0.5,318,2026-07-07T17:09:43.281487,60.34,2.5
2026-07-07,7d05ac7d289c5151,"Whiskas Whiskas 1+ Tuna Chicken, Tuna 1.14 kg (12x0.09 kg) Wet Adult Cat Food",whiskas,cat_food,cat,,11.0,,4.4,,21.67,,552.0,https://rukminim2.flixcart.com/image/612/612/l572ufk0/pet-food/p/d/f/1-140-cat-12-853301006330-whiskas-original-imagfxgtkewhqvhh.jpeg?q=70,flipkart|gtrends,62.81,62.81,0.0,,0.87,0.0,,MONITOR,rising,0.0,0.0,0.0,0.5,0.0,0.0,0.0,1.0,319,2026-07-07T17:09:43.285395,59.69,3.12
2026-07-07,4af2f3649f510274,"Mcbazel Pet Razor, Waterproof Paw Hair Trimmer, Cat Clipper, Low Noise Dog Shaver, Rechargeable Paw Cutter with LED Light for",mcbazel,grooming,both,16.0,,4.4,,2611.0,13.5,383.0,,"https://images-eu.ssl-images-amazon.com/images/I/61Cs8agXLuL._AC_UL300_SR300,200_.jpg",amazon|gtrends,62.75,62.75,0.0,,0.87,0.0,,MONITOR,rising,0.0,0.0,0.0,0.5,0.0,0.0,0.0,1.0,320,2026-07-07T17:09:43.285795,59.63,3.12
2026-07-07,22d433fc2ff38b8c,"BARKZ & CLLAWZ Dog Snacks Protien Chicken & Mutton Chew Sticks (450g) Chicken, Mutton 0.45 kg Dry Adul...",barkz,dog_toys,dog,,15.0,,4.1,2690.0,3.0,,157.0,https://rukminim2.flixcart.com/image/312/312/xif0q/pet-food/y/m/v/0-9-dog-1-chew-mix-flavours-900-gram-dogs-snacks-treats-chicken-original-imah4y7uzzpa8dhq.jpeg?q=70,flipkart|gtrends,62.67,62.67,0.0,,0.88,0.0,,MONITOR,rising,0.0,0.0,0.0,0.5,0.0,0.0,0.0,0.5,321,2026-07-07T17:09:43.282946,60.17,2.5
2026-07-07,9287695e85233ee3,"MalsiPree Pet Grooming Brush For Dogs/Cats,2 In 1 Deshedding Tool & Undercoat Rake Dematting Comb For Mats,Reduces Shedding B",malsipree,grooming,both,17.0,,4.4,,9008.0,13.5,490.0,,"https://images-eu.ssl-images-amazon.com/images/I/81Sc7-abS+L._AC_UL300_SR300,200_.jpg",amazon|gtrends,62.64,62.64,0.0,,0.87,0.0,,MONITOR,rising,0.0,0.0,0.0,0.5,0.0,0.0,0.0,1.0,322,2026-07-07T17:09:43.286467,59.52,3.12
2026-07-07,7d6a357044c2eb32,Amazon Basics Premium Soft Velvet Cave House Bed for Toy Breed Dogs and Cats |Medium 59 x 56 x 48 cm,amazon basics,beds_accessories,both,14.0,,4.5,,780.0,20.5,1249.0,,"https://images-eu.ssl-images-amazon.com/images/I/818848PvqNL._AC_UL300_SR300,200_.jpg",amazon|gtrends,62.61,62.61,0.0,,0.87,0.0,,MONITOR,rising,0.0,0.0,0.0,0.5,0.0,0.0,0.0,1.0,323,2026-07-07T17:09:43.287053,59.49,3.12
2026-07-07,411bf411f2ef341f,"Qpets Cat Teaser Toy,11 Pcs Cats Toys Set with 2 Retractable Teaser Wand & 5 Feather Teaser & 4 Worm Teaser for Kitten to Pl",qpets,cat_toys,cat,11.0,,4.3,,118.0,4.0,524.0,,"https://images-eu.ssl-images-amazon.com/images/I/61VX2hT1NOL._AC_UL300_SR300,200_.jpg",amazon|gtrends,62.55,62.55,0.0,,0.87,0.0,,MONITOR,rising,0.0,0.0,0.0,0.5,0.0,0.0,0.0,1.0,324,2026-07-07T17:09:43.287515,59.43,3.12
2026-07-07,29e8a3502901dbfa,EC World Dog Toy Plastic Soft Toy For Dog,ec,dog_toys,dog,,5.0,,,,3.0,,344.0,https://rukminim2.flixcart.com/image/612/612/xif0q/pet-toy/w/1/k/2-dog-toy-ec-world-original-imahnhgxngjfbky4.jpeg?q=70,flipkart|gtrends,62.38,62.38,0.0,,0.88,0.0,,MONITOR,rising,0.0,0.0,0.0,0.5,0.0,0.0,0.0,0.0,325,2026-07-07T17:09:43.279418,60.5,1.88
2026-07-07,4076559b3df34b29,canna pet LONG NECK TOY FOR DOG XXL SIZE Microfibre Soft Toy For Dog & Cat,canna,dog_toys,both,,5.0,,,,3.0,,412.0,https://rukminim2.flixcart.com/image/612/612/xif0q/pet-toy/8/u/w/1-00019-canna-pet-original-imahntmvj23ppsbg.jpeg?q=70,flipkart|gtrends,62.38,62.38,0.0,,0.88,0.0,,MONITOR,rising,0.0,0.0,0.0,0.5,0.0,0.0,0.0,0.0,326,2026-07-07T17:09:43.279625,60.5,1.88
2026-07-07,502e605f98c16c6a,Whiskas (1+ Years) Chicken 1.12 kg (14x0.08 kg) Wet Adult Cat Food,whiskas,cat_food,cat,,12.0,,4.6,,21.67,,440.0,https://rukminim2.flixcart.com/image/612/612/xif0q/pet-food/y/m/o/-enriched-transparent-original-imah5z73ydkwdqx4.png?q=70,flipkart|gtrends,62.37,62.37,0.0,,0.87,0.0,,MONITOR,rising,0.0,0.0,0.0,0.5,0.0,0.0,0.0,1.0,327,2026-07-07T17:09:43.287727,59.25,3.12
2026-07-07,322a74fe1e4e5b0d,"TTW Stuffed Sleeping Cat Plush Toy With Press Simulation Sound, Animal Fur Soft Toy - 6 cm",ttw,cat_toys,cat,,9.0,,4.1,,4.0,,239.0,https://rukminim2.flixcart.com/image/612/612/xif0q/stuffed-toy/o/c/q/big-sleeping-cute-cat-for-car-dashboard-and-home-decor-with-original-imahadan7rf849me.jpeg?q=70,flipkart|gtrends,62.28,62.28,0.0,,0.87,0.0,,MONITOR,rising,0.0,0.0,0.0,0.5,0.0,0.0,0.0,0.5,328,2026-07-07T17:09:43.284780,59.78,2.5
2026-07-07,1019b22bf4f9e3f0,Bhadani Catnip Ball Bite-resistant Smooth Edge Rotating PP (Polypropylene) Treat Dispensing Toy For Cat,bhadani,cat_food,cat,,5.0,,,,21.67,,217.0,https://rukminim2.flixcart.com/image/612/612/xif0q/pet-toy/f/s/m/1-fmr78-right-traders-original-imahnhphdzk8fujr.jpeg?q=70,flipkart|gtrends,62.25,62.25,0.0,,0.88,0.0,,MONITOR,rising,0.0,0.0,0.0,0.5,0.0,0.0,0.0,0.0,329,2026-07-07T17:09:43.281055,60.37,1.88
2026-07-07,9b72f19ba9293cb2,Rvpaws Pet Training Clicker with Wrist Strap for Dog Plastic Training Aid For Dog,rvpaws,training,dog,,9.0,,3.8,,0.5,,167.0,https://rukminim2.flixcart.com/image/612/612/ktaeqvk0/pet-toy/s/9/f/mini-70-scooper-clicker-combo-foodiepuppies-original-imag6zy6fgknnspt.jpeg?q=70,flipkart|gtrends,62.24,62.24,0.0,,0.87,0.0,,MONITOR,rising,0.0,0.0,0.0,0.5,0.0,0.0,0.0,0.5,330,2026-07-07T17:09:43.284980,59.74,2.5
2026-07-07,4ada4b7fda9197f6,FUNABLO Baby Toys 12-18 Months Dancing Cat Toddlers Toys for 1 Year Old Boys Girls,funablo,cat_toys,cat,,4.0,,,,4.0,,4455.0,https://rukminim2.flixcart.com/image/612/612/xif0q/musical-toy/h/w/1/baby-toys-12-18-months-dancing-cat-toddlers-toys-for-1-year-old-original-imagpzqtmaggythy.jpeg?q=70,flipkart|gtrends,62.18,62.18,0.0,,0.88,0.0,,MONITOR,rising,0.0,0.0,0.0,0.5,0.0,0.0,0.0,0.0,331,2026-07-07T17:09:43.281910,60.3,1.88
2026-07-07,8a9707473c3b8f5d,"PETSWARE 5 in 1 Rose Cat Shampoo with Conditioner for Persian Cat & All Cat Types Anti-fungal, Anti-Bacterial, Conditioning, Flea and Tick, Whitening and Color Enhancing ROSE Cat Shampoo",petsware,grooming,cat,,10.0,,4.1,,13.5,,135.0,https://rukminim2.flixcart.com/image/612/612/xif0q/pet-shampoo/e/q/u/200-rose-cat-shampoo-200ml-5-in-1-cat-shampoo-with-conditioner-original-imahmmavx3zz35eh.jpeg?q=70,flipkart|gtrends,62.18,62.18,0.0,,0.87,0.0,,MONITOR,rising,0.0,0.0,0.0,0.5,0.0,0.0,0.0,0.5,332,2026-07-07T17:09:43.285595,59.68,2.5
2026-07-07,e75704ac2975717c,TTW Cat Soft Toys - Cat In Pink Basket Mini Kitten Doll With Realistic Meow Sounds - 6 cm,me-o,cat_toys,cat,,10.0,,4.2,,4.0,,369.0,https://rukminim2.flixcart.com/image/612/612/xif0q/stuffed-toy/3/v/g/white-cat-soft-toys-cat-in-basket-mini-kitten-doll-with-original-imahnfgzw95wrcf9.jpeg?q=70,flipkart|gtrends,62.18,62.18,0.0,,0.87,0.0,,MONITOR,rising,0.0,0.0,0.0,0.5,0.0,0.0,0.0,1.0,333,2026-07-07T17:09:43.288985,59.06,3.12
2026-07-07,ed9ec588b69895be,Royal Canin Kitten Jelly 1.02 kg (12x0.09 kg) Wet Young Cat Food,royal canin,cat_food,cat,,12.0,,4.5,,21.67,,1263.0,https://rukminim2.flixcart.com/image/612/612/jq8dgnk0/pet-food/n/5/g/1-02-cat-9003579311783-royal-canin-original-imafcaf4pwzmenh7.jpeg?q=70,flipkart|gtrends,62.09,62.09,0.0,,0.87,0.0,,MONITOR,rising,0.0,0.0,0.0,0.5,0.0,0.0,0.0,1.0,334,2026-07-07T17:09:43.289644,58.97,3.12
2026-07-07,cd390ad6a1ed41b3,RSE COLLECTION 3-in-1 Steam Pet Grooming Brush for Dogs & Cats | Silicone Massage Comb Electronic Comb for Dog & Cat,rse,grooming,both,,11.0,,4.2,,13.5,,178.0,https://rukminim2.flixcart.com/image/612/612/xif0q/pet-comb-brush/z/b/5/medium-elecomb01-rse-collection-original-imahhh3e7nnes52c.jpeg?q=70,flipkart|gtrends,62.08,62.08,0.0,,0.87,0.0,,MONITOR,rising,0.0,0.0,0.0,0.5,0.0,0.0,0.0,1.0,335,2026-07-07T17:09:43.289863,58.96,3.12
2026-07-07,db5c6dcd764fd89a,PAVITYAKSH RETRACTABLE DOG LACE 3M PLAIN Retractable Dog Leash 15 cm Dog & Cat Chain Leash,pavityaksh,collars_leashes,both,,9.0,,3.8,,5.0,,267.0,https://rukminim2.flixcart.com/image/612/612/xif0q/pet-leash-chain/a/z/y/retractable-dog-lace-3m-plain-pavityaksh-original-imah29jhunwzmakx.jpeg?q=70,flipkart|gtrends,62.04,62.04,0.0,,0.87,0.0,,MONITOR,rising,0.0,0.0,0.0,0.5,0.0,0.0,0.0,0.5,336,2026-07-07T17:09:43.286001,59.54,2.5
2026-07-07,3dd85b7fff201116,"Boltz 4 in 1 Dog & Cat Hair & Paw Trimmer with Nail Grinder – Silent Cordless Grooming Kit for Pets – USB Rechargeable, IPX7",boltz,grooming,both,11.0,,3.9,,196.0,13.5,2497.0,,"https://images-eu.ssl-images-amazon.com/images/I/61a4yUXbVuL._AC_UL300_SR300,200_.jpg",amazon|gtrends,62.02,62.02,0.0,,0.87,0.0,,MONITOR,rising,0.0,0.0,0.0,0.5,0.0,0.0,0.0,0.5,337,2026-07-07T17:09:43.286207,59.52,2.5
2026-07-07,a3e4b089adcf88ab,Plushmate Pet Training Clicker with Wrist Strap and Strap Hook Plastic Training Aid For Dog & Cat,plushmate,training,both,,5.0,,,,0.5,,145.0,https://rukminim2.flixcart.com/image/612/612/xif0q/pet-toy/g/0/t/1-pm-trainingclicker-aco19-blue-p1-plushmate-original-imah7jsywdt5jfny.jpeg?q=70,flipkart|gtrends,61.98,61.98,0.0,,0.88,0.0,,MONITOR,rising,0.0,0.0,0.0,0.5,0.0,0.0,0.0,0.0,338,2026-07-07T17:09:43.283360,60.1,1.88
2026-07-07,5932665b6d8685c3,gustave Insect Repellent Collar for Dogs Adjustable Silicone 8 Month Protection Dog Anti-tick Collar,gustave,training,dog,,5.0,,,,0.5,,307.0,https://rukminim2.flixcart.com/image/612/612/xif0q/pet-collar-harness/e/e/e/35-50-cm-insect-repellent-dog-collar-gustave-original-imahha6g8rnhvep6.jpeg?q=70,flipkart|gtrends,61.98,61.98,0.0,,0.88,0.0,,MONITOR,rising,0.0,0.0,0.0,0.5,0.0,0.0,0.0,0.0,339,2026-07-07T17:09:43.283558,60.1,1.88
2026-07-07,8bafef47b4dd19a2,"Drools Drools Absolute Cal+Vit+Skin&Coat (110 Tablets Each) Dog Supplement Chicken 1.2 kg (3x0.4 kg) Dry Adult, New Born, Senior, Young Dog Food",drools,health_wellness,dog,,12.0,,4.4,,0.5,,1314.0,https://rukminim2.flixcart.com/image/612/612/l0sgyvk0/pet-food/d/f/m/1-2-dog-3-absolute-cal-vit-skin-coat-110-tablets-each-drools-original-imagcgc8zbnwvpg5.jpeg?q=70,flipkart|gtrends,61.94,61.94,0.0,,0.87,0.0,,MONITOR,rising,0.0,0.0,0.0,0.5,0.0,0.0,0.0,1.0,340,2026-07-07T17:09:43.290263,58.82,3.12
2026-07-07,cf54eb93b831896d,"Lyrovo Adjustable No-Pull Dog Harness with Leash Set for Small, Medium & Large Dogs – Reflective, Breathable, Comfortable Ves",lyrovo,collars_leashes,dog,11.0,,4.1,,113.0,5.0,849.0,,"https://images-eu.ssl-images-amazon.com/images/I/71bRCC3rr4L._AC_UL300_SR300,200_.jpg",amazon|gtrends,61.94,61.94,0.0,,0.87,0.0,,MONITOR,rising,0.0,0.0,0.0,0.5,0.0,0.0,0.0,0.5,341,2026-07-07T17:09:43.287296,59.44,2.5
2026-07-07,912243c7e6645d4d,ORTIZA Cat Nail Cutter Scissor Nail Clipper,ortiza,grooming,cat,,12.0,,4.5,,13.5,,247.0,https://rukminim2.flixcart.com/image/612/612/xif0q/pet-nail-clipper/c/8/m/cat-nail-cutter-cute-brown-bear-design-dog-cat-nail-clippers-original-imah9av4fyfbp8sq.jpeg?q=70,flipkart|gtrends,61.92,61.92,0.0,,0.87,0.0,,MONITOR,rising,0.0,0.0,0.0,0.5,0.0,0.0,0.0,1.0,342,2026-07-07T17:09:43.290475,58.8,3.12
2026-07-07,5ad9947c2b397164,Foodie Puppies Colorful Cat Tunnel Toy for Indoor Cats (Slither Tunnel) | Foldable Interactive Play Tunnel with Peek Hole & H,foodie,cat_toys,both,12.0,,4.7,,7.0,4.0,490.0,,"https://images-eu.ssl-images-amazon.com/images/I/71X7ypHMwxL._AC_UL300_SR300,200_.jpg",amazon|gtrends,61.84,61.84,0.0,,0.87,0.0,,MONITOR,rising,0.0,0.0,0.0,0.5,0.0,0.0,0.0,1.0,343,2026-07-07T17:09:43.291099,58.72,3.12
2026-07-07,3971d142492c477a,"PetStar By Mankind Puppy Dog Food, High Protein Pack |Muscle Strength & Boosts Immunity Salmon, Rice 1...",petstar,dog_food,dog,,12.0,,4.5,6.0,18.0,,490.0,https://rukminim2.flixcart.com/image/312/312/xif0q/pet-food/n/p/u/1-dog-1-puppy-1-kg-salmon-rice-petstar-original-imahgzrfhhgm8gau.jpeg?q=70,flipkart|gtrends,61.82,61.82,0.0,,0.87,0.0,,MONITOR,rising,0.0,0.0,0.0,0.5,0.0,0.0,0.0,1.0,344,2026-07-07T17:09:43.291755,58.7,3.12
2026-07-07,c00cac21f7c1cd43,Zexsazone The round soft pet bed perfect for indoor cats puppies for all weather M Pet Bed M Pet Bed,zexsazone,beds_accessories,both,,12.0,,4.5,,20.5,,864.0,https://rukminim2.flixcart.com/image/612/612/xif0q/pet-bed/b/x/i/m-the-round-soft-pet-bed-perfect-for-indoor-cats-puppies-for-all-original-imahhczrathcz57g.jpeg?q=70,flipkart|gtrends,61.82,61.82,0.0,,0.87,0.0,,MONITOR,rising,0.0,0.0,0.0,0.5,0.0,0.0,0.0,1.0,345,2026-07-07T17:09:43.292104,58.7,3.12
2026-07-07,6c9999a56cf89aeb,"AMORITE Anti-Bacterial 160 Count Pet Wipes with Fresh Apple Scent for Dogs, Puppies & Pets (Pack of 2) Suitable for All Types",amorite,grooming,dog,15.0,,4.4,,1000.0,13.5,187.0,,"https://images-eu.ssl-images-amazon.com/images/I/714+F1Nxq1L._AC_UL300_SR300,200_.jpg",amazon|gtrends,61.8,61.8,0.0,,0.87,0.0,,MONITOR,rising,0.0,0.0,0.0,0.5,0.0,0.0,0.0,1.0,346,2026-07-07T17:09:43.292360,58.68,3.12
2026-07-07,1e9f373706031659,Bowlers Nutrimax Dry Dog Food Puppy Chicken & Milk 1.2 Kg | Stronger and sharper puppies Chicken 1.2 k...,bowlers,dog_food,dog,,13.0,,4.3,315.0,18.0,,262.0,https://rukminim2.flixcart.com/image/312/312/xif0q/pet-food/e/z/e/1-2-dog-1-nutrimax-puppy-chicken-milk-bowlers-original-imahkarbq9gvhtfk.jpeg?q=70,flipkart|gtrends,61.79,61.79,0.0,,0.87,0.0,,MONITOR,rising,0.0,0.0,0.0,0.5,0.0,0.0,0.0,1.0,347,2026-07-07T17:09:43.292591,58.67,3.12
2026-07-07,f3b01c66c91c409a,"Vetoquinol aRBCe Pet, Multivitamin supplement Syrup For Dogs & Cats Pet Health Supplements",vetoquinol,health_wellness,both,,13.0,,4.7,,0.5,,161.0,https://rukminim2.flixcart.com/image/612/612/xif0q/pet-health-supplement/d/t/m/200-arbce-pet-multivitamin-supplement-syrup-for-dogs-cats-original-imah23yyenwujj26.jpeg?q=70,flipkart|gtrends,61.78,61.78,0.0,,0.87,0.0,,MONITOR,rising,0.0,0.0,0.0,0.5,0.0,0.0,0.0,1.0,348,2026-07-07T17:09:43.292833,58.66,3.12
2026-07-07,390a5e2438ce0e37,"Provimi Pet Care Pethex Shampoo Anti-itching, Anti-parasitic, Anti-fungal, Anti-microbial Unscented Dog Shampoo",provimi,grooming,dog,,13.0,,4.8,,13.5,,288.0,https://rukminim2.flixcart.com/image/612/612/xif0q/pet-shampoo/3/x/d/200-pet-care-pethex-shampoo-provimi-original-imagwehzgzh283nd.jpeg?q=70,flipkart|gtrends,61.76,61.76,0.0,,0.87,0.0,,MONITOR,rising,0.0,0.0,0.0,0.5,0.0,0.0,0.0,1.0,349,2026-07-07T17:09:43.293050,58.64,3.12
2026-07-07,2fcdba57c3d0dfe9,"Foodie Puppies Self Cleaning Slicker, Pet Grooming Shedding Brush for Dogs and Cats (Push to Clean Slicker, Oval) - Easy to R",foodie,grooming,both,14.0,,4.2,,681.0,13.5,145.0,,"https://images-eu.ssl-images-amazon.com/images/I/61HJSSdQNOL._AC_UL300_SR300,200_.jpg",amazon|gtrends,61.69,61.69,0.0,,0.87,0.0,,MONITOR,rising,0.0,0.0,0.0,0.5,0.0,0.0,0.0,1.0,350,2026-07-07T17:09:43.293500,58.57,3.12
2026-07-07,a72796bf06c0bd2e,Beaphar HD Tablet Dog Joint Supplement for Hip Dysplasia & Joint Problems Pet Health Supplements,beaphar,health_wellness,dog,,12.0,,4.3,,0.5,,774.0,https://rukminim2.flixcart.com/image/612/612/xif0q/pet-health-supplement/c/7/r/60-hd-tablet-dog-joint-supplement-for-hip-dysplasia-joint-original-imahcsqfdcydkhuf.jpeg?q=70,flipkart|gtrends,61.66,61.66,0.0,,0.87,0.0,,MONITOR,rising,0.0,0.0,0.0,0.5,0.0,0.0,0.0,1.0,351,2026-07-07T17:09:43.293716,58.54,3.12
2026-07-07,fa23d4d1d9b9bcfb,Royal Canin Mother & BabyCat 1.2 kg Dry New Born Cat Food,royal canin,cat_food,cat,,13.0,,4.7,,21.67,,1306.0,https://rukminim2.flixcart.com/image/612/612/xif0q/pet-food/t/k/5/1-2-cat-1-3182550930888-royal-canin-original-imahbzpfshqwgffe.jpeg?q=70,flipkart|gtrends,61.65,61.65,0.0,,0.87,0.0,,MONITOR,rising,0.0,0.0,0.0,0.5,0.0,0.0,0.0,1.0,352,2026-07-07T17:09:43.293928,58.53,3.12
2026-07-07,122399f2ac1d871e,dubidu DG-10F-DC 300 cm Dog Chain Leash,dubidu,collars_leashes,dog,,10.0,,4.0,,5.0,,248.0,https://rukminim2.flixcart.com/image/612/612/xif0q/pet-leash-chain/m/u/w/dg-10f-dc-dubidu-original-imahkf94rpfzqhy5.jpeg?q=70,flipkart|gtrends,61.6,61.6,0.0,,0.87,0.0,,MONITOR,rising,0.0,0.0,0.0,0.5,0.0,0.0,0.0,0.5,353,2026-07-07T17:09:43.288515,59.1,2.5
2026-07-07,ff797967fd7f320b,tore Smni oA Set of 3pcs pet 10mm belt neck collar with bell neck strap for cats and puppies Dog & Cat Everyday Collar,tore,collars_leashes,both,,10.0,,4.0,,5.0,,130.0,https://rukminim2.flixcart.com/image/612/612/xif0q/pet-collar-harness/4/o/q/small-catcollar3-tore-smni-oa-original-imahdmutgjsvndvw.jpeg?q=70,flipkart|gtrends,61.6,61.6,0.0,,0.87,0.0,,MONITOR,rising,0.0,0.0,0.0,0.5,0.0,0.0,0.0,0.5,354,2026-07-07T17:09:43.288765,59.1,2.5
2026-07-07,a7ffc18f3822c123,"Virbac Canitone Joint Support, Nutritional supplement Tablets for Dogs and Cats Pet Health Supplements",virbac,health_wellness,both,,13.0,,4.6,,0.5,,439.0,https://rukminim2.flixcart.com/image/612/612/kesv0y80/pet-health-supplement/d/z/2/30-canitone-joint-support-nutritional-supplement-tablets-for-original-imafveqvstpvt4vz.jpeg?q=70,flipkart|gtrends,61.5,61.5,0.0,,0.87,0.0,,MONITOR,rising,0.0,0.0,0.0,0.5,0.0,0.0,0.0,1.0,355,2026-07-07T17:09:43.294741,58.38,3.12
2026-07-07,53ba13a1dfc72f3d,"Petroyale Allergy & Itch Chews for Dogs, Relief from Allergies, Hot Spots, Dry Skin For Pet Health Supplements",petroyale,health_wellness,dog,,11.0,,4.1,,0.5,,382.0,https://rukminim2.flixcart.com/image/612/612/xif0q/pet-health-supplement/s/k/j/20-allergy-itch-chews-for-dogs-relief-from-allergies-hot-spots-original-imahmrezwkqhezw5.jpeg?q=70,flipkart|gtrends,61.48,61.48,0.0,,0.87,0.0,,MONITOR,rising,0.0,0.0,0.0,0.5,0.0,0.0,0.0,0.5,356,2026-07-07T17:09:43.289428,58.98,2.5
2026-07-07,2984f74a12fc7868,Let's bite Active Chicken 10 Kg Dry Young Dog Food,lets,dog_food,dog,,12.0,,4.2,44.0,18.0,,1784.0,https://rukminim2.flixcart.com/image/312/312/xif0q/pet-food/b/c/z/-original-imahztyctvvszhad.jpeg?q=70,flipkart|gtrends,61.4,61.4,0.0,,0.87,0.0,,MONITOR,rising,0.0,0.0,0.0,0.5,0.0,0.0,0.0,1.0,357,2026-07-07T17:09:43.294949,58.28,3.12
2026-07-07,a59ab6704d4ab940,"Plushmate Plushmate x Petaholic Interactive Dog Squeaky Plush Squirrel Toy Copper, Polyester Squeaky Toy For Dog",plushmate,dog_toys,dog,,6.0,,,,3.0,,424.0,https://rukminim2.flixcart.com/image/612/612/xif0q/pet-toy/w/w/t/1-tyd12-plushmate-original-imahdyt3sxhurxus.jpeg?q=70,flipkart|gtrends,61.38,61.38,0.0,,0.87,0.0,,MONITOR,rising,0.0,0.0,0.0,0.5,0.0,0.0,0.0,0.0,358,2026-07-07T17:09:43.286803,59.5,1.88
2026-07-07,b63f8e08e2006c71,"chullbull pet products 36 Inch Pet Cage with Removable Tray (Dogs, Cats) Suitable for Large Breeds Hard Crate Pet Crate",chullbull,beds_accessories,both,,13.0,,4.7,,20.5,,3303.0,https://rukminim2.flixcart.com/image/612/612/xif0q/pet-crate/y/o/1/2-36-inch-pet-cage-with-removable-plastic-tray-dogs-cats-rabbits-original-imahyjmg9ugkzwhv.jpeg?q=70,flipkart|gtrends,61.38,61.38,0.0,,0.87,0.0,,MONITOR,rising,0.0,0.0,0.0,0.5,0.0,0.0,0.0,1.0,359,2026-07-07T17:09:43.295153,58.26,3.12
2026-07-07,0b9abb27707577f6,"ZEXSAZONE Folding Elevated Dog Bed 50x50x17 cm | Cooling Pet Cot for Small Dogs & Cats | Breathable Canvas Fabric, SS 302 Fra",zexsazone,beds_accessories,both,13.0,,4.5,,25.0,20.5,,,"https://images-eu.ssl-images-amazon.com/images/I/714b81xQv3L._AC_UL300_SR300,200_.jpg",amazon|gtrends,61.32,61.32,0.0,,0.87,0.0,,MONITOR,rising,0.0,0.0,0.0,0.5,0.0,0.0,0.0,1.0,360,2026-07-07T17:09:43.295582,58.2,3.12
2026-07-07,d0b77a034b067d23,"Royal Canin Mini Puppy Food, Dry Food, Supports Complex Natural Defence & digestive health, Supports Immune System, 800 Grams",royal canin,dog_food,dog,18.0,,4.4,,9339.0,18.0,882.0,,"https://images-eu.ssl-images-amazon.com/images/I/61EENt55NSL._AC_UL300_SR300,200_.jpg",amazon|gtrends,61.3,61.3,0.0,,0.87,0.0,,MONITOR,rising,0.0,0.0,0.0,0.5,0.0,0.0,0.0,1.0,361,2026-07-07T17:09:43.295990,58.18,3.12
2026-07-07,2b3660bdfc983c94,"PetJoy Cat Titans Tower, Interactive Cat Ball Toy, Game for Cats(Color may Vary) Plastic Training Aid, Tough Toy For Cat",petjoy,cat_toys,cat,,10.0,,4.1,,4.0,,285.0,https://rukminim2.flixcart.com/image/612/612/xif0q/pet-toy/g/e/l/1-pjct106-petjoy-original-imahjhzasrashhtf.jpeg?q=70,flipkart|gtrends,61.28,61.28,0.0,,0.87,0.0,,MONITOR,rising,0.0,0.0,0.0,0.5,0.0,0.0,0.0,0.5,362,2026-07-07T17:09:43.290685,58.78,2.5
2026-07-07,8801d74dcbb70df9,"Pet Life Anti Ticks & Lice Neem Dog Shampoo 60ml+ Dog Antiseptic Freshener Spray 60ml Flea and Tick, Conditioning, Anti-itching, Anti-fungal Fresh Fragrance, Safe Deodorizer Freshener, All Dog Breed Dog Shampoo",,health_wellness,dog,,11.0,,4.0,,0.5,,167.0,https://rukminim2.flixcart.com/image/612/612/xif0q/pet-shampoo/n/y/p/120-anti-ticks-lice-neem-dog-shampoo-60ml-dog-antiseptic-original-imagqy7pzv4xutkk.jpeg?q=70,flipkart|gtrends,61.2,61.2,0.0,,0.87,0.0,,MONITOR,rising,0.0,0.0,0.0,0.5,0.0,0.0,0.0,0.5,363,2026-07-07T17:09:43.291512,58.7,2.5
2026-07-07,0bc204d5e36be92e,"PetJoy Cat Toy Teaser Playing Stick with Mouse And Bell, Interactive Feather Wand Toy Wooden Stick For Cat",petjoy,cat_toys,cat,,11.0,,4.2,,4.0,,185.0,https://rukminim2.flixcart.com/image/612/612/xif0q/pet-toy/s/e/b/1-pjhe075-petjoy-enriched-transparent-original-imahhzphmv9nn84g.png?q=70,flipkart|gtrends,61.18,61.18,0.0,,0.87,0.0,,MONITOR,rising,0.0,0.0,0.0,0.5,0.0,0.0,0.0,1.0,364,2026-07-07T17:09:43.296892,58.06,3.12
2026-07-07,7eb910a2f520424d,Foodie Puppies Dog Training Walking Leash Rope - (Nylon Leash - 18mm) Dog Cord Leash for Medium to Large-Sized Dogs with Hook,foodie,collars_leashes,dog,15.0,,4.0,,2054.0,5.0,199.0,,"https://images-eu.ssl-images-amazon.com/images/I/71ms1P70B+L._AC_UL300_SR300,200_.jpg",amazon|gtrends,61.13,61.13,0.0,,0.87,0.0,,MONITOR,rising,0.0,0.0,0.0,0.5,0.0,0.0,0.0,0.5,365,2026-07-07T17:09:43.293278,58.63,2.5
2026-07-07,52165159929147fa,Whiskas (1+ Years) Tuna 1.12 kg (14x0.08 kg) Wet Adult Cat Food,whiskas,cat_food,cat,,13.0,,4.5,,21.67,,630.0,https://rukminim2.flixcart.com/image/612/612/xif0q/pet-food/d/s/i/-original-imaheszfsznuepft.jpeg?q=70,flipkart|gtrends,61.09,61.09,0.0,,0.86,0.0,,MONITOR,rising,0.0,0.0,0.0,0.5,0.0,0.0,0.0,1.0,366,2026-07-07T17:09:43.297773,57.97,3.12
2026-07-07,0397d43106f21cf6,FURPRO Puppy Toilet Training Pee Pad|Leak Proof Odour Free Mat 60x60cm 10Pieces Disposable Dog Diapers,furpro,training,dog,,6.0,,,,0.5,,400.0,https://rukminim2.flixcart.com/image/612/612/xif0q/pet-diaper/c/l/r/0-25-puppy-toilet-training-pee-pad-leak-proof-odour-free-mat-original-imahgv96xxhbcshm.jpeg?q=70,flipkart|gtrends,60.98,60.98,0.0,,0.87,0.0,,MONITOR,rising,0.0,0.0,0.0,0.5,0.0,0.0,0.0,0.0,367,2026-07-07T17:09:43.287947,59.1,1.88
2026-07-07,a480d6e17bf5687a,Petgrip PetGrip Dog Collar & Leash Set Small 4FT Red Dog Collar & Leash,petgrip,training,dog,,6.0,,,,0.5,,225.0,https://rukminim2.flixcart.com/image/612/612/xif0q/pet-collar-harness/n/v/n/small-pg-dcls-4ft-s-rd-petgrip-original-imahzwkyxqfnef3f.jpeg?q=70,flipkart|gtrends,60.98,60.98,0.0,,0.87,0.0,,MONITOR,rising,0.0,0.0,0.0,0.5,0.0,0.0,0.0,0.0,368,2026-07-07T17:09:43.288171,59.1,1.88
2026-07-07,4683b39d3824b51c,BarkButler x FOFOS Retractable Cat Worm Teaser - Interactive Cat Toys with Catnip - Cat Teaser Toy Set - Multicoloured,barkbutler,cat_toys,cat,14.0,,4.2,,733.0,4.0,330.0,,"https://images-eu.ssl-images-amazon.com/images/I/71W9h5S6ivL._AC_UL300_SR300,200_.jpg",amazon|gtrends,60.89,60.89,0.0,,0.86,0.0,,MONITOR,rising,0.0,0.0,0.0,0.5,0.0,0.0,0.0,1.0,369,2026-07-07T17:09:43.298746,57.77,3.12
2026-07-07,114e35d9dd289e82,Purepet Sea Food 6 kg Dry Adult Cat Food,purepet,cat_food,cat,,13.0,,4.4,,21.67,,849.0,https://rukminim2.flixcart.com/image/612/612/xif0q/pet-food/a/d/f/-original-imahn5y2tu7gfbhy.jpeg?q=70,flipkart|gtrends,60.81,60.81,0.0,,0.86,0.0,,MONITOR,rising,0.0,0.0,0.0,0.5,0.0,0.0,0.0,1.0,370,2026-07-07T17:09:43.299410,57.69,3.12
2026-07-07,44b0294e782b1260,CottonCat Cat Harness & Leash,cottoncat,collars_leashes,cat,,6.0,,,,5.0,,301.0,https://rukminim2.flixcart.com/image/612/612/xif0q/pet-collar-harness/v/c/c/small-cat-pro-harness-with-leash-cottoncat-original-imahmbxehanscf6m.jpeg?q=70,flipkart|gtrends,60.78,60.78,0.0,,0.87,0.0,,MONITOR,rising,0.0,0.0,0.0,0.5,0.0,0.0,0.0,0.0,371,2026-07-07T17:09:43.290063,58.9,1.88
2026-07-07,a6ebc94273b76eb1,Amazon Basics Leg Fold Dog Pet Bed | Durable Nylon Niwar | 42 × 36 × 12 Inch | Multi-Color,amazon basics,beds_accessories,dog,12.0,,4.0,,76.0,20.5,1689.0,,"https://images-eu.ssl-images-amazon.com/images/I/61r5I+vaAPL._AC_UL300_SR300,200_.jpg",amazon|gtrends,60.67,60.67,0.0,,0.87,0.0,,MONITOR,rising,0.0,0.0,0.0,0.5,0.0,0.0,0.0,0.5,372,2026-07-07T17:09:43.296187,58.17,2.5
2026-07-07,b29686356e562117,"Pet Life Organic Dog Shampoo Anti Tick & Flea For Pug Dog & Puppy | Healthy Shiny Coat Allergy Relief, Flea and Tick, Anti-itching, Conditioning Fresh Fragrance, Control Lice, Mites, Tick & Flea Shampoo For Dog, For All Dog Breed Dog Shampoo",,health_wellness,dog,,13.0,,4.3,,0.5,,265.0,https://rukminim2.flixcart.com/image/612/612/xif0q/pet-shampoo/r/d/s/200-neem-anti-tick-flea-dog-shampoo-for-pug-dog-puppy-healthy-original-imagtwxjg2b2fpja.jpeg?q=70,flipkart|gtrends,60.66,60.66,0.0,,0.86,0.0,,MONITOR,rising,0.0,0.0,0.0,0.5,0.0,0.0,0.0,1.0,373,2026-07-07T17:09:43.300248,57.54,3.12
2026-07-07,4b127b9a12aac877,"FRIEDERICH Pet Grooming Brush, Deshedding Tool & Undercoat Rake Dematting Comb Slicker Brushes for Dog & Cat",friederich,grooming,both,,13.0,,4.4,,13.5,,647.0,https://rukminim2.flixcart.com/image/612/612/xif0q/pet-comb-brush/f/l/u/large-pet-grooming-brush-2in1-deshedding-tool-undercoat-rake-original-imahg4pykucwu8xj.jpeg?q=70,flipkart|gtrends,60.64,60.64,0.0,,0.86,0.0,,MONITOR,rising,0.0,0.0,0.0,0.5,0.0,0.0,0.0,1.0,374,2026-07-07T17:09:43.300663,57.52,3.12
2026-07-07,f38a4b02412940f1,decorvaiz Squeaky Latex Ball for Dogs Rubber Ball For Dog,decorvaiz,dog_toys,dog,,11.0,,3.8,,3.0,,105.0,https://rukminim2.flixcart.com/image/612/612/xif0q/pet-toy/x/v/d/1-ball-decorvaiz-original-imah9szzawqnsxq9.jpeg?q=70,flipkart|gtrends,60.64,60.64,0.0,,0.87,0.0,,MONITOR,rising,0.0,0.0,0.0,0.5,0.0,0.0,0.0,0.5,375,2026-07-07T17:09:43.296444,58.14,2.5
2026-07-07,70b2289ce1fcfccd,JK INTERNATIONAL WHITE MUNCHIES PACK OF 10 STICK Milk Dog Treat,jk,training,dog,,13.0,,4.2,40.0,0.5,,172.0,https://rukminim2.flixcart.com/image/312/312/kf8kvbk0/pet-treat/d/v/s/200-dog-white-munchies-pack-of-10-stick-jk-international-original-imafvq5cma6hqz2u.jpeg?q=70,flipkart|gtrends,60.61,60.61,0.0,,0.86,0.0,,MONITOR,rising,0.0,0.0,0.0,0.5,0.0,0.0,0.0,1.0,376,2026-07-07T17:09:43.301691,57.49,3.12
2026-07-07,8235cb59a46a512e,"PEDIGREE 100% Nutrition Chicken, Egg, Rice 3 kg Dry Adult Dog Food",pedigree,dog_food,dog,,19.0,,4.5,12546.0,18.0,,711.0,https://rukminim2.flixcart.com/image/312/312/xif0q/pet-food/5/k/s/-enriched-transparent-original-imahjayznfdgdthm.png?q=70,flipkart|gtrends,60.58,60.58,0.0,,0.86,0.0,,MONITOR,rising,0.0,0.0,0.0,0.5,0.0,0.0,0.0,1.0,377,2026-07-07T17:09:43.301915,57.46,3.12
2026-07-07,883b9c9868236e09,"Berlin's PET ACCESSORIES Personalized Dog Harness with Pet Name & Phone Number, No Pull Dog Vest,Escape Proof Reflective Dog",berlins,collars_leashes,dog,12.0,,3.9,,148.0,5.0,454.0,,"https://images-eu.ssl-images-amazon.com/images/I/61hY6s4rnOL._AC_UL300_SR300,200_.jpg",amazon|gtrends,60.54,60.54,0.0,,0.87,0.0,,MONITOR,rising,0.0,0.0,0.0,0.5,0.0,0.0,0.0,0.5,378,2026-07-07T17:09:43.297362,58.04,2.5
2026-07-07,d8acf3eb72f42897,"amazon basics Large Elevated Cooling Pet Dog Cot Fabric Bed - 51 x 31 x 8 Inches, Grey",amazon basics,beds_accessories,dog,19.0,,4.4,,24058.0,20.5,2099.0,,"https://images-eu.ssl-images-amazon.com/images/I/71gw2oWnStS._AC_UL300_SR300,200_.jpg",amazon|gtrends,60.54,60.54,0.0,,0.86,0.0,,MONITOR,rising,0.0,0.0,0.0,0.5,0.0,0.0,0.0,1.0,379,2026-07-07T17:09:43.302128,57.42,3.12
2026-07-07,bb767d8f356d2bc7,"Burpy Tales Skin and Coat Supplement for Dogs with Sardine Oil, Omega 3 6, 400gm Pet Health Supplements",burpy,health_wellness,dog,,14.0,,4.6,,0.5,,489.0,https://rukminim2.flixcart.com/image/612/612/xif0q/pet-health-supplement/7/d/e/400-skin-and-coat-supplement-for-dogs-with-sardine-oil-omega-3-6-original-imahefxfgfwebtru.jpeg?q=70,flipkart|gtrends,60.5,60.5,0.0,,0.86,0.0,,MONITOR,rising,0.0,0.0,0.0,0.5,0.0,0.0,0.0,1.0,380,2026-07-07T17:09:43.302340,57.38,3.12
2026-07-07,c0da42566a002cb4,skyec Herbatake pet 100 ml liver tonic for dog & cat Pet Health Supplements,skyec,health_wellness,both,,14.0,,4.6,,0.5,,114.0,https://rukminim2.flixcart.com/image/612/612/xif0q/pet-health-supplement/y/u/m/100-herbatake-pet-100-ml-liver-tonic-for-dog-cat-skyec-original-imahehgxf56cwfqt.jpeg?q=70,flipkart|gtrends,60.5,60.5,0.0,,0.86,0.0,,MONITOR,rising,0.0,0.0,0.0,0.5,0.0,0.0,0.0,1.0,381,2026-07-07T17:09:43.302552,57.38,3.12
2026-07-07,bd73f5a25ea8dbfa,"ROMSAY Anti-Tick & Flea Neem Shampoo For Dogs & Cats 200ML Allergy Relief, Anti-dandruff, Anti-fungal, Anti-itching, Flea and Tick Fresh Notes, Neem Dog Shampoo",romsay,health_wellness,both,,12.0,,4.1,,0.5,,86.0,https://rukminim2.flixcart.com/image/612/612/l2qhjm80/pet-shampoo/x/c/8/200-anti-tick-flea-neem-shampoo-romsay-original-imageyh5etsez8x3.jpeg?q=70,flipkart|gtrends,60.48,60.48,0.0,,0.86,0.0,,MONITOR,rising,0.0,0.0,0.0,0.5,0.0,0.0,0.0,0.5,382,2026-07-07T17:09:43.297571,57.98,2.5
2026-07-07,c168fb929d84140b,Royal Canin MINI PUPPY 800GM Meat 0.8 kg Dry Young Dog Food,royal canin,dog_food,dog,,15.0,,4.6,253.0,18.0,,901.0,https://rukminim2.flixcart.com/image/312/312/knxiavk0/pet-food/o/h/q/0-800-dog-10121000-royal-canin-original-imag2gfhqszpeuzh.jpeg?q=70,flipkart|gtrends,60.45,60.45,0.0,,0.86,0.0,,MONITOR,rising,0.0,0.0,0.0,0.5,0.0,0.0,0.0,1.0,383,2026-07-07T17:09:43.302756,57.33,3.12
2026-07-07,5c0108ae572870d3,Qpets Cat Vest Harness with 1.5m Leash Adjustable Size Pet Vest Harness Breathable Suede Fabric with Safety Reflective Strip,qpets,collars_leashes,cat,14.0,,4.0,,780.0,5.0,420.0,,"https://images-eu.ssl-images-amazon.com/images/I/61W+G2Y3QDL._AC_UL300_SR300,200_.jpg",amazon|gtrends,60.39,60.39,0.0,,0.86,0.0,,MONITOR,rising,0.0,0.0,0.0,0.5,0.0,0.0,0.0,0.5,384,2026-07-07T17:09:43.298201,57.89,2.5
2026-07-07,78d2bb0d4aca5297,ORDER ON CLICK Dog Soft Toy ORDTD029 - 45 cm,order,dog_toys,dog,,7.0,,,,3.0,,133.0,https://rukminim2.flixcart.com/image/612/612/xif0q/stuffed-toy/7/5/s/dog-soft-toy-ordtd029-45-order-on-click-original-imahnwsstzqwwpyy.jpeg?q=70,flipkart|gtrends,60.38,60.38,0.0,,0.87,0.0,,MONITOR,rising,0.0,0.0,0.0,0.5,0.0,0.0,0.0,0.0,385,2026-07-07T17:09:43.294344,58.5,1.88
2026-07-07,26034fb88df43d6a,"Zenex Nutrical-CA Calcium,Phosphorous,Magnesium & Vitamin D Supplement for Dog & Cat Pet Health Supplements",zenex,health_wellness,both,,7.0,,,,0.5,,147.0,https://rukminim2.flixcart.com/image/612/612/xif0q/pet-health-supplement/p/g/f/30-nutrical-ca-calcium-phosphorous-magnesium-vitamin-d-original-imahnpb4dyrfbcps.jpeg?q=70,flipkart|gtrends,60.38,60.38,0.0,,0.87,0.0,,MONITOR,rising,0.0,0.0,0.0,0.5,0.0,0.0,0.0,0.0,386,2026-07-07T17:09:43.294545,58.5,1.88
2026-07-07,500710478c3a015f,"Pawmino Interactive Rolling Ball Toy for Dogs & Cats | Rechargeable Smart Ball | Silicone, Plastic Ball For Dog & Cat",pawmino,cat_toys,both,,11.0,,4.1,,4.0,,178.0,https://rukminim2.flixcart.com/image/612/612/xif0q/pet-toy/s/e/b/1-rolling-ball-toy-with-tail-and-light-for-dog-cat-pawmino-original-imahz2h8r3hcgqhm.jpeg?q=70,flipkart|gtrends,60.28,60.28,0.0,,0.86,0.0,,MONITOR,rising,0.0,0.0,0.0,0.5,0.0,0.0,0.0,0.5,387,2026-07-07T17:09:43.298471,57.78,2.5
2026-07-07,e6b208e7662272f7,LICKICIOUS Optima Dry Dog Food Adult 10 KG | Chicken & Vegetable | Complete and Balanced Optimum Nutrition for Pedigree Dogs,pedigree,dog_food,dog,13.0,,3.8,,516.0,18.0,1118.0,,"https://images-eu.ssl-images-amazon.com/images/I/71Edsq9v8sL._AC_UL300_SR300,200_.jpg",amazon|gtrends,60.27,60.27,0.0,,0.86,0.0,,MONITOR,rising,0.0,0.0,0.0,0.5,0.0,0.0,0.0,0.5,388,2026-07-07T17:09:43.298974,57.77,2.5
2026-07-07,becd39e49a5501b6,"HASTHIP Cat Water Fountain with LED Light, 67oz/2.0L, Ultra Quiet Cat Drinking",hasthip,beds_accessories,cat,,13.0,,4.3,,20.5,,1654.0,https://rukminim2.flixcart.com/image/612/612/xif0q/pet-fountain/l/o/k/1-5-automatic-pet-water-fountain-with-led-light-cat-drinking-original-imahyw7btems962h.jpeg?q=70,flipkart|gtrends,60.26,60.26,0.0,,0.86,0.0,,MONITOR,rising,0.0,0.0,0.0,0.5,0.0,0.0,0.0,1.0,389,2026-07-07T17:09:43.303559,57.14,3.12
2026-07-07,b142e35f78de7a43,Tinyfingers Puppy Cotton Reflective Padded Harness & Leash Set for Small Dogs & Cats Adjustable no Pull Harness Set with Owl,tinyfingers,collars_leashes,both,13.0,,4.2,,19.0,5.0,469.0,,"https://images-eu.ssl-images-amazon.com/images/I/51n1yDrr7EL._AC_UL300_SR300,200_.jpg",amazon|gtrends,60.22,60.22,0.0,,0.86,0.0,,MONITOR,rising,0.0,0.0,0.0,0.5,0.0,0.0,0.0,1.0,390,2026-07-07T17:09:43.303959,57.1,3.12
2026-07-07,79e0f377d1255915,"Procott Shampoo for all types of Dogs & Cats Conditioning Natural Dog, Cat Shampoo",procott,grooming,both,,14.0,,4.6,,13.5,,160.0,https://rukminim2.flixcart.com/image/612/612/xif0q/pet-shampoo/y/5/e/275-shampoo-for-all-types-of-dogs-cats-procott-original-imahmqkjjmcqrxdu.jpeg?q=70,flipkart|gtrends,60.2,60.2,0.0,,0.86,0.0,,MONITOR,rising,0.0,0.0,0.0,0.5,0.0,0.0,0.0,1.0,391,2026-07-07T17:09:43.304787,57.08,3.12
2026-07-07,265cbb826b13a516,SUIinterprise Small Dog Teddy Bear Soft Toy - 28 cm,suiinterprise,dog_toys,dog,,12.0,,4.0,,3.0,,212.0,https://rukminim2.flixcart.com/image/612/612/xif0q/stuffed-toy/0/l/h/small-dog-teddy-bear-soft-toy-28-suiinterprise-original-imagkab2xnuesd54.jpeg?q=70,flipkart|gtrends,60.2,60.2,0.0,,0.86,0.0,,MONITOR,rising,0.0,0.0,0.0,0.5,0.0,0.0,0.0,0.5,392,2026-07-07T17:09:43.299195,57.7,2.5
2026-07-07,097b2e5e6b2cc3c8,Royal Canin Indoor 27 Dry Cat Food 2 kg Dry Adult Cat Food,royal canin,cat_food,cat,,14.0,,4.5,,21.67,,1988.0,https://rukminim2.flixcart.com/image/612/612/xif0q/pet-food/y/d/p/2-cat-pfdf3kyeehkzauzx-royal-canin-enriched-transparent-original-imaf3v8evvfwzr7k.png?q=70,flipkart|gtrends,60.09,60.09,0.0,,0.86,0.0,,MONITOR,rising,0.0,0.0,0.0,0.5,0.0,0.0,0.0,1.0,393,2026-07-07T17:09:43.305192,56.97,3.12
2026-07-07,f048f4b9cba78231,Whiskas (1+ Years) Chicken 3 kg Dry Adult Cat Food,whiskas,cat_food,cat,,14.0,,4.5,,21.67,,1030.0,https://rukminim2.flixcart.com/image/612/612/xif0q/pet-food/b/r/u/-original-imahkyff3hhczxpx.jpeg?q=70,flipkart|gtrends,60.09,60.09,0.0,,0.86,0.0,,MONITOR,rising,0.0,0.0,0.0,0.5,0.0,0.0,0.0,1.0,394,2026-07-07T17:09:43.305393,56.97,3.12
2026-07-07,716c42ccbf4aef84,DogTrust Single-Door Folding Metal Dog 18 Inch Cage with Paw Protector Cage Seed Catcher,dogtrust,beds_accessories,dog,,12.0,,4.1,,20.5,,812.0,https://rukminim2.flixcart.com/image/612/612/kyyqpow0/cage-seed-catcher/0/4/a/single-door-folding-metal-dog-18-inch-cage-with-paw-protector-original-imag7942ahptzemf.jpeg?q=70,flipkart|gtrends,60.08,60.08,0.0,,0.86,0.0,,MONITOR,rising,0.0,0.0,0.0,0.5,0.0,0.0,0.0,0.5,395,2026-07-07T17:09:43.299617,57.58,2.5
2026-07-07,4db67bcc3cd45ad8,"flufy care co Lavender Cat Shampoo Combo – 200ml + 200ml | Dual Pack | Anti-Odor, Gentle, Allergy Relief, Anti-dandruff, Anti-fungal, Anti-Inflammatory, Flea and Tick LAVENDER Cat Shampoo",flufy,grooming,cat,,13.0,,4.2,,13.5,,180.0,https://rukminim2.flixcart.com/image/612/612/xif0q/pet-shampoo/7/m/l/400-lvctco-400-flufy-care-co-original-imahgkhhectftyya.jpeg?q=70,flipkart|gtrends,60.08,60.08,0.0,,0.86,0.0,,MONITOR,rising,0.0,0.0,0.0,0.5,0.0,0.0,0.0,1.0,396,2026-07-07T17:09:43.305602,56.96,3.12
2026-07-07,9dc8b34e1b6f268f,PetStar Kitten Tuna 1 kg Dry Young Cat Food,petstar,cat_food,cat,,12.0,,4.0,,21.67,,318.0,https://rukminim2.flixcart.com/image/612/612/xif0q/pet-food/z/k/s/1-cat-1-kitten-cat-food-tuna-flavour-1-kg-petstar-original-imahgj6fgdrqjzqa.jpeg?q=70,flipkart|gtrends,60.07,60.07,0.0,,0.86,0.0,,MONITOR,rising,0.0,0.0,0.0,0.5,0.0,0.0,0.0,0.5,397,2026-07-07T17:09:43.299817,57.57,2.5
2026-07-07,d3ddca80b3253091,Rvpaws Nylon Leash Dog Rope for Adult (Blue) 152 cm Dog Cord Leash,rvpaws,collars_leashes,dog,,13.0,,4.3,,5.0,,127.0,https://rukminim2.flixcart.com/image/612/612/kikluvk0-0/pet-leash-chain/f/j/6/rope03-alcazar-original-imafybbgpga3unrz.jpeg?q=70,flipkart|gtrends,60.06,60.06,0.0,,0.86,0.0,,MONITOR,rising,0.0,0.0,0.0,0.5,0.0,0.0,0.0,1.0,398,2026-07-07T17:09:43.305800,56.94,3.12
2026-07-07,2d5b55cc79022034,CottonCat Dog Buckle Harness,cottoncat,collars_leashes,dog,,11.0,,3.8,,5.0,,333.0,https://rukminim2.flixcart.com/image/612/612/xif0q/pet-collar-harness/m/d/1/large-star-harness-cottoncat-original-imahkd8zy8zhtrmc.jpeg?q=70,flipkart|gtrends,60.04,60.04,0.0,,0.86,0.0,,MONITOR,rising,0.0,0.0,0.0,0.5,0.0,0.0,0.0,0.5,399,2026-07-07T17:09:43.300017,57.54,2.5
2026-07-07,f680f07a10b7932f,"SENAPATI Dog Belts Neck Collar and Leash Set (Waterproof, Medium, Leash Size 1.5M-2M) Dog Harness & Leash",senapati,collars_leashes,dog,,11.0,,3.8,,5.0,,127.0,https://rukminim2.flixcart.com/image/612/612/kms2j680/pet-collar-harness/1/w/p/25-35-cm-dog-harness-and-rope-set-senapati-original-imagfhz5zhzueetz.jpeg?q=70,flipkart|gtrends,60.04,60.04,0.0,,0.86,0.0,,MONITOR,rising,0.0,0.0,0.0,0.5,0.0,0.0,0.0,0.5,400,2026-07-07T17:09:43.300459,57.54,2.5
2026-07-07,c91705438f48f586,BARK OUT LOUD - Dental Treats | Brush Shape Dog Chews | Removes Plaque/Tartar | Fresh Smell | Oral Care Gluten Free| Chicken,bark,health_wellness,dog,16.0,,4.4,,429.0,0.5,227.0,,"https://images-eu.ssl-images-amazon.com/images/I/6178qIV7s6L._AC_UL300_SR300,200_.jpg",amazon|gtrends,60.01,60.01,0.0,,0.86,0.0,,MONITOR,rising,0.0,0.0,0.0,0.5,0.0,0.0,0.0,1.0,401,2026-07-07T17:09:43.307089,56.89,3.12
2026-07-07,805ad7478e2721b5,"FUR BALL STORY Eczo Pet Anti Fungal & Anti Bacterial Cream|Itchy Skin Treatment for Dogs & Cats | Helps with Eczema, Ringworm",fur,health_wellness,both,15.0,,4.1,,633.0,0.5,163.0,,"https://images-eu.ssl-images-amazon.com/images/I/61WvskuayrL._AC_UL300_SR300,200_.jpg",amazon|gtrends,60.0,60.0,0.0,,0.86,0.0,,MONITOR,rising,0.0,0.0,0.0,0.5,0.0,0.0,0.0,0.5,402,2026-07-07T17:09:43.301084,57.5,2.5
2026-07-07,7f1a8917326c7892,"Dr. vet simba Allergy Relief, Anti-dandruff, Anti-itching, Flea and Tick, Conditioning Floral Dog Shampoo",dr,health_wellness,dog,,14.0,,4.4,,0.5,,222.0,https://rukminim2.flixcart.com/image/612/612/xif0q/pet-shampoo/j/c/p/295-general-cleansing-tick-and-flea-herbal-shampoo-soap-pet-coat-original-imah34mhcfym45zd.jpeg?q=70,flipkart|gtrends,59.94,59.94,0.0,,0.86,0.0,,MONITOR,stable,0.0,0.0,0.0,0.5,0.0,0.0,0.0,1.0,403,2026-07-07T17:09:43.308608,56.82,3.12
2026-07-07,99e57c2284c34536,"PEDIGREE Gravy Chicken, Liver Chunks 70 g Wet Adult Dog Food",pedigree,dog_food,dog,,20.0,,4.6,34413.0,18.0,,13.0,https://rukminim2.flixcart.com/image/312/312/xif0q/pet-treat/c/4/m/-enriched-transparent-original-imahhszjq5rnp3nj.png?q=70,flipkart|gtrends,59.86,59.86,0.0,,0.86,0.0,,MONITOR,stable,0.0,0.0,0.0,0.5,0.0,0.0,0.0,1.0,404,2026-07-07T17:09:43.309045,56.74,3.12
2026-07-07,b71900d841717b1f,Purepet Puppy Dry Dog Food 1kg | Chicken & Vegetable Flavour | Promotes Health & Vitality | Immune Support | Healthy Digestio,purepet,dog_food,dog,17.0,,4.4,,1260.0,18.0,165.0,,"https://images-eu.ssl-images-amazon.com/images/I/71bJQY-hwUL._AC_UL300_SR300,200_.jpg",amazon|gtrends,59.85,59.85,0.0,,0.86,0.0,,MONITOR,stable,0.0,0.0,0.0,0.5,0.0,0.0,0.0,1.0,405,2026-07-07T17:09:43.309249,56.73,3.12
2026-07-07,068fecba35f0d9b0,decorvaiz Cat Brush & Comb-Cat Hair Brush-(Multicolor) Slicker Brushes for Cat,decorvaiz,grooming,cat,,14.0,,4.4,,13.5,,140.0,https://rukminim2.flixcart.com/image/612/612/xif0q/pet-comb-brush/k/w/7/medium-cat-brush-comb-decorvaiz-original-imahdny2g6erneha.jpeg?q=70,flipkart|gtrends,59.64,59.64,0.0,,0.86,0.0,,MONITOR,stable,0.0,0.0,0.0,0.5,0.0,0.0,0.0,1.0,406,2026-07-07T17:09:43.310293,56.52,3.12
2026-07-07,6d204eee52e90b79,Dr Pet Anti Tick Flea Dog Liquid Shampoo 100ml Medicated Pet Care Deep Cleaning Shine Flea and Tick Herbal Natural Dog Shampoo,dr,health_wellness,dog,,16.0,,5.0,,0.5,,182.0,https://rukminim2.flixcart.com/image/612/612/xif0q/pet-shampoo/l/r/4/100-dog-liquid-smpo-100ml-pump-dr-pet-original-imahmzfreahzmqnt.jpeg?q=70,flipkart|gtrends,59.62,59.62,0.0,,0.86,0.0,,MONITOR,stable,0.0,0.0,0.0,0.5,0.0,0.0,0.0,1.0,407,2026-07-07T17:09:43.310498,56.5,3.12
2026-07-07,500dbd6a61b4f5aa,"Qpets Cat Chasing Toy, USB Laser Pointer for Chasing Interactive Cat Toy 3 in 1 Laser Pen Checking Cat Skin/White Light Illu",qpets,cat_toys,cat,15.0,,4.2,,595.0,4.0,458.0,,"https://images-eu.ssl-images-amazon.com/images/I/51M026isFkL._AC_UL300_SR300,200_.jpg",amazon|gtrends,59.62,59.62,0.0,,0.86,0.0,,MONITOR,stable,0.0,0.0,0.0,0.5,0.0,0.0,0.0,1.0,408,2026-07-07T17:09:43.311139,56.5,3.12
2026-07-07,8569a75da212a39f,Sunkizzrs Cat Toys - Interactive Toy Set with Retractable Teaser Wands and Feather Toys - Activity Toys to Exercise Cats and,sunkizzrs,cat_toys,cat,13.0,,4.1,,171.0,4.0,299.0,,"https://images-eu.ssl-images-amazon.com/images/I/71qhW3MptBL._AC_UL300_SR300,200_.jpg",amazon|gtrends,59.59,59.59,0.0,,0.86,0.0,,MONITOR,stable,0.0,0.0,0.0,0.5,0.0,0.0,0.0,0.5,409,2026-07-07T17:09:43.304573,57.09,2.5
2026-07-07,a91378623b3b7893,"Me-O Meo Creamy treats Salmon flavor 20pc x 15g each (300g) Salmon 0.3 kg Wet Adult, Senior, Young Cat Food",me-o,cat_food,cat,,14.0,,4.3,,21.67,,508.0,https://rukminim2.flixcart.com/image/612/612/xif0q/pet-food/r/r/i/0-300-cat-1-45234532-me-o-original-imaggad5kphzkzyy.jpeg?q=70,flipkart|gtrends,59.53,59.53,0.0,,0.86,0.0,,MONITOR,stable,0.0,0.0,0.0,0.5,0.0,0.0,0.0,1.0,410,2026-07-07T17:09:43.311962,56.41,3.12
2026-07-07,b30d27c0601a2f72,"ZENIPUP Premium Dog Bed with Free Blanket for Small, Medium & Large Dogs | Soft Fur Orthopedic Washable Pet Bed with Fiber Fi",zenipup,beds_accessories,dog,16.0,,5.0,,9.0,20.5,,,"https://images-eu.ssl-images-amazon.com/images/I/51GLu60naLL._AC_UL300_SR300,200_.jpg",amazon|gtrends,59.52,59.52,0.0,,0.86,0.0,,MONITOR,stable,0.0,0.0,0.0,0.5,0.0,0.0,0.0,1.0,411,2026-07-07T17:09:43.312172,56.4,3.12
2026-07-07,71dca16800ec2bd2,"Agirav Tails Cat Toys,Agile Moving Ball with Elastic Mesh Tail,Interactive Cat Toy for Indoor Cats,Motion Activated,Ultra-Fas",agirav,cat_toys,cat,1.0,,3.4,,302.0,4.0,189.0,,"https://images-eu.ssl-images-amazon.com/images/I/31WBAa7bh5L._AC_UL300_SR300,200_.jpg",amazon|gtrends,59.44,59.44,0.0,,0.99,0.1,LOW_RATING_PENALTY,REVIEW_MANUALLY,stable,0.0,0.0,0.0,0.5,0.0,0.0,0.0,0.0,412,2026-07-07T17:09:43.234544,67.56,1.88
2026-07-07,2580c8ed2558b46f,"Bhadani Interactive Play Dental Health Teething Relief 5 in 1 Rope Combo Toys Cotton Tug Toy, Fetch Toy, Tough Toy For Dog",bhadani,dog_toys,dog,,8.0,,,,3.0,,265.0,https://rukminim2.flixcart.com/image/612/612/xif0q/pet-toy/n/n/m/5-fdgdgokl-right-traders-original-imahnhphqzunfzzj.jpeg?q=70,flipkart|gtrends,59.38,59.38,0.0,,0.86,0.0,,MONITOR,stable,0.0,0.0,0.0,0.5,0.0,0.0,0.0,0.0,413,2026-07-07T17:09:43.300865,57.5,1.88
2026-07-07,2c943565288b4313,Fun Zoo Toys Brown Dog Soft Toy - 24 cm,fun,dog_toys,dog,,8.0,,,,3.0,,342.0,https://rukminim2.flixcart.com/image/612/612/xif0q/stuffed-toy/y/i/i/brown-dog-soft-toy-24-fun-zoo-toys-original-imahkz925jdgp8dk.jpeg?q=70,flipkart|gtrends,59.38,59.38,0.0,,0.86,0.0,,MONITOR,stable,0.0,0.0,0.0,0.5,0.0,0.0,0.0,0.0,414,2026-07-07T17:09:43.301289,57.5,1.88
2026-07-07,95cd1d72698c56ea,"Furever Fur-Bone, Calcium Tablets for Dogs, Cats and Pets Pet Health Supplements",furever,health_wellness,both,,8.0,,,,0.5,,252.0,https://rukminim2.flixcart.com/image/612/612/xif0q/pet-health-supplement/j/n/j/60-fur-bone-calcium-tablets-for-dogs-cats-and-pets-furever-original-imahna8azhvmq3pt.jpeg?q=70,flipkart|gtrends,59.38,59.38,0.0,,0.86,0.0,,MONITOR,stable,0.0,0.0,0.0,0.5,0.0,0.0,0.0,0.0,415,2026-07-07T17:09:43.301491,57.5,1.88
2026-07-07,f95d156341ad1d5e,"Amazon Basics Pet Bed | Medium| Reversible Premium Velvet Pet Bed for Cats & Small/Medium Dogs (Pug, Beagle, French Bulldog)",amazon basics,beds_accessories,both,15.0,,3.8,,953.0,20.5,699.0,,"https://images-eu.ssl-images-amazon.com/images/I/61Zt5MLFRhL._AC_UL300_SR300,200_.jpg",amazon|gtrends,59.33,59.33,0.0,,0.86,0.0,,MONITOR,stable,0.0,0.0,0.0,0.5,0.0,0.0,0.0,0.5,416,2026-07-07T17:09:43.308400,56.83,2.5
2026-07-07,ffb6c78643caf48a,SENAPATI Dog Collar & Leash,senapati,collars_leashes,dog,,12.0,,3.9,,5.0,,129.0,https://rukminim2.flixcart.com/image/612/612/xif0q/pet-collar-harness/9/i/a/large-harness-3pc-decorvaiz-original-imah3nmx6e9hdgep.jpeg?q=70,flipkart|gtrends,59.32,59.32,0.0,,0.86,0.0,,MONITOR,stable,0.0,0.0,0.0,0.5,0.0,0.0,0.0,0.5,417,2026-07-07T17:09:43.308824,56.82,2.5
2026-07-07,0ef8312d7a1576bd,FURRLOVERS Multi-Level Cat Tree with Scratching Posts and Platforms (Green - FURR-11),furrlovers,beds_accessories,cat,15.0,,4.3,,103.0,20.5,1899.0,,"https://images-eu.ssl-images-amazon.com/images/I/71s7Tt1B0IL._AC_UL300_SR300,200_.jpg",amazon|gtrends,59.27,59.27,0.0,,0.86,0.0,,MONITOR,stable,0.0,0.0,0.0,0.5,0.0,0.0,0.0,1.0,418,2026-07-07T17:09:43.313189,56.15,3.12
2026-07-07,d86bc5b4a0ddd1bd,Royal Canin Giant Puppy 1 kg Dry Young Dog Food,royal canin,dog_food,dog,,16.0,,4.3,493.0,18.0,,1000.0,https://rukminim2.flixcart.com/image/312/312/jt7jhjk0/pet-food/2/g/3/3-5-dog-rc01-royal-canin-original-imafcaff72ahmydr.jpeg?q=70,flipkart|gtrends,59.24,59.24,0.0,,0.86,0.0,,MONITOR,stable,0.0,0.0,0.0,0.5,0.0,0.0,0.0,1.0,419,2026-07-07T17:09:43.313389,56.12,3.12
2026-07-07,029c54d93a795fcd,Bhambhu Store Musical Sleeping Cat Plush Soft Toy with Cushion Bed - 5 cm,bhambhu,cat_toys,cat,,7.0,,,,4.0,,232.0,https://rukminim2.flixcart.com/image/612/612/xif0q/stuffed-toy/k/p/l/musical-sleeping-cat-plush-soft-toy-with-cushion-bed-5-original-imahzg4fhs8nyxty.jpeg?q=70,flipkart|gtrends,59.18,59.18,0.0,,0.86,0.0,,MONITOR,stable,0.0,0.0,0.0,0.5,0.0,0.0,0.0,0.0,420,2026-07-07T17:09:43.302956,57.3,1.88
2026-07-07,5b0c9c610a804992,"WAKTORO Cat Toys for Indoor Cats,Interactive Cat Toy with 2-Speed Adjustment Plastic Training Aid For Dog & Cat",waktoro,cat_toys,both,,7.0,,,,4.0,,649.0,https://rukminim2.flixcart.com/image/612/612/xif0q/pet-toy/e/c/e/1-remote-control-automatic-cat-exercise-toys-waktoro-original-imahjj6sazkwhxgt.jpeg?q=70,flipkart|gtrends,59.18,59.18,0.0,,0.86,0.0,,MONITOR,stable,0.0,0.0,0.0,0.5,0.0,0.0,0.0,0.0,421,2026-07-07T17:09:43.303154,57.3,1.88
2026-07-07,46a3b1efd3350ebb,Berlin's Adjustable Cat Cone for Kitten Size 3 Small Plastic E-Collar Protective Collar After Surgery Anti-Bite Lick Wound He,berlins,health_wellness,cat,13.0,,3.8,,27.0,0.5,189.0,,"https://images-eu.ssl-images-amazon.com/images/I/612OxkXbb4L._AC_UL300_SR300,200_.jpg",amazon|gtrends,59.16,59.16,0.0,,0.86,0.0,,MONITOR,stable,0.0,0.0,0.0,0.5,0.0,0.0,0.0,0.5,422,2026-07-07T17:09:43.309456,56.66,2.5
2026-07-07,6ea4cb8e95b84277,"Meat Up Meat and Rice Adult Dry Dog Food, Total 6 kg",meat up,dog_food,dog,19.0,,4.2,,2895.0,18.0,781.0,,"https://images-eu.ssl-images-amazon.com/images/I/71APA8WWBiL._AC_UL300_SR300,200_.jpg",amazon|gtrends,59.12,59.12,0.0,,0.85,0.0,,MONITOR,stable,0.0,0.0,0.0,0.5,0.0,0.0,0.0,1.0,423,2026-07-07T17:09:43.313795,56.0,3.12
2026-07-07,97f1daa8af58ede6,Royal Canin Instinctive 1.02 kg (12x0.09 kg) Wet Adult Cat Food,royal canin,cat_food,cat,,15.0,,4.5,,21.67,,1266.0,https://rukminim2.flixcart.com/image/612/612/xif0q/pet-food/e/c/b/-enriched-transparent-original-imagjgvgwfk9cztb.png?q=70,flipkart|gtrends,59.09,59.09,0.0,,0.85,0.0,,MONITOR,stable,0.0,0.0,0.0,0.5,0.0,0.0,0.0,1.0,424,2026-07-07T17:09:43.314009,55.97,3.12
2026-07-07,0eec20e488c39644,"Extick Anti-Ticks Shampoo Flea and Tick, Anti-Bacterial, Anti-dandruff Aloe Dog, Cat Shampoo",extick,grooming,both,,8.0,,,,13.5,,416.0,https://rukminim2.flixcart.com/image/612/612/xif0q/pet-shampoo/6/w/b/400-anti-ticks-pet-shampoo-2x200-extick-original-imahnuqqhrg2kfnx.jpeg?q=70,flipkart|gtrends,59.08,59.08,0.0,,0.86,0.0,,MONITOR,stable,0.0,0.0,0.0,0.5,0.0,0.0,0.0,0.0,425,2026-07-07T17:09:43.303357,57.2,1.88
2026-07-07,e4303f00e764ea54,SECOM Dog Training Pads/Training Pee and Potty Pads with Quick Drying Surface and Absorbent Core/Suitable for Small/Large Breed Puppies /20 Count/Size: XL/L-60 cm X H- 90 cm Disposable Dog Diapers,secom,training,dog,,13.0,,4.1,,0.5,,256.0,https://rukminim2.flixcart.com/image/612/612/khtghow0-0/pet-diaper/r/j/u/upto-5-kg-dog-training-pads-training-pee-and-potty-pads-with-original-imafxqtq6jqqeg29.jpeg?q=70,flipkart|gtrends,59.08,59.08,0.0,,0.86,0.0,,MONITOR,stable,0.0,0.0,0.0,0.5,0.0,0.0,0.0,0.5,426,2026-07-07T17:09:43.309883,56.58,2.5
2026-07-07,fb3e5ca2ad90af3a,PetJoy Cat Scratching Pad,petjoy,cat_food,cat,,13.0,,4.0,,21.67,,247.0,https://rukminim2.flixcart.com/image/612/612/xif0q/cat-scratching-post/o/e/h/cat-scratcher-cardboard-2-in-1-reversible-scratching-pad-original-imah77s9rmsuxhdp.jpeg?q=70,flipkart|gtrends,59.07,59.07,0.0,,0.86,0.0,,MONITOR,stable,0.0,0.0,0.0,0.5,0.0,0.0,0.0,0.5,427,2026-07-07T17:09:43.310086,56.57,2.5
2026-07-07,44bf3ce0faa58bec,"Amazon Basics Cat Scratch Pad | Adhesive Scratching Mat for Cats | Protects Furniture, Walls & Sofa | Cuttable Design with Fi",amazon basics,beds_accessories,cat,19.0,,4.7,,1326.0,20.5,439.0,,"https://images-eu.ssl-images-amazon.com/images/I/71V0rS0s67L._AC_UL300_SR300,200_.jpg",amazon|gtrends,59.02,59.02,0.0,,0.85,0.0,,MONITOR,stable,0.0,0.0,0.0,0.5,0.0,0.0,0.0,1.0,428,2026-07-07T17:09:43.314615,55.9,3.12
2026-07-07,f5cfeedf51988625,Purepet Meat and Rice 10 kg Dry Adult Dog Food,purepet,dog_food,dog,,20.0,,4.3,9856.0,18.0,,1299.0,https://rukminim2.flixcart.com/image/312/312/xif0q/pet-food/o/x/e/-original-imahn9bxg4gjsqbh.jpeg?q=70,flipkart|gtrends,59.02,59.02,0.0,,0.85,0.0,,MONITOR,stable,0.0,0.0,0.0,0.5,0.0,0.0,0.0,1.0,429,2026-07-07T17:09:43.314816,55.9,3.12
2026-07-07,83aaaed737103514,"Emily Pets Cat Scratcher (Pack of 3) with Toys – Cardboard Scratch Pad, Feather Wand, and Plush Toy, Durable and Anti-Slip fo",emily,beds_accessories,cat,13.0,,4.0,,4.0,20.5,187.0,,"https://images-eu.ssl-images-amazon.com/images/I/71z-DYZQ84L._AC_UL300_SR300,200_.jpg",amazon|gtrends,59.0,59.0,0.0,,0.86,0.0,,MONITOR,stable,0.0,0.0,0.0,0.5,0.0,0.0,0.0,0.5,430,2026-07-07T17:09:43.310705,56.5,2.5
2026-07-07,80204b76e3abbf06,PAWPAYA 93469 Disposable Dog Diapers,pawpaya,training,dog,,8.0,,,,0.5,,448.0,https://rukminim2.flixcart.com/image/612/612/xif0q/pet-diaper/o/o/w/4-20-kg-93469-m-1-pawpaya-original-imahm3yyzdmaqgwh.jpeg?q=70,flipkart|gtrends,58.98,58.98,0.0,,0.86,0.0,,MONITOR,stable,0.0,0.0,0.0,0.5,0.0,0.0,0.0,0.0,431,2026-07-07T17:09:43.303757,57.1,1.88
2026-07-07,8a23ceb4c6c0d17e,"jerhigh Jerhigh Treats, Real chicken Meat , Chicken with Carrot sticks for Dogs/Pupies Carrot Dog Trea...",jerhigh,training,dog,,8.0,,,,0.5,,842.0,https://rukminim2.flixcart.com/image/312/312/xif0q/pet-treat/x/z/a/400-dog-2-jh-carrot-400-02-jerhigh-original-imahnnxfgz5hubhj.jpeg?q=70,flipkart|gtrends,58.98,58.98,0.0,,0.86,0.0,,MONITOR,stable,0.0,0.0,0.0,0.5,0.0,0.0,0.0,0.0,432,2026-07-07T17:09:43.304172,57.1,1.88
2026-07-07,85eaa87f64276343,shreemahantam Dog and Cat Water Dispenser Automatic Gravity Water Drinking Fountain Bowl Plastic Pet Bowl & Bottle,shreemahantam,beds_accessories,both,,8.0,,,,20.5,,350.0,https://rukminim2.flixcart.com/image/612/612/xif0q/pet-bowl-bottle/3/y/7/automatic-dog-cat-feeder-shreemahantam-3-5-original-imahk73rcsyjvhup.jpeg?q=70,flipkart|gtrends,58.98,58.98,0.0,,0.86,0.0,,MONITOR,stable,0.0,0.0,0.0,0.5,0.0,0.0,0.0,0.0,433,2026-07-07T17:09:43.304375,57.1,1.88
2026-07-07,243f2b555b8bbe5e,Aviean International Dog Puppy Milk Biscuit 200 Gm Milk Flavor Soft Oven Baked Biscuits Milk 0.2 kg Dr...,aviean,dog_food,dog,,14.0,,4.0,194.0,18.0,,93.0,https://rukminim2.flixcart.com/image/312/312/xif0q/pet-food/f/d/y/0-2-dog-1-232-aviean-international-original-imahm32y8uhjahfj.jpeg?q=70,flipkart|gtrends,58.95,58.95,0.0,,0.86,0.0,,MONITOR,stable,0.0,0.0,0.0,0.5,0.0,0.0,0.0,0.5,434,2026-07-07T17:09:43.311550,56.45,2.5
2026-07-07,fe585fa6c39fc690,decorvaiz dog rope toy || Cotton Chew Toy For Dog & Cat,decorvaiz,dog_toys,both,,13.0,,3.9,,3.0,,163.0,https://rukminim2.flixcart.com/image/612/612/xif0q/pet-toy/9/k/6/6-pet-109-decorvaiz-original-imahd79cmqvg9ks3.jpeg?q=70,flipkart|gtrends,58.92,58.92,0.0,,0.86,0.0,,MONITOR,stable,0.0,0.0,0.0,0.5,0.0,0.0,0.0,0.5,435,2026-07-07T17:09:43.311746,56.42,2.5
2026-07-07,33d98dd4c42beb7e,Petroyale Cat Digestive Probiotics - Cat Prebiotics & Probiotics Supplement - Prevents Diarrhea & Improves Gut Health - Cats,petroyale,health_wellness,cat,14.0,,4.0,,47.0,0.5,439.0,,"https://images-eu.ssl-images-amazon.com/images/I/81lcfYb7cZL._AC_UL300_SR300,200_.jpg",amazon|gtrends,58.89,58.89,0.0,,0.86,0.0,,MONITOR,stable,0.0,0.0,0.0,0.5,0.0,0.0,0.0,0.5,436,2026-07-07T17:09:43.312374,56.39,2.5
2026-07-07,077390e34de6ffa9,"Foodie Puppies Latex Squeaky Dog Toys Combo - (Purple Elephant and Blue Duck) Animal Design, Fetch & Chew Safe Play Toy | Sui",foodie,dog_toys,dog,17.0,,4.4,,375.0,3.0,470.0,,"https://images-eu.ssl-images-amazon.com/images/I/71MirRTXtQL._AC_UL300_SR300,200_.jpg",amazon|gtrends,58.88,58.88,0.0,,0.85,0.0,,MONITOR,stable,0.0,0.0,0.0,0.5,0.0,0.0,0.0,1.0,437,2026-07-07T17:09:43.315426,55.76,3.12
2026-07-07,08f1eed13190fcd3,"Goofy Tails Food Buddies Sandwich Plush Dog Toy | Light Chewers | Plush Toy | Soft Dog Toys for Puppy | Crinkle, Squeaky, Sof",goofy,dog_food,dog,16.0,,4.4,,229.0,18.0,281.0,,"https://images-eu.ssl-images-amazon.com/images/I/618kHJwPjEL._AC_UL300_SR300,200_.jpg",amazon|gtrends,58.81,58.81,0.0,,0.85,0.0,,MONITOR,stable,0.0,0.0,0.0,0.5,0.0,0.0,0.0,1.0,438,2026-07-07T17:09:43.316055,55.69,3.12
2026-07-07,81d0ba60184c2610,AomniStore 2Pcs Perfect Cute Print Cat Collar for Indoor & Outdoor Use Adjustable Cat Belt Dog & Cat Everyday Collar,aomnistore,collars_leashes,both,,14.0,,4.2,,5.0,,115.0,https://rukminim2.flixcart.com/image/612/612/xif0q/pet-collar-harness/e/n/7/small-2pccatcollar-aomni-store-original-imahmayvbqa9hfgj.jpeg?q=70,flipkart|gtrends,58.78,58.78,0.0,,0.85,0.0,,MONITOR,stable,0.0,0.0,0.0,0.5,0.0,0.0,0.0,1.0,439,2026-07-07T17:09:43.316266,55.66,3.12
2026-07-07,c42fd2679b1063f6,Hachiko Dog Choke Chain Collar,hachiko,collars_leashes,dog,,14.0,,4.2,,5.0,,151.0,https://rukminim2.flixcart.com/image/612/612/kpr8k280/pet-collar-harness/7/9/z/medium-medblkchok0-01-hachiko-original-imag3xbehpzxtrgz.jpeg?q=70,flipkart|gtrends,58.78,58.78,0.0,,0.85,0.0,,MONITOR,stable,0.0,0.0,0.0,0.5,0.0,0.0,0.0,1.0,440,2026-07-07T17:09:43.317027,55.66,3.12
2026-07-07,bef9575abccb8bd5,"PETRA Pet Glossy Collar For Small Cat , Kitten , Puppy ,Small Size dog Adjustable Dog & Cat Everyday Collar",petra,collars_leashes,both,,8.0,,,,5.0,,117.0,https://rukminim2.flixcart.com/image/612/612/xif0q/pet-collar-harness/i/t/3/small-51244-petra-original-imahnmg3yt8z2zbh.jpeg?q=70,flipkart|gtrends,58.78,58.78,0.0,,0.86,0.0,,MONITOR,stable,0.0,0.0,0.0,0.5,0.0,0.0,0.0,0.0,441,2026-07-07T17:09:43.305995,56.9,1.88
2026-07-07,b1dd79c73b3587f8,Patch and Marshall Dog Leash Indestructible / Chew Proof Leash for Dogs - 5ft By RSK 153 cm Dog Cord Leash,patch,collars_leashes,dog,,8.0,,,,5.0,,312.0,https://rukminim2.flixcart.com/image/612/612/xif0q/pet-leash-chain/q/e/b/dog-leash-indestructible-chew-proof-double-handle-leash-for-dogs-original-imahny7nrav2svqg.jpeg?q=70,flipkart|gtrends,58.78,58.78,0.0,,0.86,0.0,,MONITOR,stable,0.0,0.0,0.0,0.5,0.0,0.0,0.0,0.0,442,2026-07-07T17:09:43.306211,56.9,1.88
2026-07-07,c52968c058e379f3,Pawlife Dog Harness Dog Buckle Harness,pawlife,collars_leashes,dog,,8.0,,,,5.0,,259.0,https://rukminim2.flixcart.com/image/612/612/xif0q/pet-collar-harness/h/x/k/45-66-cm-petha001-pawlife-original-imahndmeh54w3dwq.jpeg?q=70,flipkart|gtrends,58.78,58.78,0.0,,0.86,0.0,,MONITOR,stable,0.0,0.0,0.0,0.5,0.0,0.0,0.0,0.0,443,2026-07-07T17:09:43.306589,56.9,1.88
2026-07-07,c7e44d4711bf64eb,pawdles Gold Finish Dog Chain Collar for Dogs| 18 Inches - Small | Dog Choke Chain Collar,pawdles,collars_leashes,dog,,8.0,,,,5.0,,576.0,https://rukminim2.flixcart.com/image/612/612/xif0q/pet-collar-harness/q/f/v/small-gold-finish-dog-chain-collar-for-dogs-22-inches-medium-original-imahz6mrkchwujhg.jpeg?q=70,flipkart|gtrends,58.78,58.78,0.0,,0.86,0.0,,MONITOR,stable,0.0,0.0,0.0,0.5,0.0,0.0,0.0,0.0,444,2026-07-07T17:09:43.306862,56.9,1.88
2026-07-07,c4c16fdf9421e052,Canine Creek Canine Creek Ultra-Premium Grain Free Chicken 6 kg (2x3 kg) Dry Adult Dog Food,canine,dog_food,dog,,8.0,,,,18.0,,3703.0,https://rukminim2.flixcart.com/image/312/312/xif0q/pet-food/k/v/v/6-dog-2-ultra-premium-adult-dry-dog-food-canine-creek-original-imahzawg2gnnyegf.jpeg?q=70,flipkart|gtrends,58.74,58.74,0.0,,0.86,0.0,,MONITOR,stable,0.0,0.0,0.0,0.5,0.0,0.0,0.0,0.0,445,2026-07-07T17:09:43.307361,56.86,1.88
2026-07-07,42f572ee42637643,Drools Absolute Dog Supplement Sausages 32 Pieces Jar | Calcium Flavour | Healthy Skeletal System | Maintain Strong Teeth,drools,health_wellness,dog,17.0,,4.2,,556.0,0.5,899.0,,"https://images-eu.ssl-images-amazon.com/images/I/51GKdEltXKL._AC_UL300_SR300,200_.jpg",amazon|gtrends,58.74,58.74,0.0,,0.85,0.0,,MONITOR,stable,0.0,0.0,0.0,0.5,0.0,0.0,0.0,1.0,446,2026-07-07T17:09:43.317276,55.62,3.12
2026-07-07,aa2822d593103330,"Drools Drools Duck with Pumpkin & Kale Gravy,(6x120g) Lamb 720 g (6x120 g) Wet Adult Dog Food",drools,dog_food,dog,,8.0,,,,18.0,,220.0,https://rukminim2.flixcart.com/image/312/312/xif0q/pet-food/9/0/1/-original-imahk68snhgcqgum.jpeg?q=70,flipkart|gtrends,58.74,58.74,0.0,,0.86,0.0,,MONITOR,stable,0.0,0.0,0.0,0.5,0.0,0.0,0.0,0.0,447,2026-07-07T17:09:43.307697,56.86,1.88
2026-07-07,30eee502afca682a,Drools Jerky Chicken 60 g Dry Adult Dog Food,drools,dog_food,dog,,8.0,,,,18.0,,227.0,https://rukminim2.flixcart.com/image/312/312/xif0q/pet-food/h/i/2/-original-imahjjq3ygjpb5pn.jpeg?q=70,flipkart|gtrends,58.74,58.74,0.0,,0.86,0.0,,MONITOR,stable,0.0,0.0,0.0,0.5,0.0,0.0,0.0,0.0,448,2026-07-07T17:09:43.307959,56.86,1.88
2026-07-07,cf469d65d63fc6a2,"VJOY Chicken and Vegetable (500gmX3) Dry Puppy Dog Food Chicken, Vegetable 1 kg (3x0.33 kg) Dry Young ...",vjoy,dog_food,dog,,8.0,,,,18.0,,281.0,https://rukminim2.flixcart.com/image/312/312/xif0q/pet-food/l/o/q/1-dog-3-vj500x3pup-vjoy-original-imahzfpu3zadsqqp.jpeg?q=70,flipkart|gtrends,58.74,58.74,0.0,,0.86,0.0,,MONITOR,stable,0.0,0.0,0.0,0.5,0.0,0.0,0.0,0.0,449,2026-07-07T17:09:43.308183,56.86,1.88
2026-07-07,7082121047796e9a,JNONI Training Pad/Training Pee and Potty with Quick Drying Surface and Absorbent Core Disposable Dog Diapers,jnoni,training,dog,,16.0,,4.8,,0.5,,154.0,https://rukminim2.flixcart.com/image/612/612/kf2v3ww0/pet-diaper/z/k/x/2-5-dog-training-pads-dog-training-pads-training-pee-and-potty-original-imafvmejebas4x6s.jpeg?q=70,flipkart|gtrends,58.66,58.66,0.0,,0.85,0.0,,MONITOR,stable,0.0,0.0,0.0,0.5,0.0,0.0,0.0,1.0,450,2026-07-07T17:09:43.317717,55.54,3.12
2026-07-07,a257e4b13c5dd440,Onlyeasy Heavy Duty Dog Leash for Large Medium Small Breed Dogs 122 cm Dog & Cat Cord Leash,onlyeasy,collars_leashes,both,,13.0,,4.0,,5.0,,155.0,https://rukminim2.flixcart.com/image/612/612/xif0q/pet-leash-chain/w/y/x/heavy-duty-dog-leash-for-large-medium-small-breed-dogs-original-imah3z2x9zktj4su.jpeg?q=70,flipkart|gtrends,58.6,58.6,0.0,,0.86,0.0,,MONITOR,stable,0.0,0.0,0.0,0.5,0.0,0.0,0.0,0.5,451,2026-07-07T17:09:43.313583,56.1,2.5
2026-07-07,fa43a29b8ec72bfa,Me-O meo mackerel Mackerel 1.2 kg Dry Adult Cat Food,me-o,cat_food,cat,,15.0,,4.3,,21.67,,524.0,https://rukminim2.flixcart.com/image/612/612/xif0q/pet-food/w/3/j/1-2-cat-1-meo-mackerel-me-o-original-imahccy6yhn5eatd.jpeg?q=70,flipkart|gtrends,58.53,58.53,0.0,,0.85,0.0,,MONITOR,stable,0.0,0.0,0.0,0.5,0.0,0.0,0.0,1.0,452,2026-07-07T17:09:43.318678,55.41,3.12
2026-07-07,47c45441eedd11f9,TailsNToys Cat Scratching Pad,tailsntoys,cat_food,cat,,15.0,,4.3,,21.67,,258.0,https://rukminim2.flixcart.com/image/612/612/xif0q/cat-scratching-post/r/k/9/scratch-pad-for-cats-self-adhesive-cat-toy-scratching-postt-original-imahme5zy7sfgcuz.jpeg?q=70,flipkart|gtrends,58.53,58.53,0.0,,0.85,0.0,,MONITOR,stable,0.0,0.0,0.0,0.5,0.0,0.0,0.0,1.0,453,2026-07-07T17:09:43.319161,55.41,3.12
2026-07-07,dcb13c305b09c825,"Cybersnc Cotton Breakaway Cat Collar, White Heart Shaped Pendant, Cute Kitten Cat Collar with Bell (Light Green, XS)",cybersnc,collars_leashes,cat,16.0,,4.5,,70.0,5.0,263.0,,"https://images-eu.ssl-images-amazon.com/images/I/61MLdMVZI2L._AC_UL300_SR300,200_.jpg",amazon|gtrends,58.46,58.46,0.0,,0.85,0.0,,MONITOR,stable,0.0,0.0,0.0,0.5,0.0,0.0,0.0,1.0,454,2026-07-07T17:09:43.319596,55.34,3.12
2026-07-07,de8dd11fa2f9ab00,"Qpets Cat Scratch Pad, Scratch Pad for Cats, Cut-to-Fit Cat Scratcher Mat Self Adhesive Pets Cat Scratcher Cardboard Mat Wal",qpets,beds_accessories,cat,14.0,,3.8,,141.0,20.5,399.0,,"https://images-eu.ssl-images-amazon.com/images/I/71ykBhTKDPL._AC_UL300_SR300,200_.jpg",amazon|gtrends,58.43,58.43,0.0,,0.85,0.0,,MONITOR,stable,0.0,0.0,0.0,0.5,0.0,0.0,0.0,0.5,455,2026-07-07T17:09:43.314209,55.93,2.5
2026-07-07,b99ecd69e42bfab9,Royal Canin Royal Canin MAXI ADULT 220 gm 0.22 kg Dry Adult Dog Food,royal canin,dog_food,dog,,14.0,,4.1,34.0,18.0,,228.0,https://rukminim2.flixcart.com/image/312/312/xif0q/pet-food/o/g/l/0-22-dog-1-mxadult01-royal-canin-original-imahdz62gkdzvpzh.jpeg?q=70,flipkart|gtrends,58.42,58.42,0.0,,0.85,0.0,,MONITOR,stable,0.0,0.0,0.0,0.5,0.0,0.0,0.0,0.5,456,2026-07-07T17:09:43.314407,55.92,2.5
2026-07-07,8eb7188362613ae8,Vetoquinol Health Up Multivitamin supplement for the liver functionality & level regulator For Dogs & Cats 200 Ml Pet Health Supplements,vetoquinol,health_wellness,both,,15.0,,4.2,,0.5,,203.0,https://rukminim2.flixcart.com/image/612/612/jw3umq80/pet-health-supplement/h/s/x/50-health-up-multivitamin-supplement-for-the-liver-functionality-original-imafgufyquyyhzdr.jpeg?q=70,flipkart|gtrends,58.38,58.38,0.0,,0.85,0.0,,MONITOR,stable,0.0,0.0,0.0,0.5,0.0,0.0,0.0,1.0,457,2026-07-07T17:09:43.320453,55.26,3.12
2026-07-07,8963d1b612a8ba48,decorvaiz Dog Hair Comb Brush-Dog Combing Brush- Slicker Brushes for Dog,decorvaiz,grooming,dog,,15.0,,4.3,,13.5,,135.0,https://rukminim2.flixcart.com/image/612/612/xif0q/pet-comb-brush/d/x/k/medium-dog-hair-comb-brush-decorvaiz-original-imahdnxy7v2hgpv5.jpeg?q=70,flipkart|gtrends,58.36,58.36,0.0,,0.85,0.0,,MONITOR,stable,0.0,0.0,0.0,0.5,0.0,0.0,0.0,1.0,458,2026-07-07T17:09:43.320655,55.24,3.12
2026-07-07,1a35b844d40d2e6a,"Buraq Reflective Cat Harness with Leash Set for Walking , Escape Proof Cat Harness & Leash",buraq,collars_leashes,cat,,13.0,,3.9,,5.0,,154.0,https://rukminim2.flixcart.com/image/612/612/xif0q/pet-collar-harness/a/h/q/medium-harness-set-for-cats-buraq-original-imagk6zd5dwkrfzy.jpeg?q=70,flipkart|gtrends,58.32,58.32,0.0,,0.85,0.0,,MONITOR,stable,0.0,0.0,0.0,0.5,0.0,0.0,0.0,0.5,459,2026-07-07T17:09:43.315223,55.82,2.5
2026-07-07,c635394a607656fa,"Dog Trust Professional Stainless Steel Scissor Tool Nail Clipper Cutter for Cat & Dog (Medium), Multicolor",dog,grooming,both,15.0,,4.1,,114.0,13.5,208.0,,"https://images-eu.ssl-images-amazon.com/images/I/41caOK5Gr8L._AC_UL300_SR300,200_.jpg",amazon|gtrends,58.25,58.25,0.0,,0.85,0.0,,MONITOR,stable,0.0,0.0,0.0,0.5,0.0,0.0,0.0,0.5,460,2026-07-07T17:09:43.315635,55.75,2.5
2026-07-07,b0c9dacf2eed717a,Bhadani Cat Toys -Interactive Cat Feather Toy Set -Activity Cat Toys Plastic Training Aid For Cat,bhadani,cat_toys,cat,,8.0,,,,4.0,,180.0,https://rukminim2.flixcart.com/image/612/612/xif0q/pet-toy/o/h/g/3-hsufhrjkgh-right-traders-original-imahnhphuabxqw9j.jpeg?q=70,flipkart|gtrends,58.18,58.18,0.0,,0.86,0.0,,MONITOR,stable,0.0,0.0,0.0,0.5,0.0,0.0,0.0,0.0,461,2026-07-07T17:09:43.312570,56.3,1.88
2026-07-07,d479618f16600c57,"Petfun PetFun Red Hard Ball & Nylon Bone Combo for pets Nylon, Rubber Ball, Bone, Chew Toy, Fetch Toy, Rubber Toy, Squeaky Toy, Stick, Tough Toy, Tug Toy For Dog & Cat",petfun,cat_toys,both,,8.0,,,,4.0,,170.0,https://rukminim2.flixcart.com/image/612/612/xif0q/pet-toy/y/w/1/1-petfun-red-hard-ball-nylon-bone-combo-for-pets-pet-fun-original-imahnvhsgy9zgt2c.jpeg?q=70,flipkart|gtrends,58.18,58.18,0.0,,0.86,0.0,,MONITOR,stable,0.0,0.0,0.0,0.5,0.0,0.0,0.0,0.0,462,2026-07-07T17:09:43.312773,56.3,1.88
2026-07-07,736972d3c46b5b1b,"Basil Purrfect Cat Dental Sticks | Tuna & Cranberry Dental Sticks for Cats, Cat Treats | Cats Oral Hygiene & Helps Control Ha",basil,health_wellness,cat,15.0,,3.8,,231.0,0.5,156.0,,"https://images-eu.ssl-images-amazon.com/images/I/517JfhkAzWL._AC_UL300_SR300,200_.jpg",amazon|gtrends,58.16,58.16,0.0,,0.85,0.0,,MONITOR,stable,0.0,0.0,0.0,0.5,0.0,0.0,0.0,0.5,463,2026-07-07T17:09:43.316705,55.66,2.5
2026-07-07,135aef943f9fd960,Royal Canin Persian Kitten 2 kg Dry New Born Cat Food,royal canin,cat_food,cat,,16.0,,4.5,,21.67,,2662.0,https://rukminim2.flixcart.com/image/612/612/xif0q/pet-food/h/9/b/-original-imagjdx82eyytcsv.jpeg?q=70,flipkart|gtrends,58.09,58.09,0.0,,0.85,0.0,,MONITOR,stable,0.0,0.0,0.0,0.5,0.0,0.0,0.0,1.0,464,2026-07-07T17:09:43.321498,54.97,3.12
2026-07-07,81e16798369ec2f1,Foodie Puppies Scratching Pad with Catnip for Cats and Kittens - (Delta Scratcher) | Corrugated Cat Scratcher Cardboard for,foodie,beds_accessories,both,17.0,,4.4,,237.0,20.5,599.0,,"https://images-eu.ssl-images-amazon.com/images/I/81Bgw6J0OxL._AC_UL300_SR300,200_.jpg",amazon|gtrends,58.08,58.08,0.0,,0.85,0.0,,MONITOR,stable,0.0,0.0,0.0,0.5,0.0,0.0,0.0,1.0,465,2026-07-07T17:09:43.321703,54.96,3.12
2026-07-07,252abd385d7a0edd,Qpets 2.0L Automatic Pet Water Fountain for Cats and Small Dog Plastic Pet Bowl,qpets,beds_accessories,both,,14.0,,4.1,,20.5,,1252.0,https://rukminim2.flixcart.com/image/612/612/xif0q/pet-fountain/d/t/1/50-neverland-cat-water-fountain-with-led-light-67oz-2-0l-ultra-original-imagqhtgnrghc3zh.jpeg?q=70,flipkart|gtrends,58.08,58.08,0.0,,0.85,0.0,,MONITOR,stable,0.0,0.0,0.0,0.5,0.0,0.0,0.0,0.5,466,2026-07-07T17:09:43.317503,55.58,2.5
2026-07-07,9b2f04536369db2c,DogTrust Cat Interactive Colorful Feather Pet Toy Plastic Fetch Toy For Dog & Cat,dogtrust,cat_toys,both,,13.0,,4.0,,4.0,,170.0,https://rukminim2.flixcart.com/image/612/612/xif0q/pet-toy/g/p/m/2-feather-tumbler-cat-toy-ball-kitten-toy-2-pcs-dogtrust-original-imagy3kgfcjyugmv.jpeg?q=70,flipkart|gtrends,58.0,58.0,0.0,,0.85,0.0,,MONITOR,stable,0.0,0.0,0.0,0.5,0.0,0.0,0.0,0.5,467,2026-07-07T17:09:43.318138,55.5,2.5
2026-07-07,4f9c372ed87e9992,Foodie Puppies Interactive Cat Teasing Wand - (Rattle Ball Teaser) for Cats and Kittens | Wooden Teaser with Stringed Feather,foodie,cat_toys,both,16.0,,4.2,,331.0,4.0,150.0,,"https://images-eu.ssl-images-amazon.com/images/I/719matslUUL._AC_UL300_SR300,200_.jpg",amazon|gtrends,58.0,58.0,0.0,,0.85,0.0,,MONITOR,stable,0.0,0.0,0.0,0.5,0.0,0.0,0.0,1.0,468,2026-07-07T17:09:43.321903,54.88,3.12
2026-07-07,ac3afb16c860c4d0,JK INTERNATIONAL `3 INCH BONE FOR PETS Milk Dog Treat,jk,training,dog,,14.0,,3.9,23.0,0.5,,115.0,https://rukminim2.flixcart.com/image/312/312/k4ohqq80/pet-chew/f/a/z/6-dog-rwb6i1p-sage-square-original-imafnjaqqnfxhxh8.jpeg?q=70,flipkart|gtrends,58.0,58.0,0.0,,0.85,0.0,,MONITOR,stable,0.0,0.0,0.0,0.5,0.0,0.0,0.0,0.5,469,2026-07-07T17:09:43.318342,55.5,2.5
2026-07-07,b33200dcb2ce5daa,"PETS EMPIRE Soft Cozy Pet Hut Bed for Cats, Kittens & Puppies – Comfortable Fabric, Indoor Sleeping Bed, White & Black Stripe",pets,beds_accessories,both,16.0,,4.3,,47.0,20.5,,,"https://images-eu.ssl-images-amazon.com/images/I/51H8XrijmTL._AC_UL300_SR300,200_.jpg",amazon|gtrends,57.95,57.95,0.0,,0.85,0.0,,MONITOR,stable,0.0,0.0,0.0,0.5,0.0,0.0,0.0,1.0,470,2026-07-07T17:09:43.322119,54.83,3.12
2026-07-07,ca0d39d6190354bd,"Pil Tick & Flea Dog Shampoo 1000ml | Ditch to Itch Dog Shampoo for Pomeranian, Puppy, Rottweiler Adult, German Shepherd, Labr",pil,grooming,dog,19.0,,4.3,,1289.0,13.5,472.0,,"https://images-eu.ssl-images-amazon.com/images/I/61LvEw61QYL._AC_UL300_SR300,200_.jpg",amazon|gtrends,57.95,57.95,0.0,,0.85,0.0,,MONITOR,stable,0.0,0.0,0.0,0.5,0.0,0.0,0.0,1.0,471,2026-07-07T17:09:43.322338,54.83,3.12
2026-07-07,5b7655bd18945cf6,"Newlly Adjustable Pet Kitten Cat Safety Collar Bell Buckle Neck (Red), Velvet, (Pack Of 1),27 Cm",newlly,collars_leashes,cat,17.0,,3.9,,1288.0,5.0,269.0,,"https://images-eu.ssl-images-amazon.com/images/I/61YFyoBVPuL._AC_UL300_SR300,200_.jpg",amazon|gtrends,57.91,57.91,0.0,,0.85,0.0,,MONITOR,stable,0.0,0.0,0.0,0.5,0.0,0.0,0.0,0.5,472,2026-07-07T17:09:43.318926,55.41,2.5
2026-07-07,6a0a988d1b9fc904,"PETSWARE 5 in 1 Cat Shampoo with Conditioner for Persian Cat,Kitten & for All Cat Types Anti-fungal, Anti-itching, Flea and Tick, Conditioning, Anti-Bacterial, Anti-microbial Neem Cat Shampoo",petsware,grooming,cat,,14.0,,4.0,,13.5,,135.0,https://rukminim2.flixcart.com/image/612/612/xif0q/pet-shampoo/s/v/k/200-cat-shampoo-neem-200ml-5-in-1-cat-shampoo-with-conditioner-original-imah7syzgrzhgzya.jpeg?q=70,flipkart|gtrends,57.9,57.9,0.0,,0.85,0.0,,MONITOR,stable,0.0,0.0,0.0,0.5,0.0,0.0,0.0,0.5,473,2026-07-07T17:09:43.319383,55.4,2.5
2026-07-07,0908d76298cb2b63,"decorvaiz Cotton Ball, Bone, Chew Toy, Fetch Toy, Tug Toy, Treat Dispensing Toy, Tough Toy, Soft Toy, Rubber Toy For Dog",decorvaiz,dog_food,dog,,14.0,,4.1,,18.0,,157.0,https://rukminim2.flixcart.com/image/612/612/xif0q/pet-toy/z/b/j/6-dtspckof6toys-decorvaiz-original-imahap9vtpf5khzz.jpeg?q=70,flipkart|gtrends,57.84,57.84,0.0,,0.85,0.0,,MONITOR,stable,0.0,0.0,0.0,0.5,0.0,0.0,0.0,0.5,474,2026-07-07T17:09:43.319806,55.34,2.5
2026-07-07,392f2da3ba3fc47d,"ZEXSAZONE Summer Round Donut Pet Bed for Cats and Puppies, Dogs, Cozy and Plush, Raised Bedside Support, Both Sides Use Like",zexsazone,beds_accessories,both,18.0,,4.2,,805.0,20.5,431.0,,"https://images-eu.ssl-images-amazon.com/images/I/61RPz+wyvpL._AC_UL300_SR300,200_.jpg",amazon|gtrends,57.82,57.82,0.0,,0.85,0.0,,MONITOR,stable,0.0,0.0,0.0,0.5,0.0,0.0,0.0,1.0,475,2026-07-07T17:09:43.322818,54.7,3.12
2026-07-07,f004d7731e77cc23,TRANDING STYLISH Simple Mountain Sofa With Haddi For Dog And Cat S Pet Bed,tranding,beds_accessories,both,,14.0,,4.0,,20.5,,340.0,https://rukminim2.flixcart.com/image/612/612/l2qhjm80/pet-bed/d/l/9/l-simple-mountain-sofa-with-haddi-for-dog-and-cat-tranding-original-imageyeu3efphnpp.jpeg?q=70,flipkart|gtrends,57.8,57.8,0.0,,0.85,0.0,,MONITOR,stable,0.0,0.0,0.0,0.5,0.0,0.0,0.0,0.5,476,2026-07-07T17:09:43.320018,55.3,2.5
2026-07-07,d4e4b1f856eaca3b,OM ZEE (MEDIUM) Collar & Chain for Pet Dog (MEDIUM) 15 cm Dog Chain Leash (Steel) 15 cm Dog Chain Leash,om,collars_leashes,dog,,16.0,,4.5,,5.0,,111.0,https://rukminim2.flixcart.com/image/612/612/kcrzki80/pet-leash-chain/p/f/r/pet-zone-dog-chain-01-om-zee-original-imafttjqwnhfggyj.jpeg?q=70,flipkart|gtrends,57.62,57.62,0.0,,0.85,0.0,,MONITOR,stable,0.0,0.0,0.0,0.5,0.0,0.0,0.0,1.0,477,2026-07-07T17:09:43.323842,54.5,3.12
2026-07-07,a3439471b9b3e479,Petroyale Urinary Tract Health Tablets For Dogs With Cranberry Extract Pet Health Supplements,petroyale,health_wellness,dog,,18.0,,5.0,,0.5,,717.0,https://rukminim2.flixcart.com/image/612/612/xif0q/pet-health-supplement/n/0/d/30-urinary-tract-health-tablets-for-dogs-with-cranberry-extract-original-imahm43cdgauez9g.jpeg?q=70,flipkart|gtrends,57.62,57.62,0.0,,0.85,0.0,,MONITOR,stable,0.0,0.0,0.0,0.5,0.0,0.0,0.0,1.0,478,2026-07-07T17:09:43.324186,54.5,3.12
2026-07-07,1ecc4c4b57234130,"ALCAZAR Dog Soft Padded Fur Harness, Adjustable (Recommanded for 15-25KG PET) Dog Standard Harness",alcazar,collars_leashes,dog,,14.0,,4.0,,5.0,,145.0,https://rukminim2.flixcart.com/image/612/612/xif0q/pet-collar-harness/g/h/y/medium-alc-harness-leash-123-alcazar-original-imagymqngnfqy2jj.jpeg?q=70,flipkart|gtrends,57.6,57.6,0.0,,0.85,0.0,,MONITOR,stable,0.0,0.0,0.0,0.5,0.0,0.0,0.0,0.5,479,2026-07-07T17:09:43.320862,55.1,2.5
2026-07-07,29d617d6b522c296,FURPRO Dog Nail Cutter for Dog Stainless Steel Sharp Scissor Nail Clipper,furpro,grooming,dog,,2.0,,3.4,,13.5,,268.0,https://rukminim2.flixcart.com/image/612/612/xif0q/pet-nail-clipper/5/n/5/plnf18275-furpro-original-imahgnz9fn6ugzjf.jpeg?q=70,flipkart|gtrends,57.6,57.6,0.0,,0.99,0.1,LOW_RATING_PENALTY,REVIEW_MANUALLY,stable,0.0,0.0,0.0,0.5,0.0,0.0,0.0,0.0,480,2026-07-07T17:09:43.246103,65.72,1.88
2026-07-07,ed3e08e52fde9089,Petfun Night Reflective Dog Rope Leash | Durable No-Pull Training Leash for Dogs 15mm 150 cm Dog Cord Leash,petfun,collars_leashes,dog,,14.0,,4.0,,5.0,,280.0,https://rukminim2.flixcart.com/image/612/612/xif0q/pet-leash-chain/q/m/i/pf-dog-no-pull-rope-18mm-red-petfun-original-imahakzcfuzngz98.jpeg?q=70,flipkart|gtrends,57.6,57.6,0.0,,0.85,0.0,,MONITOR,stable,0.0,0.0,0.0,0.5,0.0,0.0,0.0,0.5,481,2026-07-07T17:09:43.321281,55.1,2.5
2026-07-07,1ca57493ee2cf66a,"JUDEE Dematting Comb for Dog and Cat, Pet Grooming Rake and Brushes for Small, Medium Large Hair Double Sided Deshedding Tool",judee,grooming,both,18.0,,4.4,,366.0,13.5,279.0,,"https://images-eu.ssl-images-amazon.com/images/I/71hNrybzE4L._AC_UL300_SR300,200_.jpg",amazon|gtrends,57.55,57.55,0.0,,0.85,0.0,,MONITOR,stable,0.0,0.0,0.0,0.5,0.0,0.0,0.0,1.0,482,2026-07-07T17:09:43.324531,54.43,3.12
2026-07-07,11b73ffbee761ecd,"decorvaiz decorvaiz Interactive Cat Ball Toy, New Automatic Premium Smart Self Rolling Silicone, Plastic Ball For Dog & Cat",decorvaiz,cat_toys,both,,2.0,,3.7,,4.0,,149.0,https://rukminim2.flixcart.com/image/612/612/xif0q/pet-toy/3/o/j/1-interactive-cat-ball-decorvaiz-original-imaheej9afwmurrw.jpeg?q=70,flipkart|gtrends,57.54,57.54,0.0,,0.99,0.1,LOW_RATING_PENALTY,REVIEW_MANUALLY,stable,0.0,0.0,0.0,0.5,0.0,0.0,0.0,0.0,483,2026-07-07T17:09:43.246772,65.66,1.88
2026-07-07,7201b351057bff5a,Me-O pet food for cats pack of 1 (4pcs) .06kg Salmon 0.6 kg Wet Adult Cat Food,me-o,cat_food,cat,,16.0,,4.3,,21.67,,435.0,https://rukminim2.flixcart.com/image/612/612/kcjexe80/pet-food/j/3/e/0-6-cat-20-me-o-original-imaftnape2nmuygz.jpeg?q=70,flipkart|gtrends,57.53,57.53,0.0,,0.85,0.0,,MONITOR,stable,0.0,0.0,0.0,0.5,0.0,0.0,0.0,1.0,484,2026-07-07T17:09:43.325023,54.41,3.12
2026-07-07,117c1bb38f92c657,"ALTRESSA flea and tick Spray Green apple Shield Treatment Spray for Dogs, Puppies, Cats with a Proprietary Ayurvedic Medicine Anti-dandruff Green apple Dog Shampoo",altressa,health_wellness,both,,3.0,,3.6,,0.5,,143.0,https://rukminim2.flixcart.com/image/612/612/km9ht3k0/pet-shampoo/m/z/x/250-green-apple-dry-bath-for-dogs-cats-gentle-cleansing-pack-original-imagf78rhdmxj4zt.jpeg?q=70,flipkart|gtrends,57.46,57.46,0.0,,0.99,0.1,LOW_RATING_PENALTY,REVIEW_MANUALLY,stable,0.0,0.0,0.0,0.5,0.0,0.0,0.0,0.0,485,2026-07-07T17:09:43.247116,65.58,1.88
2026-07-07,2bd5cf79adc928c5,"Dog-O-Bow Cotton Blue and Red Heart Martingale Dog Collar, Durable, Comfortable & Adjustable Training Collar (Extra Large)",dog-o-bow,collars_leashes,dog,17.0,,4.3,,186.0,5.0,585.0,,"https://images-eu.ssl-images-amazon.com/images/I/71pD1UCRcEL._AC_UL300_SR300,200_.jpg",amazon|gtrends,57.42,57.42,0.0,,0.85,0.0,,MONITOR,stable,0.0,0.0,0.0,0.5,0.0,0.0,0.0,1.0,486,2026-07-07T17:09:43.325459,54.3,3.12
2026-07-07,79650e0d8f34a577,PSK PET MART Large Dog Rope Toys for Aggressive Chewers - Cotton Rope Dog Chew Toys for Tug of War and Training,psk,dog_toys,dog,19.0,,4.3,,758.0,3.0,198.0,,"https://images-eu.ssl-images-amazon.com/images/I/61t009wfLWL._AC_UL300_SR300,200_.jpg",amazon|gtrends,57.41,57.41,0.0,,0.85,0.0,,MONITOR,stable,0.0,0.0,0.0,0.5,0.0,0.0,0.0,1.0,487,2026-07-07T17:09:43.325901,54.29,3.12
2026-07-07,8ba26177c26938a2,"Arm & Hammer, Advanced Care Dental Rinse/Water Additive for Cats",arm,health_wellness,cat,21.0,,4.2,,2507.0,0.5,340.0,,"https://images-eu.ssl-images-amazon.com/images/I/61s3szSVh4L._AC_UL300_SR300,200_.jpg",amazon|gtrends,57.39,57.39,0.0,,0.85,0.0,,MONITOR,stable,0.0,0.0,0.0,0.5,0.0,0.0,0.0,1.0,488,2026-07-07T17:09:43.326108,54.27,3.12
2026-07-07,481be18be0d76d5a,"DAEEXINO Active Moving Pet Plush Toy, Smart Interactive Dog Toy Pet Bouncing Balls Plastic Soft Toy For Dog",daeexino,dog_toys,dog,,10.0,,,,3.0,,774.0,https://rukminim2.flixcart.com/image/612/612/xif0q/pet-toy/v/u/b/1-interactive-pig-plush-talking-ball-for-dogs-cats-musical-original-imahg84tvmyagvhg.jpeg?q=70,flipkart|gtrends,57.38,57.38,0.0,,0.85,0.0,,MONITOR,stable,0.0,0.0,0.0,0.5,0.0,0.0,0.0,0.0,489,2026-07-07T17:09:43.317927,55.5,1.88
2026-07-07,3ddd177e72f51231,puppee LARGE PACK OF 30 Disposable Dog & Cat Diapers,puppee,training,both,,17.0,,4.7,,0.5,,557.0,https://rukminim2.flixcart.com/image/612/612/xif0q/pet-mat/n/f/i/l-pet-training-pads-60-x-90-cm-urine-underpad-30-count-per-original-imagsgkmxy4zvur9.jpeg?q=70,flipkart|gtrends,57.38,57.38,0.0,,0.85,0.0,,MONITOR,stable,0.0,0.0,0.0,0.5,0.0,0.0,0.0,1.0,490,2026-07-07T17:09:43.326464,54.26,3.12
2026-07-07,0fe2e8083e3a24a3,Royal Canin Kitten 36 4 kg Dry New Born Cat Food,royal canin,cat_food,cat,,17.0,,4.6,,21.67,,3960.0,https://rukminim2.flixcart.com/image/612/612/xif0q/pet-food/n/y/n/4-cat-1-3182550702447-royal-canin-original-imahbzzc4f3ckzv8.jpeg?q=70,flipkart|gtrends,57.37,57.37,0.0,,0.85,0.0,,MONITOR,stable,0.0,0.0,0.0,0.5,0.0,0.0,0.0,1.0,491,2026-07-07T17:09:43.326979,54.25,3.12
2026-07-07,53d77b5e3211f13a,Whiskas (1+ Years) Mackerel 1.2 kg Dry Adult Cat Food,whiskas,cat_food,cat,,17.0,,4.6,,21.67,,414.0,https://rukminim2.flixcart.com/image/612/612/xif0q/pet-food/x/c/k/-enriched-transparent-original-imahkyffgzzwbny5.png?q=70,flipkart|gtrends,57.37,57.37,0.0,,0.85,0.0,,MONITOR,stable,0.0,0.0,0.0,0.5,0.0,0.0,0.0,1.0,492,2026-07-07T17:09:43.327286,54.25,3.12
2026-07-07,875999ed72c57a09,SUPER CHAIN GOLD Heavy Weight Diamond Cut Heavy Duty (MEDIUM) Dog Gold Chain 160 cm Dog Chain Leash,super,collars_leashes,dog,,14.0,,3.9,,5.0,,213.0,https://rukminim2.flixcart.com/image/612/612/xif0q/shopsy-pet-leash-chain/w/h/o/160-gchain-10no-super-chain-original-imah3ja57efgpjbe.jpeg?q=70,flipkart|gtrends,57.32,57.32,0.0,,0.85,0.0,,MONITOR,stable,0.0,0.0,0.0,0.5,0.0,0.0,0.0,0.5,493,2026-07-07T17:09:43.322604,54.82,2.5
2026-07-07,0a48b11ef5b75482,"TTW Stuffed Soft Sleeping Cat Plush Toy With Press Simulation Sound, Animal Fur Toy - 6 cm",ttw,cat_toys,cat,,16.0,,4.6,,4.0,,240.0,https://rukminim2.flixcart.com/image/612/612/xif0q/stuffed-toy/j/n/s/stuffed-soft-sleeping-cat-plush-toy-with-press-simulation-sound-original-imahatj8m9zsfy57.jpeg?q=70,flipkart|gtrends,57.3,57.3,0.0,,0.85,0.0,,MONITOR,stable,0.0,0.0,0.0,0.5,0.0,0.0,0.0,1.0,494,2026-07-07T17:09:43.328425,54.18,3.12
2026-07-07,3a9cedbc72d4368d,"Qpets Cat Scratch Pad, Scratching Pad for Cats, Wall Cat Scratcher Mat, Cuttable Adhesive Pet Scratching Mat for Wall, Cabin",qpets,beds_accessories,cat,4.0,,3.5,,222.0,20.5,598.0,,"https://images-eu.ssl-images-amazon.com/images/I/71YNBdyX1mL._AC_UL300_SR300,200_.jpg",amazon|gtrends,57.27,57.27,0.0,,0.99,0.1,LOW_RATING_PENALTY,REVIEW_MANUALLY,stable,0.0,0.0,0.0,0.5,0.0,0.0,0.0,0.0,495,2026-07-07T17:09:43.248516,65.39,1.88
2026-07-07,eba63bf10e63c938,"FUKUMARU Cat Scratcher Mat, 23.6 X 15.7 Inch Natural Sisal Cat Scratch Mats, Horizontal Cat Floor Scratching Pad Rug with Sti",fukumaru,beds_accessories,cat,22.0,,4.3,,20715.0,20.5,895.0,,"https://images-eu.ssl-images-amazon.com/images/I/71RqPxMK7lL._AC_UL300_SR300,200_.jpg",amazon|gtrends,57.26,57.26,0.0,,0.85,0.0,,MONITOR,stable,0.0,0.0,0.0,0.5,0.0,0.0,0.0,1.0,496,2026-07-07T17:09:43.328670,54.14,3.12
2026-07-07,99d6234d544b89ce,"Hachiko Natural (Combo of 2) Flea and Tick Shampoo Plus Conditioner + Scrub Brush Allergy Relief, Anti-dandruff, Anti-fungal, Anti-microbial Artificial Fragrance Free Dog Shampoo",hachiko,grooming,dog,,15.0,,4.1,,13.5,,151.0,https://rukminim2.flixcart.com/image/612/612/xif0q/pet-shampoo/g/l/y/250-dog-need-dog-flea-and-tick-scrub-shampoo-conditioner-250-ml-original-imagxqkheyccgygq.jpeg?q=70,flipkart|gtrends,57.18,57.18,0.0,,0.85,0.0,,MONITOR,stable,0.0,0.0,0.0,0.5,0.0,0.0,0.0,0.5,497,2026-07-07T17:09:43.323028,54.68,2.5
2026-07-07,98bf975470682aa7,decorvaiz Catnip Tumbler Toy for Cats – Interactive & Fun Playtime Jute Rubber Toy For Cat,decorvaiz,cat_toys,cat,,9.0,,,,4.0,,282.0,https://rukminim2.flixcart.com/image/612/612/xif0q/pet-toy/1/o/s/1-catnip-toys-for-cats-tumbler-f-18-decorvaiz-original-imahnsfffmgzznpg.jpeg?q=70,flipkart|gtrends,57.18,57.18,0.0,,0.85,0.0,,MONITOR,stable,0.0,0.0,0.0,0.5,0.0,0.0,0.0,0.0,498,2026-07-07T17:09:43.320243,55.3,1.88
2026-07-07,09c5a4c226e152bd,"Inralimot Pet Hair Removal Tool, Electrostatic Pet Hair Remover,Static Removal Gloves for Pet Hair, Dog and Cat Hair Remover",inralimot,grooming,both,16.0,,4.0,,150.0,13.5,179.0,,"https://images-eu.ssl-images-amazon.com/images/I/81F1Zh8OVnL._AC_UL300_SR300,200_.jpg",amazon|gtrends,57.12,57.12,0.0,,0.85,0.0,,MONITOR,stable,0.0,0.0,0.0,0.5,0.0,0.0,0.0,0.5,499,2026-07-07T17:09:43.323228,54.62,2.5
2026-07-07,2b2f48e23da8c3a0,"Zoivane Pet Ditch to Itch Shampoo Anti-Bacterial Dog Shampoo & Conditioner | 200 ML Pack Anti-itching, Anti-dandruff, Anti-fungal, Conditioning, Whitening and Color Enhancing Rose Cologne Dog Shampoo",zoivane,grooming,dog,,16.0,,4.2,,13.5,,98.0,https://rukminim2.flixcart.com/image/612/612/xif0q/pet-shampoo/v/3/1/200-zv-dti-200ml-zoivane-original-imahexfyurcxmaax.jpeg?q=70,flipkart|gtrends,57.08,57.08,0.0,,0.84,0.0,,MONITOR,stable,0.0,0.0,0.0,0.5,0.0,0.0,0.0,1.0,500,2026-07-07T17:09:43.330339,53.96,3.12
2026-07-07,dd56a24cfa45e9b0,"YMS Interactive Cat Toy Cat Nip Silvervine Mint Cat Lickable Treat Cat Dental Toy Plastic, PP (Polypropylene) Soft Toy, Training Aid For Cat",yms,cat_food,cat,,3.0,,3.5,,21.67,,127.0,https://rukminim2.flixcart.com/image/612/612/xif0q/pet-toy/w/g/a/1-cat-mint-ball-yms-original-imahjxgs3rfug9jn.jpeg?q=70,flipkart|gtrends,57.05,57.05,0.0,,0.99,0.1,LOW_RATING_PENALTY,REVIEW_MANUALLY,stable,0.0,0.0,0.0,0.5,0.0,0.0,0.0,0.0,501,2026-07-07T17:09:43.249979,65.17,1.88
2026-07-07,32b35e1b7921ddae,"No Pull Cat Harness and Leash Set for Walking – Escape Proof, Soft Air Mesh, Adjustable Vest Harness for Kittens, Cats, Puppy",no,collars_leashes,both,15.0,,3.9,,46.0,5.0,299.0,,"https://images-eu.ssl-images-amazon.com/images/I/61p2XLxZdgL._AC_UL300_SR300,200_.jpg",amazon|gtrends,57.0,57.0,0.0,,0.85,0.0,,MONITOR,stable,0.0,0.0,0.0,0.5,0.0,0.0,0.0,0.5,502,2026-07-07T17:09:43.323637,54.5,2.5
2026-07-07,afd77ec208ac2322,FIPPYO dogs can use this anti-flea dogs collar safely Dog & Cat Anti-tick Collar,fippyo,training,both,,10.0,,,,0.5,,270.0,https://rukminim2.flixcart.com/image/612/612/xif0q/pet-collar-harness/a/h/4/large-tick-collar-for-dogs-premium-adjustable-silicone-pet-original-imahg3csmjuhh6nh.jpeg?q=70,flipkart|gtrends,56.98,56.98,0.0,,0.85,0.0,,MONITOR,stable,0.0,0.0,0.0,0.5,0.0,0.0,0.0,0.0,503,2026-07-07T17:09:43.321073,55.1,1.88
2026-07-07,54e06223d6c2c545,Petroyale Dog Multivitamin Tablet | Pet Health Supplement | Dog Bone Builder | Dog Calcium Chew Tablets | Dog Bad Breath Medicine | Dog Growth Supplement (1 x 60 Tablets) Pack of 1 Pet Health Supplements,petroyale,health_wellness,dog,,17.0,,4.4,,0.5,,487.0,https://rukminim2.flixcart.com/image/612/612/xif0q/pet-health-supplement/g/u/a/50-dog-multivitamin-tablet-pet-health-supplement-dog-bone-original-imahm434z6jms9mt.jpeg?q=70,flipkart|gtrends,56.94,56.94,0.0,,0.84,0.0,,MONITOR,stable,0.0,0.0,0.0,0.5,0.0,0.0,0.0,1.0,504,2026-07-07T17:09:43.331163,53.82,3.12
2026-07-07,84307550eee835c3,"Dr Venture Anti-tick and Flea Neem Dog Shampoo 200 ml + Anti-Tick and Flea Spray for All Breeds Like Dogs, Cats and Puppies Kills & Repels Fleas, Ticks and Lice Enriched with Neem and Aloevera 200 ml Anti-fungal, Flea and Tick, Anti-microbial, Allergy Relief, Whitening and Color Enhancing, Anti-itching neem Dog Shampoo",dr,health_wellness,both,,15.0,,3.9,,0.5,,240.0,https://rukminim2.flixcart.com/image/612/612/xif0q/pet-shampoo/k/c/l/400-anti-tick-and-flea-neem-dog-shampoo-200-ml-anti-tick-and-original-imah4egcyrhjrh9p.jpeg?q=70,flipkart|gtrends,56.92,56.92,0.0,,0.85,0.0,,MONITOR,stable,0.0,0.0,0.0,0.5,0.0,0.0,0.0,0.5,505,2026-07-07T17:09:43.324793,54.42,2.5
2026-07-07,10a57bed93bf9431,"Foodie Puppies Interactive Dog Squeaky Plush Toy - (Blue Swan) | Durable Crinkle Papered, Cotton Stuffed Chew Toy for Teethin",foodie,dog_toys,dog,18.0,,4.4,,96.0,3.0,280.0,,"https://images-eu.ssl-images-amazon.com/images/I/71v28+inJWL._AC_UL300_SR300,200_.jpg",amazon|gtrends,56.92,56.92,0.0,,0.84,0.0,,MONITOR,stable,0.0,0.0,0.0,0.5,0.0,0.0,0.0,1.0,506,2026-07-07T17:09:43.331365,53.8,3.12
2026-07-07,4bbed9dcdbb49cdd,"Raytails Dog Shampoo for Odor & Hair Fall Control Deep Cleaning Gentle Coat Care Conditioning, Anti-itching pH Balanced, Mild Dog Shampoo",raytails,grooming,dog,,17.0,,4.5,,13.5,,221.0,https://rukminim2.flixcart.com/image/612/612/xif0q/pet-shampoo/i/u/u/300-rt-ds-300-raytails-original-imahmhzwbtekdnhu.jpeg?q=70,flipkart|gtrends,56.92,56.92,0.0,,0.84,0.0,,MONITOR,stable,0.0,0.0,0.0,0.5,0.0,0.0,0.0,1.0,507,2026-07-07T17:09:43.331572,53.8,3.12
2026-07-07,f596740b15b7332c,Purepet Adult Dry Dog Food 20kg | Chicken & Vegetable Flavour | Promotes Health & Vitality | Balanced Nutrition | Supports Di,purepet,dog_food,dog,21.0,,4.1,,6883.0,18.0,2213.0,,"https://images-eu.ssl-images-amazon.com/images/I/61AvtB-QFYL._AC_UL300_SR300,200_.jpg",amazon|gtrends,56.84,56.84,0.0,,0.85,0.0,,MONITOR,stable,0.0,0.0,0.0,0.5,0.0,0.0,0.0,0.5,508,2026-07-07T17:09:43.325248,54.34,2.5
2026-07-07,c26f8ffde8cb093d,"Bakson Veterinary Derm Aid Pet Skin Drop for Animals 30ML | Dogs & Cats Skin Infection Treatment & Allergy Relief | Itching,",bakson,health_wellness,both,19.0,,4.2,,596.0,0.5,208.0,,"https://images-eu.ssl-images-amazon.com/images/I/81ys3VQjLeL._AC_UL300_SR300,200_.jpg",amazon|gtrends,56.82,56.82,0.0,,0.84,0.0,,MONITOR,stable,0.0,0.0,0.0,0.5,0.0,0.0,0.0,1.0,509,2026-07-07T17:09:43.331993,53.7,3.12
2026-07-07,be7bd7f917166cac,Drools Real Chicken 1.2 kg Dry Young Cat Food,drools,cat_food,cat,,17.0,,4.4,,21.67,,319.0,https://rukminim2.flixcart.com/image/612/612/xif0q/pet-food/m/n/3/-original-imahnzzh2nhbjv7n.jpeg?q=70,flipkart|gtrends,56.81,56.81,0.0,,0.84,0.0,,MONITOR,stable,0.0,0.0,0.0,0.5,0.0,0.0,0.0,1.0,510,2026-07-07T17:09:43.332200,53.69,3.12
2026-07-07,a2bc34487123928e,Drools Tuna and Salmon 1.2 kg Dry Adult Cat Food,drools,cat_food,cat,,17.0,,4.4,,21.67,,327.0,https://rukminim2.flixcart.com/image/612/612/xif0q/pet-food/j/7/w/1-2-cat-1-9950959-drools-original-imagy2nwyupzhxzz.jpeg?q=70,flipkart|gtrends,56.81,56.81,0.0,,0.84,0.0,,MONITOR,stable,0.0,0.0,0.0,0.5,0.0,0.0,0.0,1.0,511,2026-07-07T17:09:43.332403,53.69,3.12
2026-07-07,f39257f41c5efc0c,Me-O Adult Cat Food - Tuna 3 kg Dry Adult Cat Food,me-o,cat_food,cat,,17.0,,4.4,,21.67,,1561.0,https://rukminim2.flixcart.com/image/612/612/jvgzl3k0/pet-food/s/2/r/3-cat-3kg-cf-tuna-me-o-original-imafg8uywdsxtqrn.jpeg?q=70,flipkart|gtrends,56.81,56.81,0.0,,0.84,0.0,,MONITOR,stable,0.0,0.0,0.0,0.5,0.0,0.0,0.0,1.0,512,2026-07-07T17:09:43.332612,53.69,3.12
2026-07-07,4d8749d8433238e9,Paitsco Foldable Pet Home for Cats & Small Pets L Pet Bed,paitsco,beds_accessories,cat,,15.0,,4.0,,20.5,,1423.0,https://rukminim2.flixcart.com/image/612/612/xif0q/pet-bed/a/x/m/s-foldable-pet-home-for-cats-small-pets-paitsco-original-imahhndcqrkzghmf.jpeg?q=70,flipkart|gtrends,56.8,56.8,0.0,,0.85,0.0,,MONITOR,stable,0.0,0.0,0.0,0.5,0.0,0.0,0.0,0.5,513,2026-07-07T17:09:43.325683,54.3,2.5
2026-07-07,d8b45ccdb7f458ce,"Agirav Dog Rope Toys + Chew Toys, Combo Pack of 7 (Color May Vary)",agirav,dog_toys,dog,21.0,,4.3,,1701.0,3.0,239.0,,"https://images-eu.ssl-images-amazon.com/images/I/71EwM691FXL._AC_UL300_SR300,200_.jpg",amazon|gtrends,56.78,56.78,0.0,,0.84,0.0,,MONITOR,stable,0.0,0.0,0.0,0.5,0.0,0.0,0.0,1.0,514,2026-07-07T17:09:43.332832,53.66,3.12
2026-07-07,448b788d93f98c41,"2 Pack Black Catnip Wall Massage Corner Brush for Long & Short Fur Cats and Kittens,C-at Self Groomer Scratcher, Soft Comb Ca",2,grooming,cat,18.0,,4.7,,5.0,13.5,274.0,,"https://images-eu.ssl-images-amazon.com/images/I/71rmchiNs1L._AC_UL300_SR300,200_.jpg",amazon|gtrends,56.7,56.7,0.0,,0.84,0.0,,MONITOR,stable,0.0,0.0,0.0,0.5,0.0,0.0,0.0,1.0,515,2026-07-07T17:09:43.333041,53.58,3.12
2026-07-07,4160635a73686757,Doggo Bite Premium Reflective Dog Vest Harness| Soft Breathable| Padded Handle| Adjustable Straps & Dual Lock Buckle| No-Chok,doggo,collars_leashes,dog,16.0,,3.9,,186.0,5.0,1424.0,,"https://images-eu.ssl-images-amazon.com/images/I/61PJSqSWn7L._AC_UL300_SR300,200_.jpg",amazon|gtrends,56.68,56.68,0.0,,0.85,0.0,,MONITOR,stable,0.0,0.0,0.0,0.5,0.0,0.0,0.0,0.5,516,2026-07-07T17:09:43.327980,54.18,2.5
2026-07-07,5bc871487f11275d,Royal Canin Royal Canin Fit 32 Adult Dry Cat Food - 1 kg Chicken 1 kg Dry Adult Cat Food,royal canin,cat_food,cat,,18.0,,4.7,,21.67,,984.0,https://rukminim2.flixcart.com/image/612/612/xif0q/pet-food/2/m/u/1-cat-1-otrfo17196-royal-canin-original-imahgy87crwsnc69.jpeg?q=70,flipkart|gtrends,56.65,56.65,0.0,,0.84,0.0,,MONITOR,stable,0.0,0.0,0.0,0.5,0.0,0.0,0.0,1.0,517,2026-07-07T17:09:43.333242,53.53,3.12
2026-07-07,16cbf8c73a99f71a,"Petology Dog Leash 4FT Long, 1cm Thick Reflective Heavy Duty Rope with Anti-Slip Padded Handle for Small Dogs",petology,collars_leashes,dog,18.0,,4.1,,744.0,5.0,175.0,,"https://images-eu.ssl-images-amazon.com/images/I/716PfHm0gxL._AC_UL300_SR300,200_.jpg",amazon|gtrends,56.61,56.61,0.0,,0.85,0.0,,MONITOR,stable,0.0,0.0,0.0,0.5,0.0,0.0,0.0,0.5,518,2026-07-07T17:09:43.328887,54.11,2.5
2026-07-07,e5a80de325033ed7,"MEDBOTICS Durable Rope Training Leash for Small Dogs, with Strong Hook Size- 6mm 120 cm Dog Cord Leash",medbotics,collars_leashes,dog,,15.0,,4.0,,5.0,,129.0,https://rukminim2.flixcart.com/image/612/612/kiew3gw0-0/pet-leash-chain/o/n/h/durable-rope-training-leash-for-small-dogs-with-strong-hook-size-original-imafy7bggzkhjyn6.jpeg?q=70,flipkart|gtrends,56.6,56.6,0.0,,0.85,0.0,,MONITOR,stable,0.0,0.0,0.0,0.5,0.0,0.0,0.0,0.5,519,2026-07-07T17:09:43.329715,54.1,2.5
2026-07-07,4f6494cb33ee9003,Drools Dry Dog Food All Life Stages 3kg | 100% Vegetarian Flavour | Supports Digestive Health | Strong Bones & Teeth | Boosts,drools,dog_food,dog,20.0,,4.4,,1049.0,18.0,637.0,,"https://images-eu.ssl-images-amazon.com/images/I/71tQN3ZhOdL._AC_UL300_SR300,200_.jpg",amazon|gtrends,56.54,56.54,0.0,,0.84,0.0,,MONITOR,stable,0.0,0.0,0.0,0.5,0.0,0.0,0.0,1.0,520,2026-07-07T17:09:43.333660,53.42,3.12
2026-07-07,c6cc381a51f4d566,Drools Drools Puppy Dry Dog Food Chicken and Egg 400gm Chicken 0.5 kg Dry New Born Dog Food,drools,dog_food,dog,,15.0,,3.8,28.0,18.0,,168.0,https://rukminim2.flixcart.com/image/312/312/xif0q/pet-food/0/d/c/0-5-dog-1-1-drools-original-imahamtr8ftcysjq.jpeg?q=70,flipkart|gtrends,56.53,56.53,0.0,,0.85,0.0,,MONITOR,stable,0.0,0.0,0.0,0.5,0.0,0.0,0.0,0.5,521,2026-07-07T17:09:43.330133,54.03,2.5
2026-07-07,0956616749f739f7,"CARMOD Multi Colour Sleeping Dog Toy Decorative Showpiece - 10 cm (Fabric, Multicolor) Decorative Showpiece - 10 cm",carmod,dog_toys,dog,,11.0,,,,3.0,,787.0,https://rukminim2.flixcart.com/image/612/612/xif0q/showpiece-figurine/n/w/v/26-26-multi-colour-cute-sleeping-dog-sleeping-dog-for-car-original-imah77rgymusubkt.jpeg?q=70,flipkart|gtrends,56.38,56.38,0.0,,0.85,0.0,,MONITOR,stable,0.0,0.0,0.0,0.5,0.0,0.0,0.0,0.0,522,2026-07-07T17:09:43.323427,54.5,1.88
2026-07-07,fa08a6e5e5646845,Buraq Cat Harness Full Body With Leash Set - For Walking | Escape Proof Cat Buckle Harness,buraq,collars_leashes,cat,,15.0,,3.9,,5.0,,93.0,https://rukminim2.flixcart.com/image/612/612/xif0q/pet-collar-harness/l/0/d/medium-nylon-leash-with-full-body-harness-set-for-cats-original-imah3ga5cvzjrmjf.jpeg?q=70,flipkart|gtrends,56.32,56.32,0.0,,0.84,0.0,,MONITOR,stable,0.0,0.0,0.0,0.5,0.0,0.0,0.0,0.5,523,2026-07-07T17:09:43.330958,53.82,2.5
2026-07-07,d9305e280c8d786d,"Royal Canin Maxi Puppy Food, Dry Food, Supports Immune System & digestive health, Provides Long growth, moderate energy, 4 Kg",royal canin,dog_food,dog,23.0,,4.4,,7306.0,18.0,3555.0,,"https://images-eu.ssl-images-amazon.com/images/I/612MYUWBWtL._AC_UL300_SR300,200_.jpg",amazon|gtrends,56.3,56.3,0.0,,0.84,0.0,,MONITOR,stable,0.0,0.0,0.0,0.5,0.0,0.0,0.0,1.0,524,2026-07-07T17:09:43.335110,53.18,3.12
2026-07-07,1d8c0e94e8d3f99d,THE DDS STORE 3.LTR.Cat Water Bowl Dispenser Automatic Water Fountain Plastic,,beds_accessories,cat,,17.0,,4.3,,20.5,,1678.0,https://rukminim2.flixcart.com/image/612/612/xif0q/pet-fountain/e/0/u/1-3-ltr-cat-water-bowl-dispenser-automatic-water-fountain-original-imagqsg5fadzehz7.jpeg?q=70,flipkart|gtrends,56.26,56.26,0.0,,0.84,0.0,,MONITOR,stable,0.0,0.0,0.0,0.5,0.0,0.0,0.0,1.0,525,2026-07-07T17:09:43.335508,53.14,3.12
2026-07-07,e716b6d7cf64e43a,"Dog Trust Extra Large Cat Scratcher Cardboard, Scratch Pad with Cat Scratcher Box, Reversible Cardboard Refill Pad",dog,beds_accessories,both,18.0,,4.4,,48.0,20.5,540.0,,"https://images-eu.ssl-images-amazon.com/images/I/51S79BT+vXL._AC_UL300_SR300,200_.jpg",amazon|gtrends,56.23,56.23,0.0,,0.84,0.0,,MONITOR,stable,0.0,0.0,0.0,0.5,0.0,0.0,0.0,1.0,526,2026-07-07T17:09:43.335726,53.11,3.12
2026-07-07,76fd84508693c0be,PetFunda Fresh Mint Dental Spray for Dogs & Cats| Enriched with Mint & Clove Extract | Reduces Plaque & Tarter | Paraben-Free,petfunda,health_wellness,both,16.0,,3.8,,33.0,0.5,279.0,,"https://images-eu.ssl-images-amazon.com/images/I/51ivvybk--L._AC_UL300_SR300,200_.jpg",amazon|gtrends,56.21,56.21,0.0,,0.84,0.0,,MONITOR,stable,0.0,0.0,0.0,0.5,0.0,0.0,0.0,0.5,527,2026-07-07T17:09:43.331778,53.71,2.5
2026-07-07,1bba2504b559452e,Pet Guard Interactive Cat Wand and Cat Feather Toys with Bells For Indoor Cat toys Plastic Fetch Toy For Dog & Cat,,cat_toys,both,,16.0,,4.2,,4.0,,180.0,https://rukminim2.flixcart.com/image/612/612/xif0q/pet-toy/d/r/8/1-na-pet-guard-original-imahyf4rz2pg7kgp.jpeg?q=70,flipkart|gtrends,56.18,56.18,0.0,,0.84,0.0,,MONITOR,stable,0.0,0.0,0.0,0.5,0.0,0.0,0.0,1.0,528,2026-07-07T17:09:43.336330,53.06,3.12
2026-07-07,337fec1cd2b97a41,"KIKA Pets Personalized Dog Harness|Dog Harness For Shih Tzu With Name|Customized Dog Vest Harness,Small Size (For 5-12 Kg Dog",kika,collars_leashes,dog,19.0,,4.3,,444.0,5.0,840.0,,"https://images-eu.ssl-images-amazon.com/images/I/71Nj+GB1zsL._AC_UL300_SR300,200_.jpg",amazon|gtrends,56.17,56.17,0.0,,0.84,0.0,,MONITOR,stable,0.0,0.0,0.0,0.5,0.0,0.0,0.0,1.0,529,2026-07-07T17:09:43.336888,53.05,3.12
2026-07-07,3c7ba11c995a4f9a,Berlin's Dog Cats Scissor Nail Clipper,berlins,grooming,both,,11.0,,,,13.5,,148.0,https://rukminim2.flixcart.com/image/612/612/xif0q/pet-nail-clipper/w/w/u/dog-nail-cutter-filer-petsilk-original-imahfa8zewdzvyhy.jpeg?q=70,flipkart|gtrends,56.08,56.08,0.0,,0.85,0.0,,MONITOR,stable,0.0,0.0,0.0,0.5,0.0,0.0,0.0,0.0,530,2026-07-07T17:09:43.327515,54.2,1.88
2026-07-07,b17839571eb5d477,"KickAt 5 in 1 Cat Shampoo - Safe & Mild Complete Care for All Cats Conditioning, Anti-microbial, Anti-fungal, Anti-dandruff, Allergy Relief Lavender Cat Shampoo",kickat,grooming,cat,,11.0,,,,13.5,,130.0,https://rukminim2.flixcart.com/image/612/612/xif0q/pet-shampoo/n/f/4/200-5-in-1-cat-200ml-kickat-original-imahzdmgusspbyfz.jpeg?q=70,flipkart|gtrends,56.08,56.08,0.0,,0.85,0.0,,MONITOR,stable,0.0,0.0,0.0,0.5,0.0,0.0,0.0,0.0,531,2026-07-07T17:09:43.327751,54.2,1.88
2026-07-07,36fd855dc0f46689,Drools Sticks Chicken Liver Dog Treat,drools,training,dog,,11.0,,,,0.5,,169.0,https://rukminim2.flixcart.com/image/312/312/xif0q/pet-treat/i/n/3/-original-imahmdyqe9nz4w9u.jpeg?q=70,flipkart|gtrends,55.98,55.98,0.0,,0.85,0.0,,MONITOR,stable,0.0,0.0,0.0,0.5,0.0,0.0,0.0,0.0,532,2026-07-07T17:09:43.329092,54.1,1.88
2026-07-07,2866b1de4cb570e3,Emily Pets Clicker for Dogs (Pack of 4) Plastic Training Aid For Dog & Cat,emily,training,both,,11.0,,,,0.5,,748.0,https://rukminim2.flixcart.com/image/612/612/l4ln8nk0/pet-toy/x/h/e/1-dog-clickers-with-black-wrist-bands-2-4x1-8-inches-colorful-original-imagfgg7xvpxfnvy.jpeg?q=70,flipkart|gtrends,55.98,55.98,0.0,,0.85,0.0,,MONITOR,stable,0.0,0.0,0.0,0.5,0.0,0.0,0.0,0.0,533,2026-07-07T17:09:43.329293,54.1,1.88
2026-07-07,93d0398f474c505b,Furry Life Cat Water Fountain Super Silent Pet Water Fountain - Deep Turquoise,furry,beds_accessories,cat,,11.0,,,,20.5,,1584.0,https://rukminim2.flixcart.com/image/612/612/xif0q/pet-fountain/o/s/s/5-cat-water-fountain-super-silent-pet-water-fountain-deep-original-imahjspcw2kcsynz.jpeg?q=70,flipkart|gtrends,55.98,55.98,0.0,,0.85,0.0,,MONITOR,stable,0.0,0.0,0.0,0.5,0.0,0.0,0.0,0.0,534,2026-07-07T17:09:43.329495,54.1,1.88
2026-07-07,eefd4ef02f951be6,wagmart Wagmart Reflective Nylon Dog Collar Adjustable Black with Quick Release Buckle Dog Everyday Collar,wagmart,training,dog,,11.0,,,,0.5,,225.0,https://rukminim2.flixcart.com/image/612/612/xif0q/pet-collar-harness/2/w/w/medium-titan-reflective-dog-collar-black-wagmart-original-imahztwcukdstpye.jpeg?q=70,flipkart|gtrends,55.98,55.98,0.0,,0.85,0.0,,MONITOR,stable,0.0,0.0,0.0,0.5,0.0,0.0,0.0,0.0,535,2026-07-07T17:09:43.329917,54.1,1.88
2026-07-07,93265212bddf2df5,WAGGY TAILS Soft Nylon Dog Training Lead 0.7 Inch 10 Ft Long Leash for Dogs 304 cm Dog Strap Leash,waggy,collars_leashes,dog,,16.0,,4.1,,5.0,,170.0,https://rukminim2.flixcart.com/image/612/612/xif0q/pet-leash-chain/y/j/j/nylon-dog-leash-with-extra-strong-brass-snap-hook-for-dogs-large-original-imah4zhu3gxdvyuv.jpeg?q=70,flipkart|gtrends,55.88,55.88,0.0,,0.84,0.0,,MONITOR,stable,0.0,0.0,0.0,0.5,0.0,0.0,0.0,0.5,536,2026-07-07T17:09:43.333865,53.38,2.5
2026-07-07,7630ba21db156878,WoofyPlanet Pet Nylon Adjustable Reflective Padded Radium Neck Collars – Pack of 2 Dog Everyday Collar,woofyplanet,collars_leashes,dog,,16.0,,4.1,,5.0,,143.0,https://rukminim2.flixcart.com/image/612/612/xif0q/pet-collar-harness/m/s/a/medium-wp-r-dog-collar-woofyplanet-original-imahnkefm2ggkw8z.jpeg?q=70,flipkart|gtrends,55.88,55.88,0.0,,0.84,0.0,,MONITOR,stable,0.0,0.0,0.0,0.5,0.0,0.0,0.0,0.5,537,2026-07-07T17:09:43.334083,53.38,2.5
2026-07-07,bbb2a99a36aa0c72,Chip Chops Chicken Sausages Chicken 0.21 kg (3x0.07 kg) Dry Young Dog Food,chip,dog_food,dog,,20.0,,4.5,523.0,18.0,,526.0,https://rukminim2.flixcart.com/image/312/312/jc5458w0/pet-food/k/h/b/70-dog-cc1203-chip-chops-original-imaeu9vy7meajwvf.jpeg?q=70,flipkart|gtrends,55.87,55.87,0.0,,0.84,0.0,,MONITOR,stable,0.0,0.0,0.0,0.5,0.0,0.0,0.0,1.0,538,2026-07-07T17:09:43.337844,52.75,3.12
2026-07-07,b47e876693c0d753,Drools Real Chicken 3 kg Dry Adult Cat Food,drools,cat_food,cat,,18.0,,4.4,,21.67,,808.0,https://rukminim2.flixcart.com/image/612/612/xif0q/pet-food/o/0/r/3-cat-1-9950967-drools-original-imagy2nuuvam5ffz.jpeg?q=70,flipkart|gtrends,55.81,55.81,0.0,,0.84,0.0,,MONITOR,stable,0.0,0.0,0.0,0.5,0.0,0.0,0.0,1.0,539,2026-07-07T17:09:43.338505,52.69,3.12
2026-07-07,5c11e2aa95d2abd9,Buraq Cat Collar Set of 4 | Nylon | Bell | Adjustable | Breakaway Safe| All Cat Breeds Cat Break Away Collar,buraq,collars_leashes,cat,,17.0,,4.2,,5.0,,146.0,https://rukminim2.flixcart.com/image/612/612/xif0q/pet-collar-harness/k/l/b/medium-4-plain-collar-buraq-original-imahhj4w7fhgdk44.jpeg?q=70,flipkart|gtrends,55.78,55.78,0.0,,0.84,0.0,,MONITOR,stable,0.0,0.0,0.0,0.5,0.0,0.0,0.0,1.0,540,2026-07-07T17:09:43.338706,52.66,3.12
2026-07-07,ee150bb63dbc7930,DOODA Flea & Tick Collar 60cm | Unique Formula for Quick & Long-Lasting Protection | Dog Anti-tick Collar,dooda,training,dog,,4.0,,3.5,,0.5,,327.0,https://rukminim2.flixcart.com/image/612/612/pet-collar-harness/b/6/j/519016-dooda-original-imaepuxfpdjdthtb.jpeg?q=70,flipkart|gtrends,55.78,55.78,0.0,,0.99,0.1,LOW_RATING_PENALTY,REVIEW_MANUALLY,stable,0.0,0.0,0.0,0.5,0.0,0.0,0.0,0.0,541,2026-07-07T17:09:43.258621,63.9,1.88
2026-07-07,1c4f9270063e1926,Pethub cat harness Cat Buckle Harness,pethub,collars_leashes,cat,,11.0,,,,5.0,,148.0,https://rukminim2.flixcart.com/image/612/612/xif0q/pet-collar-harness/x/u/2/extra-small-cat-harness-pethub-original-imahzstbch5jjfze.jpeg?q=70,flipkart|gtrends,55.78,55.78,0.0,,0.84,0.0,,MONITOR,stable,0.0,0.0,0.0,0.5,0.0,0.0,0.0,0.0,542,2026-07-07T17:09:43.330537,53.9,1.88
2026-07-07,201a85d002fb61f5,"CottonCat Cat Harness with Leash – Escape Proof, Adjustable Soft Mesh Vest for Cats, Breathable Lightweight Kitten Harness wi",cottoncat,collars_leashes,cat,18.0,,4.5,,2.0,5.0,349.0,,"https://images-eu.ssl-images-amazon.com/images/I/81c9XZjpblL._AC_UL300_SR300,200_.jpg",amazon|gtrends,55.76,55.76,0.0,,0.84,0.0,,MONITOR,stable,0.0,0.0,0.0,0.5,0.0,0.0,0.0,1.0,543,2026-07-07T17:09:43.338928,52.64,3.12
2026-07-07,fe631cec12f0bf6e,skyec Pup Start Weaning Diet Above 15 Days for All Breeds Puppy Food Vanilla 0.055 kg Dry New Born Dog...,skyec,dog_food,dog,,20.0,,4.3,749.0,18.0,,319.0,https://rukminim2.flixcart.com/image/312/312/jzog9e80/pet-food/g/w/k/300-dog-55-skyec-original-imafjhbgeky98ykf.jpeg?q=70,flipkart|gtrends,55.76,55.76,0.0,,0.84,0.0,,MONITOR,stable,0.0,0.0,0.0,0.5,0.0,0.0,0.0,1.0,544,2026-07-07T17:09:43.339140,52.64,3.12
2026-07-07,4ffd3147b5888403,"Venky's VentriPro Kitten Feed Supplement, Enriched with Omega 3 & 6 Fatty Acids, 200 g",venkys,health_wellness,cat,5.0,,3.6,,7.0,0.5,349.0,,"https://images-eu.ssl-images-amazon.com/images/I/31TKlmhbrGL._AC_UL300_SR300,200_.jpg",amazon|gtrends,55.72,55.72,0.0,,0.99,0.1,LOW_RATING_PENALTY,REVIEW_MANUALLY,stable,0.0,0.0,0.0,0.5,0.0,0.0,0.0,0.0,545,2026-07-07T17:09:43.259021,63.84,1.88
2026-07-07,edd0232064044ac5,Aviean International Dog 1.4 Kg Puppy Biscuits (0.7) Kg 2 Pack With 700Gm Free Pack Of 2 Chicken 2 kg ...,aviean,dog_food,dog,,18.0,,3.9,569.0,18.0,,147.0,https://rukminim2.flixcart.com/image/312/312/xif0q/pet-food/z/6/b/1-4-dog-2-mark-23-aviean-international-original-imahkdyajtreyfuh.jpeg?q=70,flipkart|gtrends,55.67,55.67,0.0,,0.84,0.0,,MONITOR,stable,0.0,0.0,0.0,0.5,0.0,0.0,0.0,0.5,546,2026-07-07T17:09:43.335311,53.17,2.5
2026-07-07,05cd8e90d2386c04,"CWAWZ Dog Beds for Large Dogs, Orthopedic Dog Bed with Cooling Gel Memory Foam, Waterproof Large Dog Bed with Removable Washa",cwawz,beds_accessories,dog,24.0,,4.5,,3402.0,20.5,2299.0,,"https://images-eu.ssl-images-amazon.com/images/I/71hSmLEHQvL._AC_UL300_SR300,200_.jpg",amazon|gtrends,55.65,55.65,0.0,,0.84,0.0,,MONITOR,stable,0.0,0.0,0.0,0.5,0.0,0.0,0.0,1.0,547,2026-07-07T17:09:43.339341,52.53,3.12
2026-07-07,1e608df9c19eb6f6,Dr Pet Medicated Anti Tick Flea Dog Shampoo 100ml Liquid Pet Care Deep Clean Skin Care Flea and Tick Herbal Natural Dog Shampoo,dr,health_wellness,dog,,20.0,,5.0,,0.5,,182.0,https://rukminim2.flixcart.com/image/612/612/xif0q/pet-shampoo/k/e/m/100-dog-liquid-smpo-100ml-flipcap-dr-pet-original-imahmzfuhuyrxwrz.jpeg?q=70,flipkart|gtrends,55.62,55.62,0.0,,0.84,0.0,,MONITOR,stable,0.0,0.0,0.0,0.5,0.0,0.0,0.0,1.0,548,2026-07-07T17:09:43.339554,52.5,3.12
2026-07-07,31fc3a2314272064,"Emily Pets Pet Nail Clippers for Dogs & Cats – Razor-Sharp Blades, Anti-Slip Grip, Burr-Free Claw Trimmer – Safe & Easy Groom",emily,grooming,both,20.0,,5.0,,5.0,13.5,129.0,,"https://images-eu.ssl-images-amazon.com/images/I/61DAI2i30yL._AC_UL300_SR300,200_.jpg",amazon|gtrends,55.54,55.54,0.0,,0.84,0.0,,MONITOR,stable,0.0,0.0,0.0,0.5,0.0,0.0,0.0,1.0,549,2026-07-07T17:09:43.340658,52.42,3.12
2026-07-07,b220e782dbf52290,DOGGIE Biscuits In Chicken Flavour 1 Pack 450G Chicken Dog Treat,doggie,training,dog,,19.0,,4.0,675.0,0.5,,109.0,https://rukminim2.flixcart.com/image/312/312/xif0q/pet-treat/x/z/j/0-45-dog-1-dog-biscuits-in-chicken-flavour-doggie-original-imahm32zv7yasyyz.jpeg?q=70,flipkart|gtrends,55.4,55.4,0.0,,0.84,0.0,,MONITOR,stable,0.0,0.0,0.0,0.5,0.0,0.0,0.0,0.5,550,2026-07-07T17:09:43.337149,52.9,2.5
2026-07-07,a1c011ed78c3a91e,"Pethub Star rubber dog toy Rubber Chew Toy, Rubber Toy For Dog & Cat",pethub,dog_toys,both,,12.0,,,,3.0,,73.0,https://rukminim2.flixcart.com/image/612/612/xif0q/pet-toy/5/1/m/1-star-shape-squeaky-toy-pet-hub-original-imahzyymxnxu9php.jpeg?q=70,flipkart|gtrends,55.38,55.38,0.0,,0.84,0.0,,MONITOR,stable,0.0,0.0,0.0,0.5,0.0,0.0,0.0,0.0,551,2026-07-07T17:09:43.333444,53.5,1.88
2026-07-07,94d42a2b39a5558f,"ROMSAY Deep Nourishing Aloevera 200ML + Tick & Flea Neem Shampoo 200ML + Pet Brush Allergy Relief, Anti-dandruff, Anti-fungal, Anti-itching, Flea and Tick, Hypoallergenic Neem, Alovera Dog Shampoo",romsay,health_wellness,dog,,18.0,,4.2,,0.5,,162.0,https://rukminim2.flixcart.com/image/612/612/xif0q/pet-shampoo/9/c/o/400-hh11458-romsay-original-imahyuy9g2ghsrqk.jpeg?q=70,flipkart|gtrends,55.38,55.38,0.0,,0.84,0.0,,MONITOR,stable,0.0,0.0,0.0,0.5,0.0,0.0,0.0,1.0,552,2026-07-07T17:09:43.341359,52.26,3.12
2026-07-07,8e541b52dedf7915,"Chompz Taurine Supplement for Cats | 50g Powder | Supports Heart, Vision & Immunity | Unflavoured & Pure | Mixes into Any Mea",chompz,health_wellness,cat,19.0,,4.5,,2.0,0.5,499.0,,"https://images-eu.ssl-images-amazon.com/images/I/613ynsuFjlL._AC_UL300_SR300,200_.jpg",amazon|gtrends,55.36,55.36,0.0,,0.84,0.0,,MONITOR,stable,0.0,0.0,0.0,0.5,0.0,0.0,0.0,1.0,553,2026-07-07T17:09:43.341583,52.24,3.12
2026-07-07,38c086fd3b1febd6,Kashti New toy Battery Operated Jumping and Barking Dog (Puppy)(color may be vary),kashti,dog_toys,dog,,4.0,,3.2,,3.0,,577.0,https://rukminim2.flixcart.com/image/612/612/jpvihzk0/musical-toy/t/q/e/new-toy-battery-operated-jumping-and-barking-dog-puppy-color-may-original-imafbpkkrhajg29p.jpeg?q=70,flipkart|gtrends,55.34,55.34,0.0,,0.99,0.1,LOW_RATING_PENALTY,REVIEW_MANUALLY,stable,0.0,0.0,0.0,0.5,0.0,0.0,0.0,0.0,554,2026-07-07T17:09:43.261417,63.46,1.88
2026-07-07,c2800c124df7aa45,Multani Di Hatti Dog Training Pads/Size: XL/60 x 90 cm/30 Count/Training Pee and Potty Pads with Quick Drying Surface and Absorbent Core/Suitable for Small/Large Breed Puppies Dog Diapers Disposable Dog Diapers,multani,training,dog,,5.0,,3.7,,0.5,,512.0,https://rukminim2.flixcart.com/image/612/612/kkr72q80/pet-diaper/w/5/d/360-training-pads-super-absorbent-water-proof-non-slippery-original-imagyyhjezqguy63.jpeg?q=70,flipkart|gtrends,55.34,55.34,0.0,,0.99,0.1,LOW_RATING_PENALTY,REVIEW_MANUALLY,stable,0.0,0.0,0.0,0.5,0.0,0.0,0.0,0.0,555,2026-07-07T17:09:43.261709,63.46,1.88
2026-07-07,a654ed116143847c,"SKOG Retractable Dog Leash, 5M 360°Tangle- Nylon Tape Dog Chain 500 cm Dog Chain Leash",skog,collars_leashes,dog,,4.0,,3.4,,5.0,,260.0,https://rukminim2.flixcart.com/image/612/612/xif0q/shopsy-pet-leash-chain/x/9/1/500-retractable-dog-leash-5m-quick-lock-nylon-tape-dog-chain-original-imah3hjeggsyh6bh.jpeg?q=70,flipkart|gtrends,55.3,55.3,0.0,,0.99,0.1,LOW_RATING_PENALTY,REVIEW_MANUALLY,stable,0.0,0.0,0.0,0.5,0.0,0.0,0.0,0.0,556,2026-07-07T17:09:43.261942,63.42,1.88
2026-07-07,d3fbfa837c47fcb6,"Pedigree Adult & Puppy Dry Dog Food, 100% Vegetarian, 2.8 kg, Contains 37 Essential Nutrients, 100% Complete & Balanced Food",pedigree,dog_food,dog,22.0,,4.4,,1587.0,18.0,740.0,,"https://images-eu.ssl-images-amazon.com/images/I/71M1b3Oh15L._AC_UL300_SR300,200_.jpg",amazon|gtrends,55.28,55.28,0.0,,0.84,0.0,,MONITOR,stable,0.0,0.0,0.0,0.5,0.0,0.0,0.0,1.0,557,2026-07-07T17:09:43.341803,52.16,3.12
2026-07-07,ab5396f0b629429d,Dogsee Chew Puffies|100% Natural Himalayan Vegetarian Cheese Dog Treat,himalaya,training,dog,,18.0,,4.1,137.0,0.5,,127.0,https://rukminim2.flixcart.com/image/312/312/xif0q/shopsy-pet-treat/3/s/i/70-puffies-cheese-dog-treat-dog-1-dogsee-chew-original-imaggkpe3sjthvdc.jpeg?q=70,flipkart|gtrends,55.25,55.25,0.0,,0.84,0.0,,MONITOR,stable,0.0,0.0,0.0,0.5,0.0,0.0,0.0,0.5,558,2026-07-07T17:09:43.338083,52.75,2.5
2026-07-07,637f6c790632f07f,Me-O Tuna Tuna 3 kg Cat Food,me-o,cat_food,cat,,18.0,,4.2,,21.67,,1480.0,https://rukminim2.flixcart.com/image/612/612/xif0q/pet-food/2/p/v/-original-imagjgvgzpndjgth.jpeg?q=70,flipkart|gtrends,55.25,55.25,0.0,,0.84,0.0,,MONITOR,stable,0.0,0.0,0.0,0.5,0.0,0.0,0.0,1.0,559,2026-07-07T17:09:43.342012,52.13,3.12
2026-07-07,aa30ffc4d2a8cf11,PET360 Omega 3+6+9 for Dogs | Blend of Salmon & Flax Seed Oils with Fur & Coat Protectives | Reduced Shedding | Shiny Coat,pet360,health_wellness,dog,20.0,,4.2,,334.0,0.5,361.0,,"https://images-eu.ssl-images-amazon.com/images/I/71A3t6JkQbL._AC_UL300_SR300,200_.jpg",amazon|gtrends,55.21,55.21,0.0,,0.84,0.0,,MONITOR,stable,0.0,0.0,0.0,0.5,0.0,0.0,0.0,1.0,560,2026-07-07T17:09:43.342417,52.09,3.12
2026-07-07,bba2e561e4986d0a,TTW White Cat Soft Toys - Cat In Basket Mini Kitten Doll With Realistic Meow Sounds - 6 cm,me-o,cat_toys,cat,,11.0,,,,4.0,,369.0,https://rukminim2.flixcart.com/image/612/612/xif0q/stuffed-toy/2/f/s/white-cat-soft-toys-cat-in-basket-mini-kitten-doll-with-original-imahnff5hqe8hyhn.jpeg?q=70,flipkart|gtrends,55.18,55.18,0.0,,0.84,0.0,,MONITOR,stable,0.0,0.0,0.0,0.5,0.0,0.0,0.0,0.0,561,2026-07-07T17:09:43.334287,53.3,1.88
2026-07-07,1a5878c4e9c5a26f,"Vixora decorvaiz Ball for Cats & Dogs Silicone Chew Toy, Ball For Dog & Cat",vixora,cat_toys,both,,17.0,,4.2,,4.0,,212.0,https://rukminim2.flixcart.com/image/612/612/xif0q/pet-toy/5/b/s/1-kittens-cats-toys-for-big-cats-tails-smart-ball-interactive-original-imah92bqzfzuekkz.jpeg?q=70,flipkart|gtrends,55.18,55.18,0.0,,0.84,0.0,,MONITOR,stable,0.0,0.0,0.0,0.5,0.0,0.0,0.0,1.0,562,2026-07-07T17:09:43.342833,52.06,3.12
2026-07-07,2838df2bed2cdf10,"JANCOM Walking Leash, 3M-15KG, Non-Slip Retractable Dog Leash Anti-Rust Rotating Hook 300 cm Dog & Cat Cord Leash",jancom,collars_leashes,both,,5.0,,3.7,,5.0,,265.0,https://rukminim2.flixcart.com/image/612/612/xif0q/pet-leash-chain/h/k/8/dl-30-jancom-original-imah6fdcptsfvgus.jpeg?q=70,flipkart|gtrends,55.14,55.14,0.0,,0.99,0.1,LOW_RATING_PENALTY,REVIEW_MANUALLY,stable,0.0,0.0,0.0,0.5,0.0,0.0,0.0,0.0,563,2026-07-07T17:09:43.262571,63.26,1.88
2026-07-07,fe2b597877b00d8f,Royal Canin Hair & Skin Care Adult Gravy 1.02 kg (12x0.09 kg) Wet Adult Cat Food,royal canin,cat_food,cat,,19.0,,4.5,,21.67,,1434.0,https://rukminim2.flixcart.com/image/612/612/xif0q/pet-food/e/5/f/1-02-cat-12-9003579308707-royal-canin-original-imagzwfbsagxxsjg.jpeg?q=70,flipkart|gtrends,55.09,55.09,0.0,,0.83,0.0,,MONITOR,stable,0.0,0.0,0.0,0.5,0.0,0.0,0.0,1.0,564,2026-07-07T17:09:43.343271,51.97,3.12
2026-07-07,e2723ad119563f05,"KickAt Tear-Free & Sulfate-Free Kitten Shampoo - Fresh Cucumber & Soft Milk Notes Conditioning, Allergy Relief, Anti-dandruff, Itch Relief COCO Cat Shampoo",kickat,grooming,cat,,12.0,,,,13.5,,130.0,https://rukminim2.flixcart.com/image/612/612/xif0q/pet-shampoo/2/h/f/200-kitten-shampoo-cat-200ml-kickat-original-imahzfjdbjzqayzt.jpeg?q=70,flipkart|gtrends,55.08,55.08,0.0,,0.84,0.0,,MONITOR,stable,0.0,0.0,0.0,0.5,0.0,0.0,0.0,0.0,565,2026-07-07T17:09:43.334907,53.2,1.88
2026-07-07,4dbe53b463ab8516,Pawxie Dog Standard Harness,pawxie,collars_leashes,dog,,18.0,,4.3,,5.0,,608.0,https://rukminim2.flixcart.com/image/612/612/xif0q/pet-collar-harness/w/a/j/medium-pxie0014b-pawxie-original-imahm4g7swjzxc2t.jpeg?q=70,flipkart|gtrends,55.06,55.06,0.0,,0.83,0.0,,MONITOR,stable,0.0,0.0,0.0,0.5,0.0,0.0,0.0,1.0,566,2026-07-07T17:09:43.343477,51.94,3.12
2026-07-07,e40816928ef44e59,Emily Pets Dog training Clicker (Pack 2) with starp. Plastic Training Aid For Dog & Cat,emily,training,both,,12.0,,,,0.5,,367.0,https://rukminim2.flixcart.com/image/612/612/ku79vgw0/pet-toy/b/x/y/dog-training-clicker-with-wrist-strap-oyefly-durable-lightweight-original-imag7dgzendmz5vz.jpeg?q=70,flipkart|gtrends,54.98,54.98,0.0,,0.84,0.0,,MONITOR,stable,0.0,0.0,0.0,0.5,0.0,0.0,0.0,0.0,567,2026-07-07T17:09:43.335932,53.1,1.88
2026-07-07,e8ddd658d91f78f1,Pawxie Tactical Dog Collar with Leash Soft Handle –Adjustable Military Style Dog Collar & Leash,pawxie,training,dog,,12.0,,,,0.5,,858.0,https://rukminim2.flixcart.com/image/612/612/xif0q/pet-collar-harness/g/v/m/large-tactical-dog-coller-metal-buckle-with-tatron-leash-for-original-imahzcy97hkhxzc3.jpeg?q=70,flipkart|gtrends,54.98,54.98,0.0,,0.84,0.0,,MONITOR,stable,0.0,0.0,0.0,0.5,0.0,0.0,0.0,0.0,568,2026-07-07T17:09:43.336132,53.1,1.88
2026-07-07,78b0156ac7ada6cf,Vetoquinol Samolac Pro Dog and Cat Cereal for weaning puppies and cats Pet Health Supplements,vetoquinol,health_wellness,both,,19.0,,4.4,,0.5,,395.0,https://rukminim2.flixcart.com/image/612/612/xif0q/pet-health-supplement/m/6/u/400-samolac-pro-dog-and-cat-cereal-for-weaning-puppies-and-cats-original-imahmv6cjzygndwx.jpeg?q=70,flipkart|gtrends,54.94,54.94,0.0,,0.83,0.0,,MONITOR,stable,0.0,0.0,0.0,0.5,0.0,0.0,0.0,1.0,569,2026-07-07T17:09:43.343877,51.82,3.12
2026-07-07,e5c6430c56a27fb7,"Virbac CANITONE Jr. growth-enhancing supplement for young ones For Dogs (Pack of 3,250 ML) Pet Health Supplements",virbac,health_wellness,dog,,19.0,,4.4,,0.5,,612.0,https://rukminim2.flixcart.com/image/612/612/kmds4nk0/pet-health-supplement/d/a/t/250-canitone-jr-growth-enhancing-supplement-for-young-ones-for-original-imagfaptnqy7cmum.jpeg?q=70,flipkart|gtrends,54.94,54.94,0.0,,0.83,0.0,,MONITOR,stable,0.0,0.0,0.0,0.5,0.0,0.0,0.0,1.0,570,2026-07-07T17:09:43.344096,51.82,3.12
2026-07-07,8c46b024cb2820f6,"Pet Guard Wall Mounted Egg Shaped All Natural Rotating Catnip Lick Balls Cat Treat Toy Plastic, Wool Chew Toy For Cat",,cat_food,cat,,20.0,,4.8,,21.67,,194.0,https://rukminim2.flixcart.com/image/612/612/xif0q/pet-toy/t/g/c/1-spring-catnip-pet-guard-original-imahg7x8udneh33y.jpeg?q=70,flipkart|gtrends,54.93,54.93,0.0,,0.83,0.0,,MONITOR,stable,0.0,0.0,0.0,0.5,0.0,0.0,0.0,1.0,571,2026-07-07T17:09:43.344301,51.81,3.12
2026-07-07,07940a514eb42d36,"Trixie Dog Toothpaste with Mint, Oral Care,100g",trixie,health_wellness,dog,24.0,,4.2,,3057.0,0.5,216.0,,"https://images-eu.ssl-images-amazon.com/images/I/61Kr1-evHfL._AC_UL300_SR300,200_.jpg",amazon|gtrends,54.91,54.91,0.0,,0.83,0.0,,MONITOR,stable,0.0,0.0,0.0,0.5,0.0,0.0,0.0,1.0,572,2026-07-07T17:09:43.344703,51.79,3.12
2026-07-07,676ad9a43bc07636,"Bakson Veterinary V61 Blood Purifier Drops 30ML | Homeopathic Blood Cleanser for Pets, Dogs & Cats | Supports Clear Skin, All",me-o,health_wellness,both,18.0,,4.1,,17.0,0.5,150.0,,"https://images-eu.ssl-images-amazon.com/images/I/71jZ8iyF1eL._AC_UL300_SR300,200_.jpg",amazon|gtrends,54.89,54.89,0.0,,0.84,0.0,,MONITOR,stable,0.0,0.0,0.0,0.5,0.0,0.0,0.0,0.5,573,2026-07-07T17:09:43.340903,52.39,2.5
2026-07-07,ed7f187682bf6409,wagmart Wagmart Heavy Duty Retractable Dog Leash Lock Pet Walking Lead 300cm 500 cm Dog & Cat Strap Leash,wagmart,collars_leashes,both,,12.0,,,,5.0,,450.0,https://rukminim2.flixcart.com/image/612/612/xif0q/pet-leash-chain/8/v/o/retractable-pet-leash-5-meter-wagmart-original-imahzqhy2gz2m5mz.jpeg?q=70,flipkart|gtrends,54.78,54.78,0.0,,0.84,0.0,,MONITOR,stable,0.0,0.0,0.0,0.5,0.0,0.0,0.0,0.0,574,2026-07-07T17:09:43.337596,52.9,1.88
2026-07-07,0e94e7ab573eaaf9,Amazon Basics Soft Pet Kennel (Large) | Pet Habitat - Multi-Color Printed | Dog | 60L x 60Wx 62H Centimeters,amazon basics,beds_accessories,dog,22.0,,4.2,,1436.0,20.5,1399.0,,"https://images-eu.ssl-images-amazon.com/images/I/712opkC2lXL._AC_UL300_SR300,200_.jpg",amazon|gtrends,54.77,54.77,0.0,,0.83,0.0,,MONITOR,stable,0.0,0.0,0.0,0.5,0.0,0.0,0.0,1.0,575,2026-07-07T17:09:43.345146,51.65,3.12
2026-07-07,2bee726961e0ec0d,Royal Canin Shih Tzu 1.5 kg Dry Young Dog Food,royal canin,dog_food,dog,,20.0,,4.5,139.0,18.0,,1879.0,https://rukminim2.flixcart.com/image/312/312/xif0q/pet-food/u/r/m/1-5-dog-1-3182550722605-royal-canin-original-imah4dd9xsyuwekt.jpeg?q=70,flipkart|gtrends,54.76,54.76,0.0,,0.83,0.0,,MONITOR,stable,0.0,0.0,0.0,0.5,0.0,0.0,0.0,1.0,576,2026-07-07T17:09:43.345348,51.64,3.12
2026-07-07,6664e2f7bad7eb70,Chip Chops Sushi Rolls dog Meaty Treat - 70 gm Chicken Dog Treat,chip,training,dog,,20.0,,4.6,33.0,0.5,,193.0,https://rukminim2.flixcart.com/image/312/312/xif0q/pet-treat/l/l/4/0-07-dog-1-otrfo2280-chip-chops-original-imah4d8cacfjfjbh.jpeg?q=70,flipkart|gtrends,54.67,54.67,0.0,,0.83,0.0,,MONITOR,stable,0.0,0.0,0.0,0.5,0.0,0.0,0.0,1.0,577,2026-07-07T17:09:43.345757,51.55,3.12
2026-07-07,f27386d8b06f2eda,Royal Canin Medium Adult Meat Granule Dry Dog Food Meat 1 kg Dry Adult Dog Food,royal canin,dog_food,dog,,19.0,,4.4,11.0,18.0,,1009.0,https://rukminim2.flixcart.com/image/312/312/xif0q/pet-food/r/y/z/1-dog-1-otrfo1856-royal-canin-original-imah46ztffvujpgs.jpeg?q=70,flipkart|gtrends,54.63,54.63,0.0,,0.83,0.0,,MONITOR,stable,0.0,0.0,0.0,0.5,0.0,0.0,0.0,1.0,578,2026-07-07T17:09:43.345967,51.51,3.12
2026-07-07,5f05af81cc812b59,"PetStar Salmon , Kitten Salmon 1 kg Dry Young Cat Food",petstar,cat_food,cat,,6.0,,3.7,,21.67,,319.0,https://rukminim2.flixcart.com/image/612/612/xif0q/pet-food/7/g/n/1-cat-1-salmon-kitten-1000-gram-petstar-original-imahhhxhxgmn9zsb.jpeg?q=70,flipkart|gtrends,54.61,54.61,0.0,,0.99,0.1,LOW_RATING_PENALTY,REVIEW_MANUALLY,stable,0.0,0.0,0.0,0.5,0.0,0.0,0.0,0.0,579,2026-07-07T17:09:43.266155,62.73,1.88
2026-07-07,f491518641b7c519,"Aeenioy Cat Toys, Hanging Spring Toys for Cats, Interactive Cat Playing Toy with Feathers and Crinkle Paper, Kitten Toys for",aeenioy,cat_toys,cat,17.0,,4.0,,34.0,4.0,299.0,,"https://images-eu.ssl-images-amazon.com/images/I/61DcyU9AsFL._AC_UL300_SR300,200_.jpg",amazon|gtrends,54.58,54.58,0.0,,0.84,0.0,,MONITOR,stable,0.0,0.0,0.0,0.5,0.0,0.0,0.0,0.5,580,2026-07-07T17:09:43.342625,52.08,2.5
2026-07-07,764ee5004e658dd7,"PetJoy Dog Toy Rainbow Rubber, Ball Toy for Dogs, Dog Fetch Ball, Chewing Ball, Medium, Rubber Fetch Toy, Soft Toy, Chew Toy For Dog",petjoy,dog_toys,dog,,18.0,,4.1,,3.0,,170.0,https://rukminim2.flixcart.com/image/612/612/xif0q/pet-toy/2/z/9/1-pet-ball-toy-petjoy-original-imahg74zefzu7mgr.jpeg?q=70,flipkart|gtrends,54.48,54.48,0.0,,0.83,0.0,,MONITOR,stable,0.0,0.0,0.0,0.5,0.0,0.0,0.0,0.5,581,2026-07-07T17:09:43.343055,51.98,2.5
2026-07-07,438dee759a97e898,"Agirav Professional Animal Nail Cutter Clipper Trimmer Filer (Large) for Small, Medium and Large Dogs, Puppies, Cats and Kitt",agirav,grooming,both,21.0,,4.1,,1029.0,13.5,169.0,,"https://images-eu.ssl-images-amazon.com/images/I/61oJ7Q+BOaL._AC_UL300_SR300,200_.jpg",amazon|gtrends,54.39,54.39,0.0,,0.83,0.0,,MONITOR,stable,0.0,0.0,0.0,0.5,0.0,0.0,0.0,0.5,582,2026-07-07T17:09:43.343680,51.89,2.5
2026-07-07,6ea40afdb70a2650,PETHEEDS Bone and Joint Chewable Tablets with Lucious Chicken Flavored for Dog/Cat Pet Health Supplements,petheeds,health_wellness,both,,19.0,,4.2,,0.5,,524.0,https://rukminim2.flixcart.com/image/612/612/xif0q/pet-health-supplement/g/f/u/60-bone-and-joint-chewable-tablets-with-lucious-chicken-flavored-original-imahj8xfgkcmbmfz.jpeg?q=70,flipkart|gtrends,54.38,54.38,0.0,,0.83,0.0,,MONITOR,stable,0.0,0.0,0.0,0.5,0.0,0.0,0.0,1.0,583,2026-07-07T17:09:43.348135,51.26,3.12
2026-07-07,9f7910d6fa52c725,VETENEX Catch Worm Pet - Herbal Dewormer For Puppy and Cats - 30 ML Pet Dewormer,vetenex,health_wellness,both,,19.0,,4.2,,0.5,,127.0,https://rukminim2.flixcart.com/image/612/612/xif0q/pet-dewormer/y/f/l/30-catch-worm-pet-herbal-dewormer-for-puppy-and-cats-30-ml-original-imagznrwtbywrzms.jpeg?q=70,flipkart|gtrends,54.38,54.38,0.0,,0.83,0.0,,MONITOR,stable,0.0,0.0,0.0,0.5,0.0,0.0,0.0,1.0,584,2026-07-07T17:09:43.348338,51.26,3.12
2026-07-07,b631b28370154d2c,"nutrapet The Lop Eared Donkey Polyester, Jute Plush Toy, Squeaky Toy For Dog",nutrapet,dog_toys,dog,,13.0,,,,3.0,,808.0,https://rukminim2.flixcart.com/image/612/612/xif0q/pet-toy/c/8/x/1-otrnf9955-nutrapet-original-imahmcy2baaj3r45.jpeg?q=70,flipkart|gtrends,54.38,54.38,0.0,,0.84,0.0,,MONITOR,stable,0.0,0.0,0.0,0.5,0.0,0.0,0.0,0.0,585,2026-07-07T17:09:43.340338,52.5,1.88
2026-07-07,f5768d803f34e7a7,Royal Canin Sterilised 1.02 kg (12x0.09 kg) Wet Adult Cat Food,royal canin,cat_food,cat,,20.0,,4.6,,21.67,,1266.0,https://rukminim2.flixcart.com/image/612/612/xif0q/pet-food/t/j/t/-original-imagjcu94avazeck.jpeg?q=70,flipkart|gtrends,54.37,54.37,0.0,,0.83,0.0,,MONITOR,stable,0.0,0.0,0.0,0.5,0.0,0.0,0.0,1.0,586,2026-07-07T17:09:43.348551,51.25,3.12
2026-07-07,62d7755bcbd16cfe,Whiskas Tasty Mix (1+ Years) Sea Food 980 g (14x70 g) Wet Adult Cat Food,whiskas,cat_food,cat,,20.0,,4.6,,21.67,,630.0,https://rukminim2.flixcart.com/image/612/612/xif0q/pet-food/t/i/x/-original-imahgb2z7az9x6zp.jpeg?q=70,flipkart|gtrends,54.37,54.37,0.0,,0.83,0.0,,MONITOR,stable,0.0,0.0,0.0,0.5,0.0,0.0,0.0,1.0,587,2026-07-07T17:09:43.348760,51.25,3.12
2026-07-07,eeeca6c53f532fdd,"LitVibes Paw Cat Collar With Bell,Kitten And Small Dogs Soft Adjustable Collar,Safe,Breakaway For Cats And Puppies-Red,?14 cm",litvibes,collars_leashes,both,20.0,,4.2,,237.0,5.0,165.0,,"https://images-eu.ssl-images-amazon.com/images/I/41xg2kiwPEL._AC_UL300_SR300,200_.jpg",amazon|gtrends,54.32,54.32,0.0,,0.83,0.0,,MONITOR,stable,0.0,0.0,0.0,0.5,0.0,0.0,0.0,1.0,588,2026-07-07T17:09:43.348976,51.2,3.12
2026-07-07,13a06c91569dc12a,"Pedigree Adult Dry Dog Food, Chicken, Egg & Rice, 3 kg, Contains 37 Essential Nutrients, 100% Complete & Balanced Food for Ad",pedigree,dog_food,dog,25.0,,4.4,,7541.0,18.0,711.0,,"https://images-eu.ssl-images-amazon.com/images/I/71URClZOkQL._AC_UL300_SR300,200_.jpg",amazon|gtrends,54.3,54.3,0.0,,0.83,0.0,,MONITOR,stable,0.0,0.0,0.0,0.5,0.0,0.0,0.0,1.0,589,2026-07-07T17:09:43.349179,51.18,3.12
2026-07-07,cd78fa87149a8998,Me-O Sea Sea Food 3 kg Cat Food,me-o,cat_food,cat,,19.0,,4.2,,21.67,,1684.0,https://rukminim2.flixcart.com/image/612/612/xif0q/pet-food/x/n/x/-original-imagjgvgchctegh3.jpeg?q=70,flipkart|gtrends,54.25,54.25,0.0,,0.83,0.0,,MONITOR,stable,0.0,0.0,0.0,0.5,0.0,0.0,0.0,1.0,590,2026-07-07T17:09:43.349393,51.13,3.12
2026-07-07,31f62a3d08d97f46,Rvpaws Cat sisal ball interactive training balls bite resistant catnip for cat & kitten Jute Ball For Cat,rvpaws,cat_toys,cat,,12.0,,,,4.0,,150.0,https://rukminim2.flixcart.com/image/612/612/kz3118w0/pet-toy/x/h/f/1-dt-pet-119-dogtrust-original-imagb6fpw9hhqkcm.jpeg?q=70,flipkart|gtrends,54.18,54.18,0.0,,0.84,0.0,,MONITOR,stable,0.0,0.0,0.0,0.5,0.0,0.0,0.0,0.0,591,2026-07-07T17:09:43.341137,52.3,1.88
2026-07-07,df77a31dd3c327c8,Foodie Puppies 2in1 Combo of Latex Squeaky Sound Chew Toy - (Blue Bull and Claw Ball) for Small Dogs & Puppies | Interactive,foodie,dog_toys,dog,22.0,,4.4,,484.0,3.0,370.0,,"https://images-eu.ssl-images-amazon.com/images/I/61JVAZtRPCL._AC_UL300_SR300,200_.jpg",amazon|gtrends,54.14,54.14,0.0,,0.83,0.0,,MONITOR,stable,0.0,0.0,0.0,0.5,0.0,0.0,0.0,1.0,592,2026-07-07T17:09:43.350190,51.02,3.12
2026-07-07,ad394f883cee64c0,Foodie Puppies Dog Bath Brush Body Scrubber Shampoo Dispenser Tick Remover - (Silicone Dispenser Brush) for Shower Bathing an,foodie,grooming,dog,20.0,,3.9,,630.0,13.5,111.0,,"https://images-eu.ssl-images-amazon.com/images/I/61f3dfO3naL._AC_UL300_SR300,200_.jpg",amazon|gtrends,54.13,54.13,0.0,,0.83,0.0,,MONITOR,stable,0.0,0.0,0.0,0.5,0.0,0.0,0.0,0.5,593,2026-07-07T17:09:43.345553,51.63,2.5
2026-07-07,eaf490ed4dd4adb6,Pet Guard Cat Toys -Interactive Cat Feather Toy Set -Activity Cat Toys Plastic Training Aid For Cat,,cat_toys,cat,,19.0,,4.5,,4.0,,161.0,https://rukminim2.flixcart.com/image/612/612/xif0q/pet-toy/8/w/d/1-vvfbdbf-pet-guard-original-imah79hkvmjbj8az.jpeg?q=70,flipkart|gtrends,54.02,54.02,0.0,,0.83,0.0,,MONITOR,stable,0.0,0.0,0.0,0.5,0.0,0.0,0.0,1.0,594,2026-07-07T17:09:43.350399,50.9,3.12
2026-07-07,5b45b3e921d675d9,"AmazonBasics Cat Tree with Platform, Grey ,1 Piece,X-Large",amazon basics,beds_accessories,cat,23.0,,4.0,,2705.0,20.5,2849.0,,"https://images-eu.ssl-images-amazon.com/images/I/71ggmM4GxkS._AC_UL300_SR300,200_.jpg",amazon|gtrends,54.0,54.0,0.0,,0.83,0.0,,MONITOR,stable,0.0,0.0,0.0,0.5,0.0,0.0,0.0,0.5,595,2026-07-07T17:09:43.346171,51.5,2.5
2026-07-07,abdad19b2be7b570,Petbabas Dog Anti-stress Collar,petbabas,training,dog,,13.0,,,,0.5,,243.0,https://rukminim2.flixcart.com/image/612/612/xif0q/pet-collar-harness/q/2/x/large-6-petbabas-original-imahgzqf9anzdvbr.jpeg?q=70,flipkart|gtrends,53.98,53.98,0.0,,0.84,0.0,,MONITOR,stable,0.0,0.0,0.0,0.5,0.0,0.0,0.0,0.0,596,2026-07-07T17:09:43.342215,52.1,1.88
2026-07-07,915c5feb2f96897a,"TAILWAGZ 900gm Delicious Milk And Veg Puppy Biscuits Healthy Treats Rich In Milk, Vegetable 0.9 kg (2x...",tailwagz,dog_food,dog,,19.0,,4.1,117.0,18.0,,146.0,https://rukminim2.flixcart.com/image/312/312/xif0q/pet-food/b/h/p/1-4-dog-1-veg-and-milk-dog-treat-ideal-for-all-breads-tailwagz-original-imahgsbcghkud4hy.jpeg?q=70,flipkart|gtrends,53.92,53.92,0.0,,0.83,0.0,,MONITOR,stable,0.0,0.0,0.0,0.5,0.0,0.0,0.0,0.5,597,2026-07-07T17:09:43.347154,51.42,2.5
2026-07-07,ac035cc0777e005c,"Pawxie No Pull Tactical Dog Harness, Adjustable Size For 25-40KG Pet Dog Harness & Leash",pawxie,collars_leashes,dog,,18.0,,4.1,,5.0,,1910.0,https://rukminim2.flixcart.com/image/612/612/xif0q/pet-collar-harness/m/e/n/medium-tactical-dog-harness-with-leash-pawxie-original-imahhwkfm7btfsw9.jpeg?q=70,flipkart|gtrends,53.88,53.88,0.0,,0.83,0.0,,MONITOR,stable,0.0,0.0,0.0,0.5,0.0,0.0,0.0,0.5,598,2026-07-07T17:09:43.347457,51.38,2.5
2026-07-07,685f58d5166d70fd,"Amazon Basics Retractable Dog Leash | 5 Meter | for Large Dogs Up to 50 Kg | Heavy Duty Leash for Pets | Strong Nylon Tape,",amazon basics,collars_leashes,dog,20.0,,4.2,,93.0,5.0,659.0,,"https://images-eu.ssl-images-amazon.com/images/I/61iDQqE1kGL._AC_UL300_SR300,200_.jpg",amazon|gtrends,53.74,53.74,0.0,,0.83,0.0,,MONITOR,stable,0.0,0.0,0.0,0.5,0.0,0.0,0.0,1.0,599,2026-07-07T17:09:43.350806,50.62,3.12
2026-07-07,54bf2e870ac37022,"Kapiance Rolings Toy, Interactives Toy Electric 360° Smart Automatic Rollings Pet Balls Interactives Rollings for Cat and Dog",kapiance,cat_toys,both,21.0,,5.0,,6.0,4.0,205.0,,"https://images-eu.ssl-images-amazon.com/images/I/61kY9EygIdL._AC_UL300_SR300,200_.jpg",amazon|gtrends,53.66,53.66,0.0,,0.83,0.0,,MONITOR,stable,0.0,0.0,0.0,0.5,0.0,0.0,0.0,1.0,600,2026-07-07T17:09:43.351436,50.54,3.12
2026-07-07,07c4f1984c21d68d,"Smarty COMB DOG & CAT Basic Comb for Dog, Cat",smarty,grooming,both,,20.0,,4.4,,13.5,,84.0,https://rukminim2.flixcart.com/image/612/612/xif0q/pet-comb-brush/k/r/x/medium-rr-00123-smarty-original-imahmqwzzacytz8f.jpeg?q=70,flipkart|gtrends,53.64,53.64,0.0,,0.83,0.0,,MONITOR,stable,0.0,0.0,0.0,0.5,0.0,0.0,0.0,1.0,601,2026-07-07T17:09:43.351634,50.52,3.12
2026-07-07,4ee7d9098cd5ecc2,DogTrust Bell Cat Collar Charm,dogtrust,collars_leashes,cat,,18.0,,4.0,,5.0,,167.0,https://rukminim2.flixcart.com/image/612/612/kx25ksw0/pet-collar-charm/2/k/a/cat-collars-set-of-2-breakaway-with-bell-and-bow-kitten-and-original-imag9hzzvzxdyzns.jpeg?q=70,flipkart|gtrends,53.6,53.6,0.0,,0.83,0.0,,MONITOR,stable,0.0,0.0,0.0,0.5,0.0,0.0,0.0,0.5,602,2026-07-07T17:09:43.349596,51.1,2.5
2026-07-07,d5dc0d4b6790f1c2,SENAPATI Dog Collar & Chain,senapati,collars_leashes,dog,,18.0,,4.0,,5.0,,143.0,https://rukminim2.flixcart.com/image/612/612/xif0q/pet-collar-harness/4/h/z/medium-combo-chain-and-belt-collar-senapati-original-imaghaf6mbzdwm4f.jpeg?q=70,flipkart|gtrends,53.6,53.6,0.0,,0.83,0.0,,MONITOR,stable,0.0,0.0,0.0,0.5,0.0,0.0,0.0,0.5,603,2026-07-07T17:09:43.349992,51.1,2.5
2026-07-07,727d33d464c4b071,CHIKLY Cat Plush Toy with Press Simulation Sound - 8 cm,chikly,cat_toys,cat,,20.0,,4.7,,4.0,,329.0,https://rukminim2.flixcart.com/image/612/612/xif0q/stuffed-toy/w/s/p/sleeping-cat-stuffed-animal-fur-soft-toys-with-sound-for-kids-25-original-imah7ed8t5vgmsfv.jpeg?q=70,flipkart|gtrends,53.58,53.58,0.0,,0.83,0.0,,MONITOR,stable,0.0,0.0,0.0,0.5,0.0,0.0,0.0,1.0,604,2026-07-07T17:09:43.352455,50.46,3.12
2026-07-07,992e1992bf519919,"decorvaiz Toys for Medium Puppies Dogs Toy Combo | Multicolor | Foam Ball Cotton Ball, Fetch Toy, Chew Toy, Tug Toy, Rubber Toy, Squeaky Toy For Dog",decorvaiz,dog_toys,dog,,14.0,,,,3.0,,175.0,https://rukminim2.flixcart.com/image/612/612/xif0q/pet-toy/y/q/l/5-combo-toys0285-f-246-decorvaiz-original-imahnsfe3tmfbk5b.jpeg?q=70,flipkart|gtrends,53.38,53.38,0.0,,0.83,0.0,,MONITOR,stable,0.0,0.0,0.0,0.5,0.0,0.0,0.0,0.0,605,2026-07-07T17:09:43.346496,51.5,1.88
2026-07-07,ffb016efff3e0fc6,"HANK Deshedding Brush for Dogs & Cats | 6mm Stainless Steel Pet Grooming Tool | Dog Hair Remover Brush for Short, Medium & Lo",hank,grooming,both,25.0,,4.2,,2670.0,13.5,699.0,,"https://images-eu.ssl-images-amazon.com/images/I/61HXCWRsTIL._AC_UL300_SR300,200_.jpg",amazon|gtrends,53.25,53.25,0.0,,0.83,0.0,,MONITOR,stable,0.0,0.0,0.0,0.5,0.0,0.0,0.0,1.0,606,2026-07-07T17:09:43.354387,50.13,3.12
2026-07-07,99d1b86f13dc3cbe,Emily Pets Cat Stick Toy with Bell & Plush | Interactive Kitten Wand (Color May Vary) Wooden Stick For Cat,emily,cat_toys,cat,,13.0,,,,4.0,,153.0,https://rukminim2.flixcart.com/image/612/612/xif0q/pet-toy/h/e/4/1-ctstk-002-emily-pets-original-imahns6w7yhwzfud.jpeg?q=70,flipkart|gtrends,53.18,53.18,0.0,,0.83,0.0,,MONITOR,stable,0.0,0.0,0.0,0.5,0.0,0.0,0.0,0.0,607,2026-07-07T17:09:43.347926,51.3,1.88
2026-07-07,238baa1cab14589e,Sunkizzrs Silvervine Stick 3-Pcs (Φ1 x 21cm) with Sisal Rope & Gall Fruit & Raffia Palm —Matatabi Stick for Cat Teeth Cleani,sunkizzrs,cat_food,cat,20.0,,4.0,,125.0,21.67,299.0,,"https://images-eu.ssl-images-amazon.com/images/I/71xvtqzz68L._AC_UL300_SR300,200_.jpg",amazon|gtrends,53.18,53.18,0.0,,0.83,0.0,,MONITOR,stable,0.0,0.0,0.0,0.5,0.0,0.0,0.0,0.5,608,2026-07-07T17:09:43.350605,50.68,2.5
2026-07-07,a20685ef2526d997,HIK FASHION Interactive Electric Automatic Rolling Moving Rechargeable Self Play Stimulation Toy for Cats and Small Dogs - Sm,hik,dog_toys,both,9.0,,3.7,,195.0,3.0,128.0,,"https://images-eu.ssl-images-amazon.com/images/I/61SUqplD0UL._AC_UL300_SR300,200_.jpg",amazon|gtrends,53.14,53.14,0.0,,0.98,0.1,LOW_RATING_PENALTY,REVIEW_MANUALLY,stable,0.0,0.0,0.0,0.5,0.0,0.0,0.0,0.0,609,2026-07-07T17:09:43.274089,61.26,1.88
2026-07-07,2f2e9baee89d89d8,"PETSWARE Cat Body Wash,5 in 1 Cat Shampoo+Conditioner for Persian Cats Hypoallergenic, Conditioning, Anti-fungal, Allergy Relief, Anti-parasitic Green Apple Cat Shampoo",petsware,grooming,cat,,20.0,,4.2,,13.5,,135.0,https://rukminim2.flixcart.com/image/612/612/xif0q/pet-shampoo/m/x/y/200-pet-body-wash-5-in-1-cat-shampoo-and-conditioner-deep-original-imahch8rthw5skda.jpeg?q=70,flipkart|gtrends,53.08,53.08,0.0,,0.82,0.0,,MONITOR,stable,0.0,0.0,0.0,0.5,0.0,0.0,0.0,1.0,610,2026-07-07T17:09:43.355888,49.96,3.12
2026-07-07,96d2ac088d21c006,Paitsco Luxury Soft Plush Fur Pet Bed for Dogs & Cats Pet Sofa Bed Comfort Sleeping S Pet Bed,paitsco,beds_accessories,both,,19.0,,4.1,,20.5,,322.0,https://rukminim2.flixcart.com/image/612/612/xif0q/pet-bed/1/h/q/s-luxury-soft-plush-fur-pet-bed-for-dogs-cats-pet-sofa-bed-original-imahkmntvbufczz8.jpeg?q=70,flipkart|gtrends,53.08,53.08,0.0,,0.83,0.0,,MONITOR,stable,0.0,0.0,0.0,0.5,0.0,0.0,0.0,0.5,611,2026-07-07T17:09:43.351031,50.58,2.5
2026-07-07,b57d88b2c1fb5ce0,"Wuuff&Meow GimCat Premium Cat Multi-Vitamin Paste with 13 Vitamins, Oils, Zinc, Biotin, L-Carnitine for Immunity Support, Ski",me-o,health_wellness,cat,22.0,,4.7,,9.0,0.5,846.0,,"https://images-eu.ssl-images-amazon.com/images/I/71YuSM-bvmL._AC_UL300_SR300,200_.jpg",amazon|gtrends,53.08,53.08,0.0,,0.82,0.0,,MONITOR,stable,0.0,0.0,0.0,0.5,0.0,0.0,0.0,1.0,612,2026-07-07T17:09:43.356148,49.96,3.12
2026-07-07,b95d8492fc1ec7d4,Zexsazone Pumpkin Pet House Bed | Soft Plush Cat Cave & Small Dog Bed Shih Tzu & Small Dog S Pet Bed,zexsazone,beds_accessories,both,,19.0,,4.1,,20.5,,1393.0,https://rukminim2.flixcart.com/image/612/612/xif0q/pet-bed/s/e/a/s-pumpkin-pet-house-bed-soft-plush-cat-cave-small-dog-bed-shih-original-imahjky6agguhtky.jpeg?q=70,flipkart|gtrends,53.08,53.08,0.0,,0.83,0.0,,MONITOR,stable,0.0,0.0,0.0,0.5,0.0,0.0,0.0,0.5,613,2026-07-07T17:09:43.351234,50.58,2.5
2026-07-07,1aeb6c7c8ca9dcbe,dubidu DBD2401 180 cm Dog Chain Leash,dubidu,collars_leashes,dog,,20.0,,4.3,,5.0,,320.0,https://rukminim2.flixcart.com/image/612/612/xif0q/pet-leash-chain/e/k/u/dbd2401-dubidu-original-imagyhzse8hzqwct.jpeg?q=70,flipkart|gtrends,53.06,53.06,0.0,,0.82,0.0,,MONITOR,stable,0.0,0.0,0.0,0.5,0.0,0.0,0.0,1.0,614,2026-07-07T17:09:43.356365,49.94,3.12
2026-07-07,f892a5a6fc2b6363,PET HUB Dog Collar & Leash,,training,dog,,20.0,,4.2,,0.5,,197.0,https://rukminim2.flixcart.com/image/612/612/joacvww0/pet-collar-harness/g/n/v/dlh6216721-pet-hub-original-imafarfk54nx8ugz.jpeg?q=70,flipkart|gtrends,52.98,52.98,0.0,,0.82,0.0,,MONITOR,stable,0.0,0.0,0.0,0.5,0.0,0.0,0.0,1.0,615,2026-07-07T17:09:43.357502,49.86,3.12
2026-07-07,02b4873c2e606638,Ratixes Pet Training Clicker with Wrist Strap and Strap Hook for Dog/Cat Plastic Training Aid For Dog & Cat,ratixes,training,both,,14.0,,,,0.5,,146.0,https://rukminim2.flixcart.com/image/612/612/l4ssfww0/shopsy-pet-toy/n/g/1/1-3-pcs-dog-clicker-dog-training-clicker-i-click-clicker-with-original-imagfma33mhhmhnm.jpeg?q=70,flipkart|gtrends,52.98,52.98,0.0,,0.83,0.0,,MONITOR,stable,0.0,0.0,0.0,0.5,0.0,0.0,0.0,0.0,616,2026-07-07T17:09:43.349796,51.1,1.88
2026-07-07,ffa8066bcdb6b66c,"BuddyCheer Dog Teeth Cleaning Wipes, Pet Dental Finger Wipes for Dogs, No-Rinse Finger Toothbrush Wipes to Reduce Plaque & Ta",buddycheer,health_wellness,dog,20.0,,4.0,,42.0,0.5,239.0,,"https://images-eu.ssl-images-amazon.com/images/I/71XE9FMiSsL._AC_UL300_SR300,200_.jpg",amazon|gtrends,52.85,52.85,0.0,,0.83,0.0,,MONITOR,stable,0.0,0.0,0.0,0.5,0.0,0.0,0.0,0.5,617,2026-07-07T17:09:43.352666,50.35,2.5
2026-07-07,b165c36b51605ad9,"Himalaya Erina Puppy Shampoo & Conditioner | 200 ml | Gentle 2-in-1 Cleansing & Conditioning for Puppies – with Oats, Reetha",himalaya,grooming,dog,23.0,,4.2,,761.0,13.5,250.0,,"https://images-eu.ssl-images-amazon.com/images/I/51h1RfHfvuL._AC_UL300_SR300,200_.jpg",amazon|gtrends,52.84,52.84,0.0,,0.82,0.0,,MONITOR,stable,0.0,0.0,0.0,0.5,0.0,0.0,0.0,1.0,618,2026-07-07T17:09:43.358174,49.72,3.12
2026-07-07,1fdba39a7cca8cbd,"Qpets Cat Cone Collar Comfy & Soft Stuffed PP Cotton Adjustable Size Machine Washable, After Surgery for Anti-Licking Dog E",qpets,collars_leashes,both,21.0,,4.1,,384.0,5.0,494.0,,"https://images-eu.ssl-images-amazon.com/images/I/61cSo4LVGVL._AC_UL300_SR300,200_.jpg",amazon|gtrends,52.84,52.84,0.0,,0.83,0.0,,MONITOR,stable,0.0,0.0,0.0,0.5,0.0,0.0,0.0,0.5,619,2026-07-07T17:09:43.352880,50.34,2.5
2026-07-07,2102726625ff68c8,Pet Guard Automatic Dog Water Feeder Gravity Dog Water Dispenser Pet Water Fountain Plastic Pet Bowl & Bottle,,beds_accessories,dog,,19.0,,4.0,,20.5,,239.0,https://rukminim2.flixcart.com/image/612/612/xif0q/pet-bowl-bottle/h/v/u/puppy-water-bottle-1-pet-guard-500-original-imagt3tw7yznysna.jpeg?q=70,flipkart|gtrends,52.8,52.8,0.0,,0.83,0.0,,MONITOR,stable,0.0,0.0,0.0,0.5,0.0,0.0,0.0,0.5,620,2026-07-07T17:09:43.353773,50.3,2.5
2026-07-07,20601c3c35a795f7,Wudyhub Cat Tree Indoor Climbing Activity Tower with Scratching Posts | Cat-37-Brown | 40x30x80 cm,wudyhub,beds_accessories,cat,21.0,,4.2,,64.0,20.5,,,"https://images-eu.ssl-images-amazon.com/images/I/61SJmOOJUGL._AC_UL300_SR300,200_.jpg",amazon|gtrends,52.78,52.78,0.0,,0.82,0.0,,MONITOR,stable,0.0,0.0,0.0,0.5,0.0,0.0,0.0,1.0,621,2026-07-07T17:09:43.358396,49.66,3.12
2026-07-07,9d455d5757b266b5,RvPaws Combo Nylon Dog Belt - 1 Inch Collar with Heavy Dog Chain 63 Inch Lengthy Dog Collar Chain Adjustable (Collar Neck Siz,rvpaws,collars_leashes,dog,23.0,,4.1,,1397.0,5.0,284.0,,"https://images-eu.ssl-images-amazon.com/images/I/81xyT8NBEdL._AC_UL300_SR300,200_.jpg",amazon|gtrends,52.62,52.62,0.0,,0.83,0.0,,MONITOR,stable,0.0,0.0,0.0,0.5,0.0,0.0,0.0,0.5,622,2026-07-07T17:09:43.354595,50.12,2.5
2026-07-07,a08ca9da60adb1bd,"MDM HUB Interactive Cat Ball Toy with Rope Tail, Smart Rolling Ball for Indoor Cats and Dogs (Multicolor)",mdm,cat_toys,both,19.0,,3.8,,121.0,4.0,129.0,,"https://images-eu.ssl-images-amazon.com/images/I/61MuKq3GQCL._AC_UL300_SR300,200_.jpg",amazon|gtrends,52.54,52.54,0.0,,0.83,0.0,,MONITOR,stable,0.0,0.0,0.0,0.5,0.0,0.0,0.0,0.5,623,2026-07-07T17:09:43.355620,50.04,2.5
2026-07-07,90a5421129555574,UNIQUE PET COLLECTION Polyester Pet Bed Dog And Cat Gaddi Soft And Cozy Pet Pillow For All Seasons For Indoor And Outdoor Use,unique,beds_accessories,both,23.0,,5.0,,7.0,20.5,,,"https://images-eu.ssl-images-amazon.com/images/I/61Y5fPafF+L._AC_UL300_SR300,200_.jpg",amazon|gtrends,52.48,52.48,0.0,,0.82,0.0,,MONITOR,stable,0.0,0.0,0.0,0.5,0.0,0.0,0.0,1.0,624,2026-07-07T17:09:43.359470,49.36,3.12
2026-07-07,116510e6416eaf3f,"Berlin's Cat Harness with Leash for Outdoor, Walking, Escape Proof, Air Mesh Fabric, Easy Control, Adjustable & Durable Cat L",berlins,collars_leashes,cat,9.0,,3.7,,169.0,5.0,275.0,,"https://images-eu.ssl-images-amazon.com/images/I/514fUBQhlYL._AC_UL300_SR300,200_.jpg",amazon|gtrends,52.44,52.44,0.0,,0.98,0.1,LOW_RATING_PENALTY,REVIEW_MANUALLY,stable,0.0,0.0,0.0,0.5,0.0,0.0,0.0,0.0,625,2026-07-07T17:09:43.278975,60.56,1.88
2026-07-07,e4559662a87dbc8e,PETS EMPIRE Cat Scratcher Cardboard (Curved Shape),pets,beds_accessories,cat,8.0,,3.3,,148.0,20.5,233.0,,"https://images-eu.ssl-images-amazon.com/images/I/81C0HLGvsHL._AC_UL300_SR300,200_.jpg",amazon|gtrends,52.44,52.44,0.0,,0.98,0.1,LOW_RATING_PENALTY,REVIEW_MANUALLY,stable,0.0,0.0,0.0,0.5,0.0,0.0,0.0,0.0,626,2026-07-07T17:09:43.279206,60.56,1.88
2026-07-07,d5ef61a3b62dab3a,decorvaiz Cotton Chew Toy For Dog,decorvaiz,dog_toys,dog,,15.0,,,,3.0,,106.0,https://rukminim2.flixcart.com/image/612/612/xif0q/pet-toy/g/q/v/3-toys-for-pets-f-12-ghalibb-original-imahmu4gtmnhux8g.jpeg?q=70,flipkart|gtrends,52.38,52.38,0.0,,0.83,0.0,,MONITOR,stable,0.0,0.0,0.0,0.5,0.0,0.0,0.0,0.0,627,2026-07-07T17:09:43.352252,50.5,1.88
2026-07-07,2717d8af29735046,"Absolut Pet Dog Supplements Probiotic, Hip & Joint, Skin & Coat Chews for Gut Health, Reduced Shedding & Improved Mobility wi",absolut,health_wellness,dog,21.0,,4.1,,77.0,0.5,1499.0,,"https://images-eu.ssl-images-amazon.com/images/I/611gbnaeL8L._AC_UL300_SR300,200_.jpg",amazon|gtrends,52.36,52.36,0.0,,0.82,0.0,,MONITOR,stable,0.0,0.0,0.0,0.5,0.0,0.0,0.0,0.5,628,2026-07-07T17:09:43.356935,49.86,2.5
2026-07-07,3eeeb0a347767459,"Electrostatic Pet Hair Remover Glove for Dogs & Cats – Reusable Fur Remover Brush for Furniture, Clothes, Sofas, Car Seats &",electrostatic,grooming,both,22.0,,4.3,,93.0,13.5,312.0,,"https://images-eu.ssl-images-amazon.com/images/I/81lTyN-nG3L._AC_UL300_SR300,200_.jpg",amazon|gtrends,52.32,52.32,0.0,,0.82,0.0,,MONITOR,stable,0.0,0.0,0.0,0.5,0.0,0.0,0.0,1.0,629,2026-07-07T17:09:43.360302,49.2,3.12
2026-07-07,964b7005bf421c3e,"Agirav Dog Toy Set - Tail, Chew, Puppy Teething, Rope, Squeaky Toys for Small to Medium Dogs (Pack of 6)",agirav,dog_toys,dog,23.0,,4.2,,371.0,3.0,239.0,,"https://images-eu.ssl-images-amazon.com/images/I/71pMlUwe9aL._AC_UL300_SR300,200_.jpg",amazon|gtrends,52.31,52.31,0.0,,0.82,0.0,,MONITOR,stable,0.0,0.0,0.0,0.5,0.0,0.0,0.0,1.0,630,2026-07-07T17:09:43.360507,49.19,3.12
2026-07-07,a4b47980ca02766a,"ENJOY PET Dog Clippers Cat Shaver, Professional Hair Grooming Clippers Detachable Blades Cordless Rechargeable, Pet Clipper K",enjoy,grooming,both,25.0,,3.9,,3224.0,13.5,839.16,,"https://images-eu.ssl-images-amazon.com/images/I/712lEO2TvHL._AC_UL300_SR300,200_.jpg",amazon|gtrends,52.3,52.3,0.0,,0.82,0.0,,MONITOR,stable,0.0,0.0,0.0,0.5,0.0,0.0,0.0,0.5,631,2026-07-07T17:09:43.357956,49.8,2.5
2026-07-07,ee283f815a82d654,Pooch Harbor Calciur Calcium Syrup for Adult Dogs & Young Puppies - 200 ML (Pack of 03),pooch,health_wellness,dog,23.0,,4.3,,257.0,0.5,516.0,,"https://images-eu.ssl-images-amazon.com/images/I/61TOpRdknDL._AC_UL300_SR300,200_.jpg",amazon|gtrends,52.26,52.26,0.0,,0.82,0.0,,MONITOR,stable,0.0,0.0,0.0,0.5,0.0,0.0,0.0,1.0,632,2026-07-07T17:09:43.360938,49.14,3.12
2026-07-07,0877e27b72015648,Bhambhu Store Cute Persian Cat Plush Toy Showpiece - 10 cm,bhambhu,cat_toys,cat,,14.0,,,,4.0,,205.0,https://rukminim2.flixcart.com/image/612/612/xif0q/stuffed-toy/c/2/4/cute-persian-cat-plush-toy-showpiece-10-0-bhambhu-store-original-imahzg3hfvzy7gvk.jpeg?q=70,flipkart|gtrends,52.18,52.18,0.0,,0.83,0.0,,MONITOR,stable,0.0,0.0,0.0,0.5,0.0,0.0,0.0,0.0,633,2026-07-07T17:09:43.353348,50.3,1.88
2026-07-07,85b1e04df3d1c616,Emily Pets Interactive Cat Wand Toy with Plush & Bell for Kittens (Color May Vary) Wooden Stick For Cat,emily,cat_toys,cat,,14.0,,,,4.0,,144.0,https://rukminim2.flixcart.com/image/612/612/xif0q/pet-toy/e/j/w/1-ctstk-004-emily-pets-original-imahns6wxc52h9pg.jpeg?q=70,flipkart|gtrends,52.18,52.18,0.0,,0.83,0.0,,MONITOR,stable,0.0,0.0,0.0,0.5,0.0,0.0,0.0,0.0,634,2026-07-07T17:09:43.353567,50.3,1.88
2026-07-07,10c3d4c2a75d292a,Petsoft Interactive Cat Toy with Rolling Ball & Spring Mouse Plastic Fetch Toy For Dog & Cat,petsoft,cat_toys,both,,14.0,,,,4.0,,250.0,https://rukminim2.flixcart.com/image/612/612/xif0q/pet-toy/4/w/s/1-interactive-cat-toy-with-rolling-ball-spring-mouse-petsoft-original-imahhbf7bnxaqcd9.jpeg?q=70,flipkart|gtrends,52.18,52.18,0.0,,0.83,0.0,,MONITOR,stable,0.0,0.0,0.0,0.5,0.0,0.0,0.0,0.0,635,2026-07-07T17:09:43.353971,50.3,1.88
2026-07-07,6b2d62e1b431cdfe,"Royal Canin Maxi Adult Dog Food, Dry Food, Supports Digestive Health & Optimal Health, Provides Bone & Joint Support, 4 Kg",royal canin,dog_food,dog,26.0,,4.3,,2506.0,18.0,3177.0,,"https://images-eu.ssl-images-amazon.com/images/I/61vi8Q36mBL._AC_UL300_SR300,200_.jpg",amazon|gtrends,52.03,52.03,0.0,,0.82,0.0,,MONITOR,stable,0.0,0.0,0.0,0.5,0.0,0.0,0.0,1.0,636,2026-07-07T17:09:43.361553,48.91,3.12
2026-07-07,61f78fa11f3bc526,PETTLEPOP Clicker with Coil Wrist Strap Plastic Training Aid For Dog,pettlepop,training,dog,,15.0,,,,0.5,,167.0,https://rukminim2.flixcart.com/image/612/612/xif0q/pet-toy/a/r/y/1-dog-training-clicker-pettlepop-original-imahm8azmmdkuwsp.jpeg?q=70,flipkart|gtrends,51.98,51.98,0.0,,0.83,0.0,,MONITOR,stable,0.0,0.0,0.0,0.5,0.0,0.0,0.0,0.0,637,2026-07-07T17:09:43.354809,50.1,1.88
2026-07-07,1223cea36eddf437,ZIGLY Lifestyle Tropical Drift Adjustable Dog Dog Everyday Collar,zigly,training,dog,,15.0,,,,0.5,,506.0,https://rukminim2.flixcart.com/image/612/612/xif0q/pet-collar-harness/f/u/r/small-plnf20831-zigly-original-imahk73yuatxhk5k.jpeg?q=70,flipkart|gtrends,51.98,51.98,0.0,,0.83,0.0,,MONITOR,stable,0.0,0.0,0.0,0.5,0.0,0.0,0.0,0.0,638,2026-07-07T17:09:43.355007,50.1,1.88
2026-07-07,bfa68d8f5fce5bb9,maycreate Cat Water Fountain LED Light Large Ultra-Silent High,maycreate,beds_accessories,cat,,15.0,,,,20.5,,1697.0,https://rukminim2.flixcart.com/image/612/612/xif0q/pet-bowl-bottle/w/i/0/2-2l-cat-water-fountain-auto-pet-water-fountain-for-cats-with-original-imahf6mk7vckwx7d.jpeg?q=70,flipkart|gtrends,51.98,51.98,0.0,,0.83,0.0,,MONITOR,stable,0.0,0.0,0.0,0.5,0.0,0.0,0.0,0.0,639,2026-07-07T17:09:43.355283,50.1,1.88
2026-07-07,f5ff78967d4ab7da,Petroyale 2-in-1 Shampoo + Conditioner for Cats - Anti-Tick & Flea - Dandruff Control - Itch Relief - Cat Shampoo with Coconu,petroyale,grooming,cat,23.0,,4.3,,193.0,13.5,328.0,,"https://images-eu.ssl-images-amazon.com/images/I/71xU1pxlqcL._AC_UL300_SR300,200_.jpg",amazon|gtrends,51.75,51.75,0.0,,0.82,0.0,,MONITOR,stable,0.0,0.0,0.0,0.5,0.0,0.0,0.0,1.0,640,2026-07-07T17:09:43.362851,48.63,3.12
2026-07-07,829a78cfad599a96,"Sage Square Adjustable Strap Muzzle - Ensure Pet Safety & Comfort, Prevent Biting - Perfect for Medium-Sized Dogs, Ideal for",sage,collars_leashes,dog,13.0,,3.4,,2877.0,5.0,166.0,,"https://images-eu.ssl-images-amazon.com/images/I/617d+dhlEGS._AC_UL300_SR300,200_.jpg",amazon|gtrends,51.66,51.66,0.0,,0.97,0.1,LOW_RATING_PENALTY,REVIEW_MANUALLY,stable,0.0,0.0,0.0,0.5,0.0,0.0,0.0,0.0,641,2026-07-07T17:09:43.284579,59.78,1.88
2026-07-07,b45d0dedcde35706,Breedo Dog Worm-Away Pet - Liquid Herbal Dewormer For Puppy and Cats - 30 ML Pet Dewormer,breedo,health_wellness,both,,20.0,,3.8,,0.5,,153.0,https://rukminim2.flixcart.com/image/612/612/xif0q/pet-dewormer/m/r/0/30-dog-worm-away-pet-liquid-herbal-dewormer-for-puppy-and-cats-original-imahjk6udhrtakcd.jpeg?q=70,flipkart|gtrends,51.64,51.64,0.0,,0.82,0.0,,MONITOR,stable,0.0,0.0,0.0,0.5,0.0,0.0,0.0,0.5,642,2026-07-07T17:09:43.360708,49.14,2.5
2026-07-07,e5d61693e02768a8,Breedo Salmon Flavour Kitten Dry Cat Food | Contains 41 Essential Nutrients-400gm Salmon 0.4 kg Dry Young Cat Food,breedo,cat_food,cat,,9.0,,3.7,,21.67,,249.0,https://rukminim2.flixcart.com/image/612/612/xif0q/pet-food/s/m/l/0-8-cat-1-buy-1-get-1-free-salmon-flavour-kitten-dry-cat-food-0-original-imahh6zmxfxbp2dd.jpeg?q=70,flipkart|gtrends,51.61,51.61,0.0,,0.97,0.1,LOW_RATING_PENALTY,REVIEW_MANUALLY,stable,0.0,0.0,0.0,0.5,0.0,0.0,0.0,0.0,643,2026-07-07T17:09:43.285186,59.73,1.88
2026-07-07,fd86169d9daf8e2b,"Palamountains My Beau for Cats – Omega 3 & 6, Essential Vitamins – Enhances Skin, Coat, Immunity, Digestion & Reduces Fur Bal",palamountains,health_wellness,cat,24.0,,4.3,,346.0,0.5,1300.0,,"https://images-eu.ssl-images-amazon.com/images/I/712KhaHLHGL._AC_UL300_SR300,200_.jpg",amazon|gtrends,51.52,51.52,0.0,,0.82,0.0,,MONITOR,stable,0.0,0.0,0.0,0.5,0.0,0.0,0.0,1.0,644,2026-07-07T17:09:43.363260,48.4,3.12
2026-07-07,179455a38e3376ed,"Doctapet Nutriply Daily Wellness for Dogs & Cats, Multivitamins And Energy Boost Pet Health Supplements",doctapet,health_wellness,both,,16.0,,,,0.5,,305.0,https://rukminim2.flixcart.com/image/612/612/xif0q/pet-health-supplement/u/n/i/20-nutriply-doctapet-original-imahnkgrzuynhxrh.jpeg?q=70,flipkart|gtrends,51.38,51.38,0.0,,0.82,0.0,,MONITOR,stable,0.0,0.0,0.0,0.5,0.0,0.0,0.0,0.0,645,2026-07-07T17:09:43.358608,49.5,1.88
2026-07-07,55eab211fcb50b13,decorvaiz Plastic Chew Toy For Dog,decorvaiz,dog_toys,dog,,16.0,,,,3.0,,139.0,https://rukminim2.flixcart.com/image/612/612/xif0q/pet-toy/i/7/a/2-toys-for-pets-f-7-ghalibb-original-imahmu4gkwnm3p7a.jpeg?q=70,flipkart|gtrends,51.38,51.38,0.0,,0.82,0.0,,MONITOR,stable,0.0,0.0,0.0,0.5,0.0,0.0,0.0,0.0,646,2026-07-07T17:09:43.358821,49.5,1.88
2026-07-07,48b5ecbf572a4d48,"2-Pack Pet Hair Remover Gloves - Reusable Grooming Gloves for Dogs & Cats, Static Electricity Fur Removal Mitts for Furniture",2-pack,grooming,both,24.0,,4.2,,511.0,13.5,179.0,,"https://images-eu.ssl-images-amazon.com/images/I/81XLEf4nobL._AC_UL300_SR300,200_.jpg",amazon|gtrends,51.34,51.34,0.0,,0.82,0.0,,MONITOR,stable,0.0,0.0,0.0,0.5,0.0,0.0,0.0,1.0,647,2026-07-07T17:09:43.364498,48.22,3.12
2026-07-07,7ebfab9a5c009339,ARIMA Reflective Collar and leash with premium quality bell Dog & Cat Collar & Leash,arima,collars_leashes,both,,20.0,,3.9,,5.0,,113.0,https://rukminim2.flixcart.com/image/612/612/xif0q/pet-collar-harness/2/c/u/extra-small-reflector-set-xs-arima-original-imahmgtjympg54zf.jpeg?q=70,flipkart|gtrends,51.32,51.32,0.0,,0.82,0.0,,MONITOR,stable,0.0,0.0,0.0,0.5,0.0,0.0,0.0,0.5,648,2026-07-07T17:09:43.362426,48.82,2.5
2026-07-07,fd2310b0977209cc,"Petsoft Catnip Shuttlelock Mint Balls feather Lick Treat, Natural Teeth Cleaning Toy Earthenware Treat Dispensing Toy For Cat",petsoft,cat_food,cat,,16.0,,,,21.67,,152.0,https://rukminim2.flixcart.com/image/612/612/xif0q/pet-toy/u/n/k/1-pf-catnip-ball-with-feather-toy-01-petsoft-original-imahhbftvwhypqfe.jpeg?q=70,flipkart|gtrends,51.25,51.25,0.0,,0.82,0.0,,MONITOR,stable,0.0,0.0,0.0,0.5,0.0,0.0,0.0,0.0,649,2026-07-07T17:09:43.359248,49.37,1.88
2026-07-07,4aa7cb92e7b39a29,"HAVEN STYLISH Luxury Simple Sofas , Beds For Dog And Cat S Pet Bed",haven,beds_accessories,both,,20.0,,3.8,,20.5,,358.0,https://rukminim2.flixcart.com/image/612/612/xif0q/pet-bed/k/m/u/s-luxury-simple-sofas-beds-for-dog-and-cat-haven-stylish-original-imahgbgxg9fyvvwc.jpeg?q=70,flipkart|gtrends,51.24,51.24,0.0,,0.82,0.0,,MONITOR,stable,0.0,0.0,0.0,0.5,0.0,0.0,0.0,0.5,650,2026-07-07T17:09:43.362635,48.74,2.5
2026-07-07,c2434a3dde54f158,Emily Pets Cat Teaser Toy with Bell & Plush | Interactive Kitten Wand (Color May Vary) Wooden Stick For Cat,emily,cat_toys,cat,,15.0,,,,4.0,,153.0,https://rukminim2.flixcart.com/image/612/612/xif0q/pet-toy/e/g/w/1-ctstk-001-emily-pets-original-imahns7yry4rxbaj.jpeg?q=70,flipkart|gtrends,51.18,51.18,0.0,,0.82,0.0,,MONITOR,stable,0.0,0.0,0.0,0.5,0.0,0.0,0.0,0.0,651,2026-07-07T17:09:43.359674,49.3,1.88
2026-07-07,c3baec32d90deace,"Wagster Interactive Cat Toy Ball Rolling Rope Toy for Cats Dogs Pet Play Fun Ball Silicone, Plastic Ball For Dog & Cat",wagster,cat_toys,both,,15.0,,,,4.0,,287.0,https://rukminim2.flixcart.com/image/612/612/xif0q/pet-toy/d/u/f/1-interactive-cat-and-dog-ball-vrtrend-original-imahjm8tqhvxtjpq.jpeg?q=70,flipkart|gtrends,51.18,51.18,0.0,,0.82,0.0,,MONITOR,stable,0.0,0.0,0.0,0.5,0.0,0.0,0.0,0.0,652,2026-07-07T17:09:43.359881,49.3,1.88
2026-07-07,b5a9aaffa46347e2,"fofos FOFOS Spring Tube Cat Toy 3Pk Rubber Training Aid, Chew Toy For Cat",fofos,cat_toys,cat,,15.0,,,,4.0,,139.0,https://rukminim2.flixcart.com/image/612/612/xif0q/pet-toy/h/t/a/1-otrnf15008-fofos-original-imah5f9kfwzyfsmf.jpeg?q=70,flipkart|gtrends,51.18,51.18,0.0,,0.82,0.0,,MONITOR,stable,0.0,0.0,0.0,0.5,0.0,0.0,0.0,0.0,653,2026-07-07T17:09:43.360088,49.3,1.88
2026-07-07,0ad72e2d04631e38,Dr. Pets Banana Oats Dog Biscuits Pure Oven Baked Dog Treats Food Oats Dog Treat,dr,training,dog,,16.0,,,,0.5,,795.0,https://rukminim2.flixcart.com/image/312/312/xif0q/pet-treat/q/t/y/4-5-dog-5-bstk-bna-oats-900gm-5-dr-pets-original-imahnzwgnfzyzb9g.jpeg?q=70,flipkart|gtrends,50.98,50.98,0.0,,0.82,0.0,,MONITOR,stable,0.0,0.0,0.0,0.5,0.0,0.0,0.0,0.0,654,2026-07-07T17:09:43.361147,49.1,1.88
2026-07-07,2c5d427883d1562f,"Emily Pets Heavy Duty Dog Travel Flight Crate , Cage for Pet 23.5"" Long, 15-20 lb Grey, Black Airline Pet Carrier",emily,beds_accessories,dog,,16.0,,,,20.5,,7084.0,https://rukminim2.flixcart.com/image/612/612/xif0q/pet-carrier/b/q/z/heavy-duty-dog-travel-flight-crate-cage-for-pet27-5-long-20-25-original-imagt5vyhtw9xns9.jpeg?q=70,flipkart|gtrends,50.98,50.98,0.0,,0.82,0.0,,MONITOR,stable,0.0,0.0,0.0,0.5,0.0,0.0,0.0,0.0,655,2026-07-07T17:09:43.361348,49.1,1.88
2026-07-07,c3732a5e8a3dafb4,"Trixie Cat Grass Seeds with Plastic Planter for Kittens and All Cats, Soft, Vitamin-Rich, Easy Grow, Nutritious & Natural, Su",trixie,health_wellness,cat,10.0,,3.4,,108.0,0.5,337.5,,"https://images-eu.ssl-images-amazon.com/images/I/71B9qEG-T+L._AC_UL300_SR300,200_.jpg",amazon|gtrends,50.94,50.94,0.0,,0.97,0.1,LOW_RATING_PENALTY,REVIEW_MANUALLY,stable,0.0,0.0,0.0,0.5,0.0,0.0,0.0,0.0,656,2026-07-07T17:09:43.289195,59.06,1.88
2026-07-07,c602daed66607355,"Qpets Floral Cat Collar, Cute Color Flower Cat Collar With Bell, Embroidery Handmade Sakura Charm Adjustable Quick Release Sm",qpets,collars_leashes,cat,23.0,,4.3,,53.0,5.0,259.0,,"https://images-eu.ssl-images-amazon.com/images/I/61UFOQl559L._AC_UL300_SR300,200_.jpg",amazon|gtrends,50.79,50.79,0.0,,0.81,0.0,,MONITOR,stable,0.0,0.0,0.0,0.5,0.0,0.0,0.0,1.0,657,2026-07-07T17:09:43.366488,47.67,3.12
2026-07-07,5ca51acf774ebc75,Meat Up Adult Wet Dog Food (8 x 70g) 560g + 560g (Free) 1120g| Real Chicken in Gravy | Healthy Digestion | Promotes Health &,meat up,dog_food,dog,24.0,,4.3,,302.0,18.0,294.0,,"https://images-eu.ssl-images-amazon.com/images/I/71D3y4SAyWL._AC_UL300_SR300,200_.jpg",amazon|gtrends,50.76,50.76,0.0,,0.81,0.0,,MONITOR,stable,0.0,0.0,0.0,0.5,0.0,0.0,0.0,1.0,658,2026-07-07T17:09:43.366874,47.64,3.12
2026-07-07,fd4f9d11733a328a,"Barkybite Barkybite Premium Biscuits For All Breeds Of Dog & Puppy | Chicken, Meat 4.9 kg (5x0.98 kg) ...",barkybite,dog_food,dog,,16.0,,,,18.0,,692.0,https://rukminim2.flixcart.com/image/312/312/xif0q/pet-food/n/o/j/4-900-dog-puppy-5-1kg-x-5-barkybite-original-imahzgzzqpxg4skx.jpeg?q=70,flipkart|gtrends,50.74,50.74,0.0,,0.82,0.0,,MONITOR,stable,0.0,0.0,0.0,0.5,0.0,0.0,0.0,0.0,659,2026-07-07T17:09:43.361993,48.86,1.88
2026-07-07,393bb7a0a2b7a6bf,Vikausha Enterprises Dog Soft Toys_04 - 33 cm,vikausha,dog_food,dog,,16.0,,,,18.0,,261.0,https://rukminim2.flixcart.com/image/612/612/xif0q/stuffed-toy/b/2/w/dog-soft-toys-04-33-vikausha-enterprises-original-imah9zhhwyxgff8d.jpeg?q=70,flipkart|gtrends,50.74,50.74,0.0,,0.82,0.0,,MONITOR,stable,0.0,0.0,0.0,0.5,0.0,0.0,0.0,0.0,660,2026-07-07T17:09:43.362215,48.86,1.88
2026-07-07,8a8b46f626c0fbea,"Agirav Dog Combo Pack of Harness, Neck Collar Belt and Rope Set (Black, Medium, Waterproof, Rope Size 1.5M-2M) (Black)",agirav,collars_leashes,dog,22.0,,4.1,,60.0,5.0,169.0,,"https://images-eu.ssl-images-amazon.com/images/I/71smvN5z9eL._AC_UL300_SR300,200_.jpg",amazon|gtrends,50.65,50.65,0.0,,0.82,0.0,,MONITOR,stable,0.0,0.0,0.0,0.5,0.0,0.0,0.0,0.5,661,2026-07-07T17:09:43.364907,48.15,2.5
2026-07-07,a581a9ff48a4215e,Scroll Store Cat Scratching Pad,scroll,cat_food,cat,,8.0,,3.0,,21.67,,225.0,https://rukminim2.flixcart.com/image/612/612/xif0q/cat-scratching-post/m/v/j/ss540-scroll-store-6-original-imahhy6bqq2g9wue.jpeg?q=70,flipkart|gtrends,50.65,50.65,0.0,,0.97,0.1,LOW_RATING_PENALTY,REVIEW_MANUALLY,stable,0.0,0.0,0.0,0.5,0.0,0.0,0.0,0.0,662,2026-07-07T17:09:43.290898,58.77,1.88
2026-07-07,23b09fe8d071b580,"Paw N Pet Interactive Pet Rotation Toy Ball For Cat & Dog, Automatic Cat Dancing ball Silicone Ball For Dog & Cat",paw,cat_toys,both,,7.0,,3.0,,4.0,,175.0,https://rukminim2.flixcart.com/image/612/612/xif0q/pet-toy/o/x/o/1-interactive-pet-rotation-toy-ball-for-cat-dog-cat-dancing-ball-original-imahgbspjtmvfx6k.jpeg?q=70,flipkart|gtrends,50.58,50.58,0.0,,0.97,0.1,LOW_RATING_PENALTY,REVIEW_MANUALLY,stable,0.0,0.0,0.0,0.5,0.0,0.0,0.0,0.0,663,2026-07-07T17:09:43.291303,58.7,1.88
2026-07-07,16a9960e5d468f13,"PAWPRO HANDMADE Cat Nylon Collar With Customisable Name & Icon Tag, Bell, Adjustable Buckle, 15-30 Cm (Orange)",pawpro,collars_leashes,cat,24.0,,4.2,,289.0,5.0,189.0,,"https://images-eu.ssl-images-amazon.com/images/I/51GF25YO1jL._AC_UL300_SR300,200_.jpg",amazon|gtrends,50.48,50.48,0.0,,0.81,0.0,,MONITOR,stable,0.0,0.0,0.0,0.5,0.0,0.0,0.0,1.0,664,2026-07-07T17:09:43.368043,47.36,3.12
2026-07-07,78c5049d24d6f9c6,"Goofy Tails Dog Toys, Veggie Series Carrot Squeaky Chew Toys for Dogs & Puppies, Squeaky Toys for Dogs, Small & Medium Breeds",goofy,dog_toys,dog,25.0,,4.2,,411.0,3.0,233.0,,"https://images-eu.ssl-images-amazon.com/images/I/61WXO+uqjyL._AC_UL300_SR300,200_.jpg",amazon|gtrends,50.41,50.41,0.0,,0.81,0.0,,MONITOR,stable,0.0,0.0,0.0,0.5,0.0,0.0,0.0,1.0,665,2026-07-07T17:09:43.368487,47.29,3.12
2026-07-07,940797ecaadb3a8b,AQUABUCKET dog neck collar is easy to apply and provides continuous protection Dog & Cat Anti-tick Collar,aquabucket,training,both,,8.0,,3.0,,0.5,,243.0,https://rukminim2.flixcart.com/image/612/612/xif0q/pet-collar-harness/y/m/x/large-ticks-and-fleas-remover-for-dogs-adjustable-dog-collar-for-original-imahfxy4nrgzkgfg.jpeg?q=70,flipkart|gtrends,50.38,50.38,0.0,,0.97,0.1,LOW_RATING_PENALTY,REVIEW_MANUALLY,stable,0.0,0.0,0.0,0.5,0.0,0.0,0.0,0.0,666,2026-07-07T17:09:43.294141,58.5,1.88
2026-07-07,c2252b3bd0baa3f9,"Cozy Kiddos multicolor Dog and Puppy Toy Washable Cotton Pack of 12 Cotton Ball, Bone, Chew Toy, Rubber Toy, Soft Toy, Tough Toy, Tug Toy, Training Aid For Dog & Cat",cozy,dog_toys,both,,17.0,,,,3.0,,270.0,https://rukminim2.flixcart.com/image/612/612/xif0q/pet-toy/n/5/3/12-5268-cozy-kiddos-original-imahzt8bufytjhpy.jpeg?q=70,flipkart|gtrends,50.38,50.38,0.0,,0.82,0.0,,MONITOR,stable,0.0,0.0,0.0,0.5,0.0,0.0,0.0,0.0,667,2026-07-07T17:09:43.363058,48.5,1.88
2026-07-07,3f99e882885d8699,PETSNPLAY Plastic Treat Dispensing Toy For Dog & Cat,petsnplay,cat_food,both,,17.0,,,,21.67,,285.0,https://rukminim2.flixcart.com/image/612/612/xif0q/pet-toy/g/c/4/1-tumblrfethr17-petsnplay-original-imahhuj3wfmgavgz.jpeg?q=70,flipkart|gtrends,50.25,50.25,0.0,,0.82,0.0,,MONITOR,stable,0.0,0.0,0.0,0.5,0.0,0.0,0.0,0.0,668,2026-07-07T17:09:43.363469,48.37,1.88
2026-07-07,42145f4dfc73d00d,Emily Pets Cat Teaser Wand Toy with Plush & Bell for Cats & Kittens (Color May Vary) Wooden Stick For Cat,emily,cat_toys,cat,,16.0,,,,4.0,,153.0,https://rukminim2.flixcart.com/image/612/612/xif0q/pet-toy/t/o/3/1-ctstk-006-emily-pets-original-imahns7yfgcbh7em.jpeg?q=70,flipkart|gtrends,50.18,50.18,0.0,,0.82,0.0,,MONITOR,stable,0.0,0.0,0.0,0.5,0.0,0.0,0.0,0.0,669,2026-07-07T17:09:43.364298,48.3,1.88
2026-07-07,507536f30133243a,"WUFSIE Dog Bed Large 70x100cm | Reversible Premium Velvet Black & Grey Pet Bed | Soft, Washable & Durable Bed for Dog and Cat",wufsie,beds_accessories,both,11.0,,3.6,,114.0,20.5,1029.0,,"https://images-eu.ssl-images-amazon.com/images/I/71QhzyGvkjL._AC_UL300_SR300,200_.jpg",amazon|gtrends,50.13,50.13,0.0,,0.97,0.1,LOW_RATING_PENALTY,REVIEW_MANUALLY,stable,0.0,0.0,0.0,0.5,0.0,0.0,0.0,0.0,670,2026-07-07T17:09:43.295354,58.25,1.88
2026-07-07,ee10bdc1e19cdea7,"KickAt Flea and Tick Neem & Aloevera Cat, Dog Shampoo",kickat,grooming,both,,17.0,,,,13.5,,130.0,https://rukminim2.flixcart.com/image/612/612/xif0q/pet-shampoo/i/n/9/200-ka-dcs-tf200-kickat-original-imahz7qrcsys6w34.jpeg?q=70,flipkart|gtrends,50.08,50.08,0.0,,0.82,0.0,,MONITOR,stable,0.0,0.0,0.0,0.5,0.0,0.0,0.0,0.0,671,2026-07-07T17:09:43.364695,48.2,1.88
2026-07-07,cc0858c22c335f19,Buraq Automatic 2.2L Cat Water Fountain with LED| Ultra Quiet|4-Stage Filtration | USB,buraq,beds_accessories,cat,,10.0,,3.6,,20.5,,838.0,https://rukminim2.flixcart.com/image/612/612/xif0q/pet-fountain/z/h/j/10-automatic-2-2l-cat-water-fountain-with-led-ultra-quiet-4-original-imahher53u8zezrn.jpeg?q=70,flipkart|gtrends,50.06,50.06,0.0,,0.97,0.1,LOW_RATING_PENALTY,REVIEW_MANUALLY,stable,0.0,0.0,0.0,0.5,0.0,0.0,0.0,0.0,672,2026-07-07T17:09:43.295789,58.18,1.88
2026-07-07,d716e4f3af0a0420,"Prmanchi Premium Oval Shaped Faux Fur Calming Pet Bed Cushion for Dogs and Cats, Fluffy S Pet Bed",prmanchi,beds_accessories,both,,17.0,,,,20.5,,268.0,https://rukminim2.flixcart.com/image/612/612/xif0q/pet-bed/8/n/m/s-premium-oval-shaped-faux-fur-calming-pet-bed-cushion-for-dogs-original-imahzwhmfggz7wfe.jpeg?q=70,flipkart|gtrends,49.98,49.98,0.0,,0.82,0.0,,MONITOR,stable,0.0,0.0,0.0,0.5,0.0,0.0,0.0,0.0,673,2026-07-07T17:09:43.365318,48.1,1.88
2026-07-07,95cadb100c98f0cf,"SniffyHub Puppy Collar & Leash Set, Soft Nylon, Adjustable with Bell Dog Collar & Leash",sniffyhub,training,dog,,17.0,,,,0.5,,180.0,https://rukminim2.flixcart.com/image/612/612/xif0q/pet-collar-harness/e/y/m/small-dog-clr-lsh-red-ppy-set-sniffyhub-original-imahzuypj43h7xcy.jpeg?q=70,flipkart|gtrends,49.98,49.98,0.0,,0.82,0.0,,MONITOR,stable,0.0,0.0,0.0,0.5,0.0,0.0,0.0,0.0,674,2026-07-07T17:09:43.365513,48.1,1.88
2026-07-07,86e66132b5b4cb98,"YMS Cat Toy Organic Avocado Cat Toy Cat Nip Silver vine Mint Cat Lickable Treat Cat Plastic, PP (Polypropylene) Soft Toy, Training Aid For Cat",yms,cat_food,cat,,9.0,,3.1,,21.67,,122.0,https://rukminim2.flixcart.com/image/612/612/xif0q/pet-toy/w/3/a/1-cat-toy-organic-avocado-yms-original-imagxgjh3hmkyxn7.jpeg?q=70,flipkart|gtrends,49.93,49.93,0.0,,0.97,0.1,LOW_RATING_PENALTY,REVIEW_MANUALLY,stable,0.0,0.0,0.0,0.5,0.0,0.0,0.0,0.0,675,2026-07-07T17:09:43.297144,58.05,1.88
2026-07-07,b66b28872a7102bf,Royal Canin Maxi Dermacomfort 3 kg Dry Adult Dog Food,royal canin,dog_food,dog,,10.0,,3.5,8.0,18.0,,3539.0,https://rukminim2.flixcart.com/image/312/312/jnnhua80/pet-food/g/z/2/3-dog-3182550773850-royal-canin-original-imafaatskvjc5d9q.jpeg?q=70,flipkart|gtrends,49.82,49.82,0.0,,0.96,0.1,LOW_RATING_PENALTY,REVIEW_MANUALLY,stable,0.0,0.0,0.0,0.5,0.0,0.0,0.0,0.0,676,2026-07-07T17:09:43.297992,57.94,1.88
2026-07-07,4338569d21628b2c,wagmart Wagmart Heavy Duty Reflective Rope Dog Leash Padded Handle Training Lead 121 cm Dog Cord Leash,wagmart,collars_leashes,dog,,17.0,,,,5.0,,358.0,https://rukminim2.flixcart.com/image/612/612/xif0q/pet-leash-chain/s/v/p/pmvt013-praanavmart-original-imahguhhyzpufvfm.jpeg?q=70,flipkart|gtrends,49.78,49.78,0.0,,0.81,0.0,,MONITOR,stable,0.0,0.0,0.0,0.5,0.0,0.0,0.0,0.0,677,2026-07-07T17:09:43.365930,47.9,1.88
2026-07-07,7536c417dc71812a,"ATUT Dog showpiece, for Home Decor in Big size, Decorative Showpiece - 9 cm",atut,dog_food,dog,,17.0,,,,18.0,,233.0,https://rukminim2.flixcart.com/image/612/612/xif0q/showpiece-figurine/n/6/n/20-8-dgg006-atut-9-original-imah2zfcagykunyz.jpeg?q=70,flipkart|gtrends,49.74,49.74,0.0,,0.81,0.0,,MONITOR,stable,0.0,0.0,0.0,0.5,0.0,0.0,0.0,0.0,678,2026-07-07T17:09:43.366136,47.86,1.88
2026-07-07,3407d3c09e888d71,"Kipenzi Cat Kicker Plush Toy Set for Cats & Kittens | Soft, Colorful & Lightweight Toys with Catnip fillable Pocket | Non-Squ",kipenzi,cat_toys,cat,22.0,,4.1,,18.0,4.0,376.0,,"https://images-eu.ssl-images-amazon.com/images/I/61DWAhYIplL._AC_UL300_SR300,200_.jpg",amazon|gtrends,49.7,49.7,0.0,,0.81,0.0,,MONITOR,stable,0.0,0.0,0.0,0.5,0.0,0.0,0.0,0.5,679,2026-07-07T17:09:43.368695,47.2,2.5
2026-07-07,f027a89834b0909b,"Zigly Lifestyle Golden Hour Snooze Nest Pet Mat for Dogs & Cats | Ultra-Soft NS Butter Polyester | Water-Repellent, Anti-Skid",zigly,beds_accessories,both,26.0,,5.0,,15.0,20.5,999.0,,"https://images-eu.ssl-images-amazon.com/images/I/61D2VQ6PzkL._AC_UL300_SR300,200_.jpg",amazon|gtrends,49.61,49.61,0.0,,0.81,0.0,,MONITOR,stable,0.0,0.0,0.0,0.5,0.0,0.0,0.0,1.0,680,2026-07-07T17:09:43.370356,46.49,3.12
2026-07-07,905350d31d15010c,"Foodie Puppies Natural Latex Rubber Squeaky Chew Toy - (Purple Elephant, 12cm), Suitable for Puppy, X-Small to Small Dogs | D",foodie,dog_toys,dog,27.0,,4.2,,1037.0,3.0,249.0,,"https://images-eu.ssl-images-amazon.com/images/I/618k2QpZjeL._AC_UL300_SR300,200_.jpg",amazon|gtrends,49.6,49.6,0.0,,0.81,0.0,,MONITOR,stable,0.0,0.0,0.0,0.5,0.0,0.0,0.0,1.0,681,2026-07-07T17:09:43.370562,46.48,3.12
2026-07-07,3c9f38d21f2a392d,"Moe Puppy Natural Paw Balm for Dogs & Cats | Lick Safe Paw Balm for Cracked & Dry Paws and Nose | Heals, Repairs & Moisturize",moe,grooming,both,26.0,,4.4,,383.0,13.5,267.0,,"https://images-eu.ssl-images-amazon.com/images/I/419LsHmiyvL._AC_UL300_SR300,200_.jpg",amazon|gtrends,49.6,49.6,0.0,,0.81,0.0,,MONITOR,stable,0.0,0.0,0.0,0.5,0.0,0.0,0.0,1.0,682,2026-07-07T17:09:43.370766,46.48,3.12
2026-07-07,c318cdb58483410c,PSK PET MART Dog Chain Silver Grind No.8 Heavy Weight Dogs Leash Heavy Duty Dog Chain with Heavy Hook (L - 60 Inch) for Large,psk,collars_leashes,dog,26.0,,4.0,,1572.0,5.0,229.0,,"https://images-eu.ssl-images-amazon.com/images/I/71Z8zCU95-L._AC_UL300_SR300,200_.jpg",amazon|gtrends,49.56,49.56,0.0,,0.81,0.0,,MONITOR,stable,0.0,0.0,0.0,0.5,0.0,0.0,0.0,0.5,683,2026-07-07T17:09:43.369319,47.06,2.5
2026-07-07,50d4fb29220be625,"Cozy Kiddos YOUHAVEDEAL multicolor Medium to Large dogs Cotton Chew Toy, Fetch Toy, Soft Toy For Dog & Cat",cozy,dog_toys,both,,18.0,,,,3.0,,175.0,https://rukminim2.flixcart.com/image/612/612/xif0q/pet-toy/f/z/4/4-0210-cozy-kiddos-original-imahzt8yhcrhgqzs.jpeg?q=70,flipkart|gtrends,49.38,49.38,0.0,,0.81,0.0,,MONITOR,stable,0.0,0.0,0.0,0.5,0.0,0.0,0.0,0.0,684,2026-07-07T17:09:43.367355,47.5,1.88
2026-07-07,b075fe1278f0f7ba,"DogTrust Plush Dog Toys with Interactive Squeaky, Durable Chew for Long Animals (1Pcs) Wool Plush Toy For Dog & Cat",dogtrust,dog_toys,both,,18.0,,,,3.0,,595.0,https://rukminim2.flixcart.com/image/612/612/xif0q/pet-toy/i/r/s/1-plush-toy-squirrel-dogtrust-original-imahe3emhxjjysgd.jpeg?q=70,flipkart|gtrends,49.38,49.38,0.0,,0.81,0.0,,MONITOR,stable,0.0,0.0,0.0,0.5,0.0,0.0,0.0,0.0,685,2026-07-07T17:09:43.367588,47.5,1.88
2026-07-07,7095a61b20cc2778,"Cuddly Beans Dog Harness with Leash | No Pull Adjustable Pet Harness for Dogs | Comfortable, Breathable & Reflective | Heavy",cuddly,collars_leashes,dog,24.0,,4.2,,35.0,5.0,999.0,,"https://images-eu.ssl-images-amazon.com/images/I/61BnCyQjdDL._AC_UL300_SR300,200_.jpg",amazon|gtrends,49.37,49.37,0.0,,0.81,0.0,,MONITOR,stable,0.0,0.0,0.0,0.5,0.0,0.0,0.0,1.0,686,2026-07-07T17:09:43.371397,46.25,3.12
2026-07-07,967537369b5f1635,Petsoft Cat Pocky Catnip Mint Treats Toy For kittens Earthenware Treat Dispensing Toy For Cat,petsoft,cat_food,cat,,18.0,,,,21.67,,150.0,https://rukminim2.flixcart.com/image/612/612/xif0q/pet-toy/p/k/z/1-pf-catnip-mint-roll-toy-01-petsoft-original-imahhbf7k7ncazkb.jpeg?q=70,flipkart|gtrends,49.25,49.25,0.0,,0.81,0.0,,MONITOR,stable,0.0,0.0,0.0,0.5,0.0,0.0,0.0,0.0,687,2026-07-07T17:09:43.367797,47.37,1.88
2026-07-07,5b1eebe6b4ed4c68,Petsoft Catnip Mint Treats Balls Toy Earthenware Ball For Dog & Cat,petsoft,cat_toys,both,,17.0,,,,4.0,,150.0,https://rukminim2.flixcart.com/image/612/612/xif0q/pet-toy/i/h/i/1-pf-catnip-mint-ball-pack-of-01-petsoft-original-imahhbf9tqvvkkzf.jpeg?q=70,flipkart|gtrends,49.18,49.18,0.0,,0.81,0.0,,MONITOR,stable,0.0,0.0,0.0,0.5,0.0,0.0,0.0,0.0,688,2026-07-07T17:09:43.368263,47.3,1.88
2026-07-07,b940087566eb44b9,wagmart Pet Deshedding Brush for Dogs Cats Hair Grooming Comb Fur Remover Tool Shedding Blade for Dog & Cat,wagmart,grooming,both,,18.0,,,,13.5,,537.0,https://rukminim2.flixcart.com/image/612/612/xif0q/pet-comb-brush/k/g/x/medium-pet-deshedding-comb-wagster-original-imahzgs7pff5wthv.jpeg?q=70,flipkart|gtrends,49.08,49.08,0.0,,0.81,0.0,,MONITOR,stable,0.0,0.0,0.0,0.5,0.0,0.0,0.0,0.0,689,2026-07-07T17:09:43.368895,47.2,1.88
2026-07-07,412df0b7321d1669,"Cat Collar, Cat Neck Collar for Small Cats and Dogs, Soft E Collar for Cats Post Surgery, Comfortable Cat Cone Collar with Be",cat,health_wellness,both,23.0,,3.8,,15.0,0.5,669.0,,"https://images-eu.ssl-images-amazon.com/images/I/61QnKt6Y9jL._AC_UL300_SR300,200_.jpg",amazon|gtrends,49.03,49.03,0.0,,0.81,0.0,,MONITOR,stable,0.0,0.0,0.0,0.5,0.0,0.0,0.0,0.5,690,2026-07-07T17:09:43.369718,46.53,2.5
2026-07-07,16da4c2624c17fa3,"Petfun High Quality Pet Training Clicker (Green & Yellow) Plastic Tug Toy, Fetch Toy For Dog & Cat",petfun,training,both,,18.0,,,,0.5,,110.0,https://rukminim2.flixcart.com/image/612/612/xif0q/pet-toy/j/2/i/1-clicker-with-wrist-strap-petfun-original-imahathqrwcetnhx.jpeg?q=70,flipkart|gtrends,48.98,48.98,0.0,,0.81,0.0,,MONITOR,stable,0.0,0.0,0.0,0.5,0.0,0.0,0.0,0.0,691,2026-07-07T17:09:43.369112,47.1,1.88
2026-07-07,d4aa53ddd6a6b9cb,"Absolut Pet Dog Supplement for Oral Care, Dental Chews for Dogs that Reduces Plaque & Tartar | Freshens Breath & Supports Gum",absolut,health_wellness,dog,25.0,,4.2,,28.0,0.5,699.0,,"https://images-eu.ssl-images-amazon.com/images/I/51BzBYBru4L._AC_UL300_SR300,200_.jpg",amazon|gtrends,48.91,48.91,0.0,,0.8,0.0,,MONITOR,stable,0.0,0.0,0.0,0.5,0.0,0.0,0.0,1.0,692,2026-07-07T17:09:43.373418,45.79,3.12
2026-07-07,d1b086a8478e8ba6,"Natural Cotton Rope Scratch Pad, 15.7'' Round Horizontal Floor Scratching Mat for Indoor Cats, Furniture Protector for Wall,",natural,beds_accessories,cat,25.0,,4.4,,12.0,20.5,281.0,,"https://images-eu.ssl-images-amazon.com/images/I/810sslw2LJL._AC_UL300_SR300,200_.jpg",amazon|gtrends,48.89,48.89,0.0,,0.8,0.0,,MONITOR,stable,0.0,0.0,0.0,0.5,0.0,0.0,0.0,1.0,693,2026-07-07T17:09:43.373636,45.77,3.12
2026-07-07,c8f06865e8f36949,"Qpets Cat Bathing Bag Anti-Scratch Cat Grooming Mesh Bag for Bathing, Nail Trimming, Medicine Taking, Injection, Adjustable",qpets,grooming,cat,13.0,,3.7,,203.0,13.5,298.0,,"https://images-eu.ssl-images-amazon.com/images/I/711aX1s9WPL._AC_UL300_SR300,200_.jpg",amazon|gtrends,48.86,48.86,0.0,,0.96,0.1,LOW_RATING_PENALTY,REVIEW_MANUALLY,stable,0.0,0.0,0.0,0.5,0.0,0.0,0.0,0.0,694,2026-07-07T17:09:43.304992,56.98,1.88
2026-07-07,1a36cbdee1bc61da,"Goofy Tails Feline Vitality+(100Mlx1Pack) Liquid Immunity Booster for Cats, Cat Coat Supplement, Gut Supplement, Boosted with",goofy,health_wellness,cat,25.0,,4.2,,20.0,0.5,169.0,,"https://images-eu.ssl-images-amazon.com/images/I/61J0mjj14IL._AC_UL300_SR300,200_.jpg",amazon|gtrends,48.83,48.83,0.0,,0.8,0.0,,MONITOR,stable,0.0,0.0,0.0,0.5,0.0,0.0,0.0,1.0,695,2026-07-07T17:09:43.373839,45.71,3.12
2026-07-07,3a089b4a24f1fc92,MCBAZEL Retractable Dog Leash 10 cm Dog Chain Leash,mcbazel,collars_leashes,dog,,18.0,,,,5.0,,450.0,https://rukminim2.flixcart.com/image/612/612/xif0q/pet-collar-charm/6/h/j/1-vh-pc-001-virohainter-original-imahzzeguvuwfq7d.jpeg?q=70,flipkart|gtrends,48.78,48.78,0.0,,0.81,0.0,,MONITOR,stable,0.0,0.0,0.0,0.5,0.0,0.0,0.0,0.0,696,2026-07-07T17:09:43.369519,46.9,1.88
2026-07-07,725fcf983f9e2d96,"Goofy Tails Coffee Wood Dog Chew Toy | Splinter-Free, Caffeine-Free Natural Dog Dental Stick | Safe Puppy Toy | Chew Toys for",goofy,dog_toys,dog,14.0,,3.6,,428.0,3.0,264.0,,"https://images-eu.ssl-images-amazon.com/images/I/61tMcr+bd6L._AC_UL300_SR300,200_.jpg",amazon|gtrends,48.53,48.53,0.0,,0.96,0.1,LOW_RATING_PENALTY,REVIEW_MANUALLY,stable,0.0,0.0,0.0,0.5,0.0,0.0,0.0,0.0,697,2026-07-07T17:09:43.309669,56.65,1.88
2026-07-07,d66f66f20c7fce3a,"JNONI Heavy Duty Pet and Puppy Training Pads (XL, 10) Disposable Dog Diapers",jnoni,training,dog,,10.0,,3.0,,0.5,,145.0,https://rukminim2.flixcart.com/image/612/612/k5e7o280/pet-mat/t/x/t/xl-pet-training-pads-30-sheets-lavender-original-imafn2vqku8guqgx.jpeg?q=70,flipkart|gtrends,48.38,48.38,0.0,,0.96,0.1,LOW_RATING_PENALTY,REVIEW_MANUALLY,stable,0.0,0.0,0.0,0.5,0.0,0.0,0.0,0.0,698,2026-07-07T17:09:43.310916,56.5,1.88
2026-07-07,ca5214bac60d8050,"Richpet Dog Chew Ball Toy Silicone Chew Toy, Ball For Dog",richpet,dog_toys,dog,,19.0,,,,3.0,,439.0,https://rukminim2.flixcart.com/image/612/612/xif0q/pet-toy/d/f/f/1-silicon-ball-1-richpet-original-imahz6vsgcsfdvcr.jpeg?q=70,flipkart|gtrends,48.38,48.38,0.0,,0.81,0.0,,MONITOR,stable,0.0,0.0,0.0,0.5,0.0,0.0,0.0,0.0,699,2026-07-07T17:09:43.369916,46.5,1.88
2026-07-07,81e7b38252848126,"decorvaiz YOUHAVEDEAL Toys for Puppies & Medium Dogs Toys | Color May Vary | Rope Ball Toy Cotton Ball, Tug Toy, Fetch Toy, Training Aid, Chew Toy For Dog & Cat",decorvaiz,dog_toys,both,,19.0,,,,3.0,,119.0,https://rukminim2.flixcart.com/image/612/612/xif0q/pet-toy/w/w/e/6-toys-for-pets-f-74-ghalibb-original-imahmu4hk86fpuze.jpeg?q=70,flipkart|gtrends,48.38,48.38,0.0,,0.81,0.0,,MONITOR,stable,0.0,0.0,0.0,0.5,0.0,0.0,0.0,0.0,700,2026-07-07T17:09:43.370138,46.5,1.88
2026-07-07,11b4b5e4f8938cf2,"Heaven Luxurious Folding Pet Bed Mat For DOG,Cat, Puppy Iron Nylon Mat Cooling Summer Ant slip XL Pet Bed",heaven,beds_accessories,both,,12.0,,3.7,,20.5,,782.0,https://rukminim2.flixcart.com/image/612/612/xif0q/pet-bed/x/m/m/xl-folding-pet-bed-mat-for-dog-cat-puppy-iron-nylon-mat-cooling-original-imahd42hn7uergxg.jpeg?q=70,flipkart|gtrends,48.34,48.34,0.0,,0.96,0.1,LOW_RATING_PENALTY,REVIEW_MANUALLY,stable,0.0,0.0,0.0,0.5,0.0,0.0,0.0,0.0,701,2026-07-07T17:09:43.311348,56.46,1.88
2026-07-07,6ebf1d834724fe88,Smudges Smudges in Gravy Crabsticks with Tuna 0.96 kg (12x0.08 kg) Wet Adult Cat Food,smudges,cat_food,cat,,19.0,,,,21.67,,793.0,https://rukminim2.flixcart.com/image/612/612/xif0q/pet-food/u/o/p/0-96-cat-12-a7257-12-smudges-original-imahza6tebbasgpn.jpeg?q=70,flipkart|gtrends,48.25,48.25,0.0,,0.81,0.0,,MONITOR,stable,0.0,0.0,0.0,0.5,0.0,0.0,0.0,0.0,702,2026-07-07T17:09:43.370976,46.37,1.88
2026-07-07,ab0b59b310cde34e,Smart pet Interactive Cat Toy Rolling Toy with Feather Teaser for Cats and Kittens Plastic Fetch Toy For Dog & Cat,smart,cat_toys,both,,18.0,,,,4.0,,783.0,https://rukminim2.flixcart.com/image/612/612/xif0q/pet-toy/m/6/t/1-rolling-toy-smart-pet-original-imahzcbfdguzxttm.jpeg?q=70,flipkart|gtrends,48.18,48.18,0.0,,0.81,0.0,,MONITOR,stable,0.0,0.0,0.0,0.5,0.0,0.0,0.0,0.0,703,2026-07-07T17:09:43.371196,46.3,1.88
2026-07-07,009be159b01eb59b,"Berlin's Escape Proof No Pull Cat Harness with Leash for Outdoor, Walking Cat Harness Cat Harness & Leash",berlins,collars_leashes,cat,,12.0,,3.7,,5.0,,232.0,https://rukminim2.flixcart.com/image/612/612/xif0q/pet-collar-harness/g/4/x/medium-cat-harness-with-leash-for-outdoor-walking-berlin-s-original-imahezeygutqm4wu.jpeg?q=70,flipkart|gtrends,48.14,48.14,0.0,,0.96,0.1,LOW_RATING_PENALTY,REVIEW_MANUALLY,stable,0.0,0.0,0.0,0.5,0.0,0.0,0.0,0.0,704,2026-07-07T17:09:43.312989,56.26,1.88
2026-07-07,50eb1cdb985a4f94,Dtach Dog Puppy Pee Pads | Leak-Proof | 60 × 45 cm | 10 Pcs Disposable Dog & Cat Diapers,dtach,training,both,,19.0,,,,0.5,,202.0,https://rukminim2.flixcart.com/image/612/612/xif0q/pet-diaper/o/l/6/600-grams-dog-puppy-pee-pads-leak-proof-60-45-cm-10-pcs-xl-10-original-imahmjrctnhx9eyy.jpeg?q=70,flipkart|gtrends,47.98,47.98,0.0,,0.81,0.0,,MONITOR,stable,0.0,0.0,0.0,0.5,0.0,0.0,0.0,0.0,705,2026-07-07T17:09:43.371594,46.1,1.88
2026-07-07,56b0de2f88c69306,"Petfun Reflective 32MM Dog Collar Adjustable & Soft Padded, Heavy-Duty Buckle & Safety Dog Anti-tick Collar",petfun,training,dog,,19.0,,,,0.5,,197.0,https://rukminim2.flixcart.com/image/612/612/xif0q/pet-collar-harness/u/h/t/large-pf-dog-fluorescent-paded-collar-20mm-petfun-original-imahedgugkjuqptc.jpeg?q=70,flipkart|gtrends,47.98,47.98,0.0,,0.81,0.0,,MONITOR,stable,0.0,0.0,0.0,0.5,0.0,0.0,0.0,0.0,706,2026-07-07T17:09:43.371795,46.1,1.88
2026-07-07,b443b62b7edcb52c,HEHARI 6 cm Dog Cord Leash,hehari,collars_leashes,dog,,19.0,,,,5.0,,318.0,https://rukminim2.flixcart.com/image/612/612/xif0q/pet-leash-chain/9/n/q/6-ft-reflective-rope-dog-leash-or-walking-training-running-egab-original-imahnvhqmzpnacq9.jpeg?q=70,flipkart|gtrends,47.78,47.78,0.0,,0.8,0.0,,MONITOR,stable,0.0,0.0,0.0,0.5,0.0,0.0,0.0,0.0,707,2026-07-07T17:09:43.372194,45.9,1.88
2026-07-07,4561fbb9ca3ef484,PETSZOW Dog Safety Harness,petszow,collars_leashes,dog,,19.0,,,,5.0,,1201.0,https://rukminim2.flixcart.com/image/612/612/xif0q/pet-collar-harness/7/4/s/small-tactical-harness-petszow-original-imahnzrhfkauhvzh.jpeg?q=70,flipkart|gtrends,47.78,47.78,0.0,,0.8,0.0,,MONITOR,stable,0.0,0.0,0.0,0.5,0.0,0.0,0.0,0.0,708,2026-07-07T17:09:43.372399,45.9,1.88
2026-07-07,3cd5b6fc25bf85c3,Zelda Heavy Duty Rust-Proof Stainless Steel Dog Training Chain Leash 500 cm Dog Chain Leash,zelda,collars_leashes,dog,,19.0,,,,5.0,,257.0,https://rukminim2.flixcart.com/image/612/612/xif0q/clothesline/a/e/4/does-not-apply-1-10-meters-heavy-duty-steel-clothesline-4mm-original-imahhrr98w6pfdag.jpeg?q=70,flipkart|gtrends,47.78,47.78,0.0,,0.8,0.0,,MONITOR,stable,0.0,0.0,0.0,0.5,0.0,0.0,0.0,0.0,709,2026-07-07T17:09:43.372600,45.9,1.88
2026-07-07,9df06c13d89db5f3,gustave Adjustable AirTag cat collar with safety buckle and secure silicone holder Cat Break Away Collar,gustave,collars_leashes,cat,,19.0,,,,5.0,,500.0,https://rukminim2.flixcart.com/image/612/612/xif0q/pet-collar-harness/y/k/r/25-35-cm-airtag-cat-collar-with-safety-holder-gustave-original-imahzaz44zyq5qg8.jpeg?q=70,flipkart|gtrends,47.78,47.78,0.0,,0.8,0.0,,MONITOR,stable,0.0,0.0,0.0,0.5,0.0,0.0,0.0,0.0,710,2026-07-07T17:09:43.372813,45.9,1.88
2026-07-07,dbc2f40a5c14a63a,"PETOLOGY Unisex Professional Automatic Rechargeable Pet Hair Trimmer for Dogs & Cats Grooming Machine Wireless, Grey",petology,grooming,both,14.0,,3.7,,176.0,13.5,2199.0,,"https://images-eu.ssl-images-amazon.com/images/I/71eCkEKL5jL._AC_UL300_SR300,200_.jpg",amazon|gtrends,47.77,47.77,0.0,,0.95,0.1,LOW_RATING_PENALTY,REVIEW_MANUALLY,stable,0.0,0.0,0.0,0.5,0.0,0.0,0.0,0.0,711,2026-07-07T17:09:43.315026,55.89,1.88
2026-07-07,f0bf551658ac184e,Drools Turkey with Wild Rice & Pumpkin Gravy Pumpkin 720 g (6x120 g) Wet Adult Dog Food,drools,dog_food,dog,,19.0,,,,18.0,,264.0,https://rukminim2.flixcart.com/image/312/312/xif0q/pet-food/h/f/3/-original-imahkygxhmwvubym.jpeg?q=70,flipkart|gtrends,47.74,47.74,0.0,,0.8,0.0,,MONITOR,stable,0.0,0.0,0.0,0.5,0.0,0.0,0.0,0.0,712,2026-07-07T17:09:43.373017,45.86,1.88
2026-07-07,cb4bc9486c149eb5,"Haven Dog Food Meat, Rice 1.6 kg (2x0.8 kg) Dry Adult Dog Food",haven,dog_food,dog,,19.0,,,,18.0,,230.0,https://rukminim2.flixcart.com/image/312/312/xif0q/pet-food/0/m/v/1-dog-1-dog-food-1kg-shopoice-original-imahnxj5zdfk2xyg.jpeg?q=70,flipkart|gtrends,47.74,47.74,0.0,,0.8,0.0,,MONITOR,stable,0.0,0.0,0.0,0.5,0.0,0.0,0.0,0.0,713,2026-07-07T17:09:43.373212,45.86,1.88
2026-07-07,ebd037b00ad4d782,"Pedigree Adult Dry Dog Food, New Chicken Biryani Flavour, 1 kg, Protein of 4 Chicken Pieces, Vitamin D3 of 6 Eggs, Calcium of",pedigree,dog_food,dog,27.0,,4.4,,188.0,18.0,239.0,,"https://images-eu.ssl-images-amazon.com/images/I/61ybWFhWjHL._AC_UL300_SR300,200_.jpg",amazon|gtrends,47.67,47.67,0.0,,0.8,0.0,,MONITOR,stable,0.0,0.0,0.0,0.5,0.0,0.0,0.0,1.0,714,2026-07-07T17:09:43.376085,44.55,3.12
2026-07-07,a262b1048d578163,RvPaws Dog Mouth Cover Muzzle/Bite Guard with Adjustable Strap Size (Medium No.- 4),rvpaws,collars_leashes,dog,14.0,,3.6,,305.0,5.0,198.0,,"https://images-eu.ssl-images-amazon.com/images/I/71-QE+jlzOL._AC_UL300_SR300,200_.jpg",amazon|gtrends,47.61,47.61,0.0,,0.95,0.1,LOW_RATING_PENALTY,REVIEW_MANUALLY,stable,0.0,0.0,0.0,0.5,0.0,0.0,0.0,0.0,715,2026-07-07T17:09:43.315843,55.73,1.88
2026-07-07,b074bd7b698931a2,Petroyale Multivitamin Chews for Cats - Cat Multivitamin Tablets - Cat Health Supplement - Daily Supplements for Cats - for G,petroyale,health_wellness,cat,26.0,,4.2,,5.0,0.5,478.0,,"https://images-eu.ssl-images-amazon.com/images/I/71E+7tGqCJL._AC_UL300_SR300,200_.jpg",amazon|gtrends,47.6,47.6,0.0,,0.8,0.0,,MONITOR,stable,0.0,0.0,0.0,0.5,0.0,0.0,0.0,1.0,716,2026-07-07T17:09:43.376290,44.48,3.12
2026-07-07,b157cb49ff831b96,"CottonCat Dog Harness – No Pull, Anti-Choke with Reflective Leash, Adjustable Breathable Dog Belt for Walking & Training – Sm",cottoncat,collars_leashes,dog,25.0,,4.1,,41.0,5.0,789.57,,"https://images-eu.ssl-images-amazon.com/images/I/81JFChdqSbL._AC_UL300_SR300,200_.jpg",amazon|gtrends,47.52,47.52,0.0,,0.8,0.0,,MONITOR,stable,0.0,0.0,0.0,0.5,0.0,0.0,0.0,0.5,717,2026-07-07T17:09:43.375476,45.02,2.5
2026-07-07,9a1339d9fcec5747,Play Hour Charlie The Dog Plush Soft With Long Chocolate Ears Toy For Ages 3 Years And Up - 45 cm,play,dog_toys,dog,,20.0,,,,3.0,,588.0,https://rukminim2.flixcart.com/image/612/612/xif0q/stuffed-toy/i/s/5/the-dog-plush-soft-with-long-chocolate-ears-toy-for-ages-3-years-original-imahb85ykzgwgjnx.jpeg?q=70,flipkart|gtrends,47.38,47.38,0.0,,0.8,0.0,,MONITOR,stable,0.0,0.0,0.0,0.5,0.0,0.0,0.0,0.0,718,2026-07-07T17:09:43.374249,45.5,1.88
2026-07-07,c0092c7bdfe5eef7,Zigly Lifestyle Classic Adjustable Padded Dog Collar for Dogs & Puppies | Soft Comfortable Durable Everyday Walking Neck Coll,zigly,collars_leashes,dog,27.0,,4.2,,223.0,5.0,269.0,,"https://images-eu.ssl-images-amazon.com/images/I/61gHyz1wS5L._AC_UL300_SR300,200_.jpg",amazon|gtrends,47.27,47.27,0.0,,0.8,0.0,,MONITOR,stable,0.0,0.0,0.0,0.5,0.0,0.0,0.0,1.0,719,2026-07-07T17:09:43.377328,44.15,3.12
2026-07-07,1dc09ad0a783ea12,Emily Pets Cat Scratching Inclined Pad,emily,cat_food,cat,,20.0,,,,21.67,,305.0,https://rukminim2.flixcart.com/image/612/612/xif0q/cat-scratching-post/t/t/l/cat-toy-combo-5-in-1-scratch-board-wand-catnip-toys-donut-for-original-imahmz6nejjfyzvs.jpeg?q=70,flipkart|gtrends,47.25,47.25,0.0,,0.8,0.0,,MONITOR,stable,0.0,0.0,0.0,0.5,0.0,0.0,0.0,0.0,720,2026-07-07T17:09:43.374464,45.37,1.88
2026-07-07,50bcc84bdb4ee624,Bogenlite Cat Toy - 12 inch,bogenlite,cat_toys,cat,,19.0,,,,4.0,,612.0,https://rukminim2.flixcart.com/image/612/612/xif0q/stuffed-toy/x/u/0/cat-toy-12-bogenlite-original-imah8ag5f5zkgyd8.jpeg?q=70,flipkart|gtrends,47.18,47.18,0.0,,0.8,0.0,,MONITOR,stable,0.0,0.0,0.0,0.5,0.0,0.0,0.0,0.0,721,2026-07-07T17:09:43.374664,45.3,1.88
2026-07-07,bbb2697891b69ef3,"PETSNPLAY Catnip toys Rubber Ball, Chew Toy For Cat",petsnplay,cat_toys,cat,,19.0,,,,4.0,,171.0,https://rukminim2.flixcart.com/image/612/612/xif0q/pet-toy/j/c/b/1-nature-catnip-toys-natural-silvervine-stick-cage-ball-for-original-imahnnsadc6jfymn.jpeg?q=70,flipkart|gtrends,47.18,47.18,0.0,,0.8,0.0,,MONITOR,stable,0.0,0.0,0.0,0.5,0.0,0.0,0.0,0.0,722,2026-07-07T17:09:43.374862,45.3,1.88
2026-07-07,857487cdd0798ed0,"Zelda Pet Cat Interactive Ball Toy Lightweight Rolling Chase Play Toy Pack of 1 Plastic, Nylon, Silicone Ball For Dog & Cat",zelda,cat_toys,both,,19.0,,,,4.0,,428.0,https://rukminim2.flixcart.com/image/612/612/xif0q/cat-scratching-post/a/s/m/cdb01-hellyz-7-original-imahe2fgfnuneaym.jpeg?q=70,flipkart|gtrends,47.18,47.18,0.0,,0.8,0.0,,MONITOR,stable,0.0,0.0,0.0,0.5,0.0,0.0,0.0,0.0,723,2026-07-07T17:09:43.375057,45.3,1.88
2026-07-07,821e30f3dc933a39,Pawptails Cat Scratcher with Organic Catnip| Corrugated Cardboard Cat Scratch Pad for Indoor Cats & Kittens |Durable Scratche,pawptails,beds_accessories,cat,26.0,,4.2,,3.0,20.5,209.0,,"https://images-eu.ssl-images-amazon.com/images/I/61FhGV22FfL._AC_UL300_SR300,200_.jpg",amazon|gtrends,47.15,47.15,0.0,,0.8,0.0,,MONITOR,stable,0.0,0.0,0.0,0.5,0.0,0.0,0.0,1.0,724,2026-07-07T17:09:43.377749,44.03,3.12
2026-07-07,24322f4c16b14157,(OG) DD Presents KIWOFF Easy Chews for Cats and Kittens,og,health_wellness,cat,28.0,,4.7,,11.0,0.5,449.0,,"https://images-eu.ssl-images-amazon.com/images/I/61th8qO464L._AC_UL300_SR300,200_.jpg",amazon|gtrends,47.11,47.11,0.0,,0.79,0.0,,MONITOR,stable,0.0,0.0,0.0,0.5,0.0,0.0,0.0,1.0,725,2026-07-07T17:09:43.377950,43.99,3.12
2026-07-07,0af5967e320000d2,Interactive Cat Toy – Smart Toys for Cats & Kittens – Toy for Indoor Play – Pet Toy for Exercise (Orange),interactive,cat_toys,cat,25.0,,4.0,,78.0,4.0,279.0,,"https://images-eu.ssl-images-amazon.com/images/I/61kIXP6zi6L._AC_UL300_SR300,200_.jpg",amazon|gtrends,46.88,46.88,0.0,,0.8,0.0,,MONITOR,stable,0.0,0.0,0.0,0.5,0.0,0.0,0.0,0.5,726,2026-07-07T17:09:43.376829,44.38,2.5
2026-07-07,bf3f3d054e609e84,"FURRLOVERS Wall-Mounted Cat Climber, Multi-Level Cat Tree with Jute Scratching Posts, Grey Plush Platforms, Space-Saving Corn",furrlovers,beds_accessories,cat,27.0,,4.4,,9.0,20.5,1899.0,,"https://images-eu.ssl-images-amazon.com/images/I/71--+SOcMBL._AC_UL300_SR300,200_.jpg",amazon|gtrends,46.84,46.84,0.0,,0.79,0.0,,MONITOR,stable,0.0,0.0,0.0,0.5,0.0,0.0,0.0,1.0,727,2026-07-07T17:09:43.378284,43.72,3.12
2026-07-07,e9d670ea87245d6f,"MSR MSR Rainbow Dog Rope Leash with Rubber Handle for Training, Daily Walk, Size: S 152.4 cm Dog Cord Leash",msr,collars_leashes,dog,,20.0,,,,5.0,,252.0,https://rukminim2.flixcart.com/image/612/612/xif0q/pet-leash-chain/c/y/a/srk449-msr-original-imahcyz4mwzm9tgh.jpeg?q=70,flipkart|gtrends,46.78,46.78,0.0,,0.8,0.0,,MONITOR,stable,0.0,0.0,0.0,0.5,0.0,0.0,0.0,0.0,728,2026-07-07T17:09:43.375873,44.9,1.88
2026-07-07,0ce80c1f2fd97edd,"Zexsazone Summer Cat House, Portable Cat Bed with Removable Cushion, 2-in-1 Washable Cozy Puppy Bed Hut Cat Cave, Foldable Wa",zexsazone,beds_accessories,both,28.0,,4.5,,63.0,20.5,928.0,,"https://images-eu.ssl-images-amazon.com/images/I/61OIRBDEtCL._AC_UL300_SR300,200_.jpg",amazon|gtrends,46.61,46.61,0.0,,0.79,0.0,,MONITOR,stable,0.0,0.0,0.0,0.5,0.0,0.0,0.0,1.0,729,2026-07-07T17:09:43.378539,43.49,3.12
2026-07-07,d3c507616a976f8d,SITSNOOZE Printed Pet Blanket for Dogs & Cats | Quilted Cotton | Mild Winter Soft & Warm Pet Blanket (Turquoise Green),sitsnooze,beds_accessories,both,25.0,,3.8,,11.0,20.5,379.0,,"https://images-eu.ssl-images-amazon.com/images/I/61gUqxQbg2L._AC_UL300_SR300,200_.jpg",amazon|gtrends,46.57,46.57,0.0,,0.8,0.0,,MONITOR,stable,0.0,0.0,0.0,0.5,0.0,0.0,0.0,0.5,730,2026-07-07T17:09:43.377543,44.07,2.5
2026-07-07,428123f9440a5509,VM Mart VM Mart Interactive Smart Ball Toy With Rope for Cats and Dogs Silicone Ball For Dog & Cat,vm,cat_toys,both,,20.0,,,,4.0,,297.0,https://rukminim2.flixcart.com/image/612/612/xif0q/pet-toy/9/v/s/1-interactive-smart-ball-toy-with-rope-for-cats-and-dogs-vm-mart-original-imahftea3tyryuqs.jpeg?q=70,flipkart|gtrends,46.18,46.18,0.0,,0.8,0.0,,MONITOR,stable,0.0,0.0,0.0,0.5,0.0,0.0,0.0,0.0,731,2026-07-07T17:09:43.377103,44.3,1.88
2026-07-07,75360913912c8df8,SH l Cat Bed Cave for Indoor Suitable for Cat Dome Bed Hideaway Bed for Indoor Cats S Pet Bed,sh,beds_accessories,cat,,14.0,,3.6,,20.5,,638.0,https://rukminim2.flixcart.com/image/612/612/xif0q/pet-bed/p/c/6/l-cat-bed-cave-for-indoor-suitable-for-cat-dome-bed-hideaway-bed-original-imahhx7wgg3jme47.jpeg?q=70,flipkart|gtrends,46.06,46.06,0.0,,0.95,0.1,LOW_RATING_PENALTY,REVIEW_MANUALLY,stable,0.0,0.0,0.0,0.5,0.0,0.0,0.0,0.0,732,2026-07-07T17:09:43.328204,54.18,1.88
2026-07-07,551b120a2f76b3a9,Petbabas Squeaky Rubber Chicken Dog Toy | Durable Funny Interactive Chew Toy | Loud Squeaky Sound and Stress Relief for Dogs,petbabas,dog_toys,dog,15.0,,3.4,,68.0,3.0,114.0,,"https://images-eu.ssl-images-amazon.com/images/I/61Y2bTBw-YL._AC_UL300_SR300,200_.jpg",amazon|gtrends,45.72,45.72,0.0,,0.94,0.1,LOW_RATING_PENALTY,REVIEW_MANUALLY,stable,0.0,0.0,0.0,0.5,0.0,0.0,0.0,0.0,733,2026-07-07T17:09:43.330748,53.84,1.88
2026-07-07,83fa5494d274418e,SUPER CHAIN COMBO Dog Leather Leash And Dog Collar 3-D Printed Black(MEDIUM) 130 cm Dog Chain Leash,super,collars_leashes,dog,,15.0,,3.7,,5.0,,231.0,https://rukminim2.flixcart.com/image/612/612/xif0q/pet-leash-chain/f/8/q/hlhc-gm-super-chain-original-imah363kjsgtg4wc.jpeg?q=70,flipkart|gtrends,45.14,45.14,0.0,,0.94,0.1,LOW_RATING_PENALTY,REVIEW_MANUALLY,stable,0.0,0.0,0.0,0.5,0.0,0.0,0.0,0.0,734,2026-07-07T17:09:43.334488,53.26,1.88
2026-07-07,71f5e677fad29cd2,Trixie Cats Dental Hygiene Set - Cat Toothbrush and Toothpaste,trixie,health_wellness,cat,17.0,,3.7,,197.0,0.5,445.5,,"https://images-eu.ssl-images-amazon.com/images/I/61jbL3gw9ML._AC_UL300_SR300,200_.jpg",amazon|gtrends,45.14,45.14,0.0,,0.94,0.1,LOW_RATING_PENALTY,REVIEW_MANUALLY,stable,0.0,0.0,0.0,0.5,0.0,0.0,0.0,0.0,735,2026-07-07T17:09:43.334696,53.26,1.88
2026-07-07,64ed1e1afe2dbe27,"Biotin and Taurine, 75 Tablets for Dogs & Cats, for Healthy Skin & Hairs.",biotin,health_wellness,both,27.0,,3.8,,19.0,0.5,335.0,,"https://images-eu.ssl-images-amazon.com/images/I/51sE6tEMcjL._AC_UL300_SR300,200_.jpg",amazon|gtrends,45.08,45.08,0.0,,0.79,0.0,,MONITOR,stable,0.0,0.0,0.0,0.5,0.0,0.0,0.0,0.5,736,2026-07-07T17:09:43.379205,42.58,2.5
2026-07-07,9c29d1c6e73a4bd8,FurrChild Dog & Puppy Training Pads 60x60 cm Super Absorbent 20 Pack Disposable Dog Diapers,furrchild,training,dog,,15.0,,3.5,,0.5,,272.0,https://rukminim2.flixcart.com/image/612/612/xif0q/pet-diaper/t/0/9/up-to-10-kg-pet-training-pads-for-dogs-puppies-60x60-cm-original-imahhhyfauda5yhp.jpeg?q=70,flipkart|gtrends,44.78,44.78,0.0,,0.94,0.1,LOW_RATING_PENALTY,REVIEW_MANUALLY,stable,0.0,0.0,0.0,0.5,0.0,0.0,0.0,0.0,737,2026-07-07T17:09:43.337372,52.9,1.88
2026-07-07,1e34da25806cfddd,THEVARNIT Plastic Ball For Cat,thevarnit,cat_toys,cat,,11.0,,2.3,,4.0,,150.0,https://rukminim2.flixcart.com/image/612/612/xif0q/pet-toy/y/r/l/1-catnip-thevarnit-original-imahh985bhekhsfc.jpeg?q=70,flipkart|gtrends,44.62,44.62,0.0,,0.94,0.1,LOW_RATING_PENALTY,REVIEW_MANUALLY,stable,0.0,0.0,0.0,0.5,0.0,0.0,0.0,0.0,738,2026-07-07T17:09:43.338297,52.74,1.88
2026-07-07,86b8a466f4c22b8e,"MUDDY PAWS Premium Reversible Oval Dog Bed – Large – Washable Anti-Skid Pet Bed with Toy Pillows, Soft Polyester Dog Cushion",muddy,beds_accessories,dog,17.0,,3.6,,175.0,20.5,1499.0,,"https://images-eu.ssl-images-amazon.com/images/I/51MOZegGYxL._AC_UL300_SR300,200_.jpg",amazon|gtrends,44.38,44.38,0.0,,0.94,0.1,LOW_RATING_PENALTY,REVIEW_MANUALLY,stable,0.0,0.0,0.0,0.5,0.0,0.0,0.0,0.0,739,2026-07-07T17:09:43.339897,52.5,1.88
2026-07-07,e538fd2de26970e9,"MUDDY PAWS Reversible Sofa Style Dog Bed – XXL (95 x 73 x 22 cm) – Plush Fur Surface, Removable Cushion & Anti-Skid Base – Bl",muddy,beds_accessories,dog,28.0,,3.8,,113.0,20.5,1999.0,,"https://images-eu.ssl-images-amazon.com/images/I/71A7VG3MX5L._AC_UL300_SR300,200_.jpg",amazon|gtrends,44.3,44.3,0.0,,0.78,0.0,,IGNORE,stable,0.0,0.0,0.0,0.5,0.0,0.0,0.0,0.5,740,2026-07-07T17:09:43.379432,41.8,2.5
2026-07-07,56e7cc1ad9a91f3c,"Petsoft Avocado Catnip Mint Treats Wall Balls Lick Treat, Natural Teeth Cleaning Toy PP (Polypropylene) Treat Dispensing Toy For Cat",petsoft,cat_food,cat,,13.0,,2.3,,21.67,,167.0,https://rukminim2.flixcart.com/image/612/612/xif0q/pet-toy/a/h/r/1-pf-avocado-catnip-ball-toy01-petsoft-original-imahhbf8qbcdywhs.jpeg?q=70,flipkart|gtrends,43.69,43.69,0.0,,0.93,0.1,LOW_RATING_PENALTY,REVIEW_MANUALLY,stable,0.0,0.0,0.0,0.5,0.0,0.0,0.0,0.0,741,2026-07-07T17:09:43.344504,51.81,1.88
2026-07-07,fc2512ae78fe3186,"PETSNPLAY Pet toy interactive chew toy for Dogs and cat REALISTIC BURGER Rubber, Silicone Squeaky Toy, Chew Toy, Ball, Plush Toy For Dog & Cat",petsnplay,cat_toys,both,,12.0,,2.3,,4.0,,169.0,https://rukminim2.flixcart.com/image/612/612/xif0q/pet-toy/z/1/q/1-pet-interactive-toy-interactive-squeaky-chew-toy-for-dogs-and-original-imahm3ggp2tzbnzy.jpeg?q=70,flipkart|gtrends,43.62,43.62,0.0,,0.93,0.1,LOW_RATING_PENALTY,REVIEW_MANUALLY,stable,0.0,0.0,0.0,0.5,0.0,0.0,0.0,0.0,742,2026-07-07T17:09:43.344922,51.74,1.88
2026-07-07,764a203af0527566,"The Pets Company Cat Harness Leash Set for Cats & Kittens, 45 Inches Black",,collars_leashes,cat,19.0,,3.6,,621.0,5.0,185.0,,"https://images-eu.ssl-images-amazon.com/images/I/61Tv+ih9X6L._AC_UL300_SR300,200_.jpg",amazon|gtrends,43.35,43.35,0.0,,0.93,0.1,LOW_RATING_PENALTY,REVIEW_MANUALLY,stable,0.0,0.0,0.0,0.5,0.0,0.0,0.0,0.0,743,2026-07-07T17:09:43.346866,51.47,1.88
2026-07-07,085d92d33f4fef84,chullbull pet products Pet Training Clicker with Wrist Strap and Strap Hook for Dog/Cat Plastic Training Aid For Dog & Cat,chullbull,training,both,,16.0,,3.3,,0.5,,123.0,https://rukminim2.flixcart.com/image/612/612/l4ssfww0/shopsy-pet-toy/n/g/1/1-3-pcs-dog-clicker-dog-training-clicker-i-click-clicker-with-original-imagfma33mhhmhnm.jpeg?q=70,flipkart|gtrends,43.22,43.22,0.0,,0.93,0.1,LOW_RATING_PENALTY,REVIEW_MANUALLY,stable,0.0,0.0,0.0,0.5,0.0,0.0,0.0,0.0,744,2026-07-07T17:09:43.347709,51.34,1.88
2026-07-07,f2c5b185613cb6cb,"HAVEN STYLISH Luxury Coller Sofas , Beds For Dog And Cat L Pet Bed",haven,beds_accessories,both,,16.0,,3.0,,20.5,,430.0,https://rukminim2.flixcart.com/image/612/612/xif0q/pet-bed/2/z/a/l-luxury-coller-sofas-beds-for-dog-and-cat-haven-stylish-original-imahk5ypxfh7fyeh.jpeg?q=70,flipkart|gtrends,42.38,42.38,0.0,,0.93,0.1,LOW_RATING_PENALTY,REVIEW_MANUALLY,stable,0.0,0.0,0.0,0.5,0.0,0.0,0.0,0.0,745,2026-07-07T17:09:43.351843,50.5,1.88
2026-07-07,99eb46a9bd1c1542,WapaW Dog Collar & Leash,wapaw,training,dog,,16.0,,3.0,,0.5,,1299.0,https://rukminim2.flixcart.com/image/612/612/xif0q/pet-collar-harness/r/e/y/extra-large-tactical-adjustable-military-dog-collar-and-leash-xl-original-imahb3kfhhr7tgqt.jpeg?q=70,flipkart|gtrends,42.38,42.38,0.0,,0.93,0.1,LOW_RATING_PENALTY,REVIEW_MANUALLY,stable,0.0,0.0,0.0,0.5,0.0,0.0,0.0,0.0,746,2026-07-07T17:09:43.352043,50.5,1.88
2026-07-07,37704ef13b083e8a,"Foodie Puppies Interactive Plastic Coil Spring Cat Toys (Pack of 5) for Cats & Kittens | Colorful, Flexible Toys for Indoor P",foodie,cat_toys,both,18.0,,3.6,,87.0,4.0,99.0,,"https://images-eu.ssl-images-amazon.com/images/I/81eWrd0T92L._AC_UL300_SR300,200_.jpg",amazon|gtrends,42.19,42.19,0.0,,0.93,0.1,LOW_RATING_PENALTY,REVIEW_MANUALLY,stable,0.0,0.0,0.0,0.5,0.0,0.0,0.0,0.0,747,2026-07-07T17:09:43.353140,50.31,1.88
2026-07-07,955d9b684157d731,'NWOUIIAY Pet hair trimmer GUDDIES professional pet electric clipper set wireless rechargeable cat and dog shaver IPX7 waterp,nwouiiay,grooming,both,24.0,,3.6,,4875.0,13.5,432.0,,"https://images-eu.ssl-images-amazon.com/images/I/71ExDhO3ukL._AC_UL300_SR300,200_.jpg",amazon|gtrends,42.16,42.16,0.0,,0.93,0.1,LOW_RATING_PENALTY,REVIEW_MANUALLY,stable,0.0,0.0,0.0,0.5,0.0,0.0,0.0,0.0,748,2026-07-07T17:09:43.354170,50.28,1.88
2026-07-07,0cb594eafdd98c3d,"Medfly Fortix Ticks and Fleas Spray for Cats, Dogs and Home Defense Flea and Tick Natural Dog Shampoo",medfly,health_wellness,both,,19.0,,3.7,,0.5,,301.0,https://rukminim2.flixcart.com/image/612/612/xif0q/pet-shampoo/u/k/s/200-fortix-ticks-and-fleas-spray-for-cats-dogs-and-home-defense-original-imahfxdhkn6uxee5.jpeg?q=70,flipkart|gtrends,41.74,41.74,0.0,,0.92,0.1,LOW_RATING_PENALTY,REVIEW_MANUALLY,stable,0.0,0.0,0.0,0.5,0.0,0.0,0.0,0.0,749,2026-07-07T17:09:43.357261,49.86,1.88
2026-07-07,b13efe801915af6f,"decorvaiz Toys for Big Cats, Tails Smart Ball Interactive Pet Rolling Ball Toy Silicone, Nylon, PP (Polypropylene) Ball For Dog & Cat",decorvaiz,cat_toys,both,,17.0,,3.4,,4.0,,149.0,https://rukminim2.flixcart.com/image/612/612/xif0q/pet-toy/x/m/d/1-new-self-rotating-pet-ball-cat-toys-ball-for-indoor-cats-fast-original-imahea8hjdkza45x.jpeg?q=70,flipkart|gtrends,41.7,41.7,0.0,,0.92,0.1,LOW_RATING_PENALTY,REVIEW_MANUALLY,stable,0.0,0.0,0.0,0.5,0.0,0.0,0.0,0.0,750,2026-07-07T17:09:43.357731,49.82,1.88
2026-07-07,7010009312822c20,"Agirav Cat Scratch Pad Cardboard cat scratchers for Indoor Cats Reversible Large Wide Corrugated with Catnip (Standard, Strai",agirav,beds_accessories,cat,20.0,,3.7,,93.0,20.5,229.0,,"https://images-eu.ssl-images-amazon.com/images/I/71aUm5mm3hL._AC_UL300_SR300,200_.jpg",amazon|gtrends,41.3,41.3,0.0,,0.92,0.1,LOW_RATING_PENALTY,REVIEW_MANUALLY,stable,0.0,0.0,0.0,0.5,0.0,0.0,0.0,0.0,751,2026-07-07T17:09:43.359035,49.42,1.88
2026-07-07,b8410368877a7b61,PSK PET MART Pet Training Clicker Button Clicker (Pack of 1) Plastic Training Aid For Dog,psk,training,dog,,19.0,,3.5,,0.5,,162.0,https://rukminim2.flixcart.com/image/612/612/kcp4osw0/pet-toy/c/x/f/tra-dog18-psk-pet-mart-original-imaftrnsyqwu4zpr.jpeg?q=70,flipkart|gtrends,40.78,40.78,0.0,,0.92,0.1,LOW_RATING_PENALTY,REVIEW_MANUALLY,stable,0.0,0.0,0.0,0.5,0.0,0.0,0.0,0.0,752,2026-07-07T17:09:43.361761,48.9,1.88
2026-07-07,cbced39ebb93d72f,"Buraq Tactical Dog Collar, Military-Grade Nylon, Reinforced Buckle & Control Handle, Adjustable & Heavy Duty Training Belt fo",buraq,collars_leashes,dog,21.0,,3.6,,187.0,5.0,299.0,,"https://images-eu.ssl-images-amazon.com/images/I/710TdIA8wFL._AC_UL300_SR300,200_.jpg",amazon|gtrends,40.23,40.23,0.0,,0.92,0.1,LOW_RATING_PENALTY,REVIEW_MANUALLY,stable,0.0,0.0,0.0,0.5,0.0,0.0,0.0,0.0,753,2026-07-07T17:09:43.363674,48.35,1.88
2026-07-07,cbd81a1e83cf36b3,"Qpets Electric Dog Nail Trimmer with LED Light, Dog Nail Grinder Rechargable Cat Nail Trimmer, 2 Adjustable Speed Dog Nail C",qpets,grooming,both,22.0,,3.6,,420.0,13.5,731.0,,"https://images-eu.ssl-images-amazon.com/images/I/41n6QoDw-JL._AC_UL300_SR300,200_.jpg",amazon|gtrends,40.21,40.21,0.0,,0.92,0.1,LOW_RATING_PENALTY,REVIEW_MANUALLY,stable,0.0,0.0,0.0,0.5,0.0,0.0,0.0,0.0,754,2026-07-07T17:09:43.363883,48.33,1.88
2026-07-07,d5f6110d5b2c82c4,"Persian Cat & All Cat Types 5 in 1 Shampoo with Conditioner | Anti-fungal, Flea and Tick, Conditioning, Anti-Bacterial, Laven",persian,grooming,cat,21.0,,3.7,,56.0,13.5,200.0,,"https://images-eu.ssl-images-amazon.com/images/I/61Uibn5NZjL._AC_UL300_SR300,200_.jpg",amazon|gtrends,40.19,40.19,0.0,,0.92,0.1,LOW_RATING_PENALTY,REVIEW_MANUALLY,stable,0.0,0.0,0.0,0.5,0.0,0.0,0.0,0.0,755,2026-07-07T17:09:43.364089,48.31,1.88
2026-07-07,51ce0c18827d0660,"CTN Enterprise Cat Toys Ball – Smart Rolling LED Ball, Automatic & USB Rechargeable Motion Activate for Indoor Kitten Puppy D",ctn,cat_toys,both,20.0,,3.4,,176.0,4.0,259.0,,"https://images-eu.ssl-images-amazon.com/images/I/61LMiBQqlPL._AC_UL300_SR300,200_.jpg",amazon|gtrends,40.03,40.03,0.0,,0.92,0.1,LOW_RATING_PENALTY,REVIEW_MANUALLY,stable,0.0,0.0,0.0,0.5,0.0,0.0,0.0,0.0,756,2026-07-07T17:09:43.365117,48.15,1.88
2026-07-07,8674926917dbb360,"Rvpaws Dog Training Clicker with Wrist Strap - Pet Training Clicker, Big Button Clicker Set, Pack of 3 Plastic Training Aid For Dog",rvpaws,training,dog,,13.0,,1.0,,0.5,,198.0,https://rukminim2.flixcart.com/image/612/612/ks4yz680/pet-toy/s/0/j/6878-rvpaws-original-imag5rqy7eyczjzz.jpeg?q=70,flipkart|gtrends,39.78,39.78,0.0,,0.91,0.1,LOW_RATING_PENALTY,REVIEW_MANUALLY,declining,0.0,0.0,0.0,0.5,0.0,0.0,0.0,0.0,757,2026-07-07T17:09:43.365710,47.9,1.88
2026-07-07,0ca3ea708f674548,Royal Canin Royal Canin Intestinal Can 400 gm 0.4 kg Dry Adult Dog Food,royal canin,dog_food,dog,,18.0,,2.7,3.0,18.0,,561.0,https://rukminim2.flixcart.com/image/312/312/xif0q/pet-food/y/f/5/0-4-dog-1-otrfo3144-royal-canin-original-imah5h8qfj8eqvpf.jpeg?q=70,flipkart|gtrends,39.47,39.47,0.0,,0.91,0.1,LOW_RATING_PENALTY,REVIEW_MANUALLY,declining,0.0,0.0,0.0,0.5,0.0,0.0,0.0,0.0,758,2026-07-07T17:09:43.367131,47.59,1.88
2026-07-07,310e6299c27168c9,HIK FASHION Interactive Cat Toy for Indoor Cats | Automatic Moving Mouse Toy with Light-Up Tail | Smart Electric Chasing Toy,hik,cat_toys,cat,23.0,,3.7,,195.0,4.0,218.0,,"https://images-eu.ssl-images-amazon.com/images/I/51HTQsf31VL._AC_UL300_SR300,200_.jpg",amazon|gtrends,37.94,37.94,0.0,,0.91,0.1,LOW_RATING_PENALTY,REVIEW_MANUALLY,declining,0.0,0.0,0.0,0.5,0.0,0.0,0.0,0.0,759,2026-07-07T17:09:43.371998,46.06,1.88
2026-07-07,03b95d03f561b5fe,LexCouch Velvet Premium Extra Large Dog Bed for Extra Large Dogs Washable Big Dog Beds Slip-Resistant Bottom-Grey -95 X 73 X,lexcouch,beds_accessories,dog,21.0,,3.0,,1.0,20.5,999.0,,"https://images-eu.ssl-images-amazon.com/images/I/51squ4X7rYL._AC_UL300_SR300,200_.jpg",amazon|gtrends,37.48,37.48,0.0,,0.9,0.1,LOW_RATING_PENALTY,REVIEW_MANUALLY,declining,0.0,0.0,0.0,0.5,0.0,0.0,0.0,0.0,760,2026-07-07T17:09:43.374037,45.6,1.88
2026-07-07,c9e8dc6c99230730,"Berlin's Cat Harness and Leash Set – Escape Proof, No Pull, Lightweight Breathable Air Mesh, Adjustable & Comfortable Cat Ves",berlins,collars_leashes,cat,22.0,,3.1,,47.0,5.0,256.0,,"https://images-eu.ssl-images-amazon.com/images/I/61KMnodnglL._AC_UL300_SR300,200_.jpg",amazon|gtrends,37.15,37.15,0.0,,0.9,0.1,LOW_RATING_PENALTY,REVIEW_MANUALLY,declining,0.0,0.0,0.0,0.5,0.0,0.0,0.0,0.0,761,2026-07-07T17:09:43.375272,45.27,1.88
2026-07-07,0abc2397f87d8835,"Professional Dog Trimmer & Pet Grooming Kit for Dogs and Cats, Cordless Rechargeable Low-Noise Clipper with Titanium-Ceramic",professional,grooming,both,19.0,,2.0,,2.0,13.5,599.0,,"https://images-eu.ssl-images-amazon.com/images/I/61+kmyt4zsL._AC_UL300_SR300,200_.jpg",amazon|gtrends,36.82,36.82,0.0,,0.9,0.1,LOW_RATING_PENALTY,REVIEW_MANUALLY,declining,0.0,0.0,0.0,0.5,0.0,0.0,0.0,0.0,762,2026-07-07T17:09:43.375675,44.94,1.88
2026-07-07,d3e83b3da72bc13e,"Qpets USB Cat Toy Electric Jumping Colorful Caterpillar Feather Teaser Toy, Detachable Door Hanging with Self Adhesive Backi",qpets,cat_toys,cat,24.0,,3.4,,19.0,4.0,632.0,,"https://images-eu.ssl-images-amazon.com/images/I/51lOs9yhYVL._AC_UL300_SR300,200_.jpg",amazon|gtrends,35.14,35.14,0.0,,0.89,0.1,LOW_RATING_PENALTY,REVIEW_MANUALLY,declining,0.0,0.0,0.0,0.5,0.0,0.0,0.0,0.0,763,2026-07-07T17:09:43.378770,43.26,1.88
2026-07-07,093a8a2e0fba9722,Dog Trust Ethnic Pet Collar with Bell Safety Adjustable Cat Necklace Ethnic Style Cat Collar Pack of 1 pcs,dog,collars_leashes,both,26.0,,3.6,,136.0,5.0,175.0,,"https://images-eu.ssl-images-amazon.com/images/I/512oagA17TL._AC_UL300_SR300,200_.jpg",amazon|gtrends,35.03,35.03,0.0,,0.89,0.1,LOW_RATING_PENALTY,REVIEW_MANUALLY,declining,0.0,0.0,0.0,0.5,0.0,0.0,0.0,0.0,764,2026-07-07T17:09:43.378996,43.15,1.88
2026-07-07,15b1ebe0c5f27402,"Heritage Dog Bed Reversible Premium Velvet Black & Grey Pet Bed | Soft, Washable & Durable Bed for Dog and Cat for Everyday C",heritage,beds_accessories,both,27.0,,3.3,,8.0,20.5,499.0,,"https://images-eu.ssl-images-amazon.com/images/I/51XiD8gXSeL._AC_UL300_SR300,200_.jpg",amazon|gtrends,32.5,32.5,0.0,,0.88,0.1,LOW_RATING_PENALTY,REVIEW_MANUALLY,declining,0.0,0.0,0.0,0.5,0.0,0.0,0.0,0.0,765,2026-07-07T17:09:43.379643,40.62,1.88
