product_id,canonical_title,normalized_brand,category,subcategory,amazon_asin,amazon_url,amazon_image_url,flipkart_product_id,flipkart_url,flipkart_image_url,image_url,amazon_rank,amazon_is_mover_shaker,amazon_rating,amazon_review_count,amazon_price_inr,flipkart_avg_rank,flipkart_rank_delta_7d,flipkart_rating,flipkart_review_count,flipkart_price_inr,gtrends_category_interest,gtrends_interest_delta_7d,trend_score,trend_tier,sources,computed_date,computed_ts,rank_position,canonical_product_id,match_key,trend_score_v1,trend_score_v2,trend_score_baseline,trend_momentum_bonus,trend_velocity_7d,trend_confidence,penalty_score,reason_codes,recommended_action
B073RVF88P,"HIMALAYA Erina-EP Shampoo, Tick & Flea Control for Dogs & Cats with Neem & Eucalyptus Flea and Tick Neem and Eucalyptus Dog, Cat Shampoo",himalaya,grooming,,B073RVF88P,https://www.amazon.in/Himalaya-Improves-Irritation-Eucalyptus-Effective/dp/B073RVF88P/ref=zg_bs_g_4771396031_d_sccl_1/522-4724523-7365803?psc=1,"https://images-eu.ssl-images-amazon.com/images/I/51UYPTXkUhL._AC_UL300_SR300,200_.jpg",PSOEWRMNZYFKSZ7R,https://www.flipkart.com/himalaya-erina-ep-shampoo-tick-flea-control-dogs-cats-neem-eucalyptus-dog-cat-shampoo/p/itmewrmnnjqghkzn?pid=PSOEWRMNZYFKSZ7R&lid=LSTPSOEWRMNZYFKSZ7RA7EYDX&marketplace=FLIPKART&q=dog+shampoo&store=p3t%2Fixl%2Fosh&spotlightTagId=default_BestsellerId_p3t%2Fixl%2Fosh&srno=s_1_3&otracker=search&fm=organic&iid=87e2e3b7-1bcf-4dee-85cd-caa8a4b0d5c8.PSOEWRMNZYFKSZ7R.SEARCH&ppt=None&ppn=None&ssid=1pizov16ps0000001783424297200&qH=8d82257ae22a2792&ov_redirect=true&ov_redirect=true,https://rukminim2.flixcart.com/image/612/612/xif0q/pet-shampoo/d/5/7/-enriched-transparent-original-imahf3gru3hmh533.png?q=70,"https://images-eu.ssl-images-amazon.com/images/I/51UYPTXkUhL._AC_UL300_SR300,200_.jpg",1.0,0,4.4,4893.0,235.0,3.0,,4.4,,283.0,13.5,-1.5,83.02,breakout,amazon|flipkart|gtrends,2026-07-07,2026-07-07T17:09:43.165227,1,909baaf3b2d579aa,"himalaya|himalaya erina-ep shampoo, tick & flea control for dogs & cats with neem & eucal",78.02,83.02,78.02,5.0,0.0,0.99,0.0,CROSS_PLATFORM_VISIBLE,WATCHLIST
B01BBXRK7K,"Pedigree Dentastix Oral Care Dog Treat, Adult Small Breed (5-10 kg), 440 g, Recommended by Vets, Supports Gum Health, Reduces",pedigree,health_wellness,,B01BBXRK7K,https://www.amazon.in/Pedigree-Dentastix-Medium-10-25kg-Monthly/dp/B01BBXRK7K/ref=zg_bs_g_4771397031_d_sccl_2/522-4724523-7365803?psc=1,"https://images-eu.ssl-images-amazon.com/images/I/71xgVTxZQiL._AC_UL300_SR300,200_.jpg",PFDENR86SGZZBP8K,https://www.flipkart.com/pedigree-dentastix-oral-care-large-breed-25-kg-dog-treat/p/itmf3j7qpykhdtyv?pid=PFDENR86SGZZBP8K&lid=LSTPFDENR86SGZZBP8KJ2BPXD&marketplace=FLIPKART&q=dog+training+treats&store=p3t%2Fea3%2Fnva&srno=s_1_15&otracker=search&fm=organic&iid=25f5e471-619f-4ddd-b027-4bce8ed3004f.PFDENR86SGZZBP8K.SEARCH&ppt=None&ppn=None&ssid=wov3prijog0000001783424351807&qH=a29335f69d7964db&ov_redirect=true,https://rukminim2.flixcart.com/image/312/312/xif0q/pet-treat/q/v/3/-enriched-transparent-original-imahhtvaz6krfkp8.png?q=70,"https://images-eu.ssl-images-amazon.com/images/I/71xgVTxZQiL._AC_UL300_SR300,200_.jpg",2.0,0,4.5,9077.0,624.0,15.0,,4.5,2213.0,252.0,0.5,0.0,82.6,breakout,amazon|flipkart|gtrends,2026-07-07,2026-07-07T17:09:43.172624,2,a50618a7f7ffb993,"pedigree|pedigree dentastix oral care dog treat, adult small breed (5-10 kg), 440 g, reco",77.6,82.6,77.6,5.0,0.0,0.99,0.0,CROSS_PLATFORM_VISIBLE,WATCHLIST
B0CFLRSTY6,Drools Adult Wet Dog Food 0.9kg (150g x 6) Pack of 6 | Real Chicken and Chicken Liver Chunks in Gravy | Healthy Skin and Coat,drools,dog_food,,B0CFLRSTY6,https://www.amazon.in/Drools-Adult-Chicken-Chunks-Pouches/dp/B0CFLRSTY6/ref=zg_bs_g_4771395031_d_sccl_1/522-4724523-7365803?psc=1,"https://images-eu.ssl-images-amazon.com/images/I/71t+v5devPL._AC_UL300_SR300,200_.jpg",PFDFSZSNW3WRZKZR,https://www.flipkart.com/drools-chunks-gravy-puppy-chicken-liver-real-2-25-kg-15x0-15-kg-wet-young-dog-food/p/itm78d4a812b5cba?pid=PFDFSZSNW3WRZKZR&lid=LSTPFDFSZSNW3WRZKZRGFBXTH&marketplace=FLIPKART&q=puppy+food&store=p3t%2Fea3%2F8zj&spotlightTagId=default_FkPickId_p3t%2Fea3%2F8zj&srno=s_1_10&otracker=search&fm=organic&iid=bd00ce40-63e5-4628-8bfb-22760bef423a.PFDFSZSNW3WRZKZR.SEARCH&ppt=None&ppn=None&ssid=jgnht7d6n40000001783424250669&qH=1b10931195d885ee&ov_redirect=true,https://rukminim2.flixcart.com/image/312/312/xif0q/pet-food/v/e/d/-original-imahn72ae2wya63c.jpeg?q=70,"https://images-eu.ssl-images-amazon.com/images/I/71t+v5devPL._AC_UL300_SR300,200_.jpg",1.0,0,4.3,9482.0,192.0,10.0,,4.3,5800.0,608.0,18.0,-3.2,82.4,breakout,amazon|flipkart|gtrends,2026-07-07,2026-07-07T17:09:43.160025,3,95c2aaceea1669d4,drools|drools adult wet dog food 0.9kg (150g x 6) pack of 6 | real chicken and chicken ,77.4,82.4,77.4,5.0,0.0,0.99,0.0,CROSS_PLATFORM_VISIBLE,WATCHLIST
B00P7PRCXG,HIMALAYA Furglow (Skin & Coat Tonic) Liquid for Dogs & Cats I Omega Fatty Acid Supplement Pet Health Supplements,himalaya,health_wellness,,B00P7PRCXG,https://www.amazon.in/Himalaya-Furglow-Oral-Coat-Conditioner/dp/B00P7PRCXG/ref=zg_bs_g_4771397031_d_sccl_27/522-4724523-7365803?psc=1,"https://images-eu.ssl-images-amazon.com/images/I/71fzIyjLAxL._AC_UL300_SR300,200_.jpg",PHSFHGDGMAFZRQSA,https://www.flipkart.com/himalaya-furglow-skin-coat-tonic-liquid-dogs-cats-omega-fatty-acid-supplement-pet-health-supplements/p/itmbcb8d480e86df?pid=PHSFHGDGMAFZRQSA&lid=LSTPHSFHGDGMAFZRQSARQCIOG&marketplace=FLIPKART&q=dog+supplements&store=p3t%2Fea3%2F0ua&srno=s_1_1&otracker=search&fm=organic&iid=en_nvDDGtG45v6gLDDCDop0Gh--1vH8Syb7vdxtM1FYTQwU1-r5-sRuKobwW3vFW5zvlvJot2XSikSaKdc_fr2f_OMFWhIU4Nm-L9v6hcJaH8AtlRcUZSJ9FIfXE9_WohaH&ppt=None&ppn=None&ssid=wrhwgc46z40000001783424320687&qH=173b9a8368e4e00d&ov_redirect=true&ov_redirect=true,https://rukminim2.flixcart.com/image/612/612/xif0q/pet-health-supplement/q/s/a/200-furglow-oral-coat-conditioner-200-ml-himalaya-enriched-transparent-original-imafhgcyfz5rpydq.png?q=70,"https://images-eu.ssl-images-amazon.com/images/I/71fzIyjLAxL._AC_UL300_SR300,200_.jpg",22.0,0,4.2,2443.0,435.0,1.0,,4.3,,342.0,0.5,0.0,81.7,breakout,amazon|flipkart|gtrends,2026-07-07,2026-07-07T17:09:43.173694,4,8c9c3f5b734567fc,himalaya|himalaya furglow (skin & coat tonic) liquid for dogs & cats i omega fatty acid s,76.7,81.7,76.7,5.0,0.0,0.99,0.0,CROSS_PLATFORM_VISIBLE,WATCHLIST
B0849982T8,"Pedigree Adult Wet Dog Food, Chicken & Liver Chunks in Gravy, 70 g (Pack of 15), Complete & Balanced Meal for Adult Dogs",pedigree,dog_food,,B0849982T8,https://www.amazon.in/Pedigree-Adult-Chicken-Liver-Chunks/dp/B0849982T8/ref=zg_bs_g_4771395031_d_sccl_2/522-4724523-7365803?psc=1,"https://images-eu.ssl-images-amazon.com/images/I/81sy2ka+J3L._AC_UL300_SR300,200_.jpg",PFDEHZR6GCFYTRHV,https://www.flipkart.com/pedigree-gravy-chicken-liver-chunks-1-05-kg-15x0-07-kg-wet-adult-dog-food/p/itmd19c01ed25c5a?pid=PFDEHZR6GCFYTRHV&lid=LSTPFDEHZR6GCFYTRHVSZIYDC&marketplace=FLIPKART&q=pedigree+dog+food&store=p3t%2Fea3%2F8zj&srno=s_1_8&otracker=search&fm=organic&iid=1de9ea02-cf71-4643-a824-9e6c79d2912c.PFDEHZR6GCFYTRHV.SEARCH&ppt=None&ppn=None&ssid=fr9eewrscw0000001783424258431&qH=b948d4492dbee74a&ov_redirect=true,https://rukminim2.flixcart.com/image/312/312/xif0q/pet-food/a/a/e/-original-imahhszj8bqutezt.jpeg?q=70,"https://images-eu.ssl-images-amazon.com/images/I/81sy2ka+J3L._AC_UL300_SR300,200_.jpg",2.0,0,4.4,11602.0,660.0,8.0,,4.6,34413.0,675.0,18.0,-3.2,81.68,breakout,amazon|flipkart|gtrends,2026-07-07,2026-07-07T17:09:43.160093,5,58cf71ebfe212a42,"pedigree|pedigree adult wet dog food, chicken & liver chunks in gravy, 70 g (pack of 15),",76.68,81.68,76.68,5.0,0.0,0.99,0.0,CROSS_PLATFORM_VISIBLE,WATCHLIST
B0BMGMP4N5,Purepet Adult Dry Cat Food 1kg | Mackerel Flavour | Hairball Protection | Heart Care with Taurine | Skin Health,purepet,cat_food,,B0BMGMP4N5,https://www.amazon.in/Purepet-Mackerel-Adult-Dry-Food/dp/B0BMGMP4N5/ref=zg_bs_g_4771382031_d_sccl_2/522-4724523-7365803?psc=1,"https://images-eu.ssl-images-amazon.com/images/I/71VWZVE32iL._AC_UL300_SR300,200_.jpg",,,,"https://images-eu.ssl-images-amazon.com/images/I/71VWZVE32iL._AC_UL300_SR300,200_.jpg",1.0,0,4.4,4805.0,162.0,,,,,,21.67,-0.67,78.81,rising,amazon|gtrends,2026-07-07,2026-07-07T17:09:43.161343,6,e919a52545d5b2a3,purepet|purepet adult dry cat food 1kg | mackerel flavour | hairball protection | heart ,75.69,78.81,75.69,3.12,0.0,0.95,0.0,,WATCHLIST
PFDGMNMSAV3K8ENV,"PEDIGREE 100% Nutrition Chicken, Vegetable 5.5 kg Dry Adult Dog Food",pedigree,dog_food,,,,,PFDGMNMSAV3K8ENV,https://www.flipkart.com/pedigree-100-nutrition-chicken-vegetable-5-5-kg-dry-adult-dog-food/p/itm9ca8d47b436ea?pid=PFDGMNMSAV3K8ENV&lid=LSTPFDGMNMSAV3K8ENV3HKAPW&marketplace=FLIPKART&q=dog+food&store=p3t%2Fea3%2F8zj&srno=s_1_1&otracker=search&fm=organic&iid=en_QhKca4nkYYOegTQrduDDLS4EXKpZIMlPKdzKMVaU3BA1kyjbQQN5b88bA3RaCSLsQyrtha6dtxjAQiorO3BImENtrRvXx9khSC7YlCpGa5dA3gFVRixB5gU3HI9E74Rk&ppt=None&ppn=None&ssid=lgrgkfgnxc0000001783424247932&qH=c53c2ce8b3bccaa1&ov_redirect=true,https://rukminim2.flixcart.com/image/312/312/xif0q/pet-food/l/0/r/-original-imahjayzu8esmejy.jpeg?q=70,https://rukminim2.flixcart.com/image/312/312/xif0q/pet-food/l/0/r/-original-imahjayzu8esmejy.jpeg?q=70,,0,,,,1.0,0.0,4.5,80652.0,1209.0,18.0,-3.2,78.58,rising,flipkart|gtrends,2026-07-07,2026-07-07T17:09:43.179521,7,21e795b776ac9c35,"pedigree|pedigree 100% nutrition chicken, vegetable 5.5 kg dry adult dog food",75.46,78.58,75.46,3.12,0.0,0.95,0.0,,WATCHLIST
PTTGDZA34GZ4KSDG,Active Treat Biscuits Buy 1 get 1 (2x500g) Real Chicken Dog Treat,active,training,,,,,PTTGDZA34GZ4KSDG,https://www.flipkart.com/active-treat-biscuits-buy-1-get-2x500g-real-chicken-dog/p/itmfd3192c4a0612?pid=PTTGDZA34GZ4KSDG&lid=LSTPTTGDZA34GZ4KSDGDMOT9F&marketplace=FLIPKART&q=dog+training+treats&store=p3t%2Fea3%2Fnva&srno=s_1_1&otracker=search&fm=organic&iid=en_NRsyrqAtCGc4_jtLG5PLX4gyl43FAUuJtvosuCk66QU6gpQuo2_oIythE0mS8kQB7ftCC5-bg66GFEOfGXpAcBY0PR7G-ZQepDD3gvhoxJF7MMWA7kplm_x81ATFE3jS&ppt=None&ppn=None&ssid=wov3prijog0000001783424351807&qH=a29335f69d7964db&ov_redirect=true,https://rukminim2.flixcart.com/image/312/312/xif0q/pet-treat/o/i/5/-enriched-transparent-original-imahdufyf4953xf7.png?q=70,https://rukminim2.flixcart.com/image/312/312/xif0q/pet-treat/o/i/5/-enriched-transparent-original-imahdufyf4953xf7.png?q=70,,0,,,,1.0,0.0,4.4,8855.0,229.0,0.5,-2.0,78.54,rising,flipkart|gtrends,2026-07-07,2026-07-07T17:09:43.203683,8,150387a7584d4174,active|active treat biscuits buy 1 get 1 (2x500g) real chicken dog treat,75.42,78.54,75.42,3.12,0.0,0.95,0.0,,WATCHLIST
B0BXLCTRZM,Agirav Tail Dog Toys + Dog Chew Toys + Puppy Teething Toys + Rope Dog Toy + Dog Toys for Small to Medium Dog Toys + Dog Toy P,agirav,dog_toys,,B0BXLCTRZM,https://www.amazon.in/Agirav-Puppy-Teething-Small-Medium/dp/B0BXLCTRZM/ref=zg_bs_g_4771401031_d_sccl_1/522-4724523-7365803?psc=1,"https://images-eu.ssl-images-amazon.com/images/I/71RM9OOMX-L._AC_UL300_SR300,200_.jpg",,,,"https://images-eu.ssl-images-amazon.com/images/I/71RM9OOMX-L._AC_UL300_SR300,200_.jpg",1.0,0,4.2,3582.0,239.0,,,,,,3.0,0.0,78.36,rising,amazon|gtrends,2026-07-07,2026-07-07T17:09:43.162264,9,b53e24187c83b93a,agirav|agirav tail dog toys + dog chew toys + puppy teething toys + rope dog toy + dog ,75.24,78.36,75.24,3.12,0.0,0.95,0.0,,WATCHLIST
PFDEVK8JQJHKWMDC,Drools Performance Chicken 10 kg Dry Adult Dog Food,drools,dog_food,,,,,PFDEVK8JQJHKWMDC,https://www.flipkart.com/drools-performance-chicken-10-kg-dry-adult-dog-food/p/itm6fc2e6fa38f24?pid=PFDEVK8JQJHKWMDC&lid=LSTPFDEVK8JQJHKWMDCPEZNMC&marketplace=FLIPKART&q=drools+dog+food&store=p3t%2Fea3%2F8zj&srno=s_1_1&otracker=search&fm=organic&iid=en_XOVSFvyjOTNT5WT3rKO4M6HIF7bs4VdUlhdjcRAsjwRHAKDe2dJLlWouRgEvXCvE8G5zpGyBQqGF1YnwYYzKwSHdbLrVhnPajaQd0Nl3ehyXqW8vfklI3oO-IZwA5e4-&ppt=None&ppn=None&ssid=yg62mojrq80000001783424260931&qH=38ac4fbf0eca81e5&ov_redirect=true,https://rukminim2.flixcart.com/image/312/312/xif0q/pet-food/k/w/n/-original-imahmjndgyggwztz.jpeg?q=70,https://rukminim2.flixcart.com/image/312/312/xif0q/pet-food/k/w/n/-original-imahmjndgyggwztz.jpeg?q=70,,0,,,,1.0,0.0,4.4,13479.0,1599.0,18.0,-3.2,78.3,rising,flipkart|gtrends,2026-07-07,2026-07-07T17:09:43.180981,10,12b91d2dba092ea2,drools|drools performance chicken 10 kg dry adult dog food,75.18,78.3,75.18,3.12,0.0,0.95,0.0,,WATCHLIST
PFDFKYG52ZDE5FHE,Active Buy 1 Get 1 (2x3 kg) Chicken & Vegetable 6 kg (2x3 kg) Dry Young Dog Food,active,dog_food,,,,,PFDFKYG52ZDE5FHE,https://www.flipkart.com/active-buy-1-get-2x3-kg-chicken-vegetable-6-kg-dry-young-dog-food/p/itmfb8149f9f8553?pid=PFDFKYG52ZDE5FHE&lid=LSTPFDFKYG52ZDE5FHE7TT0GH&marketplace=FLIPKART&q=puppy+food&store=p3t%2Fea3%2F8zj&srno=s_1_1&otracker=search&fm=organic&iid=en_42EwgwMC1g4fxHycuIDf_dSEkgHLTM7uFA9YirQyWaxb0Q03s8ZpsVUSTIsnjrTxVApRQnDZEoVcszroUdahy9UtN1oAqrLhBzTh6vEkOo1xa8rnJ1fn4dtHJUSuoMWJ&ppt=None&ppn=None&ssid=jgnht7d6n40000001783424250669&qH=1b10931195d885ee&ov_redirect=true,https://rukminim2.flixcart.com/image/312/312/xif0q/pet-food/e/j/9/-original-imahdufypex6b7af.jpeg?q=70,https://rukminim2.flixcart.com/image/312/312/xif0q/pet-food/e/j/9/-original-imahdufypex6b7af.jpeg?q=70,,0,,,,1.0,0.0,4.3,45873.0,630.0,18.0,-3.2,78.02,rising,flipkart|gtrends,2026-07-07,2026-07-07T17:09:43.179906,11,e81b4b927aa992ee,active|active buy 1 get 1 (2x3 kg) chicken & vegetable 6 kg (2x3 kg) dry young dog food,74.9,78.02,74.9,3.12,0.0,0.95,0.0,,WATCHLIST
PFDFKYG5ZNY7DRMN,Active Buy 1 Get 1 Chicken and Vegetable 6 kg (2x3 kg) Dry Adult Dog Food,active,dog_food,,,,,PFDFKYG5ZNY7DRMN,https://www.flipkart.com/active-buy-1-get-chicken-vegetable-6-kg-2x3-kg-dry-adult-dog-food/p/itma17665b310b19?pid=PFDFKYG5ZNY7DRMN&lid=LSTPFDFKYG5ZNY7DRMNBM56PM&marketplace=FLIPKART&q=pedigree+dog+food&store=p3t%2Fea3%2F8zj&srno=s_1_1&otracker=search&fm=organic&iid=en_9Zb-bBRv164uaoGBSMrsfswy0fJW_gYqH7cYSTOSw9iYgb4K0uqy6zIhMsxM_oElxWe_grLavTLrAZUewm_ChIUqLwcxl6HJN1ad_Dhk04zZ7rLVH-m73BTz87jCcUCt&ppt=None&ppn=None&ssid=fr9eewrscw0000001783424258431&qH=b948d4492dbee74a&ov_redirect=true,https://rukminim2.flixcart.com/image/312/312/xif0q/pet-food/9/6/l/-enriched-transparent-original-imahnefczzhz6m3g.png?q=70,https://rukminim2.flixcart.com/image/312/312/xif0q/pet-food/9/6/l/-enriched-transparent-original-imahnefczzhz6m3g.png?q=70,,0,,,,1.0,0.0,4.3,57031.0,630.0,18.0,-3.2,78.02,rising,flipkart|gtrends,2026-07-07,2026-07-07T17:09:43.181813,12,f5533c6e17a211b8,active|active buy 1 get 1 chicken and vegetable 6 kg (2x3 kg) dry adult dog food,74.9,78.02,74.9,3.12,0.0,0.95,0.0,,WATCHLIST
B0BX3TZTFP,Purepet Adult Dry Cat Food 1kg | Tuna & Salmon Flavour | Hairball Protection | Heart Care with Taurine | Skin Health,purepet,cat_food,,B0BX3TZTFP,https://www.amazon.in/Purepet-Tuna-Salmon-Adult-Cat/dp/B0BX3TZTFP/ref=zg_bs_g_4771382031_d_sccl_5/522-4724523-7365803?psc=1,"https://images-eu.ssl-images-amazon.com/images/I/619YgJCkmhL._AC_UL300_SR300,200_.jpg",,,,"https://images-eu.ssl-images-amazon.com/images/I/619YgJCkmhL._AC_UL300_SR300,200_.jpg",2.0,0,4.4,5937.0,169.0,,,,,,21.67,-0.67,77.81,rising,amazon|gtrends,2026-07-07,2026-07-07T17:09:43.161393,13,e69b9146a66459a3,purepet|purepet adult dry cat food 1kg | tuna & salmon flavour | hairball protection | h,74.69,77.81,74.69,3.12,0.0,0.95,0.0,,WATCHLIST
PFDECGWH2XHJGBFG,"PEDIGREE Adult Chicken & Vegetables Chicken, Vegetable 10 kg Dry Adult Dog Food",pedigree,dog_food,,,,,PFDECGWH2XHJGBFG,https://www.flipkart.com/pedigree-adult-chicken-vegetables-chicken-vegetable-10-kg-dry-dog-food/p/itm1f81bef55f75b?pid=PFDECGWH2XHJGBFG&lid=LSTPFDECGWH2XHJGBFGSQOVJD&marketplace=FLIPKART&q=pedigree+dog+food&store=p3t%2Fea3%2F8zj&srno=s_1_2&otracker=search&fm=organic&iid=en_9Zb-bBRv164uaoGBSMrsfswy0fJW_gYqH7cYSTOSw9i9uEhwxGz3GsPVSuQ71uguEUAlSTcb4vl5woxOS99T2AuhN9a53PwROLpmp6eKYxHZ7rLVH-m73BTz87jCcUCt&ppt=None&ppn=None&ssid=fr9eewrscw0000001783424258431&qH=b948d4492dbee74a&ov_redirect=true,https://rukminim2.flixcart.com/image/312/312/xif0q/pet-food/l/t/9/-original-imahjayzzyjawk75.jpeg?q=70,https://rukminim2.flixcart.com/image/312/312/xif0q/pet-food/l/t/9/-original-imahjayzzyjawk75.jpeg?q=70,,0,,,,2.0,0.0,4.5,80652.0,2103.0,18.0,-3.2,77.58,rising,flipkart|gtrends,2026-07-07,2026-07-07T17:09:43.181852,14,a89a069a4ca181d5,"pedigree|pedigree adult chicken & vegetables chicken, vegetable 10 kg dry adult dog food",74.46,77.58,74.46,3.12,0.0,0.95,0.0,,WATCHLIST
PTTFMR5VQFJJ6JGZ,Active Treat Biscuits Buy 1 get 1( 1kgX 2) Real Chicken Dog Treat,active,training,,,,,PTTFMR5VQFJJ6JGZ,https://www.flipkart.com/active-treat-biscuits-buy-1-get-1-1kgx-2-real-chicken-dog/p/itmdaebd27353a9e?pid=PTTFMR5VQFJJ6JGZ&lid=LSTPTTFMR5VQFJJ6JGZS92V7X&marketplace=FLIPKART&q=dog+training+treats&store=p3t%2Fea3%2Fnva&srno=s_1_2&otracker=search&fm=organic&iid=en_NRsyrqAtCGc4_jtLG5PLX4gyl43FAUuJtvosuCk66QXcIemlX8fsLheqWm66YeMxIBQkqqPoYCycchsBjz6n8_1FlZWfm2yDSnYIYBSlA9l7MMWA7kplm_x81ATFE3jS&ppt=None&ppn=None&ssid=wov3prijog0000001783424351807&qH=a29335f69d7964db&ov_redirect=true,https://rukminim2.flixcart.com/image/312/312/xif0q/pet-treat/7/n/r/-original-imahduezqm8mevez.jpeg?q=70,https://rukminim2.flixcart.com/image/312/312/xif0q/pet-treat/7/n/r/-original-imahduezqm8mevez.jpeg?q=70,,0,,,,2.0,0.0,4.4,20739.0,346.0,0.5,-2.0,77.54,rising,flipkart|gtrends,2026-07-07,2026-07-07T17:09:43.203720,15,09111e5628f51fb4,active|active treat biscuits buy 1 get 1( 1kgx 2) real chicken dog treat,74.42,77.54,74.42,3.12,0.0,0.95,0.0,,WATCHLIST
PFDFKYG5GWWFNUSW,"Active Buy 1 Get 1 ,Chicken and Vegetable 20 kg (2x10 kg) Dry Young Dog Food",active,dog_food,,,,,PFDFKYG5GWWFNUSW,https://www.flipkart.com/active-buy-1-get-chicken-vegetable-20-kg-2x10-kg-dry-young-dog-food/p/itma6dc6bc42725a?pid=PFDFKYG5GWWFNUSW&lid=LSTPFDFKYG5GWWFNUSWT9L3BB&marketplace=FLIPKART&q=puppy+food&store=p3t%2Fea3%2F8zj&srno=s_1_2&otracker=search&fm=organic&iid=en_42EwgwMC1g4fxHycuIDf_dSEkgHLTM7uFA9YirQyWaxPatK1oDl7_X4BSYG2d4l0ron6bWq-h4sEPjNJAwcoIYQxgwUb5tbDRkj8VJUyCL9xa8rnJ1fn4dtHJUSuoMWJ&ppt=None&ppn=None&ssid=jgnht7d6n40000001783424250669&qH=1b10931195d885ee&ov_redirect=true,https://rukminim2.flixcart.com/image/312/312/xif0q/pet-food/b/d/q/-original-imahn9fepevrv6hq.jpeg?q=70,https://rukminim2.flixcart.com/image/312/312/xif0q/pet-food/b/d/q/-original-imahn9fepevrv6hq.jpeg?q=70,,0,,,,2.0,0.0,4.3,45873.0,1800.0,18.0,-3.2,77.02,rising,flipkart|gtrends,2026-07-07,2026-07-07T17:09:43.180203,16,f1b5d7571ffaeafb,"active|active buy 1 get 1 ,chicken and vegetable 20 kg (2x10 kg) dry young dog food",73.9,77.02,73.9,3.12,0.0,0.94,0.0,,WATCHLIST
PFDFKYG5YYTVMWBY,Active Buy 1 get 1 (2x1.2 kg) Chicken & Vegetable 2.4 kg (2x1.2 kg) Dry Adult Dog Food,active,dog_food,,,,,PFDFKYG5YYTVMWBY,https://www.flipkart.com/active-buy-1-get-2x1-2-kg-chicken-vegetable-2-4-kg-dry-adult-dog-food/p/itma17665b310b19?pid=PFDFKYG5YYTVMWBY&lid=LSTPFDFKYG5YYTVMWBYGK2B1Q&marketplace=FLIPKART&q=dry+dog+food&store=p3t%2Fea3%2F8zj&srno=s_1_2&otracker=search&fm=organic&iid=en_ZfnZX11QBAUqlgPN3IAcSf1Nx_YpkRuU9pFm0N0KUIpJ3OSgkGflj9_EeAl8c0xqY2AAYGBqnYRkOSYHxUp2yorzDA186n9IvnNAv1ZohBeJ9C0glUjBRMNoscYFgoCB&ppt=None&ppn=None&ssid=n0x8tqtwmo0000001783424253242&qH=f912ea67325edc4a&ov_redirect=true,https://rukminim2.flixcart.com/image/312/312/xif0q/pet-food/s/t/b/-enriched-transparent-original-imahduezghfrc3gg.png?q=70,https://rukminim2.flixcart.com/image/312/312/xif0q/pet-food/s/t/b/-enriched-transparent-original-imahduezghfrc3gg.png?q=70,,0,,,,2.0,0.0,4.3,57031.0,334.0,18.0,-3.2,77.02,rising,flipkart|gtrends,2026-07-07,2026-07-07T17:09:43.179613,17,b27245302f3b3372,active|active buy 1 get 1 (2x1.2 kg) chicken & vegetable 2.4 kg (2x1.2 kg) dry adult do,73.9,77.02,73.9,3.12,0.0,0.94,0.0,,WATCHLIST
B0041TN666,Royal Canin Urinary Adult Feline (Cat) Powder 1.5 Kg,royal canin,health_wellness,,B0041TN666,https://www.amazon.in/Royal-Canin-Urinary-Feline-Cat/dp/B0041TN666/ref=zg_bs_g_4771384031_d_sccl_2/522-4724523-7365803?psc=1,"https://images-eu.ssl-images-amazon.com/images/I/41AHmvGxX1L._AC_UL300_SR300,200_.jpg",,,,"https://images-eu.ssl-images-amazon.com/images/I/41AHmvGxX1L._AC_UL300_SR300,200_.jpg",2.0,0,4.6,1762.0,1900.0,,,,,,0.5,0.0,76.7,rising,amazon|gtrends,2026-07-07,2026-07-07T17:09:43.173974,18,c85f84af07615489,royal canin|royal canin urinary adult feline (cat) powder 1.5 kg,73.58,76.7,73.58,3.12,0.0,0.94,0.0,,WATCHLIST
B0D8GSDQ1B,"ZEXSAZONE Round Donut Pet Bed for Cats and Puppies Dogs mat, Cozy and Plush, Raised Bedside Support, Both Sides Use Like 2 in",zexsazone,beds_accessories,,B0D8GSDQ1B,https://www.amazon.in/ZEXSAZONE-Puppies-Bedside-Support-Washable/dp/B0D8GSDQ1B/ref=zg_bs_g_4771390031_d_sccl_4/522-4724523-7365803?psc=1,"https://images-eu.ssl-images-amazon.com/images/I/81coJXdfF+L._AC_UL300_SR300,200_.jpg",PEBGXFFZTHRNHD3F,https://www.flipkart.com/zexsazone-round-donut-pet-bed-perfect-indoor-dog-s-puppies-cats-xxxl/p/itm8af07ab4874b4?pid=PEBGXFFZTHRNHD3F&lid=LSTPEBGXFFZTHRNHD3FUPZRWK&marketplace=FLIPKART&q=cat+bed&store=search.flipkart.com&srno=s_1_6&otracker=search&fm=organic&iid=en_HFLgcwQlYSdSR3RTgjxhnXQJsGvu8JWim9SqJzA4qbrOqUhz6GWTZ3iUHMb2q-9DeUJE79C99XSsY3Ngb4LFscXM4-dHB6_b2IDMR-PDEoeK-kWnx9D09mTv8caFusmu&ppt=None&ppn=None&ssid=uq8xefjfcg0000001783424311869&qH=0434bf5b1b52fdd8&ov_redirect=true&ov_redirect=true,https://rukminim2.flixcart.com/image/612/612/xif0q/pet-bed/o/l/3/xxxl-the-round-donut-pet-bed-is-perfect-for-indoor-dog-s-puppies-original-imahfpjgrh8pzsrx.jpeg?q=70,"https://images-eu.ssl-images-amazon.com/images/I/81coJXdfF+L._AC_UL300_SR300,200_.jpg",4.0,0,4.3,711.0,853.0,6.0,,4.3,,446.0,20.5,-2.0,76.31,rising,amazon|flipkart|gtrends,2026-07-07,2026-07-07T17:09:43.169260,19,80ad5e9c767fcf99,"zexsazone|zexsazone round donut pet bed for cats and puppies dogs mat, cozy and plush, rai",71.31,76.31,71.31,5.0,0.0,0.99,0.0,CROSS_PLATFORM_VISIBLE,WATCHLIST
PFDGMNMSQMHD4U2N,"PEDIGREE 100% Nutrition Chicken, Milk 5.5 kg Dry Young Puppy Food",pedigree,dog_food,,,,,PFDGMNMSQMHD4U2N,https://www.flipkart.com/pedigree-100-nutrition-chicken-milk-5-5-kg-dry-young-puppy-food/p/itme4489e1a38ebd?pid=PFDGMNMSQMHD4U2N&lid=LSTPFDGMNMSQMHD4U2N1UP3SS&marketplace=FLIPKART&q=puppy+food&store=p3t%2Fea3%2F8zj&srno=s_1_9&otracker=search&fm=organic&iid=bd00ce40-63e5-4628-8bfb-22760bef423a.PFDGMNMSQMHD4U2N.SEARCH&ppt=None&ppn=None&ssid=jgnht7d6n40000001783424250669&qH=1b10931195d885ee&ov_redirect=true,https://rukminim2.flixcart.com/image/312/312/xif0q/pet-food/9/h/w/-enriched-transparent-original-imahjayzgh9rrjeg.png?q=70,https://rukminim2.flixcart.com/image/312/312/xif0q/pet-food/9/h/w/-enriched-transparent-original-imahjayzgh9rrjeg.png?q=70,,0,,,,3.0,0.0,4.4,110881.0,1262.0,18.0,-3.2,76.3,rising,flipkart|gtrends,2026-07-07,2026-07-07T17:09:43.180394,20,3a68f6527a985f29,"pedigree|pedigree 100% nutrition chicken, milk 5.5 kg dry young puppy food",73.18,76.3,73.18,3.12,0.0,0.94,0.0,,WATCHLIST
B00LHS8I3A,"Pedigree Adult Dry Dog Food, Chicken & Vegetables, 3 kg, Contains 37 Essential Nutrients, 100% Complete & Balanced Food for",pedigree,dog_food,,B00LHS8I3A,https://www.amazon.in/Pedigree-Adult-Food-Chicken-Vegetables/dp/B00LHS8I3A/ref=zg_bs_g_4771395031_d_sccl_3/522-4724523-7365803?psc=1,"https://images-eu.ssl-images-amazon.com/images/I/712604bPj2L._AC_UL300_SR300,200_.jpg",,,,"https://images-eu.ssl-images-amazon.com/images/I/712604bPj2L._AC_UL300_SR300,200_.jpg",3.0,0,4.4,25208.0,653.0,,,,,,18.0,-3.2,76.3,rising,amazon|gtrends,2026-07-07,2026-07-07T17:09:43.160178,21,add3f10082cbb683,"pedigree|pedigree adult dry dog food, chicken & vegetables, 3 kg, contains 37 essential n",73.18,76.3,73.18,3.12,0.0,0.94,0.0,,WATCHLIST
B09SBBRBBV,"Zoivane 5 in 1 Extra White Cat Shampoo with Conditioner|100% Natural Active Ingredients| Allergy Relief, Anti-microbial, Conditioning, Whitening and Color Enhancing Floral and Sweet Cat Shampoo",zoivane,grooming,,B09SBBRBBV,https://www.amazon.in/ZOIVANE-Cat-Shampoo-Conditioner-Accessories/dp/B09SBBRBBV/ref=zg_bs_g_4771383031_d_sccl_7/522-4724523-7365803?psc=1,"https://images-eu.ssl-images-amazon.com/images/I/51vw+XqzCDL._AC_UL300_SR300,200_.jpg",PSOGD5WUZ4FYJC5P,https://www.flipkart.com/zoivane-5-1-extra-white-cat-shampoo-conditioner-100-natural-active-ingredients-allergy-relief-anti-microbial-conditioning-whitening-color-enhancing-floral-sweet/p/itme5615dbbb1c52?pid=PSOGD5WUZ4FYJC5P&lid=LSTPSOGD5WUZ4FYJC5PQKY7BL&marketplace=FLIPKART&q=cat+shampoo&store=p3t%2Fixl%2Fosh&srno=s_1_5&otracker=search&fm=organic&iid=b1ca53d0-beee-4dcd-aa21-6028d799340c.PSOGD5WUZ4FYJC5P.SEARCH&ppt=None&ppn=None&ssid=y8f1ftke9s0000001783424299769&qH=c761a0a39d797bbe&ov_redirect=true&ov_redirect=true,https://rukminim2.flixcart.com/image/612/612/xif0q/pet-shampoo/r/9/p/100-zv-csc-100ml-ew-zoivane-original-imahdug4uh7thjmb.jpeg?q=70,"https://images-eu.ssl-images-amazon.com/images/I/51vw+XqzCDL._AC_UL300_SR300,200_.jpg",5.0,0,4.2,1450.0,222.0,5.0,,4.3,,96.0,13.5,-1.5,76.27,rising,amazon|flipkart|gtrends,2026-07-07,2026-07-07T17:09:43.167530,22,e1b0b429bb764c87,zoivane|zoivane 5 in 1 extra white cat shampoo with conditioner|100% natural active ingr,71.27,76.27,71.27,5.0,0.0,0.99,0.0,CROSS_PLATFORM_VISIBLE,WATCHLIST
B09JGL4CN5,"Whiskas Wet Cat Food for Adult Cats (1+Years), Tuna in Jelly Flavour, 80g (Pack of 14)",whiskas,cat_food,,B09JGL4CN5,https://www.amazon.in/Whiskas-Adult-Years-Flavour-Pouches/dp/B09JGL4CN5/ref=zg_bs_g_4771382031_d_sccl_6/522-4724523-7365803?psc=1,"https://images-eu.ssl-images-amazon.com/images/I/813o99W+iKL._AC_UL300_SR300,200_.jpg",,,,"https://images-eu.ssl-images-amazon.com/images/I/813o99W+iKL._AC_UL300_SR300,200_.jpg",3.0,0,4.3,3074.0,574.0,,,,,,21.67,-0.67,76.07,rising,amazon|gtrends,2026-07-07,2026-07-07T17:09:43.161439,23,9b68100f97efc4d0,"whiskas|whiskas wet cat food for adult cats (1+years), tuna in jelly flavour, 80g (pack ",72.95,76.07,72.95,3.12,0.0,0.94,0.0,,WATCHLIST
PFDFKYG5HTZ5VWHG,"Active (2x1.2kg) , Chicken and Vegetable 2.4 kg (2x1.2 kg) Dry Young Dog Food",active,dog_food,,,,,PFDFKYG5HTZ5VWHG,https://www.flipkart.com/active-2x1-2kg-chicken-vegetable-2-4-kg-2x1-2-kg-dry-young-dog-food/p/itm17673d2634bf5?pid=PFDFKYG5HTZ5VWHG&lid=LSTPFDFKYG5HTZ5VWHGG7ABSQ&marketplace=FLIPKART&q=puppy+food&store=p3t%2Fea3%2F8zj&srno=s_1_3&otracker=search&fm=organic&iid=bd00ce40-63e5-4628-8bfb-22760bef423a.PFDFKYG5HTZ5VWHG.SEARCH&ppt=None&ppn=None&ssid=jgnht7d6n40000001783424250669&qH=1b10931195d885ee&ov_redirect=true,https://rukminim2.flixcart.com/image/312/312/xif0q/pet-food/d/a/e/-enriched-transparent-original-imahdufypyzbymar.png?q=70,https://rukminim2.flixcart.com/image/312/312/xif0q/pet-food/d/a/e/-enriched-transparent-original-imahdufypyzbymar.png?q=70,,0,,,,3.0,0.0,4.3,45873.0,334.0,18.0,-3.2,76.02,rising,flipkart|gtrends,2026-07-07,2026-07-07T17:09:43.180241,24,eacceebca33524db,"active|active (2x1.2kg) , chicken and vegetable 2.4 kg (2x1.2 kg) dry young dog food",72.9,76.02,72.9,3.12,0.0,0.94,0.0,,WATCHLIST
PFDHDF9EXQBSZGBH,Active Buy 1 Get 1 Meat And Rice Adult Dog Food Rice 6 kg (2x3 kg) Dry Adult Dog Food,active,dog_food,,,,,PFDHDF9EXQBSZGBH,https://www.flipkart.com/active-buy-1-get-meat-rice-adult-dog-food-6-kg-2x3-kg-dry/p/itm452c381b954e7?pid=PFDHDF9EXQBSZGBH&lid=LSTPFDHDF9EXQBSZGBH1DJECW&marketplace=FLIPKART&q=dog+food&store=p3t%2Fea3%2F8zj&srno=s_1_2&otracker=search&fm=organic&iid=en_QhKca4nkYYOegTQrduDDLS4EXKpZIMlPKdzKMVaU3BD3MTDEuyENhBZ8PE5NM3FRYFrEvLCLReD7N1nkYKpQcZUOkHdBKCfsYTT9rvTnm55A3gFVRixB5gU3HI9E74Rk&ppt=None&ppn=None&ssid=lgrgkfgnxc0000001783424247932&qH=c53c2ce8b3bccaa1&ov_redirect=true,https://rukminim2.flixcart.com/image/312/312/xif0q/pet-food/w/o/i/-original-imahz6g4ypte5may.jpeg?q=70,https://rukminim2.flixcart.com/image/312/312/xif0q/pet-food/w/o/i/-original-imahz6g4ypte5may.jpeg?q=70,,0,,,,2.0,0.0,4.5,1857.0,630.0,18.0,-3.2,75.89,rising,flipkart|gtrends,2026-07-07,2026-07-07T17:09:43.179569,25,2ec73ea173332356,active|active buy 1 get 1 meat and rice adult dog food rice 6 kg (2x3 kg) dry adult dog,72.77,75.89,72.77,3.12,0.0,0.94,0.0,,WATCHLIST
B0937CKTRR,"Amorite Waterproof Reusable Washable Pee Pads for Dogs (Medium, Dark Blue)",amorite,beds_accessories,,B0937CKTRR,https://www.amazon.in/Amorite%C2%AE-Waterproof-Reusable-Washable-Protector/dp/B0937CKTRR/ref=zg_bs_g_4771390031_d_sccl_1/522-4724523-7365803?psc=1,"https://images-eu.ssl-images-amazon.com/images/I/71FIXeVbd3L._AC_UL300_SR300,200_.jpg",,,,"https://images-eu.ssl-images-amazon.com/images/I/71FIXeVbd3L._AC_UL300_SR300,200_.jpg",1.0,0,4.0,2336.0,299.0,,,,,,20.5,-2.0,75.63,rising,amazon|gtrends,2026-07-07,2026-07-07T17:09:43.169045,26,a3fad6a2de3681d1,"amorite|amorite waterproof reusable washable pee pads for dogs (medium, dark blue)",73.13,75.63,73.13,2.5,0.0,0.94,0.0,,WATCHLIST
B0CBX4MPG5,"Pil Neem Plus Herbal Pet Shampoo 1000ml | Puppy Safe | Anti-Fungal, Anti-Ticks and Fleas, Antibacterial, Antiseptic & pH Bala",pil,grooming,,B0CBX4MPG5,https://www.amazon.in/Anti-Fungal-Antibacterial-Antiseptic-Balanced-Cleansing/dp/B0CBX4MPG5/ref=zg_bs_g_4771396031_d_sccl_3/522-4724523-7365803?psc=1,"https://images-eu.ssl-images-amazon.com/images/I/61Isgz9RKoL._AC_UL300_SR300,200_.jpg",,,,"https://images-eu.ssl-images-amazon.com/images/I/61Isgz9RKoL._AC_UL300_SR300,200_.jpg",3.0,0,4.2,2821.0,439.0,,,,,,13.5,-1.5,75.39,rising,amazon|gtrends,2026-07-07,2026-07-07T17:09:43.165369,27,a494d3878faa0518,"pil|pil neem plus herbal pet shampoo 1000ml | puppy safe | anti-fungal, anti-ticks a",72.27,75.39,72.27,3.12,0.0,0.94,0.0,,WATCHLIST
PFDE6QF9ZYG8DSB5,Royal Canin Maxi Adult 1 Kg Dry Adult Dog Food,royal canin,dog_food,,,,,PFDE6QF9ZYG8DSB5,https://www.flipkart.com/royal-canin-maxi-adult-1-kg-dry-dog-food/p/itmbc79d31872f6c?pid=PFDE6QF9ZYG8DSB5&lid=LSTPFDE6QF9ZYG8DSB5IXEFSV&marketplace=FLIPKART&q=royal+canin+dog+food&store=p3t%2Fea3%2F8zj&srno=s_1_3&otracker=search&fm=organic&iid=b50ca4cc-10f2-4e61-9c64-b71ef01ff18f.PFDE6QF9ZYG8DSB5.SEARCH&ppt=None&ppn=None&ssid=tuz9tvum340000001783424255774&qH=daddb49dcea591ec&ov_redirect=true,https://rukminim2.flixcart.com/image/312/312/xif0q/pet-food/8/h/9/10-dog-3182550774581-royal-canin-enriched-transparent-original-imafe7j5yprfyzvs.png?q=70,https://rukminim2.flixcart.com/image/312/312/xif0q/pet-food/8/h/9/10-dog-3182550774581-royal-canin-enriched-transparent-original-imafe7j5yprfyzvs.png?q=70,,0,,,,3.0,0.0,4.5,2256.0,920.0,18.0,-3.2,75.33,rising,flipkart|gtrends,2026-07-07,2026-07-07T17:09:43.181264,28,d16832e32fb7f621,royal canin|royal canin maxi adult 1 kg dry adult dog food,72.21,75.33,72.21,3.12,0.0,0.94,0.0,,WATCHLIST
B0D67B89DX,"Agirav Dog and Puppy Toy Set - Chew, Teething, Rope, and Tug Toys for Small to Medium Dogs - Washable Cotton Pack of 12",agirav,dog_toys,,B0D67B89DX,https://www.amazon.in/Agirav-Teething-Medium-Washable-Cotton/dp/B0D67B89DX/ref=zg_bs_g_4771401031_d_sccl_2/522-4724523-7365803?psc=1,"https://images-eu.ssl-images-amazon.com/images/I/91S5aESG1QL._AC_UL300_SR300,200_.jpg",,,,"https://images-eu.ssl-images-amazon.com/images/I/91S5aESG1QL._AC_UL300_SR300,200_.jpg",2.0,0,4.4,1113.0,299.0,,,,,,3.0,0.0,75.28,rising,amazon|gtrends,2026-07-07,2026-07-07T17:09:43.162319,29,5d7b1959445bf427,"agirav|agirav dog and puppy toy set - chew, teething, rope, and tug toys for small to m",72.16,75.28,72.16,3.12,0.0,0.94,0.0,,WATCHLIST
B0FCRXH45J,"Amazon Basics Faux Fur Donut Pet Bed |Small (50 x 50 x 12 cm) | Color -Brown | Reversible, Washable, Cozy Mat for Cats & Dogs",amazon basics,beds_accessories,,B0FCRXH45J,https://www.amazon.in/amazon-basics-Brown-Reversible-Washable/dp/B0FCRXH45J/ref=zg_bs_g_4771390031_d_sccl_2/522-4724523-7365803?psc=1,"https://images-eu.ssl-images-amazon.com/images/I/61G04u3YxjL._AC_UL300_SR300,200_.jpg",,,,"https://images-eu.ssl-images-amazon.com/images/I/61G04u3YxjL._AC_UL300_SR300,200_.jpg",2.0,0,4.2,1792.0,399.0,,,,,,20.5,-2.0,75.21,rising,amazon|gtrends,2026-07-07,2026-07-07T17:09:43.169116,30,ed97e2272c207e2c,amazon basics|amazon basics faux fur donut pet bed |small (50 x 50 x 12 cm) | color -brown | r,72.09,75.21,72.09,3.12,0.0,0.94,0.0,,WATCHLIST
B07Z63VVNQ,"PetVogue Dog Nail Cutter Clipper and filer,Claw & Nails Clippers Grinder Grooming Trimmer for Small, Medium, Large dogs and c",petvogue,grooming,,B07Z63VVNQ,https://www.amazon.in/PetVogue-Clipper-Clippers-Grinder-Trimmer/dp/B07Z63VVNQ/ref=zg_bs_g_4771383031_d_sccl_5/522-4724523-7365803?psc=1,"https://images-eu.ssl-images-amazon.com/images/I/51XIj8cJG-L._AC_UL300_SR300,200_.jpg",,,,"https://images-eu.ssl-images-amazon.com/images/I/51XIj8cJG-L._AC_UL300_SR300,200_.jpg",4.0,0,4.2,8504.0,205.0,,,,,,13.5,-1.5,75.08,rising,amazon|gtrends,2026-07-07,2026-07-07T17:09:43.167408,31,49cc480dc879e26b,"petvogue|petvogue dog nail cutter clipper and filer,claw & nails clippers grinder groomin",71.96,75.08,71.96,3.12,0.0,0.93,0.0,,WATCHLIST
B0C3D1T71J,Pet Clean Primrose Oil Eye & Ear Pads - Gentle Care for Dogs & Cats - 50 Count (Pack of 1),,health_wellness,,B0C3D1T71J,https://www.amazon.in/Pet-Clean-Primrose-Oil-Pads/dp/B0C3D1T71J/ref=zg_bs_g_4771384031_d_sccl_1/522-4724523-7365803?psc=1,"https://images-eu.ssl-images-amazon.com/images/I/41bZHG50S-L._AC_UL300_SR300,200_.jpg",,,,"https://images-eu.ssl-images-amazon.com/images/I/41bZHG50S-L._AC_UL300_SR300,200_.jpg",1.0,0,4.4,427.0,279.0,,,,,,0.5,0.0,75.01,rising,amazon|gtrends,2026-07-07,2026-07-07T17:09:43.173927,32,d9979ee004816968,|pet clean primrose oil eye & ear pads - gentle care for dogs & cats - 50 count (,71.89,75.01,71.89,3.12,0.0,0.93,0.0,,WATCHLIST
B0DZCV18T2,"Amazon Basics Plush Fur Fabic Multistory Cat Tree with Condos, Perches and Sctraching Post Furry Hanging Ball, Dark Beige wit",amazon basics,beds_accessories,,B0DZCV18T2,https://www.amazon.in/Amazon-Multistory-Perches-Sctraching-Hanging/dp/B0DZCV18T2/ref=zg_bs_g_4771375031_d_sccl_3/522-4724523-7365803?psc=1,"https://images-eu.ssl-images-amazon.com/images/I/71kG0KRofQL._AC_UL300_SR300,200_.jpg",,,,"https://images-eu.ssl-images-amazon.com/images/I/71kG0KRofQL._AC_UL300_SR300,200_.jpg",3.0,0,4.3,2064.0,4069.0,,,,,,20.5,-2.0,74.8,rising,amazon|gtrends,2026-07-07,2026-07-07T17:09:43.171046,33,1381fe3a100aecec,"amazon basics|amazon basics plush fur fabic multistory cat tree with condos, perches and sctra",71.68,74.8,71.68,3.12,0.0,0.93,0.0,,WATCHLIST
PFDFFXP5N7ZVXFR2,Canine Creek Ultra Premium Grain Free Formula Real Chicken 13.5 kg Dry Adult Dog Food,canine,dog_food,,,,,PFDFFXP5N7ZVXFR2,https://www.flipkart.com/canine-creek-ultra-premium-grain-free-formula-real-chicken-1-2-kg-dry-young-dog-food/p/itmabf06f118fd8b?pid=PFDFFXP5N7ZVXFR2&lid=LSTPFDFFXP5N7ZVXFR2UUQFJI&marketplace=FLIPKART&q=royal+canin+dog+food&store=p3t%2Fea3%2F8zj&srno=s_1_2&otracker=search&fm=organic&iid=en_xB7X-bFUCXe4y9u4hklvzh2PlNSc8v0K-WgNpjV0rb2k6RotxwvWru7orVN9pV9_jC5VtJPy-j5qCF6rRs6bnxxxqqwg3QzUSBrQH3v4VvbwHPi55dKfmtL_k8PRExlT&ppt=None&ppn=None&ssid=tuz9tvum340000001783424255774&qH=daddb49dcea591ec&ov_redirect=true,https://rukminim2.flixcart.com/image/312/312/xif0q/pet-food/q/b/7/-original-imahn9fejcm2a5zz.jpeg?q=70,https://rukminim2.flixcart.com/image/312/312/xif0q/pet-food/q/b/7/-original-imahn9fejcm2a5zz.jpeg?q=70,,0,,,,2.0,0.0,4.4,1219.0,722.0,18.0,-3.2,74.79,rising,flipkart|gtrends,2026-07-07,2026-07-07T17:09:43.181231,34,ccf7c0628619e2aa,canine|canine creek ultra premium grain free formula real chicken 13.5 kg dry adult dog,71.67,74.79,71.67,3.12,0.0,0.93,0.0,,WATCHLIST
PFDGXGG3SMGHHBRU,Drools Adult Nutrition Chicken and Egg Egg 1.2 kg Dry Adult Dog Food,drools,dog_food,,,,,PFDGXGG3SMGHHBRU,https://www.flipkart.com/drools-adult-nutrition-chicken-egg-1-2-kg-dry-dog-food/p/itm95933f9362b67?pid=PFDGXGG3SMGHHBRU&lid=LSTPFDGXGG3SMGHHBRUJZG0TX&marketplace=FLIPKART&q=dry+dog+food&store=p3t%2Fea3%2F8zj&srno=s_1_4&otracker=search&fm=organic&iid=8d9aa516-43ed-4b9d-a939-1d67a85a55c3.PFDGXGG3SMGHHBRU.SEARCH&ppt=None&ppn=None&ssid=n0x8tqtwmo0000001783424253242&qH=f912ea67325edc4a&ov_redirect=true,https://rukminim2.flixcart.com/image/312/312/xif0q/pet-food/l/x/y/-original-imahmjndfbzyufdx.jpeg?q=70,https://rukminim2.flixcart.com/image/312/312/xif0q/pet-food/l/x/y/-original-imahmjndfbzyufdx.jpeg?q=70,,0,,,,4.0,0.0,4.4,2978.0,350.0,18.0,-3.2,74.76,rising,flipkart|gtrends,2026-07-07,2026-07-07T17:09:43.179944,35,c956e3ce79f4e881,drools|drools adult nutrition chicken and egg egg 1.2 kg dry adult dog food,71.64,74.76,71.64,3.12,0.0,0.93,0.0,,WATCHLIST
B0DBHWMFVW,"P for PET Grooming Wet Wipes 300 Count(Pack of 3) for Dogs, Cats & All Pets | Purified Water, Glycerin |Anti-Bacterial|Cleans",p,grooming,,B0DBHWMFVW,https://www.amazon.in/PET-Grooming-Anti-Bacterial-Cleansing-Deodorising/dp/B0DBHWMFVW/ref=zg_bs_g_4771396031_d_sccl_2/522-4724523-7365803?psc=1,"https://images-eu.ssl-images-amazon.com/images/I/81xU7fjrNcL._AC_UL300_SR300,200_.jpg",,,,"https://images-eu.ssl-images-amazon.com/images/I/81xU7fjrNcL._AC_UL300_SR300,200_.jpg",2.0,0,4.4,910.0,273.0,,,,,,13.5,-1.5,74.66,rising,amazon|gtrends,2026-07-07,2026-07-07T17:09:43.165306,36,1219ecab1e794b00,"p|p for pet grooming wet wipes 300 count(pack of 3) for dogs, cats & all pets | pu",71.54,74.66,71.54,3.12,0.0,0.93,0.0,,WATCHLIST
PFDFFXP56WZPHXBV,"Canine Creek Starter dry dog food , Ultra Premium Chicken 13.5 Kg Dry New Born Dog Food",canine,dog_food,,,,,PFDFFXP56WZPHXBV,https://www.flipkart.com/canine-creek-starter-dry-dog-food-ultra-premium-chicken-13-5-kg-new-born/p/itmd02e881d67527?pid=PFDFFXP56WZPHXBV&lid=LSTPFDFFXP56WZPHXBVJ8KAG1&marketplace=FLIPKART&q=royal+canin+dog+food&store=p3t%2Fea3%2F8zj&srno=s_1_1&otracker=search&fm=organic&iid=en_xB7X-bFUCXe4y9u4hklvzh2PlNSc8v0K-WgNpjV0rb3PN1ZUdm2ii5siymRn68wjUbTGWuhh7E4GzUWHE84s3gRhK3AhJzp2gMroCk3djwnwHPi55dKfmtL_k8PRExlT&ppt=None&ppn=None&ssid=tuz9tvum340000001783424255774&qH=daddb49dcea591ec&ov_redirect=true,https://rukminim2.flixcart.com/image/312/312/xif0q/pet-food/i/k/8/-original-imahnefcgcvdghmh.jpeg?q=70,https://rukminim2.flixcart.com/image/312/312/xif0q/pet-food/i/k/8/-original-imahnefcgcvdghmh.jpeg?q=70,,0,,,,1.0,0.0,4.4,531.0,6969.0,18.0,-3.2,74.6,rising,flipkart|gtrends,2026-07-07,2026-07-07T17:09:43.181192,37,51cb78901eae8c84,"canine|canine creek starter dry dog food , ultra premium chicken 13.5 kg dry new born d",71.48,74.6,71.48,3.12,0.0,0.93,0.0,,WATCHLIST
PFDE6QFESFGKHCYH,Royal Canin Maxi Puppy 1 kg Dry Young Dog Food,royal canin,dog_food,,,,,PFDE6QFESFGKHCYH,https://www.flipkart.com/royal-canin-maxi-puppy-1-kg-dry-young-dog-food/p/itmb059243505c2d?pid=PFDE6QFESFGKHCYH&lid=LSTPFDE6QFESFGKHCYHHIGMGD&marketplace=FLIPKART&q=royal+canin+dog+food&store=p3t%2Fea3%2F8zj&srno=s_1_5&otracker=search&fm=organic&iid=b50ca4cc-10f2-4e61-9c64-b71ef01ff18f.PFDE6QFESFGKHCYH.SEARCH&ppt=None&ppn=None&ssid=tuz9tvum340000001783424255774&qH=daddb49dcea591ec&ov_redirect=true,https://rukminim2.flixcart.com/image/312/312/xif0q/pet-food/f/q/w/1-dog-1-3182550402460-royal-canin-enriched-transparent-original-imah2hfxeagkzpwq.png?q=70,https://rukminim2.flixcart.com/image/312/312/xif0q/pet-food/f/q/w/1-dog-1-3182550402460-royal-canin-enriched-transparent-original-imah2hfxeagkzpwq.png?q=70,,0,,,,5.0,0.0,4.5,7218.0,1020.0,18.0,-3.2,74.58,rising,flipkart|gtrends,2026-07-07,2026-07-07T17:09:43.181330,38,1703df8ec624c055,royal canin|royal canin maxi puppy 1 kg dry young dog food,71.46,74.58,71.46,3.12,0.0,0.93,0.0,,WATCHLIST
B09HTXK5VK,Emily Pets Cat Scratcher Cardboard 2 in 1 Reversible Scratching Pad Recyclable Corrugated Scratch Toy with Wave Shape & 10ML,emily,beds_accessories,,B09HTXK5VK,https://www.amazon.in/Cat-Scratcher-With-Catnip/dp/B09HTXK5VK/ref=zg_bs_g_4771375031_d_sccl_1/522-4724523-7365803?psc=1,"https://images-eu.ssl-images-amazon.com/images/I/714BJl77PGL._AC_UL300_SR300,200_.jpg",,,,"https://images-eu.ssl-images-amazon.com/images/I/714BJl77PGL._AC_UL300_SR300,200_.jpg",1.0,0,4.1,1191.0,276.0,,,,,,20.5,-2.0,74.53,rising,amazon|gtrends,2026-07-07,2026-07-07T17:09:43.170929,39,494393af2f5265eb,emily|emily pets cat scratcher cardboard 2 in 1 reversible scratching pad recyclable c,72.03,74.53,72.03,2.5,0.0,0.94,0.0,,WATCHLIST
B0B34TC2ZM,"PUPPEE Wipe ME 100% Biodegradable 96 Count (Pack of 2) Wet Wipes for Dogs, Cats & All Pets | Lavender Essential, Vitamin E &",puppee,grooming,,B0B34TC2ZM,https://www.amazon.in/PUPPEE-Biodegradable-Anti-Bacterial-Hypoallergic-Deodorising/dp/B0B34TC2ZM/ref=zg_bs_g_4771396031_d_sccl_5/522-4724523-7365803?psc=1,"https://images-eu.ssl-images-amazon.com/images/I/71dDrG6kN-L._AC_UL300_SR300,200_.jpg",,,,"https://images-eu.ssl-images-amazon.com/images/I/71dDrG6kN-L._AC_UL300_SR300,200_.jpg",5.0,0,4.5,3008.0,189.0,,,,,,13.5,-1.5,74.4,rising,amazon|gtrends,2026-07-07,2026-07-07T17:09:43.165522,40,d160a5a9a90a9811,"puppee|puppee wipe me 100% biodegradable 96 count (pack of 2) wet wipes for dogs, cats ",71.28,74.4,71.28,3.12,0.0,0.93,0.0,,WATCHLIST
B093ZT4QM7,"Whiskas Adult (1+ Years) Wet Cat Food, Chicken in Gravy, 80 g (Pack of 14), Hydrating Food Made With Real Chicken, 100% Compl",whiskas,cat_food,,B093ZT4QM7,https://www.amazon.in/Whiskas-Hydrating-Complete-Balanced-Nutrition/dp/B093ZT4QM7/ref=zg_bs_g_4771382031_d_sccl_8/522-4724523-7365803?psc=1,"https://images-eu.ssl-images-amazon.com/images/I/81izQ04uXHL._AC_UL300_SR300,200_.jpg",,,,"https://images-eu.ssl-images-amazon.com/images/I/81izQ04uXHL._AC_UL300_SR300,200_.jpg",5.0,0,4.3,3432.0,595.0,,,,,,21.67,-0.67,74.38,rising,amazon|gtrends,2026-07-07,2026-07-07T17:09:43.161585,41,e9b004ae560a5435,"whiskas|whiskas adult (1+ years) wet cat food, chicken in gravy, 80 g (pack of 14), hydr",71.26,74.38,71.26,3.12,0.0,0.93,0.0,,WATCHLIST
PFDHF3KHVJHYD98C,Drools Inside Container Egg and Chicken 5 kg Dry Adult Dog Food,drools,dog_food,,,,,PFDHF3KHVJHYD98C,https://www.flipkart.com/drools-inside-container-egg-chicken-5-kg-dry-adult-dog-food/p/itm21f908ea06d44?pid=PFDHF3KHVJHYD98C&lid=LSTPFDHF3KHVJHYD98CY22R8E&marketplace=FLIPKART&q=drools+dog+food&store=p3t%2Fea3%2F8zj&srno=s_1_5&otracker=search&fm=organic&iid=f8b07989-357d-477e-8458-731b5e3795f0.PFDHF3KHVJHYD98C.SEARCH&ppt=None&ppn=None&ssid=yg62mojrq80000001783424260931&qH=38ac4fbf0eca81e5&ov_redirect=true,https://rukminim2.flixcart.com/image/312/312/xif0q/pet-food/a/x/g/-original-imahkgpyqwzrksf6.jpeg?q=70,https://rukminim2.flixcart.com/image/312/312/xif0q/pet-food/a/x/g/-original-imahkgpyqwzrksf6.jpeg?q=70,,0,,,,5.0,0.0,4.4,29635.0,934.0,18.0,-3.2,74.3,rising,flipkart|gtrends,2026-07-07,2026-07-07T17:09:43.180088,42,54b37cf471fe5482,drools|drools inside container egg and chicken 5 kg dry adult dog food,71.18,74.3,71.18,3.12,0.0,0.93,0.0,,WATCHLIST
B0F7LNQXGC,"Buraq No Pull Cat Harness with Leash, Escape Proof, Ultra-Light Weight, Air Mesh Fabric, Aesthetic Design Adjustable Cat Leas",buraq,collars_leashes,,B0F7LNQXGC,https://www.amazon.in/Harness-Escape-Ultra-Light-Aesthetic-Adjustable/dp/B0F7LNQXGC/ref=zg_bs_g_4771379031_d_sccl_1/522-4724523-7365803?psc=1,"https://images-eu.ssl-images-amazon.com/images/I/719xjPAItDL._AC_UL300_SR300,200_.jpg",,,,"https://images-eu.ssl-images-amazon.com/images/I/719xjPAItDL._AC_UL300_SR300,200_.jpg",1.0,0,4.0,1315.0,359.0,,,,,,5.0,-3.0,74.23,rising,amazon|gtrends,2026-07-07,2026-07-07T17:09:43.177694,43,9b4e77828c947ff2,"buraq|buraq no pull cat harness with leash, escape proof, ultra-light weight, air mesh",71.73,74.23,71.73,2.5,0.0,0.93,0.0,,WATCHLIST
B0CY9LRRDX,Agirav No Pull Dog Harness - Step in Dog Harness and Leash for Small Medium Large Dog - Escape Proof Adjustable Soft Leash Co,agirav,collars_leashes,,B0CY9LRRDX,https://www.amazon.in/Agirav-Pull-Dog-Harness-Adjustable/dp/B0CY9LRRDX/ref=zg_bs_g_4771392031_d_sccl_1/522-4724523-7365803?psc=1,"https://images-eu.ssl-images-amazon.com/images/I/51ez5oWoCSL._AC_UL300_SR300,200_.jpg",,,,"https://images-eu.ssl-images-amazon.com/images/I/51ez5oWoCSL._AC_UL300_SR300,200_.jpg",1.0,0,3.8,1709.0,174.0,,,,,,5.0,-3.0,74.17,rising,amazon|gtrends,2026-07-07,2026-07-07T17:09:43.175718,44,56a8bf6d425cfae7,agirav|agirav no pull dog harness - step in dog harness and leash for small medium larg,71.67,74.17,71.67,2.5,0.0,0.93,0.0,,WATCHLIST
PTTGYYW2W8H5ZJHQ,Drools Biscuits Real Chicken and Egg Dog Treat,drools,training,,,,,PTTGYYW2W8H5ZJHQ,https://www.flipkart.com/drools-biscuits-real-chicken-egg-dog-treat/p/itmabb46e494294a?pid=PTTGYYW2W8H5ZJHQ&lid=LSTPTTGYYW2W8H5ZJHQ05Z8CT&marketplace=FLIPKART&q=dog+training+treats&store=p3t%2Fea3%2Fnva&srno=s_1_3&otracker=search&fm=organic&iid=25f5e471-619f-4ddd-b027-4bce8ed3004f.PTTGYYW2W8H5ZJHQ.SEARCH&ppt=None&ppn=None&ssid=wov3prijog0000001783424351807&qH=a29335f69d7964db&ov_redirect=true,https://rukminim2.flixcart.com/image/312/312/xif0q/pet-treat/l/z/a/-original-imahzzfyxthtse9g.jpeg?q=70,https://rukminim2.flixcart.com/image/312/312/xif0q/pet-treat/l/z/a/-original-imahzzfyxthtse9g.jpeg?q=70,,0,,,,3.0,0.0,4.3,1521.0,166.0,0.5,-2.0,74.16,rising,flipkart|gtrends,2026-07-07,2026-07-07T17:09:43.203753,45,a2cfd529fc3907bc,drools|drools biscuits real chicken and egg dog treat,71.04,74.16,71.04,3.12,0.0,0.93,0.0,,WATCHLIST
PFDFKYG5E3NZYXH9,Active Chicken and Vegetable 20 kg (2x10 kg) Dry Adult Dog Food,active,dog_food,,,,,PFDFKYG5E3NZYXH9,https://www.flipkart.com/active-chicken-vegetable-20-kg-2x10-kg-dry-adult-dog-food/p/itm8615ae5f049a7?pid=PFDFKYG5E3NZYXH9&lid=LSTPFDFKYG5E3NZYXH98VKIAJ&marketplace=FLIPKART&q=dry+dog+food&store=p3t%2Fea3%2F8zj&srno=s_1_5&otracker=search&fm=organic&iid=8d9aa516-43ed-4b9d-a939-1d67a85a55c3.PFDFKYG5E3NZYXH9.SEARCH&ppt=None&ppn=None&ssid=n0x8tqtwmo0000001783424253242&qH=f912ea67325edc4a&ov_redirect=true,https://rukminim2.flixcart.com/image/312/312/xif0q/pet-food/u/w/w/-original-imahnefcgfbszbg9.jpeg?q=70,https://rukminim2.flixcart.com/image/312/312/xif0q/pet-food/u/w/w/-original-imahnefcgfbszbg9.jpeg?q=70,,0,,,,5.0,0.0,4.3,57031.0,1900.0,18.0,-3.2,74.02,rising,flipkart|gtrends,2026-07-07,2026-07-07T17:09:43.179848,46,afe09fc162350e92,active|active chicken and vegetable 20 kg (2x10 kg) dry adult dog food,70.9,74.02,70.9,3.12,0.0,0.93,0.0,,WATCHLIST
B0D5LXLB4N,Drools Adult Dry Dog Food 5kg | Chicken & Egg Flavour | Omega 3 & 6 for Growth | Better Digestibility | Supports Joint Health,drools,dog_food,,B0D5LXLB4N,https://www.amazon.in/Drool-Adult-Chicken-Inside-Container/dp/B0D5LXLB4N/ref=zg_bs_g_4771395031_d_sccl_5/522-4724523-7365803?psc=1,"https://images-eu.ssl-images-amazon.com/images/I/81n6YT1OYbL._AC_UL300_SR300,200_.jpg",,,,"https://images-eu.ssl-images-amazon.com/images/I/81n6YT1OYbL._AC_UL300_SR300,200_.jpg",5.0,0,4.3,15978.0,873.0,,,,,,18.0,-3.2,74.02,rising,amazon|gtrends,2026-07-07,2026-07-07T17:09:43.160288,47,7f0871dee6381c00,drools|drools adult dry dog food 5kg | chicken & egg flavour | omega 3 & 6 for growth |,70.9,74.02,70.9,3.12,0.0,0.93,0.0,,WATCHLIST
B07HRV7HKM,"JIARON Feather Teaser Cat Toy, 2PCS Retractable Wand & 10PCS Replacement Feathers, Interactive Cat Catcher & Exercise for Kit",jiaron,cat_toys,,B07HRV7HKM,https://www.amazon.in/Feather-Retractable-Refills-Interactive-Exercise/dp/B07HRV7HKM/ref=zg_bs_g_4771387031_d_sccl_7/522-4724523-7365803?psc=1,"https://images-eu.ssl-images-amazon.com/images/I/61YvOkRTp5L._AC_UL300_SR300,200_.jpg",,,,"https://images-eu.ssl-images-amazon.com/images/I/61YvOkRTp5L._AC_UL300_SR300,200_.jpg",5.0,0,4.5,13986.0,399.0,,,,,,4.0,-6.0,74.02,rising,amazon|gtrends,2026-07-07,2026-07-07T17:09:43.163918,48,612e82eb08a4bbd6,"jiaron|jiaron feather teaser cat toy, 2pcs retractable wand & 10pcs replacement feather",70.9,74.02,70.9,3.12,0.0,0.93,0.0,,WATCHLIST
B0CQ1TL64W,"SmileDenX Teeth Cleaning Wipes for Dogs & Cats, Dog Finger Toothbrush Wipes, Dog Dental Care Finger Wipes, Dog Tooth Brushing",smiledenx,health_wellness,,B0CQ1TL64W,https://www.amazon.in/SmileDenX-Dental-Care-Finger-Wipes/dp/B0CQ1TL64W/ref=zg_bs_g_4771384031_d_sccl_4/522-4724523-7365803?psc=1,"https://images-eu.ssl-images-amazon.com/images/I/71eqt0l1a1L._AC_UL300_SR300,200_.jpg",,,,"https://images-eu.ssl-images-amazon.com/images/I/71eqt0l1a1L._AC_UL300_SR300,200_.jpg",4.0,0,4.2,2144.0,249.0,,,,,,0.5,0.0,74.01,rising,amazon|gtrends,2026-07-07,2026-07-07T17:09:43.174108,49,3394c7e88ba5f39a,"smiledenx|smiledenx teeth cleaning wipes for dogs & cats, dog finger toothbrush wipes, dog",70.89,74.01,70.89,3.12,0.0,0.93,0.0,,WATCHLIST
B0BT4VLWHP,Wooflix Heavy Duty Nylon Dog Leash | Anti Slip Padded Handle Long Dog Leash | Highly Reflective Leash for Dogs | Dog Rope for,wooflix,collars_leashes,,B0BT4VLWHP,https://www.amazon.in/Wooflix-Leash-Medium-Harness-Reflective/dp/B0BT4VLWHP/ref=zg_bs_g_4771392031_d_sccl_2/522-4724523-7365803?psc=1,"https://images-eu.ssl-images-amazon.com/images/I/71mv7oAPiaL._AC_UL300_SR300,200_.jpg",,,,"https://images-eu.ssl-images-amazon.com/images/I/71mv7oAPiaL._AC_UL300_SR300,200_.jpg",2.0,0,4.4,715.0,379.0,,,,,,5.0,-3.0,74.01,rising,amazon|gtrends,2026-07-07,2026-07-07T17:09:43.175784,50,572e52cb523eff92,wooflix|wooflix heavy duty nylon dog leash | anti slip padded handle long dog leash | hi,70.89,74.01,70.89,3.12,0.0,0.93,0.0,,WATCHLIST
B07X2WNZ8W,"Pawzone Interactive Cat Toys Roller, Spring Cat Toys with Catnip, Kitten Tracks, Pet Toy with Moving Balls Teaser Mouse Exerc",pawzone,cat_toys,,B07X2WNZ8W,https://www.amazon.in/Pawzone-Interactive-Roller-Spring-Exercise/dp/B07X2WNZ8W/ref=zg_bs_g_4771387031_d_sccl_4/522-4724523-7365803?psc=1,"https://images-eu.ssl-images-amazon.com/images/I/71C2Gt6x38L._AC_UL300_SR300,200_.jpg",,,,"https://images-eu.ssl-images-amazon.com/images/I/71C2Gt6x38L._AC_UL300_SR300,200_.jpg",3.0,0,4.0,8920.0,263.0,,,,,,4.0,-6.0,74.0,rising,amazon|gtrends,2026-07-07,2026-07-07T17:09:43.163802,51,8c3a120810e87085,"pawzone|pawzone interactive cat toys roller, spring cat toys with catnip, kitten tracks,",71.5,74.0,71.5,2.5,0.0,0.93,0.0,,WATCHLIST
B0FHHRMLL3,Yuppy Puppy Nail Clipper for Cats - Gentle Round Hole Trimmer with Dust Storage | Adjustable Size & Hidden Nail File | Pet Gr,yuppy,grooming,,B0FHHRMLL3,https://www.amazon.in/Yuppy-Puppy-Nail-Clipper-Cats/dp/B0FHHRMLL3/ref=zg_bs_g_4771383031_d_sccl_2/522-4724523-7365803?psc=1,"https://images-eu.ssl-images-amazon.com/images/I/61PaTeYL6EL._AC_UL300_SR300,200_.jpg",,,,"https://images-eu.ssl-images-amazon.com/images/I/61PaTeYL6EL._AC_UL300_SR300,200_.jpg",1.0,0,4.4,186.0,333.0,,,,,,13.5,-1.5,74.0,rising,amazon|gtrends,2026-07-07,2026-07-07T17:09:43.167197,52,b37a1a038fe47bc7,yuppy|yuppy puppy nail clipper for cats - gentle round hole trimmer with dust storage ,70.88,74.0,70.88,3.12,0.0,0.93,0.0,,WATCHLIST
B0B6SQX234,"Foodie Puppies Pet Hair Remover Lint Roller with Handle and 4 Refills (300 Sheets), Hair Remover for Dogs and Cats, Ideal for",foodie,grooming,,B0B6SQX234,https://www.amazon.in/Foodie-Puppies-Lint-Roller-Furniture/dp/B0B6SQX234/ref=zg_bs_g_4771396031_d_sccl_4/522-4724523-7365803?psc=1,"https://images-eu.ssl-images-amazon.com/images/I/81rIyUb9UAL._AC_UL300_SR300,200_.jpg",,,,"https://images-eu.ssl-images-amazon.com/images/I/81rIyUb9UAL._AC_UL300_SR300,200_.jpg",4.0,0,4.4,1816.0,299.0,,,,,,13.5,-1.5,73.9,rising,amazon|gtrends,2026-07-07,2026-07-07T17:09:43.165442,53,ef7b0db1ac5361e7,foodie|foodie puppies pet hair remover lint roller with handle and 4 refills (300 sheet,70.78,73.9,70.78,3.12,0.0,0.93,0.0,,WATCHLIST
B0DPXJF3N7,"Absolut Pet Dog Supplement for Gut Health, Probiotics for Dogs That Reduces Scratching & Paw-Licking (30 Chews)",absolut,health_wellness,,B0DPXJF3N7,https://www.amazon.in/Absolut-Supplement-Probiotics-Scratching-Paw-Licking/dp/B0DPXJF3N7/ref=zg_bs_g_4771397031_d_sccl_1/522-4724523-7365803?psc=1,"https://images-eu.ssl-images-amazon.com/images/I/516FzD1Z-AL._AC_UL300_SR300,200_.jpg",,,,"https://images-eu.ssl-images-amazon.com/images/I/516FzD1Z-AL._AC_UL300_SR300,200_.jpg",1.0,0,4.1,572.0,699.0,,,,,,0.5,0.0,73.87,rising,amazon|gtrends,2026-07-07,2026-07-07T17:09:43.172571,54,eafb2e93ce979a64,"absolut|absolut pet dog supplement for gut health, probiotics for dogs that reduces scra",71.37,73.87,71.37,2.5,0.0,0.93,0.0,,WATCHLIST
B075WWBTYQ,Meat Up Adult Dry Dog Food 6kg (3kg + 3kg) | Chicken Flavour | Glucosamine for Healthy Joints & Bones | Enriched with Vitamin,meat up,dog_food,,B075WWBTYQ,https://www.amazon.in/Meat-Up-Adult-Food-Free/dp/B075WWBTYQ/ref=zg_bs_g_4771395031_d_sccl_4/522-4724523-7365803?psc=1,"https://images-eu.ssl-images-amazon.com/images/I/71kKlDp-ADL._AC_UL300_SR300,200_.jpg",,,,"https://images-eu.ssl-images-amazon.com/images/I/71kKlDp-ADL._AC_UL300_SR300,200_.jpg",4.0,0,4.1,19275.0,764.0,,,,,,18.0,-3.2,73.84,rising,amazon|gtrends,2026-07-07,2026-07-07T17:09:43.160237,55,bde6d74e3e0887be,meat up|meat up adult dry dog food 6kg (3kg + 3kg) | chicken flavour | glucosamine for h,71.34,73.84,71.34,2.5,0.0,0.93,0.0,,WATCHLIST
B07W6VV753,"Natural Remedies Fresh Me Up Mild Waterless Foam Cleanser Dry Shampoo for Dogs, Cats and Pups of All Breeds, Moisturizer & Co",natural,grooming,,B07W6VV753,https://www.amazon.in/Natural-Remedies-Fresh-Wateless-Dog-Shampoo-Spray-Foam-Cleanser/dp/B07W6VV753/ref=zg_bs_g_4771383031_d_sccl_4/522-4724523-7365803?psc=1,"https://images-eu.ssl-images-amazon.com/images/I/61j7zKGugZL._AC_UL300_SR300,200_.jpg",,,,"https://images-eu.ssl-images-amazon.com/images/I/61j7zKGugZL._AC_UL300_SR300,200_.jpg",3.0,0,4.4,1014.0,269.0,,,,,,13.5,-1.5,73.82,rising,amazon|gtrends,2026-07-07,2026-07-07T17:09:43.167346,56,228c8a0e975c8fc8,"natural|natural remedies fresh me up mild waterless foam cleanser dry shampoo for dogs, ",70.7,73.82,70.7,3.12,0.0,0.93,0.0,,WATCHLIST
B0BMT528FS,"Foodie Puppies 2-in-1 Reversible Cat Scratcher Pad with Catnip for Cats & Kittens, (Couch, 43.5 x 23 x 6 cm) | Durable Corrug",foodie,beds_accessories,,B0BMT528FS,https://www.amazon.in/Foodie-Puppies-Couch-Cat-Scratcher/dp/B0BMT528FS/ref=zg_bs_g_4771375031_d_sccl_2/522-4724523-7365803?psc=1,"https://images-eu.ssl-images-amazon.com/images/I/71vh2Fn6NnL._AC_UL300_SR300,200_.jpg",,,,"https://images-eu.ssl-images-amazon.com/images/I/71vh2Fn6NnL._AC_UL300_SR300,200_.jpg",2.0,0,4.3,598.0,299.0,,,,,,20.5,-2.0,73.71,rising,amazon|gtrends,2026-07-07,2026-07-07T17:09:43.170989,57,5a40a3fed64b51c9,foodie|foodie puppies 2-in-1 reversible cat scratcher pad with catnip for cats & kitten,70.59,73.71,70.59,3.12,0.0,0.93,0.0,,WATCHLIST
B09231NQ3J,Buraq Basic Full Body Cat Harness with Leash Set for Walking | Escape Proof | Adjustable & Durable for Cats (Red),buraq,collars_leashes,,B09231NQ3J,https://www.amazon.in/Harness-Walking-Escape-Adjustable-Durable/dp/B09231NQ3J/ref=zg_bs_g_4771379031_d_sccl_29/522-4724523-7365803?psc=1,"https://images-eu.ssl-images-amazon.com/images/I/51dCviepd-L._AC_UL300_SR300,200_.jpg",PCLGQ2W6BH38B9FV,https://www.flipkart.com/buraq-cat-harness-full-body-leash-set-walking-escape-proof-buckle/p/itm1f4503a21a20b?pid=PCLGQ2W6BH38B9FV&lid=LSTPCLGQ2W6BH38B9FVUOCZMR&marketplace=FLIPKART&q=cat+collar&store=p3t&srno=s_1_4&otracker=search&fm=organic&iid=97d963cc-803d-4934-929b-135709a63dac.PCLGQ2W6BH38B9FV.SEARCH&ppt=None&ppn=None&ssid=dl7gz1mpu80000001783424338174&qH=831161a82e2648a4&ov_redirect=true&ov_redirect=true,https://rukminim2.flixcart.com/image/612/612/xif0q/pet-collar-harness/a/u/b/45-66-cm-no-pull-cat-hrns-plain-buraq-pets-original-imahkvsgkddcnf9p.jpeg?q=70,"https://images-eu.ssl-images-amazon.com/images/I/51dCviepd-L._AC_UL300_SR300,200_.jpg",25.0,0,4.0,264.0,166.0,4.0,,3.9,,125.0,5.0,-3.0,73.6,rising,amazon|flipkart|gtrends,2026-07-07,2026-07-07T17:09:43.179388,58,3c68bcbc9470ec25,buraq|buraq basic full body cat harness with leash set for walking | escape proof | ad,69.22,73.6,69.22,4.38,0.0,0.99,0.0,CROSS_PLATFORM_VISIBLE,WATCHLIST
PFDENR86HWMHSDNP,PEDIGREE Dentastix Oral Care for Small Breed (5-10 kg) Dog Treat,pedigree,training,,,,,PFDENR86HWMHSDNP,https://www.flipkart.com/pedigree-dentastix-oral-care-small-breed-5-10-kg-dog-treat/p/itmf3j7quhyqte4y?pid=PFDENR86HWMHSDNP&lid=LSTPFDENR86HWMHSDNPS5XOXR&marketplace=FLIPKART&q=dog+training+treats&store=p3t%2Fea3%2Fnva&srno=s_1_6&otracker=search&fm=organic&iid=en_NRsyrqAtCGc4_jtLG5PLX4gyl43FAUuJtvosuCk66QU0sUMocAncm5sJZczsTT8HxfICQipe4BqX-gd3iE1Ql_Dei1ziXRcrSs5uBXtsJ-cws-Ia9oyK-pWX4yRAjWED&ppt=None&ppn=None&ssid=wov3prijog0000001783424351807&qH=a29335f69d7964db&ov_redirect=true,https://rukminim2.flixcart.com/image/312/312/xif0q/pet-treat/a/e/0/-enriched-transparent-original-imahhtvafs6retqx.png?q=70,https://rukminim2.flixcart.com/image/312/312/xif0q/pet-treat/a/e/0/-enriched-transparent-original-imahhtvafs6retqx.png?q=70,,0,,,,6.0,0.0,4.4,6612.0,144.0,0.5,-2.0,73.54,rising,flipkart|gtrends,2026-07-07,2026-07-07T17:09:43.203790,59,fe3db59d907a2820,pedigree|pedigree dentastix oral care for small breed (5-10 kg) dog treat,70.42,73.54,70.42,3.12,0.0,0.93,0.0,,WATCHLIST
B076VSDH8Y,"amazon basics Large Elevated Cooling Mesh Fabric Pet Dog Cot Bed - 51 X 31 X 8 Inches, Green",amazon basics,beds_accessories,,B076VSDH8Y,https://www.amazon.in/AmazonBasics-Elevated-Cooling-Pet-Large/dp/B076VSDH8Y/ref=zg_bs_g_4771390031_d_sccl_6/522-4724523-7365803?psc=1,"https://images-eu.ssl-images-amazon.com/images/I/71iVF47Q5sS._AC_UL300_SR300,200_.jpg",,,,"https://images-eu.ssl-images-amazon.com/images/I/71iVF47Q5sS._AC_UL300_SR300,200_.jpg",6.0,0,4.4,9711.0,2099.0,,,,,,20.5,-2.0,73.54,rising,amazon|gtrends,2026-07-07,2026-07-07T17:09:43.169392,60,b1638bcb1b88d0a0,amazon basics|amazon basics large elevated cooling mesh fabric pet dog cot bed - 51 x 31 x 8 i,70.42,73.54,70.42,3.12,0.0,0.93,0.0,,WATCHLIST
PSOH6ZN8KXFZPEKU,"Heartie Oatmeal 6-in-1 Pet Shampoo & Conditioner |Paraben Free Dog Shampoo |Shiny Coat Conditioning, Hypoallergenic, Anti-itching Fresh Dog, Cat Shampoo",heartie,grooming,,,,,PSOH6ZN8KXFZPEKU,https://www.flipkart.com/heartie-oatmeal-6-in-1-pet-shampoo-conditioner-paraben-free-dog-shiny-coat-conditioning-hypoallergenic-anti-itching-fresh-dog-cat/p/itm9795210903e10?pid=PSOH6ZN8KXFZPEKU&lid=LSTPSOH6ZN8KXFZPEKUINO5HO&marketplace=FLIPKART&q=cat+shampoo&store=p3t%2Fixl%2Fosh&srno=s_1_1&otracker=search&fm=organic&iid=en_hCZHPrfJCXxQxDtilKnrzPCMnwfGF29_oWC7sFi61Nju1luf1mhRBaMv5HWnGj2y1F8IRhrWOu-_GIKy8EAMGQkbZOyhQ6w5lBjh7eGubWKtwvFb6eCDAyeoTaq99UQj&ppt=None&ppn=None&ssid=y8f1ftke9s0000001783424299769&qH=c761a0a39d797bbe&ov_redirect=true&ov_redirect=true,https://rukminim2.flixcart.com/image/612/612/xif0q/pet-shampoo/x/y/b/300-detangling-shampoo-and-conditioner-for-dogs-cats-heartie-original-imahmrnhgqqnrdca.jpeg?q=70,https://rukminim2.flixcart.com/image/612/612/xif0q/pet-shampoo/x/y/b/300-detangling-shampoo-and-conditioner-for-dogs-cats-heartie-original-imahmrnhgqqnrdca.jpeg?q=70,,0,,,,1.0,0.0,4.7,,319.0,13.5,-1.5,73.48,rising,flipkart|gtrends,2026-07-07,2026-07-07T17:09:43.191230,61,6f5e9bb4cf8269c5,heartie|heartie oatmeal 6-in-1 pet shampoo & conditioner |paraben free dog shampoo |shin,70.36,73.48,70.36,3.12,0.0,0.93,0.0,,WATCHLIST
B09JGJYLPQ,"Whiskas Junior Kitten (2-12 Months) Wet Cat Food, Chicken in Gravy, 80 g (Pack of 14), Hydrating Food Made With Real Chicken,",whiskas,cat_food,,B09JGJYLPQ,https://www.amazon.in/Whiskas-Kittens-Chicken-Flavour-pouches/dp/B09JGJYLPQ/ref=zg_bs_g_4771382031_d_sccl_9/522-4724523-7365803?psc=1,"https://images-eu.ssl-images-amazon.com/images/I/81O3vUMUvgL._AC_UL300_SR300,200_.jpg",,,,"https://images-eu.ssl-images-amazon.com/images/I/81O3vUMUvgL._AC_UL300_SR300,200_.jpg",6.0,0,4.4,3140.0,600.0,,,,,,21.67,-0.67,73.41,rising,amazon|gtrends,2026-07-07,2026-07-07T17:09:43.161637,62,50fa5b101138d1b4,"whiskas|whiskas junior kitten (2-12 months) wet cat food, chicken in gravy, 80 g (pack o",70.29,73.41,70.29,3.12,0.0,0.93,0.0,,WATCHLIST
B00TIOQRPG,"Chappi Adult (1+ Years) Dry Dog Food, Chicken & Rice, 20 kg, Complete and Balanced Food for Adult Dogs",chappi,dog_food,,B00TIOQRPG,https://www.amazon.in/Chappi-Adult-Food-Chicken-Rice/dp/B00TIOQRPG/ref=zg_bs_g_4771395031_d_sccl_13/522-4724523-7365803?psc=1,"https://images-eu.ssl-images-amazon.com/images/I/61znVoIonUL._AC_UL300_SR300,200_.jpg",PFDEG58ZJQ8CAPVF,https://www.flipkart.com/chappi-complete-balanced-chicken-rice-20-kg-dry-adult-dog-food/p/itm5b8da2648a60f?pid=PFDEG58ZJQ8CAPVF&lid=LSTPFDEG58ZJQ8CAPVFVHH7OA&marketplace=FLIPKART&q=dry+dog+food&store=p3t%2Fea3%2F8zj&srno=s_1_10&otracker=search&fm=organic&iid=8d9aa516-43ed-4b9d-a939-1d67a85a55c3.PFDEG58ZJQ8CAPVF.SEARCH&ppt=None&ppn=None&ssid=n0x8tqtwmo0000001783424253242&qH=f912ea67325edc4a&ov_redirect=true,https://rukminim2.flixcart.com/image/312/312/xif0q/pet-food/b/y/k/-original-imahgwq9kr5dqb6f.jpeg?q=70,"https://images-eu.ssl-images-amazon.com/images/I/61znVoIonUL._AC_UL300_SR300,200_.jpg",12.0,0,4.3,4067.0,2542.0,10.0,,4.4,11359.0,2542.0,18.0,-3.2,73.4,rising,amazon|flipkart|gtrends,2026-07-07,2026-07-07T17:09:43.160584,63,b78cf4954388d007,"chappi|chappi adult (1+ years) dry dog food, chicken & rice, 20 kg, complete and balanc",68.4,73.4,68.4,5.0,0.0,0.99,0.0,CROSS_PLATFORM_VISIBLE,WATCHLIST
B01IEXX5HE,"Drools Absolute Dog Supplement Tablet, Skin+ Coat 400g 110 Pieces Jar | Turmeric Flavour | Supports Skin& Food Sensitivity",drools,health_wellness,,B01IEXX5HE,https://www.amazon.in/Drools-Absolute-Skin-Tablet-Supplement/dp/B01IEXX5HE/ref=zg_bs_g_4771397031_d_sccl_7/522-4724523-7365803?psc=1,"https://images-eu.ssl-images-amazon.com/images/I/61s337s6ShL._AC_UL300_SR300,200_.jpg",,,,"https://images-eu.ssl-images-amazon.com/images/I/61s337s6ShL._AC_UL300_SR300,200_.jpg",6.0,0,4.2,6393.0,446.0,,,,,,0.5,0.0,73.38,rising,amazon|gtrends,2026-07-07,2026-07-07T17:09:43.172732,64,b913eaf3383a045c,"drools|drools absolute dog supplement tablet, skin+ coat 400g 110 pieces jar | turmeric",70.26,73.38,70.26,3.12,0.0,0.93,0.0,,WATCHLIST
PFDG22ZYTVUYCYGX,Drools Real Chicken Egg 10 Kg Dry Adult Dog Food,drools,dog_food,,,,,PFDG22ZYTVUYCYGX,https://www.flipkart.com/drools-real-chicken-egg-10-kg-dry-adult-dog-food/p/itmc46d111358247?pid=PFDG22ZYTVUYCYGX&lid=LSTPFDG22ZYTVUYCYGXJZDWFK&marketplace=FLIPKART&q=drools+dog+food&store=p3t%2Fea3%2F8zj&srno=s_1_6&otracker=search&fm=organic&iid=en_XOVSFvyjOTNT5WT3rKO4M6HIF7bs4VdUlhdjcRAsjwSLwg8JfFYwyfsBnFHIvtgDnAarSsZOYCVFQEvq-ygGv6iM9oIrPnsgr5qF0LGf3jWfi8Aege4OQ8c4meNrfMM4&ppt=None&ppn=None&ssid=yg62mojrq80000001783424260931&qH=38ac4fbf0eca81e5&ov_redirect=true,https://rukminim2.flixcart.com/image/312/312/xif0q/pet-food/z/u/4/10-dog-1-9951021-drools-original-imah9atkchtzdymf.jpeg?q=70,https://rukminim2.flixcart.com/image/312/312/xif0q/pet-food/z/u/4/10-dog-1-9951021-drools-original-imah9atkchtzdymf.jpeg?q=70,,0,,,,6.0,0.0,4.4,29635.0,1869.0,18.0,-3.2,73.3,rising,flipkart|gtrends,2026-07-07,2026-07-07T17:09:43.181082,65,6bf8927b83e90ffd,drools|drools real chicken egg 10 kg dry adult dog food,70.18,73.3,70.18,3.12,0.0,0.93,0.0,,WATCHLIST
PFDEG58ZGZCKFZBQ,"PEDIGREE 100% Nutrition Meat, Rice 20 kg Dry Adult Dog Food",pedigree,dog_food,,,,,PFDEG58ZGZCKFZBQ,https://www.flipkart.com/pedigree-100-nutrition-meat-rice-3-kg-dry-adult-dog-food/p/itm804727a8eb374?pid=PFDEG58ZGZCKFZBQ&lid=LSTPFDEG58ZGZCKFZBQLVP1I0&marketplace=FLIPKART&q=dog+food&store=p3t%2Fea3%2F8zj&srno=s_1_6&otracker=search&fm=organic&iid=en_QhKca4nkYYOegTQrduDDLS4EXKpZIMlPKdzKMVaU3BBqGvvoMsH3i_180ShCi1y6wjW-1D5wKLI5gLd9PUaKBs1w14CoLPzblVbCp3MvwfZ1BXYhXS-sldQsm4WRBuvC&ppt=None&ppn=None&ssid=lgrgkfgnxc0000001783424247932&qH=c53c2ce8b3bccaa1&ov_redirect=true,https://rukminim2.flixcart.com/image/312/312/xif0q/pet-food/a/g/f/-original-imahjayzmrzcghzh.jpeg?q=70,https://rukminim2.flixcart.com/image/312/312/xif0q/pet-food/a/g/f/-original-imahjayzmrzcghzh.jpeg?q=70,,0,,,,6.0,0.0,4.4,54125.0,672.0,18.0,-3.2,73.3,rising,flipkart|gtrends,2026-07-07,2026-07-07T17:09:43.179701,66,4a887c584af2a94c,"pedigree|pedigree 100% nutrition meat, rice 20 kg dry adult dog food",70.18,73.3,70.18,3.12,0.0,0.93,0.0,,WATCHLIST
PFDFUNMSGEVWTKKC,Me-O JP Pet Products Mackrel-1.2kg Mackerel 1.2 kg Dry Adult Cat Food,me-o,cat_food,,,,,PFDFUNMSGEVWTKKC,https://www.flipkart.com/me-o-jp-pet-products-mackrel-1-2kg-mackerel-1-2-kg-dry-adult-cat-food/p/itm111422e0fd1bc?pid=PFDFUNMSGEVWTKKC&lid=LSTPFDFUNMSGEVWTKKCCV4240&marketplace=FLIPKART&q=meo+cat+food&store=p3t%2F0mo%2Foiv&srno=s_1_1&otracker=search&fm=organic&iid=8a0975ac-f6d1-49ba-a9a5-4c6a973ead86.PFDFUNMSGEVWTKKC.SEARCH&ppt=None&ppn=None&ssid=kuu7d4pgps0000001783424273731&qH=c9e60ce57aa2b156&ov_redirect=true&ov_redirect=true,https://rukminim2.flixcart.com/image/612/612/xif0q/pet-food/h/t/4/1-2-cat-1-mackrel-1-2kg-me-o-original-imahh2kad9ygsy5n.jpeg?q=70,https://rukminim2.flixcart.com/image/612/612/xif0q/pet-food/h/t/4/1-2-cat-1-mackrel-1-2kg-me-o-original-imahh2kad9ygsy5n.jpeg?q=70,,0,,,,1.0,0.0,4.5,,515.0,21.67,-0.67,73.09,rising,flipkart|gtrends,2026-07-07,2026-07-07T17:09:43.183716,67,092a64b432e65e27,me-o|me-o jp pet products mackrel-1.2kg mackerel 1.2 kg dry adult cat food,69.97,73.09,69.97,3.12,0.0,0.92,0.0,,WATCHLIST
B071Y3YRZ3,Amazon Basics Tie-Out Cable/ Leash for Dogs Up to 57 kg | 30 Feet | Red | Large Size | Durable Metal Clips for Quick and Easy,amazon basics,collars_leashes,,B071Y3YRZ3,https://www.amazon.in/AmazonBasics-Tie-Out-Cable-Leash-Dogs/dp/B071Y3YRZ3/ref=zg_bs_g_4771392031_d_sccl_6/522-4724523-7365803?psc=1,"https://images-eu.ssl-images-amazon.com/images/I/71174zxkimL._AC_UL300_SR300,200_.jpg",,,,"https://images-eu.ssl-images-amazon.com/images/I/71174zxkimL._AC_UL300_SR300,200_.jpg",6.0,0,4.3,28352.0,399.0,,,,,,5.0,-3.0,73.06,rising,amazon|gtrends,2026-07-07,2026-07-07T17:09:43.175968,68,20d33b58a09c1a00,amazon basics|amazon basics tie-out cable/ leash for dogs up to 57 kg | 30 feet | red | large ,69.94,73.06,69.94,3.12,0.0,0.92,0.0,,WATCHLIST
B01IEXX5M4,"Drools Absolute Dog Supplement Tablets 400g, 110 Pieces Jar | Vitamin Flavour | Supports Growth | Maintains Healthy Body Cond",drools,health_wellness,,B01IEXX5M4,https://www.amazon.in/Drools-Absolute-Vitamin-Tablet-Supplement/dp/B01IEXX5M4/ref=zg_bs_g_4771397031_d_sccl_8/522-4724523-7365803?psc=1,"https://images-eu.ssl-images-amazon.com/images/I/61gngaiA2jL._AC_UL300_SR300,200_.jpg",,,,"https://images-eu.ssl-images-amazon.com/images/I/61gngaiA2jL._AC_UL300_SR300,200_.jpg",7.0,0,4.4,4910.0,446.0,,,,,,0.5,0.0,72.94,rising,amazon|gtrends,2026-07-07,2026-07-07T17:09:43.172795,69,1e71ce03bb1aebcd,"drools|drools absolute dog supplement tablets 400g, 110 pieces jar | vitamin flavour | ",69.82,72.94,69.82,3.12,0.0,0.92,0.0,,WATCHLIST
PFDH4MFFHWGV8DGQ,Drools Chicken Liver Chunks and Real Chicken 0.72 kg (12x0.06 kg) Wet Young Dog Food,drools,dog_food,,,,,PFDH4MFFHWGV8DGQ,https://www.flipkart.com/drools-chicken-liver-chunks-real-0-72-kg-12x0-06-kg-wet-young-dog-food/p/itm5bc7907385205?pid=PFDH4MFFHWGV8DGQ&lid=LSTPFDH4MFFHWGV8DGQZLR9TM&marketplace=FLIPKART&q=drools+dog+food&store=p3t%2Fea3%2F8zj&srno=s_1_3&otracker=search&fm=organic&iid=f8b07989-357d-477e-8458-731b5e3795f0.PFDH4MFFHWGV8DGQ.SEARCH&ppt=None&ppn=None&ssid=yg62mojrq80000001783424260931&qH=38ac4fbf0eca81e5&ov_redirect=true,https://rukminim2.flixcart.com/image/312/312/xif0q/pet-food/k/k/6/-original-imahz8zbyxygsyhy.jpeg?q=70,https://rukminim2.flixcart.com/image/312/312/xif0q/pet-food/k/k/6/-original-imahz8zbyxygsyhy.jpeg?q=70,,0,,,,3.0,0.0,4.4,690.0,270.0,18.0,-3.2,72.93,rising,flipkart|gtrends,2026-07-07,2026-07-07T17:09:43.179654,70,60b9775315f5e188,drools|drools chicken liver chunks and real chicken 0.72 kg (12x0.06 kg) wet young dog ,69.81,72.93,69.81,3.12,0.0,0.92,0.0,,WATCHLIST
B0B84SH7SN,"Foodie Puppies Latex Rubber Squeaky Dog Chew Ball Toy - (Claw Ball, Small) Durable and Safe Fetch Teething Dog Toy for Puppie",foodie,dog_toys,,B0B84SH7SN,https://www.amazon.in/Foodie-Puppies-Squeaky-Prickle-Bone/dp/B0B84SH7SN/ref=zg_bs_g_4771401031_d_sccl_4/522-4724523-7365803?psc=1,"https://images-eu.ssl-images-amazon.com/images/I/617NApD-SoL._AC_UL300_SR300,200_.jpg",,,,"https://images-eu.ssl-images-amazon.com/images/I/617NApD-SoL._AC_UL300_SR300,200_.jpg",4.0,0,4.1,1933.0,149.0,,,,,,3.0,0.0,72.88,rising,amazon|gtrends,2026-07-07,2026-07-07T17:09:43.162451,71,8d9f47cc0c51e417,"foodie|foodie puppies latex rubber squeaky dog chew ball toy - (claw ball, small) durab",70.38,72.88,70.38,2.5,0.0,0.93,0.0,,WATCHLIST
B07YTTHSFV,"Foodie Puppies Cat Teaser Playing Stick Wooden Cat Wand Toy for Cats and Kittens - (Mouse-Bell - 40cm), Interactive Feather T",foodie,cat_toys,,B07YTTHSFV,https://www.amazon.in/Foodie-Puppies-Playing-Feather-Interactive/dp/B07YTTHSFV/ref=zg_bs_g_4771387031_d_sccl_3/522-4724523-7365803?psc=1,"https://images-eu.ssl-images-amazon.com/images/I/61uS1ezu43L._AC_UL300_SR300,200_.jpg",,,,"https://images-eu.ssl-images-amazon.com/images/I/61uS1ezu43L._AC_UL300_SR300,200_.jpg",2.0,0,4.0,1427.0,149.0,,,,,,4.0,-6.0,72.78,rising,amazon|gtrends,2026-07-07,2026-07-07T17:09:43.163740,72,57e5475a25a1d699,foodie|foodie puppies cat teaser playing stick wooden cat wand toy for cats and kittens,70.28,72.78,70.28,2.5,0.0,0.93,0.0,,WATCHLIST
B079TTTWRX,Purepet Adult Dry Dog Food 10kg | Meat & Rice Flavour | Promotes Health & Vitality | Immune Support | Healthy Digestion,purepet,dog_food,,B079TTTWRX,https://www.amazon.in/Purepet-Meat-Rice-Adult-10kg/dp/B079TTTWRX/ref=zg_bs_g_4771395031_d_sccl_6/522-4724523-7365803?psc=1,"https://images-eu.ssl-images-amazon.com/images/I/61Qfvv9pM0L._AC_UL300_SR300,200_.jpg",,,,"https://images-eu.ssl-images-amazon.com/images/I/61Qfvv9pM0L._AC_UL300_SR300,200_.jpg",6.0,0,4.2,7348.0,1143.0,,,,,,18.0,-3.2,72.74,rising,amazon|gtrends,2026-07-07,2026-07-07T17:09:43.160335,73,bb287277677004f0,purepet|purepet adult dry dog food 10kg | meat & rice flavour | promotes health & vitali,69.62,72.74,69.62,3.12,0.0,0.92,0.0,,WATCHLIST
PDPGZNHPG8AC2HZ4,Medfly Healthcare Natural Enzyme & Probiotic Based Dewormer for Dog -(Pack of 2) Pet Dewormer,medfly,health_wellness,,,,,PDPGZNHPG8AC2HZ4,https://www.flipkart.com/medfly-healthcare-natural-enzyme-probiotic-based-dewormer-dog-pet/p/itm15fdd06c34b0b?pid=PDPGZNHPG8AC2HZ4&lid=LSTPDPGZNHPG8AC2HZ4KTUS1B&marketplace=FLIPKART&q=deworming+tablet+for+dogs&store=p3t%2Fcez%2Ff1s&srno=s_1_3&otracker=search&fm=organic&iid=101f3f01-1c8d-4ad6-8f20-6229cec84ed6.PDPGZNHPG8AC2HZ4.SEARCH&ppt=None&ppn=None&ssid=n00fqm3w740000001783424332770&qH=99cf2e3fe6ca4eb0&ov_redirect=true&ov_redirect=true,https://rukminim2.flixcart.com/image/612/612/xif0q/pet-dewormer/e/g/y/20-natural-enzyme-probiotic-based-dewormer-for-dog-medfly-original-imahmqfrbqtvvxz6.jpeg?q=70,https://rukminim2.flixcart.com/image/612/612/xif0q/pet-dewormer/e/g/y/20-natural-enzyme-probiotic-based-dewormer-for-dog-medfly-original-imahmqfrbqtvvxz6.jpeg?q=70,,0,,,,1.0,0.0,4.3,,347.0,0.5,0.0,72.66,rising,flipkart|gtrends,2026-07-07,2026-07-07T17:09:43.198481,74,207aed0a49bd13af,medfly|medfly healthcare natural enzyme & probiotic based dewormer for dog -(pack of 2),69.54,72.66,69.54,3.12,0.0,0.92,0.0,,WATCHLIST
PSOGHM3ZRYXCVGHR,"HIMALAYA Erina-EP Shampoo Flea and Tick Lemon Dog, Cat Shampoo",himalaya,grooming,,,,,PSOGHM3ZRYXCVGHR,https://www.flipkart.com/himalaya-erina-ep-shampoo-flea-tick-lemon-dog-cat/p/itm50bf73ce55837?pid=PSOGHM3ZRYXCVGHR&lid=LSTPSOGHM3ZRYXCVGHREGVWK1&marketplace=FLIPKART&q=dog+shampoo&store=p3t%2Fixl%2Fosh&srno=s_1_1&otracker=search&fm=organic&iid=en_PCO_vuFEqDWxkeLAWrBOw8DlINgysNP5cKHjpH9dFYdEE3bcT50JsAIfO9Ysu7Wy1W9KDedjGtkm0QRANiyH6NSHnCdwmC61OLLsbzZnxnhD1byuFxbye7fUp7wq0Hh5&ppt=None&ppn=None&ssid=1pizov16ps0000001783424297200&qH=8d82257ae22a2792&ov_redirect=true&ov_redirect=true,https://rukminim2.flixcart.com/image/612/612/xif0q/pet-shampoo/a/1/j/-enriched-transparent-original-imahf3grwgj8nhcq.png?q=70,https://rukminim2.flixcart.com/image/612/612/xif0q/pet-shampoo/a/1/j/-enriched-transparent-original-imahf3grwgj8nhcq.png?q=70,,0,,,,1.0,0.0,4.4,,549.0,13.5,-1.5,72.64,rising,flipkart|gtrends,2026-07-07,2026-07-07T17:09:43.190165,75,6fea9474a12b39c1,"himalaya|himalaya erina-ep shampoo flea and tick lemon dog, cat shampoo",69.52,72.64,69.52,3.12,0.0,0.92,0.0,,WATCHLIST
B0C5XLK1TZ,"Amazon Basics Premium Soft Velvet Pet Hut House | For Cats, Kittens and Small Dogs | With Reversible Cushion | Washable Cozy",amazon basics,beds_accessories,,B0C5XLK1TZ,https://www.amazon.in/AmazonBasics-Premium-Velvet-Kittens-House/dp/B0C5XLK1TZ/ref=zg_bs_g_4771390031_d_sccl_3/522-4724523-7365803?psc=1,"https://images-eu.ssl-images-amazon.com/images/I/81ldRIBMPiL._AC_UL300_SR300,200_.jpg",,,,"https://images-eu.ssl-images-amazon.com/images/I/81ldRIBMPiL._AC_UL300_SR300,200_.jpg",3.0,0,4.0,1455.0,769.0,,,,,,20.5,-2.0,72.61,rising,amazon|gtrends,2026-07-07,2026-07-07T17:09:43.169188,76,c9db09b02ecbc307,"amazon basics|amazon basics premium soft velvet pet hut house | for cats, kittens and small do",70.11,72.61,70.11,2.5,0.0,0.93,0.0,,WATCHLIST
B0D7MWXTSM,"SETON Unisex Pet Clippers Set for Dogs and Cats, Low Noise Electric Trimmer with LED Light, Rechargeable and Stainless Steel",seton,grooming,,B0D7MWXTSM,https://www.amazon.in/SETON-Pet-Clippers-Dogs-Cats/dp/B0D7MWXTSM/ref=zg_bs_g_4771383031_d_sccl_3/522-4724523-7365803?psc=1,"https://images-eu.ssl-images-amazon.com/images/I/61nNu6gm-YL._AC_UL300_SR300,200_.jpg",,,,"https://images-eu.ssl-images-amazon.com/images/I/61nNu6gm-YL._AC_UL300_SR300,200_.jpg",2.0,0,4.3,147.0,589.0,,,,,,13.5,-1.5,72.57,rising,amazon|gtrends,2026-07-07,2026-07-07T17:09:43.167273,77,9ca1578de6a21f60,"seton|seton unisex pet clippers set for dogs and cats, low noise electric trimmer with",69.45,72.57,69.45,3.12,0.0,0.92,0.0,,WATCHLIST
PTTFHYU2JNQQKDWN,PEDIGREE Biscrok Biscuits (Above 4 months) Chicken Dog Treat,pedigree,training,,,,,PTTFHYU2JNQQKDWN,https://www.flipkart.com/pedigree-biscrok-biscuits-above-4-months-chicken-dog-treat/p/itmfhyu2usmezqpw?pid=PTTFHYU2JNQQKDWN&lid=LSTPTTFHYU2JNQQKDWNIMIS9N&marketplace=FLIPKART&q=dog+training+treats&store=p3t%2Fea3%2Fnva&srno=s_1_7&otracker=search&fm=organic&iid=25f5e471-619f-4ddd-b027-4bce8ed3004f.PTTFHYU2JNQQKDWN.SEARCH&ppt=None&ppn=None&ssid=wov3prijog0000001783424351807&qH=a29335f69d7964db&ov_redirect=true,https://rukminim2.flixcart.com/image/312/312/xif0q/pet-treat/p/g/6/-enriched-transparent-original-imahgdgpzngyhnxb.png?q=70,https://rukminim2.flixcart.com/image/312/312/xif0q/pet-treat/p/g/6/-enriched-transparent-original-imahgdgpzngyhnxb.png?q=70,,0,,,,7.0,0.0,4.4,12590.0,170.0,0.5,-2.0,72.54,rising,flipkart|gtrends,2026-07-07,2026-07-07T17:09:43.203823,78,3629d5f8b0d9299a,pedigree|pedigree biscrok biscuits (above 4 months) chicken dog treat,69.42,72.54,69.42,3.12,0.0,0.92,0.0,,WATCHLIST
PEBH45QQWZZ85DDV,Zexsazone Pet Bed for Cats and Puppies Dogs S Pet Bed,zexsazone,beds_accessories,,,,,PEBH45QQWZZ85DDV,https://www.flipkart.com/zexsazone-pet-bed-cats-puppies-dogs-s/p/itm702b58fb55a3c?pid=PEBH45QQWZZ85DDV&lid=LSTPEBH45QQWZZ85DDVMATZOK&marketplace=FLIPKART&q=cat+bed&store=search.flipkart.com&srno=s_1_1&otracker=search&fm=organic&iid=en_HFLgcwQlYSdSR3RTgjxhnXQJsGvu8JWim9SqJzA4qbp5TrivXDPQD93EmugO-E99MvF9bJuqgDsWADRYIHrxonzcW19md5pKqG5Lm2mDHGOUBQ2D8jrYwDEi4Mw8Tkjv&ppt=None&ppn=None&ssid=uq8xefjfcg0000001783424311869&qH=0434bf5b1b52fdd8&ov_redirect=true&ov_redirect=true,https://rukminim2.flixcart.com/image/612/612/xif0q/pet-bed/y/u/a/s-pet-bed-for-cats-and-puppies-dogs-zexsazone-original-imahkq7uzzrng9ht.jpeg?q=70,https://rukminim2.flixcart.com/image/612/612/xif0q/pet-bed/y/u/a/s-pet-bed-for-cats-and-puppies-dogs-zexsazone-original-imahkq7uzzrng9ht.jpeg?q=70,,0,,,,1.0,0.0,4.4,,449.0,20.5,-2.0,72.54,rising,flipkart|gtrends,2026-07-07,2026-07-07T17:09:43.193829,79,874e565cb3777673,zexsazone|zexsazone pet bed for cats and puppies dogs s pet bed,69.42,72.54,69.42,3.12,0.0,0.92,0.0,,WATCHLIST
PTYHNWHGHNXYUZRP,BROWNLADY Interactive Rolling Chewie Ball for Cats & Dogs Silicone Ball For Dog & Cat,brownlady,cat_toys,,,,,PTYHNWHGHNXYUZRP,https://www.flipkart.com/brownlady-interactive-rolling-chewie-ball-cats-dogs-silicone-dog-cat/p/itm56abf4cceeeea?pid=PTYHNWHGHNXYUZRP&lid=LSTPTYHNWHGHNXYUZRPNQXWZI&marketplace=FLIPKART&q=interactive+cat+toy&store=p3t&srno=s_1_2&otracker=search&fm=organic&iid=en_O1C8HtB0IjQQ-oR1jQZaPrgaEMfbbv6oDiGohR0hI7us_74RE9--tN07TQH37pOAVqnUi5Sof0h25GWcSTkUKr1jhG6Hsq3YfzdE4T8SyI4mOHbCOy68vWLs4jWRT-Uk&ppt=None&ppn=None&ssid=keh8997g2o0000001783424292071&qH=6f2caafe5fdbc2f8&ov_redirect=true&ov_redirect=true,https://rukminim2.flixcart.com/image/612/612/xif0q/pet-toy/e/9/z/1-pjctb100-pet-joy-original-imah878yw2snns7b.jpeg?q=70,https://rukminim2.flixcart.com/image/612/612/xif0q/pet-toy/e/9/z/1-pjctb100-pet-joy-original-imah878yw2snns7b.jpeg?q=70,,0,,,,2.0,0.0,5.0,,221.0,4.0,-6.0,72.42,rising,flipkart|gtrends,2026-07-07,2026-07-07T17:09:43.189093,80,8a5e9dc2559b1740,brownlady|brownlady interactive rolling chewie ball for cats & dogs silicone ball for dog ,69.3,72.42,69.3,3.12,0.0,0.92,0.0,,WATCHLIST
B07N8VXPYM,Virbac Nutrition Nutrich Tablets Supplement of vitamins And Minerals For Dog And Cat Pet Health Supplements,virbac,health_wellness,,B07N8VXPYM,https://www.amazon.in/Virbac-Nutrich-Minerals-Vitamins-Supplement/dp/B07N8VXPYM/ref=zg_bs_g_4771397031_d_sccl_20/522-4724523-7365803?psc=1,"https://images-eu.ssl-images-amazon.com/images/I/6197+lkgGwL._AC_UL300_SR300,200_.jpg",PHSGYHYYEGENZYHH,https://www.flipkart.com/virbac-nutrition-nutrich-tablets-supplement-vitamins-minerals-dog-cat-pet-health-supplements/p/itmc1387720b5ac6?pid=PHSGYHYYEGENZYHH&lid=LSTPHSGYHYYEGENZYHHUTV9Q3&marketplace=FLIPKART&q=dog+supplements&store=p3t%2Fea3%2F0ua&srno=s_1_9&otracker=search&fm=organic&iid=62e4164b-bda9-434c-b7cf-78c40b73a58c.PHSGYHYYEGENZYHH.SEARCH&ppt=None&ppn=None&ssid=wrhwgc46z40000001783424320687&qH=173b9a8368e4e00d&ov_redirect=true&ov_redirect=true,https://rukminim2.flixcart.com/image/612/612/xif0q/pet-health-supplement/a/a/5/1-nutrition-nutrich-tablets-supplement-of-vitamins-and-minerals-original-imahed8ynjxgkcwv.jpeg?q=70,"https://images-eu.ssl-images-amazon.com/images/I/6197+lkgGwL._AC_UL300_SR300,200_.jpg",18.0,0,4.6,647.0,397.0,9.0,,4.2,,412.0,0.5,0.0,72.42,rising,amazon|flipkart|gtrends,2026-07-07,2026-07-07T17:09:43.173421,81,8a02f11f1f77a4b9,virbac|virbac nutrition nutrich tablets supplement of vitamins and minerals for dog and,67.42,72.42,67.42,5.0,0.0,0.99,0.0,CROSS_PLATFORM_VISIBLE,WATCHLIST
PTYGZVDGZQGDYVFG,"decorvaiz Toys for Puppies & Small Dogs Toys | Rope Ball Toy | Color May Vary | Cotton, Rubber Ball, Bone, Chew Toy, Rubber Toy, Chew Toy, Training Aid, Tug Toy For Dog",decorvaiz,dog_toys,,,,,PTYGZVDGZQGDYVFG,https://www.flipkart.com/decorvaiz-toys-puppies-small-dogs-rope-ball-toy-cotton-rubber-ball-bone-chew-toy-squeaky-training-aid-tug-dog/p/itm455003a6b99f9?pid=PTYGZVDGZQGDYVFG&lid=LSTPTYGZVDGZQGDYVFGHUA26D&marketplace=FLIPKART&q=dog+toys&store=search.flipkart.com&srno=s_1_1&otracker=search&fm=organic&iid=en_gHzQJMae_tGFBP10eGOpYk-CyXuLcZx2YC67D8ZHQ6CpKkqqhyw4Y-cEWrbzqL4ouJ1DdkMCWmRXdixlf5_NPO7r21P-h15DWKoJ3LMzRx03H8gPsHYlOzQeVQta_bdH&ppt=None&ppn=None&ssid=kznhsbimtc0000001783424276401&qH=656c5ee0f079e36b&ov_redirect=true&ov_redirect=true,https://rukminim2.flixcart.com/image/612/612/xif0q/pet-toy/x/h/p/6-dtspckof6toys-decorvaiz-original-imahd7ckfwqkssjc.jpeg?q=70,https://rukminim2.flixcart.com/image/612/612/xif0q/pet-toy/x/h/p/6-dtspckof6toys-decorvaiz-original-imahd7ckfwqkssjc.jpeg?q=70,,0,,,,1.0,0.0,4.2,,138.0,3.0,0.0,72.38,rising,flipkart|gtrends,2026-07-07,2026-07-07T17:09:43.184394,82,a2342a24a9a42590,decorvaiz|decorvaiz toys for puppies & small dogs toys | rope ball toy | color may vary | ,69.26,72.38,69.26,3.12,0.0,0.92,0.0,,WATCHLIST
PFDFBFH4NGWWCGZD,Whiskas (1+ Years) Chicken 4.48 kg (56x0.08 kg) Wet Adult Cat Food,whiskas,cat_food,,,,,PFDFBFH4NGWWCGZD,https://www.flipkart.com/whiskas-1-years-chicken-4-48-kg-56x0-08-kg-wet-adult-cat-food/p/itmbe2640104a466?pid=PFDFBFH4NGWWCGZD&lid=LSTPFDFBFH4NGWWCGZDONTYZ9&marketplace=FLIPKART&q=whiskas+cat+food&store=p3t%2F0mo%2Foiv&srno=s_1_2&otracker=search&fm=organic&iid=en_KVrqAj1gEdBr6ZBiqQXUYFdhhqLYS48FjwD0xKBRsvgBFLbgboQE5UjF255R2toyxWabEMM_9vGXnGNuQQn0_82a3sFa-FBW0T3W13Z-lSYcCfdXIAApDcxiU_zttzNO&ppt=None&ppn=None&ssid=yzr2xmfm9c0000001783424268608&qH=46a274706d720cac&ov_redirect=true&ov_redirect=true,https://rukminim2.flixcart.com/image/612/612/xif0q/pet-food/k/u/r/-original-imaheszf2gygvzuz.jpeg?q=70,https://rukminim2.flixcart.com/image/612/612/xif0q/pet-food/k/u/r/-original-imaheszf2gygvzuz.jpeg?q=70,,0,,,,2.0,0.0,4.6,,2380.0,21.67,-0.67,72.37,rising,flipkart|gtrends,2026-07-07,2026-07-07T17:09:43.182738,83,b6a0d7bdfaa8d654,whiskas|whiskas (1+ years) chicken 4.48 kg (56x0.08 kg) wet adult cat food,69.25,72.37,69.25,3.12,0.0,0.92,0.0,,WATCHLIST
B08FJ655HL,"Depets Self Cleaning Slicker Brush, Pet Grooming Shedding Brush for Dogs and Cats - Easy to Remove Loose Undercoat, Pet Massa",depets,grooming,,B08FJ655HL,https://www.amazon.in/Depets-Cleaning-Slicker-Grooming-Shedding/dp/B08FJ655HL/ref=zg_bs_g_4771396031_d_sccl_7/522-4724523-7365803?psc=1,"https://images-eu.ssl-images-amazon.com/images/I/61qjyzM3+BL._AC_UL300_SR300,200_.jpg",,,,"https://images-eu.ssl-images-amazon.com/images/I/61qjyzM3+BL._AC_UL300_SR300,200_.jpg",7.0,0,4.3,20680.0,149.0,,,,,,13.5,-1.5,72.36,rising,amazon|gtrends,2026-07-07,2026-07-07T17:09:43.165632,84,debc663b6bca1033,"depets|depets self cleaning slicker brush, pet grooming shedding brush for dogs and cat",69.24,72.36,69.24,3.12,0.0,0.92,0.0,,WATCHLIST
PFDFB24FXUGR8PF9,Drools (3+ 1.2 kg) Egg & Real Chicken 4.2 kg (2x2.1 kg) Dry Adult Dog Food,drools,dog_food,,,,,PFDFB24FXUGR8PF9,https://www.flipkart.com/drools-3-1-2-kg-egg-real-chicken-4-2-kg-2x2-1-dry-adult-dog-food/p/itm08656df820977?pid=PFDFB24FXUGR8PF9&lid=LSTPFDFB24FXUGR8PF9WGZ6XH&marketplace=FLIPKART&q=drools+dog+food&store=p3t%2Fea3%2F8zj&srno=s_1_7&otracker=search&fm=organic&iid=f8b07989-357d-477e-8458-731b5e3795f0.PFDFB24FXUGR8PF9.SEARCH&ppt=None&ppn=None&ssid=yg62mojrq80000001783424260931&qH=38ac4fbf0eca81e5&ov_redirect=true,https://rukminim2.flixcart.com/image/312/312/xif0q/pet-food/z/c/x/-original-imahmjndfzgzqjbn.jpeg?q=70,https://rukminim2.flixcart.com/image/312/312/xif0q/pet-food/z/c/x/-original-imahmjndfzgzqjbn.jpeg?q=70,,0,,,,7.0,0.0,4.4,29635.0,833.0,18.0,-3.2,72.3,rising,flipkart|gtrends,2026-07-07,2026-07-07T17:09:43.181991,85,1e05a5d05c7f2bff,drools|drools (3+ 1.2 kg) egg & real chicken 4.2 kg (2x2.1 kg) dry adult dog food,69.18,72.3,69.18,3.12,0.0,0.92,0.0,,WATCHLIST
PSOHMSTE9HYSFG6U,"Fur Ball Story Dermaprove Ayurvedic Herbal Formula Dog Shampoo Rosemary, Neem Oil & Aloevera Itch Relief, Anti-dandruff, Anti-Bacterial, Anti-fungal, Anti-microbial Mild Dog Shampoo",fur,grooming,,,,,PSOHMSTE9HYSFG6U,https://www.flipkart.com/fur-ball-story-dermaprove-ayurvedic-herbal-formula-dog-shampoo-rosemary-neem-oil-aloevera-itch-relief-anti-dandruff-anti-bacterial-anti-fungal-anti-microbial-mild/p/itmaf5d33ace089b?pid=PSOHMSTE9HYSFG6U&lid=LSTPSOHMSTE9HYSFG6UQ8KTVV&marketplace=FLIPKART&q=dog+shampoo&store=p3t%2Fixl%2Fosh&srno=s_1_2&otracker=search&fm=organic&iid=en_PCO_vuFEqDWxkeLAWrBOw8DlINgysNP5cKHjpH9dFYf2HqInDAdzN3cwqPalo7SFafSUlb3RD1npSryshJWqmB23dSB97YIIyVL5RQ1t_W9D1byuFxbye7fUp7wq0Hh5&ppt=None&ppn=None&ssid=1pizov16ps0000001783424297200&qH=8d82257ae22a2792&ov_redirect=true&ov_redirect=true,https://rukminim2.flixcart.com/image/612/612/xif0q/pet-shampoo/u/7/v/200-dermaprove-vet-recommended-ayurvedic-antifungal-rosemary-oil-original-imahmstcy2npujpf.jpeg?q=70,https://rukminim2.flixcart.com/image/612/612/xif0q/pet-shampoo/u/7/v/200-dermaprove-vet-recommended-ayurvedic-antifungal-rosemary-oil-original-imahmstcy2npujpf.jpeg?q=70,,0,,,,2.0,0.0,4.6,,249.0,13.5,-1.5,72.2,rising,flipkart|gtrends,2026-07-07,2026-07-07T17:09:43.190240,86,fca6682dfd09825c,"fur|fur ball story dermaprove ayurvedic herbal formula dog shampoo rosemary, neem oi",69.08,72.2,69.08,3.12,0.0,0.92,0.0,,WATCHLIST
PFDGQ4XYXVNEPMP5,Aviean International 1.4 Kg Dog Biscuit (0.7Kg+0.7Kg) Combo Pack Baked Chicken Biscuit Puppy Treats Ch...,aviean,dog_food,,,,,PFDGQ4XYXVNEPMP5,https://www.flipkart.com/aviean-international-1-4-kg-dog-biscuit-0-7kg-0-7kg-combo-pack-baked-chicken-puppy-treats-2x0-7-kg-dry-new-born-young-adult-senior-food/p/itmb58b77a8974c3?pid=PFDGQ4XYXVNEPMP5&lid=LSTPFDGQ4XYXVNEPMP5CIFRZZ&marketplace=FLIPKART&q=puppy+food&store=p3t%2Fea3%2F8zj&spotlightTagId=default_TrendingId_p3t%2Fea3%2F8zj&srno=s_1_4&otracker=search&fm=organic&iid=bd00ce40-63e5-4628-8bfb-22760bef423a.PFDGQ4XYXVNEPMP5.SEARCH&ppt=None&ppn=None&ssid=jgnht7d6n40000001783424250669&qH=1b10931195d885ee&ov_redirect=true,https://rukminim2.flixcart.com/image/312/312/xif0q/pet-food/h/g/u/1-4-dog-2-mark-23-aviean-international-original-imahm3y8rfgeezbq.jpeg?q=70,https://rukminim2.flixcart.com/image/312/312/xif0q/pet-food/h/g/u/1-4-dog-2-mark-23-aviean-international-original-imahm3y8rfgeezbq.jpeg?q=70,,0,,,,4.0,0.0,4.0,2141.0,147.0,18.0,-3.2,72.19,rising,flipkart|gtrends,2026-07-07,2026-07-07T17:09:43.179771,87,cdbeecb7014662c7,aviean|aviean international 1.4 kg dog biscuit (0.7kg+0.7kg) combo pack baked chicken b,69.69,72.19,69.69,2.5,0.0,0.92,0.0,,WATCHLIST
B09VZ668G2,"Zoivane Smooth and Shine Cat Shampoo for Pet | Aloe Vera Natural Herbs | 200 ML Pack 2 Allergy Relief, Anti-microbial, Conditioning, Whitening and Color Enhancing Vanilla and Almond Cat Shampoo",zoivane,grooming,,B09VZ668G2,https://www.amazon.in/ZOIVANE-Cat-Shampoo-Smooth-Shine/dp/B09VZ668G2/ref=zg_bs_g_4771383031_d_sccl_9/522-4724523-7365803?psc=1,"https://images-eu.ssl-images-amazon.com/images/I/61vy+GZq97L._AC_UL300_SR300,200_.jpg",PSOGCUPZNCMFMUUX,https://www.flipkart.com/zoivane-smooth-shine-cat-shampoo-nourishing-pet-hair-body-wash-allergy-relief-anti-dandruff-anti-itching-conditioning-whitening-color-enhancing-rose/p/itm1dc26e9bfc637?pid=PSOGCUPZNCMFMUUX&lid=LSTPSOGCUPZNCMFMUUXSSNSUZ&marketplace=FLIPKART&q=cat+shampoo&store=p3t%2Fixl%2Fosh&srno=s_1_9&otracker=search&fm=organic&iid=b1ca53d0-beee-4dcd-aa21-6028d799340c.PSOGCUPZNCMFMUUX.SEARCH&ppt=None&ppn=None&ssid=y8f1ftke9s0000001783424299769&qH=c761a0a39d797bbe&ov_redirect=true&ov_redirect=true,https://rukminim2.flixcart.com/image/612/612/xif0q/pet-shampoo/x/n/k/200-zv-csp-200ml-zoivane-original-imahexg6numgbyw5.jpeg?q=70,"https://images-eu.ssl-images-amazon.com/images/I/61vy+GZq97L._AC_UL300_SR300,200_.jpg",7.0,0,4.2,284.0,176.0,9.0,,4.3,,158.0,13.5,-1.5,72.15,rising,amazon|flipkart|gtrends,2026-07-07,2026-07-07T17:09:43.167694,88,392d256bf5217c82,zoivane|zoivane smooth and shine cat shampoo for pet | aloe vera natural herbs | 200 ml ,67.15,72.15,67.15,5.0,0.0,0.99,0.0,CROSS_PLATFORM_VISIBLE,WATCHLIST
B09H6636YY,"MS PET HOUSE Padded Dog Training Leash 10 Ft Long Lead for Dogs 1"" Wide by 10 Ft Long Blue 305 cm Dog Strap Leash",ms,collars_leashes,,B09H6636YY,https://www.amazon.in/MS-PET-HOUSE-Training-10/dp/B09H6636YY/ref=zg_bs_g_4771392031_d_sccl_9/522-4724523-7365803?psc=1,"https://images-eu.ssl-images-amazon.com/images/I/7174awAq0wL._AC_UL300_SR300,200_.jpg",PLNGB9YHEHCRM4Z8,https://www.flipkart.com/ms-pet-house-padded-dog-training-leash-10-ft-long-lead-dogs-1-wide-blue-305-cm-strap/p/itm88e5793286255?pid=PLNGB9YHEHCRM4Z8&lid=LSTPLNGB9YHEHCRM4Z8CBDKRK&marketplace=FLIPKART&q=retractable+dog+leash&store=p3t%2Fea3%2Fpmw&srno=s_1_10&otracker=search&fm=organic&iid=6b92b321-55fd-4d89-aeb1-c48b5b66fd8f.PLNGB9YHEHCRM4Z8.SEARCH&ppt=None&ppn=None&ssid=4smcf9y8000000001783424346329&qH=bbc46b35e332125e&ov_redirect=true&ov_redirect=true,https://rukminim2.flixcart.com/image/612/612/xif0q/pet-leash-chain/1/p/q/padded-dog-leash-10-ft-blue-ms-pet-house-original-imah5jg7syytnmma.jpeg?q=70,"https://images-eu.ssl-images-amazon.com/images/I/7174awAq0wL._AC_UL300_SR300,200_.jpg",9.0,0,4.3,1360.0,299.0,10.0,,4.6,,212.0,5.0,-3.0,72.13,rising,amazon|flipkart|gtrends,2026-07-07,2026-07-07T17:09:43.176174,89,49768cb3c036667d,"ms|ms pet house padded dog training leash 10 ft long lead for dogs 1"" wide by 10 ft",67.13,72.13,67.13,5.0,0.0,0.99,0.0,CROSS_PLATFORM_VISIBLE,WATCHLIST
B000T5N94A,"Royal Canin Persian Adult Food, Dry Food, Supports Healthy Growth & Long Hair, Digestive Health, and Reduction in Hairball Fo",royal canin,cat_food,,B000T5N94A,https://www.amazon.in/Supports-Digestive-Reduction-Hairball-Formation/dp/B000T5N94A/ref=zg_bs_g_4771382031_d_sccl_14/522-4724523-7365803?psc=1,"https://images-eu.ssl-images-amazon.com/images/I/61sHaP2sqBL._AC_UL300_SR300,200_.jpg",,,,"https://images-eu.ssl-images-amazon.com/images/I/61sHaP2sqBL._AC_UL300_SR300,200_.jpg",8.0,0,4.5,4259.0,2376.0,,,,,,21.67,-0.67,72.09,rising,amazon|gtrends,2026-07-07,2026-07-07T17:09:43.161797,90,a5b288b4b2b40e4b,"royal canin|royal canin persian adult food, dry food, supports healthy growth & long hair, d",68.97,72.09,68.97,3.12,0.0,0.92,0.0,,WATCHLIST
B0B63HVL63,"Foodie Puppies Monkey Crinkle Paper Rope Plush Toy for Dogs | Non-Toxic, Soft, Stuffed Interactive Cute Squeaky, Teething Rop",foodie,dog_toys,,B0B63HVL63,https://www.amazon.in/Foodie-Puppies-Monkey-Plush-Toy/dp/B0B63HVL63/ref=zg_bs_g_4771401031_d_sccl_6/522-4724523-7365803?psc=1,"https://images-eu.ssl-images-amazon.com/images/I/819CL1wacfL._AC_UL300_SR300,200_.jpg",,,,"https://images-eu.ssl-images-amazon.com/images/I/819CL1wacfL._AC_UL300_SR300,200_.jpg",5.0,0,4.5,687.0,399.0,,,,,,3.0,0.0,71.84,rising,amazon|gtrends,2026-07-07,2026-07-07T17:09:43.162523,91,983adbd6bca33322,"foodie|foodie puppies monkey crinkle paper rope plush toy for dogs | non-toxic, soft, s",68.72,71.84,68.72,3.12,0.0,0.92,0.0,,WATCHLIST
B0DSG7G27R,"Pawpro Adjustable Nylon Dog Collar with Secure D-Ring from Small - Medium to Large Breeds (Brown, Large)",pawpro,collars_leashes,,B0DSG7G27R,https://www.amazon.in/Pawpro-Adjustable-Collar-Secure-D-Ring/dp/B0DSG7G27R/ref=zg_bs_g_4771392031_d_sccl_3/522-4724523-7365803?psc=1,"https://images-eu.ssl-images-amazon.com/images/I/71JDZ1uGD2L._AC_UL300_SR300,200_.jpg",,,,"https://images-eu.ssl-images-amazon.com/images/I/71JDZ1uGD2L._AC_UL300_SR300,200_.jpg",3.0,0,4.1,840.0,199.0,,,,,,5.0,-3.0,71.78,rising,amazon|gtrends,2026-07-07,2026-07-07T17:09:43.175841,92,239fb3bee4fd7602,pawpro|pawpro adjustable nylon dog collar with secure d-ring from small - medium to lar,69.28,71.78,69.28,2.5,0.0,0.92,0.0,,WATCHLIST
B019K89WTC,Drools Adult Dry Dog Food 10kg | Chicken Flavour | Optimum Protein & Energy Ratio | High-Grade Protein with Vitamins & Minera,drools,dog_food,,B019K89WTC,https://www.amazon.in/Drools-Optimum-Performance-Adult-Food/dp/B019K89WTC/ref=zg_bs_g_4771395031_d_sccl_7/522-4724523-7365803?psc=1,"https://images-eu.ssl-images-amazon.com/images/I/716muWbBS5L._AC_UL300_SR300,200_.jpg",,,,"https://images-eu.ssl-images-amazon.com/images/I/716muWbBS5L._AC_UL300_SR300,200_.jpg",7.0,0,4.2,8653.0,1281.0,,,,,,18.0,-3.2,71.74,rising,amazon|gtrends,2026-07-07,2026-07-07T17:09:43.160382,93,db6d8d4f422b7ec7,drools|drools adult dry dog food 10kg | chicken flavour | optimum protein & energy rati,68.62,71.74,68.62,3.12,0.0,0.92,0.0,,WATCHLIST
STFH7F6YHFCYRD3A,"Super Toy Cute Sleeping Cat Plush Toy with Meow Sound, Kids Gift & Car Dashboard Accessory - 5.7 cm",me-o,cat_toys,,,,,STFH7F6YHFCYRD3A,https://www.flipkart.com/super-toy-cute-sleeping-cat-plush-meow-sound-kids-gift-car-dashboard-accessory-5-7-cm/p/itmed872f1ba2635?pid=STFH7F6YHFCYRD3A&lid=LSTSTFH7F6YHFCYRD3AVHE8TM&marketplace=FLIPKART&q=cat+toys&store=tng&srno=s_1_1&otracker=search&fm=organic&iid=en_IzWFNLIKqIzZcTtcUsSXALfkuTTlz48es0czt3AiXTjfFl1qlQRhexV9L7BSSQC27Gy1LzhfS6Q66xYtp6xI5ijrxS4FedM5mHqfRPYdzEIAP_QWpy2gjniOCiPDO9ky&ppt=None&ppn=None&ssid=aofj69zshs0000001783424286813&qH=4372de0f4359aa53&ov_redirect=true&ov_redirect=true,https://rukminim2.flixcart.com/image/612/612/xif0q/showpiece-figurine/1/8/t/3-14-sleeping-cute-cat-for-car-dashboard-and-home-decor-original-imah4f7cctkgs7qy.jpeg?q=70,https://rukminim2.flixcart.com/image/612/612/xif0q/showpiece-figurine/1/8/t/3-14-sleeping-cute-cat-for-car-dashboard-and-home-decor-original-imah4f7cctkgs7qy.jpeg?q=70,,0,,,,1.0,0.0,4.4,,268.0,4.0,-6.0,71.74,rising,flipkart|gtrends,2026-07-07,2026-07-07T17:09:43.187728,94,ef82e3c2e9559542,"me-o|super toy cute sleeping cat plush toy with meow sound, kids gift & car dashboard",68.62,71.74,68.62,3.12,0.0,0.92,0.0,,WATCHLIST
B0DW42X1YX,"Qpets Cat Harness with Leash for Kittens with Quick Release Buckle, Escape-Proof Cute Flower Cat Belt for Outdoor Walking &",qpets,collars_leashes,,B0DW42X1YX,https://www.amazon.in/Harness-Kittens-Release-Escape-Proof-Outdoor/dp/B0DW42X1YX/ref=zg_bs_g_4771379031_d_sccl_3/522-4724523-7365803?psc=1,"https://images-eu.ssl-images-amazon.com/images/I/51hhSgAil2L._AC_UL300_SR300,200_.jpg",,,,"https://images-eu.ssl-images-amazon.com/images/I/51hhSgAil2L._AC_UL300_SR300,200_.jpg",3.0,0,4.2,326.0,258.0,,,,,,5.0,-3.0,71.59,rising,amazon|gtrends,2026-07-07,2026-07-07T17:09:43.177836,95,131c5e189a8f6c38,"qpets|qpets cat harness with leash for kittens with quick release buckle, escape-proof",68.47,71.59,68.47,3.12,0.0,0.92,0.0,,WATCHLIST
PFDHBGASPQ5HHUSE,Me-O meo tuna Tuna 1.2 kg Dry Adult Cat Food,me-o,cat_food,,,,,PFDHBGASPQ5HHUSE,https://www.flipkart.com/me-o-meo-tuna-1-2-kg-dry-adult-cat-food/p/itm3bd2dc4db628e?pid=PFDHBGASPQ5HHUSE&lid=LSTPFDHBGASPQ5HHUSEJXZ0I4&marketplace=FLIPKART&q=meo+cat+food&store=p3t%2F0mo%2Foiv&srno=s_1_2&otracker=search&fm=organic&iid=8a0975ac-f6d1-49ba-a9a5-4c6a973ead86.PFDHBGASPQ5HHUSE.SEARCH&ppt=None&ppn=None&ssid=kuu7d4pgps0000001783424273731&qH=c9e60ce57aa2b156&ov_redirect=true&ov_redirect=true,https://rukminim2.flixcart.com/image/612/612/xif0q/pet-food/v/m/t/3-cat-1-meo-tuna-3kg-me-o-original-imahccff8szk3tse.jpeg?q=70,https://rukminim2.flixcart.com/image/612/612/xif0q/pet-food/v/m/t/3-cat-1-meo-tuna-3kg-me-o-original-imahccff8szk3tse.jpeg?q=70,,0,,,,2.0,0.0,4.3,,568.0,21.67,-0.67,71.53,rising,flipkart|gtrends,2026-07-07,2026-07-07T17:09:43.183750,96,4b1a2ddbe0b2588c,me-o|me-o meo tuna tuna 1.2 kg dry adult cat food,68.41,71.53,68.41,3.12,0.0,0.92,0.0,,WATCHLIST
PSOGJ2V7WPUPAQVC,"ROMSAY Anti-Tick & Flea Shampoo For Dogs & Cats 200ML Pack Of 2 With Bath Brush Flea and Tick, Allergy Relief, Anti-fungal, Anti-itching, Anti-dandruff, Hypoallergenic Fresh Notes, Blueberry Dog Shampoo",romsay,health_wellness,,,,,PSOGJ2V7WPUPAQVC,https://www.flipkart.com/romsay-anti-tick-flea-shampoo-dogs-cats-200ml-pack-2-bath-brush-tick-allergy-relief-anti-fungal-anti-itching-anti-dandruff-hypoallergenic-fresh-notes-blueberry-dog/p/itmbe67f68e2f231?pid=PSOGJ2V7WPUPAQVC&lid=LSTPSOGJ2V7WPUPAQVC2EKP9I&marketplace=FLIPKART&q=flea+tick+medicine+for+dogs&store=p3t%2Fixl%2Fosh&srno=s_1_2&otracker=search&fm=organic&iid=en_Xo65uYsQb9WLOHE8TbQtC7DPdPwNb65Zq1L3VpL2zHZU7g1vRb7oJ0RKJFIf17AhgGvZoE2JKMY-cU4v6X3jG_IG_5qXBJMkfnzDJtuz8tpncbJernheh9QCjobFf9uu&ppt=None&ppn=None&ssid=7ynyuyy6cw0000001783424326799&qH=2ddc765890887549&ov_redirect=true&ov_redirect=true,https://rukminim2.flixcart.com/image/612/612/xif0q/pet-shampoo/i/v/h/400-hh-1390-romsay-original-imagj2v7svrqvfm9.jpeg?q=70,https://rukminim2.flixcart.com/image/612/612/xif0q/pet-shampoo/i/v/h/400-hh-1390-romsay-original-imagj2v7svrqvfm9.jpeg?q=70,,0,,,,2.0,0.0,4.2,,184.0,0.5,0.0,71.38,rising,flipkart|gtrends,2026-07-07,2026-07-07T17:09:43.191158,97,b98171f747d28eb5,romsay|romsay anti-tick & flea shampoo for dogs & cats 200ml pack of 2 with bath brush ,68.26,71.38,68.26,3.12,0.0,0.92,0.0,,WATCHLIST
B07H24H71C,"Ceenwes Unisex Low Noise Pet Clippers - Rechargeable Dog Trimmer, Cordless Grooming Tool With Comb Guides, Scissors, Nail Kit",ceenwes,grooming,,B07H24H71C,https://www.amazon.in/Ceenwes-Clippers-Rechargeable-Cordless-Professional/dp/B07H24H71C/ref=zg_bs_g_4771383031_d_sccl_10/522-4724523-7365803?psc=1,"https://images-eu.ssl-images-amazon.com/images/I/71+hZAxEIQL._AC_UL300_SR300,200_.jpg",,,,"https://images-eu.ssl-images-amazon.com/images/I/71+hZAxEIQL._AC_UL300_SR300,200_.jpg",8.0,0,4.3,22612.0,999.0,,,,,,13.5,-1.5,71.36,rising,amazon|gtrends,2026-07-07,2026-07-07T17:09:43.167766,98,2e04efb83791fff1,"ceenwes|ceenwes unisex low noise pet clippers - rechargeable dog trimmer, cordless groom",68.24,71.36,68.24,3.12,0.0,0.92,0.0,,WATCHLIST
B0G5LNYPG4,PAWPRO HANDMADE Reflective Pet Collar with Custom ID Tag – Adjustable Collar with Bell for Cats & Small Dogs – Personalized N,pawpro,collars_leashes,,B0G5LNYPG4,https://www.amazon.in/PAWPRO-HANDMADE-Reflective-Collar-Custom/dp/B0G5LNYPG4/ref=zg_bs_g_4771379031_d_sccl_2/522-4724523-7365803?psc=1,"https://images-eu.ssl-images-amazon.com/images/I/51W0z6fTiYL._AC_UL300_SR300,200_.jpg",,,,"https://images-eu.ssl-images-amazon.com/images/I/51W0z6fTiYL._AC_UL300_SR300,200_.jpg",2.0,0,4.1,206.0,189.0,,,,,,5.0,-3.0,71.32,rising,amazon|gtrends,2026-07-07,2026-07-07T17:09:43.177770,99,abe6b14ee36b6ce1,pawpro|pawpro handmade reflective pet collar with custom id tag – adjustable collar wit,68.82,71.32,68.82,2.5,0.0,0.92,0.0,,WATCHLIST
PTYH9TYYMJRK8R2U,"decorvaiz Tail Dog Toys+Dog Chew Toys+Rope Toys+Dog Toys for Small to Medium Dog Cotton, Rubber Ball, Bone, Chew Toy, Rubber Toy, Squeaky Toy, Training Aid, Tug Toy For Dog",decorvaiz,dog_toys,,,,,PTYH9TYYMJRK8R2U,https://www.flipkart.com/decorvaiz-tail-dog-toys-dog-chew-toys-rope-toys-small-medium-cotton-rubber-ball-bone-toy-squeaky-training-aid-tug-toy/p/itm3c730c230d38d?pid=PTYH9TYYMJRK8R2U&lid=LSTPTYH9TYYMJRK8R2UB1JVXF&marketplace=FLIPKART&q=dog+toys&store=search.flipkart.com&srno=s_1_3&otracker=search&fm=organic&iid=72b68f00-cfc5-43ef-aa2c-9fbf9afa59ca.PTYH9TYYMJRK8R2U.SEARCH&ppt=None&ppn=None&ssid=kznhsbimtc0000001783424276401&qH=656c5ee0f079e36b&ov_redirect=true&ov_redirect=true,https://rukminim2.flixcart.com/image/612/612/xif0q/pet-toy/o/z/n/9-exercise-toy-decorvaiz-original-imah9szztrcfdp5b.jpeg?q=70,https://rukminim2.flixcart.com/image/612/612/xif0q/pet-toy/o/z/n/9-exercise-toy-decorvaiz-original-imah9szztrcfdp5b.jpeg?q=70,,0,,,,3.0,0.0,4.5,,214.0,3.0,0.0,71.22,rising,flipkart|gtrends,2026-07-07,2026-07-07T17:09:43.184538,100,144e537ca66336ae,decorvaiz|decorvaiz tail dog toys+dog chew toys+rope toys+dog toys for small to medium dog,68.1,71.22,68.1,3.12,0.0,0.92,0.0,,WATCHLIST
POUHDRAWGGQJHYDJ,GHANU 2.2L Pet Water Fountain-Cat Water Dispenser with USB-Powered Filter for Cats,ghanu,beds_accessories,,,,,POUHDRAWGGQJHYDJ,https://www.flipkart.com/ghanu-2-2l-pet-water-fountain-cat-dispenser-usb-powered-filter-cats/p/itm90813baa22597?pid=POUHDRAWGGQJHYDJ&lid=LSTPOUHDRAWGGQJHYDJXWKT3Y&marketplace=FLIPKART&q=pet+water+fountain+for+dogs&store=p3t&srno=s_1_3&otracker=search&fm=organic&iid=6536bef0-c166-4646-9df7-0f1d82699e7c.POUHDRAWGGQJHYDJ.SEARCH&ppt=None&ppn=None&ssid=g1f863abgw0000001783424317830&qH=b2476794fa449bb7&ov_redirect=true&ov_redirect=true,https://rukminim2.flixcart.com/image/612/612/xif0q/pet-fountain/0/f/k/5-2-2l-pet-water-fountain-cat-water-dispenser-with-usb-powered-original-imahdravrcevw7zg.jpeg?q=70,https://rukminim2.flixcart.com/image/612/612/xif0q/pet-fountain/0/f/k/5-2-2l-pet-water-fountain-cat-water-dispenser-with-usb-powered-original-imahdravrcevw7zg.jpeg?q=70,,0,,,,3.0,0.0,4.6,,851.0,20.5,-2.0,71.1,rising,flipkart|gtrends,2026-07-07,2026-07-07T17:09:43.194836,101,12a40f86261d9538,ghanu|ghanu 2.2l pet water fountain-cat water dispenser with usb-powered filter for ca,67.98,71.1,67.98,3.12,0.0,0.91,0.0,,WATCHLIST
PFDFYWJQ7U7DFYGS,Royal Canin Regular Fit 0.4 kg Dry Adult Cat Food,royal canin,cat_food,,,,,PFDFYWJQ7U7DFYGS,https://www.flipkart.com/royal-canin-regular-fit-0-4-kg-dry-adult-cat-food/p/itm6f6088b22ba0b?pid=PFDFYWJQ7U7DFYGS&lid=LSTPFDFYWJQ7U7DFYGSUVNR2F&marketplace=FLIPKART&q=royal+canin+cat+food&store=p3t%2F0mo%2Foiv&srno=s_1_3&otracker=search&fm=organic&iid=8c819297-3b7e-4c85-b19b-312f8798d713.PFDFYWJQ7U7DFYGS.SEARCH&ppt=None&ppn=None&ssid=htiipb2zbk0000001783424271148&qH=d9e0c635368b029a&ov_redirect=true&ov_redirect=true,https://rukminim2.flixcart.com/image/612/612/xif0q/pet-food/c/n/q/4-cat-pfdf3kyegsqjrsen-royal-canin-enriched-transparent-original-imafcafjkthce5mt.png?q=70,https://rukminim2.flixcart.com/image/612/612/xif0q/pet-food/c/n/q/4-cat-pfdf3kyegsqjrsen-royal-canin-enriched-transparent-original-imafcafjkthce5mt.png?q=70,,0,,,,3.0,0.0,4.5,,403.0,21.67,-0.67,71.09,rising,flipkart|gtrends,2026-07-07,2026-07-07T17:09:43.183081,102,04e5995532663163,royal canin|royal canin regular fit 0.4 kg dry adult cat food,67.97,71.09,67.97,3.12,0.0,0.91,0.0,,WATCHLIST
B0CP61Q4G7,Drools Puppy Wet Dog Food 0.9kg (150g x 6 Packs) | Real Chicken & Chicken Liver Chunks in Gravy | Better Digestibility & Over,drools,dog_food,,B0CP61Q4G7,https://www.amazon.in/Drools-Puppy-Chicken-Liver-Chunks/dp/B0CP61Q4G7/ref=zg_bs_g_4771395031_d_sccl_8/522-4724523-7365803?psc=1,"https://images-eu.ssl-images-amazon.com/images/I/71Fc3+zeBhL._AC_UL300_SR300,200_.jpg",,,,"https://images-eu.ssl-images-amazon.com/images/I/71Fc3+zeBhL._AC_UL300_SR300,200_.jpg",8.0,0,4.3,5965.0,198.0,,,,,,18.0,-3.2,71.02,rising,amazon|gtrends,2026-07-07,2026-07-07T17:09:43.160426,103,c0a4d028062954a0,drools|drools puppy wet dog food 0.9kg (150g x 6 packs) | real chicken & chicken liver ,67.9,71.02,67.9,3.12,0.0,0.91,0.0,,WATCHLIST
PDEFTPGSKJRPHUP9,Paramount PupPee Pet Training Pads||Mn-13 Disposable Dog Diapers,paramount,training,,,,,PDEFTPGSKJRPHUP9,https://www.flipkart.com/paramount-puppee-pet-training-pads-25-disposable-dog-diapers/p/itm13e9838a5e15e?pid=PDEFTPGSKJRPHUP9&lid=LSTPDEFTPGSKJRPHUP9MFJPLS&marketplace=FLIPKART&q=puppy+training+pads&store=p3t%2Fixl%2Fhmu&srno=s_1_2&otracker=search&fm=organic&iid=en_omjqoua815HyEyKbKGy2q_-q36HGX_wQOiVD2zwC7PDknJO56TPU1up1UYrE6p3qbVP7yoMzZX2q5cVAFdh7XycWl3Fb1lRPIo3If0xLTpMfKNn_4Axovuw7TvWsegzN&ppt=None&ppn=None&ssid=vikbikuy8w0000001783424349196&qH=a418c91bf2bdb70b&ov_redirect=true&ov_redirect=true,https://rukminim2.flixcart.com/image/612/612/xif0q/pet-mat/f/6/1/m-pet-training-pads-60-x-45-cm-urine-underpad-25-count-per-original-imaguht742z2h6g4.jpeg?q=70,https://rukminim2.flixcart.com/image/612/612/xif0q/pet-mat/f/6/1/m-pet-training-pads-60-x-45-cm-urine-underpad-25-count-per-original-imaguht742z2h6g4.jpeg?q=70,,0,,,,2.0,0.0,4.2,,320.0,0.5,-2.0,70.98,rising,flipkart|gtrends,2026-07-07,2026-07-07T17:09:43.202776,104,10d51d0a8144df67,paramount|paramount puppee pet training pads||mn-13 disposable dog diapers,67.86,70.98,67.86,3.12,0.0,0.91,0.0,,WATCHLIST
B0F6V71LXT,"Amazon Basics Cat Scratching Pole and Lounge Bed, with Hanging Star and Ball, Natural Jute, Sturdy Wooden Base, 50cm (S)",amazon basics,beds_accessories,,B0F6V71LXT,https://www.amazon.in/Amazon-Basics-Scratching-Hanging-Natural/dp/B0F6V71LXT/ref=zg_bs_g_4771375031_d_sccl_5/522-4724523-7365803?psc=1,"https://images-eu.ssl-images-amazon.com/images/I/71L5ydwojOL._AC_UL300_SR300,200_.jpg",,,,"https://images-eu.ssl-images-amazon.com/images/I/71L5ydwojOL._AC_UL300_SR300,200_.jpg",5.0,0,3.9,1927.0,869.0,,,,,,20.5,-2.0,70.91,rising,amazon|gtrends,2026-07-07,2026-07-07T17:09:43.171162,105,fd2ad4cabbdf393e,"amazon basics|amazon basics cat scratching pole and lounge bed, with hanging star and ball, na",68.41,70.91,68.41,2.5,0.0,0.92,0.0,,WATCHLIST
PNPGV8MDBZYGHTSG,TrendKart Dog Nail Cutter - Dog Nail Cutter Set - Adult Dog Nail Cutter- Nail Cutter Combo Scissor Nail Clipper,trendkart,grooming,,,,,PNPGV8MDBZYGHTSG,https://www.flipkart.com/trendkart-dog-nail-cutter-set-adult-cutter-combo-scissor-clipper/p/itm6dd492c81456b?pid=PNPGV8MDBZYGHTSG&lid=LSTPNPGV8MDBZYGHTSGK7CG3O&marketplace=FLIPKART&q=nail+clipper+for+dogs&store=p3t%2Fixl%2Fprc&srno=s_1_1&otracker=search&fm=organic&iid=en_U_Iv4xexa3dChr1lPPEpgz-j4mbRqegX66HOmozjZOm0sQZ6q6lep6mRBTbLy4KYhElg1bZ9U4CjQeyo9PbZUn9mqxl-iFxWCw88e7w4qhY8rnWqyEwjd4PwtOD7cnwe&ppt=None&ppn=None&ssid=mjejao65og0000001783424305254&qH=48a2105fee396fcf&ov_redirect=true&ov_redirect=true,https://rukminim2.flixcart.com/image/612/612/xif0q/pet-nail-clipper/a/b/s/dog-nail-cutter-dog-nail-cutter-set-adult-dog-nail-cutter-pet-original-imahmghvtwbqns6r.jpeg?q=70,https://rukminim2.flixcart.com/image/612/612/xif0q/pet-nail-clipper/a/b/s/dog-nail-cutter-dog-nail-cutter-set-adult-dog-nail-cutter-pet-original-imahmghvtwbqns6r.jpeg?q=70,,0,,,,1.0,0.0,4.0,,127.0,13.5,-1.5,70.9,rising,flipkart|gtrends,2026-07-07,2026-07-07T17:09:43.192702,106,93a80e76cf1bd3c2,trendkart|trendkart dog nail cutter - dog nail cutter set - adult dog nail cutter- nail cu,68.4,70.9,68.4,2.5,0.0,0.92,0.0,,WATCHLIST
PLNGSRZBKKJGW8HN,SENAPATI 164 cm Dog Cord Leash,senapati,collars_leashes,,,,,PLNGSRZBKKJGW8HN,https://www.flipkart.com/senapati-164-cm-dog-cord-leash/p/itmf3aead337e2a9?pid=PLNGSRZBKKJGW8HN&lid=LSTPLNGSRZBKKJGW8HNCLLPM3&marketplace=FLIPKART&q=retractable+dog+leash&store=p3t%2Fea3%2Fpmw&srno=s_1_1&otracker=search&fm=organic&iid=en_3EweRagYPR3DtACMobRBYQqK0iJtHCDxNYux26EZwPLBVCwH3T3Ch447WQoSy0eaBB7q8oW9sdZaJR7WsYlIBXYZoFRQFn7HC-GKBcEEwHOdwx0B_FhFbL1xvNWtdqcr&ppt=None&ppn=None&ssid=4smcf9y8000000001783424346329&qH=bbc46b35e332125e&ov_redirect=true&ov_redirect=true,https://rukminim2.flixcart.com/image/612/612/xif0q/pet-leash-chain/g/w/h/14140-senapati-original-imagsrzbdsyexazg.jpeg?q=70,https://rukminim2.flixcart.com/image/612/612/xif0q/pet-leash-chain/g/w/h/14140-senapati-original-imagsrzbdsyexazg.jpeg?q=70,,0,,,,1.0,0.0,4.1,,127.0,5.0,-3.0,70.88,rising,flipkart|gtrends,2026-07-07,2026-07-07T17:09:43.200739,107,01f2079a9d39c93e,senapati|senapati 164 cm dog cord leash,68.38,70.88,68.38,2.5,0.0,0.92,0.0,,WATCHLIST
B07167PTD2,"Goofy Tails Dog Ball Toy, Hard Squeaky Rubber Ball Toys for Dogs, Dog Chew Toy, Squeaky Toys for Dogs (Blue/Green/Orange)",goofy,dog_toys,,B07167PTD2,https://www.amazon.in/Goofy-Tails-Squeak-Chain-Green/dp/B07167PTD2/ref=zg_bs_g_4771401031_d_sccl_8/522-4724523-7365803?psc=1,"https://images-eu.ssl-images-amazon.com/images/I/61LRn-FyVNL._AC_UL300_SR300,200_.jpg",,,,"https://images-eu.ssl-images-amazon.com/images/I/61LRn-FyVNL._AC_UL300_SR300,200_.jpg",7.0,0,4.2,1984.0,211.0,,,,,,3.0,0.0,70.83,rising,amazon|gtrends,2026-07-07,2026-07-07T17:09:43.162628,108,2799465362834118,"goofy|goofy tails dog ball toy, hard squeaky rubber ball toys for dogs, dog chew toy, ",67.71,70.83,67.71,3.12,0.0,0.91,0.0,,WATCHLIST
B0GHZ59Z9X,"Drools Adult Cat Wet Mousse 80g Pack of 5, 400g | Chicken Flavour | Rich in Protein | Promotes Hydration & Easy to Digest| No",drools,cat_food,,B0GHZ59Z9X,https://www.amazon.in/Drools-Hydration-Artificial-Essential-Antioxidants/dp/B0GHZ59Z9X/ref=zg_bs_g_4771382031_d_sccl_7/522-4724523-7365803?psc=1,"https://images-eu.ssl-images-amazon.com/images/I/619hl-E7WBL._AC_UL300_SR300,200_.jpg",,,,"https://images-eu.ssl-images-amazon.com/images/I/619hl-E7WBL._AC_UL300_SR300,200_.jpg",4.0,0,4.4,100.0,136.0,,,,,,21.67,-0.67,70.81,rising,amazon|gtrends,2026-07-07,2026-07-07T17:09:43.161520,109,b6f9878b16cb975f,"drools|drools adult cat wet mousse 80g pack of 5, 400g | chicken flavour | rich in prot",67.69,70.81,67.69,3.12,0.0,0.91,0.0,,WATCHLIST
PTYGXRP3TNZ3STAH,"Emily Pets Cat Balls & Catnip Toys - Cartoon Fuzzy Ball, Soft & Lightweight -Chewing Catnip Wooden Chew Toy For Cat",emily,cat_toys,,,,,PTYGXRP3TNZ3STAH,https://www.flipkart.com/emily-pets-cat-balls-catnip-toys-cartoon-fuzzy-ball-soft-lightweight-chewing-wooden-chew-toy/p/itm7f0b685891ab6?pid=PTYGXRP3TNZ3STAH&lid=LSTPTYGXRP3TNZ3STAHB6UVNN&marketplace=FLIPKART&q=catnip+toy&store=p3t%2F0mo%2Fgba&srno=s_1_2&otracker=search&fm=organic&iid=39e31d82-0a1a-4f12-a245-083e2fba4e25.PTYGXRP3TNZ3STAH.SEARCH&ppt=None&ppn=None&ssid=0fjvryz3nk0000001783424289434&qH=f9b349971a41f28d&ov_redirect=true&ov_redirect=true,https://rukminim2.flixcart.com/image/612/612/xif0q/pet-toy/v/r/p/12-cat-balls-catnip-toys-cartoon-fuzzy-ball-soft-lightweight-original-imagxrp2pnuz4njh.jpeg?q=70,https://rukminim2.flixcart.com/image/612/612/xif0q/pet-toy/v/r/p/12-cat-balls-catnip-toys-cartoon-fuzzy-ball-soft-lightweight-original-imagxrp2pnuz4njh.jpeg?q=70,,0,,,,2.0,0.0,4.4,,170.0,4.0,-6.0,70.74,rising,flipkart|gtrends,2026-07-07,2026-07-07T17:09:43.188323,110,cb1e62f43629d677,"emily|emily pets cat balls & catnip toys - cartoon fuzzy ball, soft & lightweight -che",67.62,70.74,67.62,3.12,0.0,0.91,0.0,,WATCHLIST
B0CV55MWXK,Amazon Basics Self Cleaning Slicker Pet Grooming Brush | Dogs and Cats | Rectangular Shape | Blue,amazon basics,grooming,,B0CV55MWXK,https://www.amazon.in/Cleaning-Slicker-Grooming-Suitable-Rectangular/dp/B0CV55MWXK/ref=zg_bs_g_4771396031_d_sccl_6/522-4724523-7365803?psc=1,"https://images-eu.ssl-images-amazon.com/images/I/71iWJiqLLLL._AC_UL300_SR300,200_.jpg",,,,"https://images-eu.ssl-images-amazon.com/images/I/71iWJiqLLLL._AC_UL300_SR300,200_.jpg",6.0,0,4.1,1950.0,239.0,,,,,,13.5,-1.5,70.6,rising,amazon|gtrends,2026-07-07,2026-07-07T17:09:43.165574,111,9588280d571bc15b,amazon basics|amazon basics self cleaning slicker pet grooming brush | dogs and cats | rectang,68.1,70.6,68.1,2.5,0.0,0.92,0.0,,WATCHLIST
PCLGWNKQZDSQVVDX,Buraq Escape Proof No Pull Cat Harness with Leash & 2 Pcs Cat Collar Cat Harness & Leash,buraq,collars_leashes,,,,,PCLGWNKQZDSQVVDX,https://www.flipkart.com/buraq-escape-proof-no-pull-cat-harness-leash-2-pcs-collar/p/itmff57215b2c959?pid=PCLGWNKQZDSQVVDX&lid=LSTPCLGWNKQZDSQVVDXIIY0CL&marketplace=FLIPKART&q=cat+collar&store=p3t&srno=s_1_3&otracker=search&fm=organic&iid=97d963cc-803d-4934-929b-135709a63dac.PCLGWNKQZDSQVVDX.SEARCH&ppt=None&ppn=None&ssid=dl7gz1mpu80000001783424338174&qH=831161a82e2648a4&ov_redirect=true&ov_redirect=true,https://rukminim2.flixcart.com/image/612/612/xif0q/pet-collar-harness/o/4/1/small-cat-harness-with-leash-2-pcs-cat-collar-buraq-original-imah6f5ghtht7xke.jpeg?q=70,https://rukminim2.flixcart.com/image/612/612/xif0q/pet-collar-harness/o/4/1/small-cat-harness-with-leash-2-pcs-cat-collar-buraq-original-imah6f5ghtht7xke.jpeg?q=70,,0,,,,1.0,0.0,4.0,,220.0,5.0,-3.0,70.6,rising,flipkart|gtrends,2026-07-07,2026-07-07T17:09:43.199744,112,2731706c8ce9d6fe,buraq|buraq escape proof no pull cat harness with leash & 2 pcs cat collar cat harness,68.1,70.6,68.1,2.5,0.0,0.92,0.0,,WATCHLIST
PCLGHAF6HEGZW3SK,SENAPATI Combo Dog Chain Leash Collar & Belt Set 1 inch Medium Dog Collar & Chain,senapati,collars_leashes,,,,,PCLGHAF6HEGZW3SK,https://www.flipkart.com/senapati-combo-dog-chain-leash-collar-belt-set-1-inch-medium/p/itm1b55624589abd?pid=PCLGHAF6HEGZW3SK&lid=LSTPCLGHAF6HEGZW3SK0DAMP9&marketplace=FLIPKART&q=dog+leash&store=p3t%2Fea3%2Fpmw&srno=s_1_1&otracker=search&fm=organic&iid=en_OKxDfikeA80ux8kpWkJ7YFWv_8bLyKuB-h6wuO874rllICL21JW-DEdzemqP85Tog0mLW1G45qQJRslAR9-s63YZoFRQFn7HC-GKBcEEwHNBcF63ns1PjL3xjyx2U2cF&ppt=None&ppn=None&ssid=c2vsj1dnb40000001783424340877&qH=b0e743e99781d2ae&ov_redirect=true&ov_redirect=true,https://rukminim2.flixcart.com/image/612/612/xif0q/pet-collar-harness/a/q/h/medium-combo-chain-and-belt-collar-senapati-original-imaghaf5g5cpzsdm.jpeg?q=70,https://rukminim2.flixcart.com/image/612/612/xif0q/pet-collar-harness/a/q/h/medium-combo-chain-and-belt-collar-senapati-original-imaghaf5g5cpzsdm.jpeg?q=70,,0,,,,1.0,0.0,4.0,,141.0,5.0,-3.0,70.6,rising,flipkart|gtrends,2026-07-07,2026-07-07T17:09:43.200704,113,c4c5ab9296e7856d,senapati|senapati combo dog chain leash collar & belt set 1 inch medium dog collar & chai,68.1,70.6,68.1,2.5,0.0,0.92,0.0,,WATCHLIST
CAOHBPXGDZAMS4JG,Petworld Cat Scratching Inclined Pad,petworld,cat_food,,,,,CAOHBPXGDZAMS4JG,https://www.flipkart.com/petworld-cat-scratching-inclined-pad/p/itm26152b20e66fa?pid=CAOHBPXGDZAMS4JG&lid=LSTCAOHBPXGDZAMS4JGXEDPFR&marketplace=FLIPKART&q=scratching+post&store=search.flipkart.com&srno=s_1_1&otracker=search&fm=organic&iid=en_XD9mXSXT2YpSZbdvSWE5JYw2NL5vWqI78d5FBBRpUUz1Y7GZkkNeYjdVPLPRekoSpfLpX-OqUqFiqo24UF5lgeRiGBTw46P3Zm5-xTqzZLJhrsrHy858HabeM4cjyZsI&ppt=None&ppn=None&ssid=w7adpjchls0000001783424294643&qH=628cefc67d4ceea5&ov_redirect=true&ov_redirect=true,https://rukminim2.flixcart.com/image/612/612/xif0q/cat-scratching-post/q/4/q/ctsh-double-wide-pcud109-small-petworld-4-original-imahbzz4uerad4ms.jpeg?q=70,https://rukminim2.flixcart.com/image/612/612/xif0q/cat-scratching-post/q/4/q/ctsh-double-wide-pcud109-small-petworld-4-original-imahbzz4uerad4ms.jpeg?q=70,,0,,,,1.0,0.0,3.8,,192.0,21.67,-0.67,70.51,rising,flipkart|gtrends,2026-07-07,2026-07-07T17:09:43.189837,114,58da801ad36d8fd7,petworld|petworld cat scratching inclined pad,68.01,70.51,68.01,2.5,0.0,0.92,0.0,,WATCHLIST
B08L33TR9Q,"ProDen PlaqueOff Powder Supports Normal, Healthy Teeth, Gums, and Breath Odour in Dogs 20 gm",proden,health_wellness,,B08L33TR9Q,https://www.amazon.in/ProDen-PlaqueOff-Powder-Supports-Healthy/dp/B08L33TR9Q/ref=zg_bs_g_4771384031_d_sccl_3/522-4724523-7365803?psc=1,"https://images-eu.ssl-images-amazon.com/images/I/61VBz0ZTbYL._AC_UL300_SR300,200_.jpg",,,,"https://images-eu.ssl-images-amazon.com/images/I/61VBz0ZTbYL._AC_UL300_SR300,200_.jpg",3.0,0,3.9,225.0,1119.0,,,,,,0.5,0.0,70.42,rising,amazon|gtrends,2026-07-07,2026-07-07T17:09:43.174034,115,57c66c4fa83f4ddb,"proden|proden plaqueoff powder supports normal, healthy teeth, gums, and breath odour i",67.92,70.42,67.92,2.5,0.0,0.91,0.0,,WATCHLIST
PFDFYWJQTSCSFZHG,Royal Canin Persian 0.4 kg Dry Adult Cat Food,royal canin,cat_food,,,,,PFDFYWJQTSCSFZHG,https://www.flipkart.com/royal-canin-persian-0-4-kg-dry-adult-cat-food/p/itm8b11a596a9609?pid=PFDFYWJQTSCSFZHG&lid=LSTPFDFYWJQTSCSFZHGEXJEFU&marketplace=FLIPKART&q=royal+canin+cat+food&store=p3t%2F0mo%2Foiv&srno=s_1_4&otracker=search&fm=organic&iid=8c819297-3b7e-4c85-b19b-312f8798d713.PFDFYWJQTSCSFZHG.SEARCH&ppt=None&ppn=None&ssid=htiipb2zbk0000001783424271148&qH=d9e0c635368b029a&ov_redirect=true&ov_redirect=true,https://rukminim2.flixcart.com/image/612/612/xif0q/pet-food/z/h/g/0-4-cat-3182550702607-royal-canin-enriched-transparent-original-imafcafjmyhharyz.png?q=70,https://rukminim2.flixcart.com/image/612/612/xif0q/pet-food/z/h/g/0-4-cat-3182550702607-royal-canin-enriched-transparent-original-imafcafjmyhharyz.png?q=70,,0,,,,4.0,0.0,4.6,,639.0,21.67,-0.67,70.37,rising,flipkart|gtrends,2026-07-07,2026-07-07T17:09:43.183114,116,5ea9655966d95a51,royal canin|royal canin persian 0.4 kg dry adult cat food,67.25,70.37,67.25,3.12,0.0,0.91,0.0,,WATCHLIST
PCLGGHGKHZJPBFMG,"SENAPATI Combo Dog Harness Belts Neck and Rope Set (Waterproof, Medium, Leash Dog Collar & Leash",senapati,collars_leashes,,,,,PCLGGHGKHZJPBFMG,https://www.flipkart.com/senapati-combo-dog-harness-belts-neck-rope-set-waterproof-medium-leash-collar/p/itm494b1fe0f70d5?pid=PCLGGHGKHZJPBFMG&lid=LSTPCLGGHGKHZJPBFMG0SBO8Q&marketplace=FLIPKART&q=dog+collar&store=p3t%2Fea3%2Fb1n&srno=s_1_1&otracker=search&fm=organic&iid=en_6hLpz_MXPhzqMwJvD7Fqu7flGPdWiCbltzQZxucrjgTrEzLJHtE3JGGVOgjq948wVeXxv1luvUGTFgtrqIrEEnYZoFRQFn7HC-GKBcEEwHNgT71_NaXPFZuiDfdf7LtR&ppt=None&ppn=None&ssid=7qp8bruvq80000001783424335453&qH=7e1db77825e65614&ov_redirect=true&ov_redirect=true,https://rukminim2.flixcart.com/image/612/612/kwjkuq80/pet-collar-harness/w/i/k/large-premium-quality-dog-combo-pack-of-harness-neck-collar-belt-original-imag972qtdppyggf.jpeg?q=70,https://rukminim2.flixcart.com/image/612/612/kwjkuq80/pet-collar-harness/w/i/k/large-premium-quality-dog-combo-pack-of-harness-neck-collar-belt-original-imag972qtdppyggf.jpeg?q=70,,0,,,,1.0,0.0,3.9,,131.0,5.0,-3.0,70.32,rising,flipkart|gtrends,2026-07-07,2026-07-07T17:09:43.198946,117,c7633fc8331822e6,"senapati|senapati combo dog harness belts neck and rope set (waterproof, medium, leash do",67.82,70.32,67.82,2.5,0.0,0.91,0.0,,WATCHLIST
PFDFT8TCASSMGV2V,Drools Real Chicken and Egg 1.2 kg Dry Young Dog Food,drools,dog_food,,,,,PFDFT8TCASSMGV2V,https://www.flipkart.com/drools-real-chicken-egg-10-kg-dry-young-dog-food/p/itmb8eb9b8b5c375?pid=PFDFT8TCASSMGV2V&lid=LSTPFDFT8TCASSMGV2V4SMFPK&marketplace=FLIPKART&q=dry+dog+food&store=p3t%2Fea3%2F8zj&srno=s_1_12&otracker=search&fm=organic&iid=en_ZfnZX11QBAUqlgPN3IAcSf1Nx_YpkRuU9pFm0N0KUIr-6uY4ifURRES5w2Ss8MwnMuYCjLTq2O7NTwwzI0sDHTywRXsODkjCDFhQa8A8wBFoNpS-E9GCHrubDJZxwkX1&ppt=None&ppn=None&ssid=n0x8tqtwmo0000001783424253242&qH=f912ea67325edc4a&ov_redirect=true,https://rukminim2.flixcart.com/image/312/312/xif0q/pet-food/a/b/i/-original-imah48t4gt4gcq57.jpeg?q=70,https://rukminim2.flixcart.com/image/312/312/xif0q/pet-food/a/b/i/-original-imah48t4gt4gcq57.jpeg?q=70,,0,,,,9.0,0.0,4.4,17296.0,1912.0,18.0,-3.2,70.3,rising,flipkart|gtrends,2026-07-07,2026-07-07T17:09:43.181016,118,80e21af7a5d2d5f8,drools|drools real chicken and egg 1.2 kg dry young dog food,67.18,70.3,67.18,3.12,0.0,0.91,0.0,,WATCHLIST
B00LHS8UTW,"Pedigree Adult Dry Dog Food, Meat & Rice, 3 kg, Contains 37 Essential Nutrients, 100% Complete & Balanced Food for Adult Dogs",pedigree,dog_food,,B00LHS8UTW,https://www.amazon.in/Pedigree-Adult-Food-Meat-Rice/dp/B00LHS8UTW/ref=zg_bs_g_4771395031_d_sccl_9/522-4724523-7365803?psc=1,"https://images-eu.ssl-images-amazon.com/images/I/71zbf-M0zAL._AC_UL300_SR300,200_.jpg",,,,"https://images-eu.ssl-images-amazon.com/images/I/71zbf-M0zAL._AC_UL300_SR300,200_.jpg",9.0,0,4.4,16777.0,609.0,,,,,,18.0,-3.2,70.3,rising,amazon|gtrends,2026-07-07,2026-07-07T17:09:43.160485,119,d8661caabfdb4bd9,"pedigree|pedigree adult dry dog food, meat & rice, 3 kg, contains 37 essential nutrients,",67.18,70.3,67.18,3.12,0.0,0.91,0.0,,WATCHLIST
B0D6B7BT3M,"Buraq Premium Reflective Dog Harness with 5FT Leash, No-Pull Adjustable Belt Vest for Small, Medium & Large Dogs, Escape-Proo",buraq,collars_leashes,,B0D6B7BT3M,https://www.amazon.in/Buraq-Reflective-No-Pull-Harness-Leash/dp/B0D6B7BT3M/ref=zg_bs_g_4771392031_d_sccl_4/522-4724523-7365803?psc=1,"https://images-eu.ssl-images-amazon.com/images/I/816yoA-iJFL._AC_UL300_SR300,200_.jpg",,,,"https://images-eu.ssl-images-amazon.com/images/I/816yoA-iJFL._AC_UL300_SR300,200_.jpg",4.0,0,4.2,210.0,975.0,,,,,,5.0,-3.0,70.23,rising,amazon|gtrends,2026-07-07,2026-07-07T17:09:43.175903,120,1d7f59bc9a932631,"buraq|buraq premium reflective dog harness with 5ft leash, no-pull adjustable belt ves",67.11,70.23,67.11,3.12,0.0,0.91,0.0,,WATCHLIST
B005VD0JXY,"Beaphar Tooth Gel in Liver Flavour for Dog & Cat, 100 Gram",beaphar,health_wellness,,B005VD0JXY,https://www.amazon.in/Beaphar-Tooth-Gel-Cats-Dogs/dp/B005VD0JXY/ref=zg_bs_g_4771384031_d_sccl_9/522-4724523-7365803?psc=1,"https://images-eu.ssl-images-amazon.com/images/I/51bNWllaX5L._AC_UL300_SR300,200_.jpg",,,,"https://images-eu.ssl-images-amazon.com/images/I/51bNWllaX5L._AC_UL300_SR300,200_.jpg",9.0,0,4.3,3093.0,730.0,,,,,,0.5,0.0,70.22,rising,amazon|gtrends,2026-07-07,2026-07-07T17:09:43.174414,121,2a2000e18f9fde28,"beaphar|beaphar tooth gel in liver flavour for dog & cat, 100 gram",67.1,70.22,67.1,3.12,0.0,0.91,0.0,,WATCHLIST
PTTGHTGJTUBGHBBW,"Aviean International 1.4 Kg Dog Biscuits 2 Pack (700*2,Gm) Puppy Combo (Chicken +Mutton ) Biscuits Egg Dog Treat",aviean,health_wellness,,,,,PTTGHTGJTUBGHBBW,https://www.flipkart.com/aviean-international-1-4-kg-dog-biscuits-2-pack-700-2-gm-puppy-combo-chicken-mutton-egg-treat/p/itmff7df6f8606a8?pid=PTTGHTGJTUBGHBBW&lid=LSTPTTGHTGJTUBGHBBWTCSGHZ&marketplace=FLIPKART&q=dog+supplements&store=p3t%2Fea3%2F0ua&srno=s_1_2&otracker=search&fm=organic&iid=en_nvDDGtG45v6gLDDCDop0Gh--1vH8Syb7vdxtM1FYTQzeMs9X6r6RKUJurYtXhUeXaPQLx86FBhe8XeqY5cmZqRFQKkQ7TmGm1zXpF_7nlVZ56g3pSvK6g1YMJg39anT-&ppt=None&ppn=None&ssid=wrhwgc46z40000001783424320687&qH=173b9a8368e4e00d&ov_redirect=true&ov_redirect=true,https://rukminim2.flixcart.com/image/612/612/xif0q/pet-treat/b/r/r/2-dog-2-091191-aviean-international-original-imahm6axgfqe2nyt.jpeg?q=70,https://rukminim2.flixcart.com/image/612/612/xif0q/pet-treat/b/r/r/2-dog-2-091191-aviean-international-original-imahm6axgfqe2nyt.jpeg?q=70,,0,,,,2.0,0.0,4.0,,157.0,0.5,0.0,70.2,rising,flipkart|gtrends,2026-07-07,2026-07-07T17:09:43.195541,122,b7cf77dbb0382415,"aviean|aviean international 1.4 kg dog biscuits 2 pack (700*2,gm) puppy combo (chicken ",67.7,70.2,67.7,2.5,0.0,0.91,0.0,,WATCHLIST
B0DWX243RY,"Absolut Pet Hip and Joint-Supplements for Dogs Chews that Improve Mobility & Bone Strength with Glucosamine, Chondroitin & Co",absolut,health_wellness,,B0DWX243RY,https://www.amazon.in/Joint-Supplements-Mobility-Strength-Glucosamine-Chondroitin/dp/B0DWX243RY/ref=zg_bs_g_4771397031_d_sccl_4/522-4724523-7365803?psc=1,"https://images-eu.ssl-images-amazon.com/images/I/5112RijP1rL._AC_UL300_SR300,200_.jpg",,,,"https://images-eu.ssl-images-amazon.com/images/I/5112RijP1rL._AC_UL300_SR300,200_.jpg",3.0,0,4.0,89.0,999.0,,,,,,0.5,0.0,70.14,rising,amazon|gtrends,2026-07-07,2026-07-07T17:09:43.172686,123,9e55ce6d64648104,absolut|absolut pet hip and joint-supplements for dogs chews that improve mobility & bon,67.64,70.14,67.64,2.5,0.0,0.91,0.0,,WATCHLIST
PFDENR86JHSUUXV2,PEDIGREE Tasty Jerky Chicken Dog Treat,pedigree,training,,,,,PFDENR86JHSUUXV2,https://www.flipkart.com/pedigree-tasty-jerky-chicken-dog-treat/p/itmf3j7qj5gyqzwe?pid=PFDENR86JHSUUXV2&lid=LSTPFDENR86JHSUUXV2W7V6V4&marketplace=FLIPKART&q=dog+training+treats&store=p3t%2Fea3%2Fnva&srno=s_1_9&otracker=search&fm=organic&iid=25f5e471-619f-4ddd-b027-4bce8ed3004f.PFDENR86JHSUUXV2.SEARCH&ppt=None&ppn=None&ssid=wov3prijog0000001783424351807&qH=a29335f69d7964db&ov_redirect=true,https://rukminim2.flixcart.com/image/312/312/xif0q/pet-treat/0/u/h/-enriched-transparent-original-imahgdgpgphtcgda.png?q=70,https://rukminim2.flixcart.com/image/312/312/xif0q/pet-treat/0/u/h/-enriched-transparent-original-imahgdgpgphtcgda.png?q=70,,0,,,,9.0,0.0,4.6,2421.0,170.0,0.5,-2.0,70.02,rising,flipkart|gtrends,2026-07-07,2026-07-07T17:09:43.203920,124,51579fe668953ed0,pedigree|pedigree tasty jerky chicken dog treat,66.9,70.02,66.9,3.12,0.0,0.91,0.0,,WATCHLIST
MTYFHZPSW6CC9HEG,NGS Battery Operated Dog Back Flip Jumping and Barking,ngs,dog_food,,,,,MTYFHZPSW6CC9HEG,https://www.flipkart.com/ngs-battery-operated-dog-back-flip-jumping-barking/p/itm981edb6886a3b?pid=MTYFHZPSW6CC9HEG&lid=LSTMTYFHZPSW6CC9HEGPQZLN1&marketplace=FLIPKART&q=kong+dog+toy&store=search.flipkart.com&srno=s_1_1&otracker=search&fm=organic&iid=474ceca2-7edf-42ed-b744-bb801b6b5e42.MTYFHZPSW6CC9HEG.SEARCH&ppt=None&ppn=None&ssid=dj4tyd2ftc0000001783424281567&qH=f85aed73ab1bacb4&ov_redirect=true&ov_redirect=true,https://rukminim2.flixcart.com/image/612/612/k2arbm80/musical-toy/h/e/g/battery-operated-dog-back-flip-jumping-and-barking-ngs-original-imafhzr7hmr8fvpe.jpeg?q=70,https://rukminim2.flixcart.com/image/612/612/k2arbm80/musical-toy/h/e/g/battery-operated-dog-back-flip-jumping-and-barking-ngs-original-imafhzr7hmr8fvpe.jpeg?q=70,,0,,,,1.0,0.0,3.8,,542.0,18.0,-3.2,70.0,rising,flipkart|gtrends,2026-07-07,2026-07-07T17:09:43.185693,125,a6db9fcde363bba8,ngs|ngs battery operated dog back flip jumping and barking,67.5,70.0,67.5,2.5,0.0,0.91,0.0,,WATCHLIST
PCLHG3DNJAY8XGSR,AONEPTER dogs can use this anti-flea dogs collar safely Dog & Cat Anti-tick Collar,aonepter,training,,,,,PCLHG3DNJAY8XGSR,https://www.flipkart.com/aonepter-dogs-can-use-anti-flea-collar-safely-dog-cat-anti-tick/p/itme6a57d3d829a0?pid=PCLHG3DNJAY8XGSR&lid=LSTPCLHG3DNJAY8XGSROMVZOD&marketplace=FLIPKART&q=anti+bark+collar&store=search.flipkart.com&srno=s_1_3&otracker=search&fm=organic&iid=a5e41e6c-f712-4fa1-877c-d3c823b8ca75.PCLHG3DNJAY8XGSR.SEARCH&ppt=None&ppn=None&ssid=p8wimx3quo0000001783424357818&qH=f1fde8a6826f7c4a&ov_redirect=true&ov_redirect=true,https://rukminim2.flixcart.com/image/612/612/xif0q/pet-collar-harness/9/a/j/large-tick-collar-for-dogs-premium-adjustable-silicone-pet-original-imahmd85ynhszmh4.jpeg?q=70,https://rukminim2.flixcart.com/image/612/612/xif0q/pet-collar-harness/9/a/j/large-tick-collar-for-dogs-premium-adjustable-silicone-pet-original-imahmd85ynhszmh4.jpeg?q=70,,0,,,,3.0,0.0,4.2,,283.0,0.5,-2.0,69.98,rising,flipkart|gtrends,2026-07-07,2026-07-07T17:09:43.204999,126,2534d1ccb1427c36,aonepter|aonepter dogs can use this anti-flea dogs collar safely dog & cat anti-tick coll,66.86,69.98,66.86,3.12,0.0,0.91,0.0,,WATCHLIST
PEBHFXUNV5HMNSPY,"Stuffiva Oval Shaped Faux Fur PET Bed for Dogs, Kittens and Cats S Pet Bed",stuffiva,beds_accessories,,,,,PEBHFXUNV5HMNSPY,https://www.flipkart.com/stuffiva-oval-shaped-faux-fur-pet-bed-dogs-kittens-cats-s/p/itm82fdb7b1d1a55?pid=PEBHFXUNV5HMNSPY&lid=LSTPEBHFXUNV5HMNSPYMSCDF3&marketplace=FLIPKART&q=cat+bed&store=search.flipkart.com&srno=s_1_3&otracker=search&fm=organic&iid=2feb8fb4-78e7-458c-bacb-4647a070ac7d.PEBHFXUNV5HMNSPY.SEARCH&ppt=None&ppn=None&ssid=uq8xefjfcg0000001783424311869&qH=0434bf5b1b52fdd8&ov_redirect=true&ov_redirect=true,https://rukminim2.flixcart.com/image/612/612/xif0q/pet-bed/p/d/h/s-oval-shaped-faux-fur-pet-bed-for-dogs-kittens-and-cats-original-imahgs47tzpszvcc.jpeg?q=70,https://rukminim2.flixcart.com/image/612/612/xif0q/pet-bed/p/d/h/s-oval-shaped-faux-fur-pet-bed-for-dogs-kittens-and-cats-original-imahgs47tzpszvcc.jpeg?q=70,,0,,,,3.0,0.0,4.2,,237.0,20.5,-2.0,69.98,rising,flipkart|gtrends,2026-07-07,2026-07-07T17:09:43.193359,127,9896e84421541bda,"stuffiva|stuffiva oval shaped faux fur pet bed for dogs, kittens and cats s pet bed",66.86,69.98,66.86,3.12,0.0,0.91,0.0,,WATCHLIST
B0D3VBB7P5,Foodie Puppies 3 in 1 USB Laser Pointer Cat Teasing Toy with 5 Adjustable Patterns I Pet Chaser Tease Stick Pointer Toys for,foodie,cat_toys,,B0D3VBB7P5,https://www.amazon.in/Foodie-Puppies-Toy-Laser-Light/dp/B0D3VBB7P5/ref=zg_bs_g_4771387031_d_sccl_6/522-4724523-7365803?psc=1,"https://images-eu.ssl-images-amazon.com/images/I/61YP5yytwtL._AC_UL300_SR300,200_.jpg",,,,"https://images-eu.ssl-images-amazon.com/images/I/61YP5yytwtL._AC_UL300_SR300,200_.jpg",4.0,0,4.2,314.0,451.0,,,,,,4.0,-6.0,69.95,rising,amazon|gtrends,2026-07-07,2026-07-07T17:09:43.163859,128,a24c90637d63e702,foodie|foodie puppies 3 in 1 usb laser pointer cat teasing toy with 5 adjustable patter,66.83,69.95,66.83,3.12,0.0,0.91,0.0,,WATCHLIST
PHSFG8ZXKARZSYJH,Drools Salmon Oil Syrup Pet Health Supplements,drools,health_wellness,,,,,PHSFG8ZXKARZSYJH,https://www.flipkart.com/drools-salmon-oil-syrup-pet-health-supplements/p/itma7214f3f44395?pid=PHSFG8ZXKARZSYJH&lid=LSTPHSFG8ZXKARZSYJHX3MZVX&marketplace=FLIPKART&q=dog+supplements&store=p3t%2Fea3%2F0ua&spotlightTagId=default_TrendingId_p3t%2Fea3%2F0ua&srno=s_1_4&otracker=search&fm=organic&iid=62e4164b-bda9-434c-b7cf-78c40b73a58c.PHSFG8ZXKARZSYJH.SEARCH&ppt=None&ppn=None&ssid=wrhwgc46z40000001783424320687&qH=173b9a8368e4e00d&ov_redirect=true&ov_redirect=true,https://rukminim2.flixcart.com/image/612/612/xif0q/pet-health-supplement/f/x/8/-original-imahzzfyshann7wa.jpeg?q=70,https://rukminim2.flixcart.com/image/612/612/xif0q/pet-health-supplement/f/x/8/-original-imahzzfyshann7wa.jpeg?q=70,,0,,,,4.0,0.0,4.4,,254.0,0.5,0.0,69.94,rising,flipkart|gtrends,2026-07-07,2026-07-07T17:09:43.195603,129,f36e5719d8fcda7e,drools|drools salmon oil syrup pet health supplements,66.82,69.94,66.82,3.12,0.0,0.91,0.0,,WATCHLIST
PTYGRHCU2ZKHZHDE,"PETZLUV YOUHAVEDEAL Toys for Puppies & Medium Dogs Toys | Color May Vary | Rope Ball Toy Cotton Ball, Tug Toy, Fetch Toy, Training Aid, Chew Toy For Dog & Cat",petzluv,dog_toys,,,,,PTYGRHCU2ZKHZHDE,https://www.flipkart.com/petzluv-youhavedeal-toys-puppies-medium-dogs-color-may-vary-rope-ball-toy-cotton-ball-tug-toy-fetch-training-aid-chew-dog-cat/p/itm25e5ff7837cd8?pid=PTYGRHCU2ZKHZHDE&lid=LSTPTYGRHCU2ZKHZHDEDDNH2S&marketplace=FLIPKART&q=chew+toy+for+dogs&store=p3t%2Fea3%2Fg4c&srno=s_1_4&otracker=search&fm=organic&iid=7bd7fbba-2d0c-49d2-998d-02c17cd33c0c.PTYGRHCU2ZKHZHDE.SEARCH&ppt=None&ppn=None&ssid=epaqy8p1400000001783424279013&qH=c3109da2ecfccdb5&ov_redirect=true&ov_redirect=true,https://rukminim2.flixcart.com/image/612/612/xif0q/pet-toy/t/w/s/5-dog-rope-toys-for-small-and-medium-dogs-g410-petzluv-original-imahdxm4gg3z5m2n.jpeg?q=70,https://rukminim2.flixcart.com/image/612/612/xif0q/pet-toy/t/w/s/5-dog-rope-toys-for-small-and-medium-dogs-g410-petzluv-original-imahdxm4gg3z5m2n.jpeg?q=70,,0,,,,4.0,0.0,4.4,,135.0,3.0,0.0,69.94,rising,flipkart|gtrends,2026-07-07,2026-07-07T17:09:43.185167,130,3bf8e56ee56266fb,petzluv|petzluv youhavedeal toys for puppies & medium dogs toys | color may vary | rope ,66.82,69.94,66.82,3.12,0.0,0.91,0.0,,WATCHLIST
B0CZ74JM7L,amazon basics Interactive Sound Ball Toy for Dogs and Puppies| Fun Squeaky Sounds | Pet-Safe Materials| Suitable for All Dog,amazon basics,dog_toys,,B0CZ74JM7L,https://www.amazon.in/Interactive-Puppies-Pet-Safe-Materials-Suitable/dp/B0CZ74JM7L/ref=zg_bs_g_4771401031_d_sccl_7/522-4724523-7365803?psc=1,"https://images-eu.ssl-images-amazon.com/images/I/613lpZQvnSL._AC_UL300_SR300,200_.jpg",,,,"https://images-eu.ssl-images-amazon.com/images/I/613lpZQvnSL._AC_UL300_SR300,200_.jpg",6.0,0,4.2,631.0,519.0,,,,,,3.0,0.0,69.89,rising,amazon|gtrends,2026-07-07,2026-07-07T17:09:43.162575,131,6b2f4ff4283c145d,amazon basics|amazon basics interactive sound ball toy for dogs and puppies| fun squeaky sound,66.77,69.89,66.77,3.12,0.0,0.91,0.0,,WATCHLIST
PCLG4Z3ZGEKHUVCC,Hachiko Dog Collar & Leash,hachiko,collars_leashes,,,,,PCLG4Z3ZGEKHUVCC,https://www.flipkart.com/hachiko-dog-collar-leash/p/itm7ecbfd0c37a71?pid=PCLG4Z3ZGEKHUVCC&lid=LSTPCLG4Z3ZGEKHUVCC12JG2B&marketplace=FLIPKART&q=dog+collar&store=p3t%2Fea3%2Fb1n&srno=s_1_7&otracker=search&fm=organic&iid=32c09fc5-3848-44a5-bce7-d16caa2396f9.PCLG4Z3ZGEKHUVCC.SEARCH&ppt=None&ppn=None&ssid=7qp8bruvq80000001783424335453&qH=7e1db77825e65614&ov_redirect=true&ov_redirect=true,https://rukminim2.flixcart.com/image/612/612/kr3tj0w0/pet-collar-harness/t/v/g/small-clrbkrdcmbomn3-hachiko-original-imag4z38ysvyyh6n.jpeg?q=70,https://rukminim2.flixcart.com/image/612/612/kr3tj0w0/pet-collar-harness/t/v/g/small-clrbkrdcmbomn3-hachiko-original-imag4z38ysvyyh6n.jpeg?q=70,,0,,,,2.0,0.0,4.1,,141.0,5.0,-3.0,69.88,rising,flipkart|gtrends,2026-07-07,2026-07-07T17:09:43.199204,132,020881c4759a213c,hachiko|hachiko dog collar & leash,67.38,69.88,67.38,2.5,0.0,0.91,0.0,,WATCHLIST
B0CS9BW45R,ZEXSAZONE Summer Comfortable Durable Both Sides usable and Washable Pet Bed | Cat Bed | Puppy Bed | Dog Bed | Medium Dog Bed,zexsazone,beds_accessories,,B0CS9BW45R,https://www.amazon.in/ZEXSAZONE-flexible-Perfect-Puppies-Weather/dp/B0CS9BW45R/ref=zg_bs_g_4771390031_d_sccl_5/522-4724523-7365803?psc=1,"https://images-eu.ssl-images-amazon.com/images/I/61uAf52uJDL._AC_UL300_SR300,200_.jpg",,,,"https://images-eu.ssl-images-amazon.com/images/I/61uAf52uJDL._AC_UL300_SR300,200_.jpg",5.0,0,4.3,246.0,430.0,,,,,,20.5,-2.0,69.83,rising,amazon|gtrends,2026-07-07,2026-07-07T17:09:43.169334,133,4996f6fe5745b1df,zexsazone|zexsazone summer comfortable durable both sides usable and washable pet bed | ca,66.71,69.83,66.71,3.12,0.0,0.91,0.0,,WATCHLIST
PFDH46R6HQ6BJFSX,Royal Canin Maxi Starter Dry Dog Food Meat 1 kg Dry Young Dog Food,royal canin,dog_food,,,,,PFDH46R6HQ6BJFSX,https://www.flipkart.com/royal-canin-maxi-starter-dry-dog-food-meat-1-kg-young/p/itmcf0dd0e0582a7?pid=PFDH46R6HQ6BJFSX&lid=LSTPFDH46R6HQ6BJFSXKS5P7N&marketplace=FLIPKART&q=royal+canin+dog+food&store=p3t%2Fea3%2F8zj&srno=s_1_4&otracker=search&fm=organic&iid=b50ca4cc-10f2-4e61-9c64-b71ef01ff18f.PFDH46R6HQ6BJFSX.SEARCH&ppt=None&ppn=None&ssid=tuz9tvum340000001783424255774&qH=daddb49dcea591ec&ov_redirect=true,https://rukminim2.flixcart.com/image/312/312/xif0q/pet-food/p/q/j/1-dog-1-otrfo1859-royal-canin-original-imah46r5xxhhcafe.jpeg?q=70,https://rukminim2.flixcart.com/image/312/312/xif0q/pet-food/p/q/j/1-dog-1-otrfo1859-royal-canin-original-imah46r5xxhhcafe.jpeg?q=70,,0,,,,4.0,0.0,4.3,59.0,1013.0,18.0,-3.2,69.79,rising,flipkart|gtrends,2026-07-07,2026-07-07T17:09:43.181299,134,d3a9b6fa9c52ebf2,royal canin|royal canin maxi starter dry dog food meat 1 kg dry young dog food,66.67,69.79,66.67,3.12,0.0,0.91,0.0,,WATCHLIST
PTYHDP3NZ7HWPUH4,"decorvaiz 360° Interactive Dog, Cat Toys Ball, Electric Rolling Ball Automatic Moving Ball Silicone, Plastic Ball For Dog & Cat",decorvaiz,cat_toys,,,,,PTYHDP3NZ7HWPUH4,https://www.flipkart.com/decorvaiz-360-interactive-dog-cat-toys-ball-electric-rolling-ball-automatic-moving-silicone-plastic-dog/p/itmbcaa9ed64647b?pid=PTYHDP3NZ7HWPUH4&lid=LSTPTYHDP3NZ7HWPUH4XNUCHJ&marketplace=FLIPKART&q=interactive+dog+toy&store=p3t&srno=s_1_1&otracker=search&fm=organic&iid=en_Vf9HD0ojSiUt_W0awIT38Ll2n89ss4IF2MjQc5eekk8bMchKkk60KUP1QI56sGrcooEBoGclD2l_9YpEnBFYaJOGKoH_FsvKt6Qrfyh3-crLDVtuqiXjFppKSszARXcC&ppt=None&ppn=None&ssid=ef5gxxp0xs0000001783424284222&qH=53ab0f799320af1a&ov_redirect=true&ov_redirect=true,https://rukminim2.flixcart.com/image/612/612/xif0q/pet-toy/v/y/g/1-interactive-cat-and-dog-ball-decorvaiz-original-imahdp3nxt55znwr.jpeg?q=70,https://rukminim2.flixcart.com/image/612/612/xif0q/pet-toy/v/y/g/1-interactive-cat-and-dog-ball-decorvaiz-original-imahdp3nxt55znwr.jpeg?q=70,,0,,,,1.0,0.0,3.9,,149.0,4.0,-6.0,69.72,rising,flipkart|gtrends,2026-07-07,2026-07-07T17:09:43.184724,135,97611549b7087a10,"decorvaiz|decorvaiz 360° interactive dog, cat toys ball, electric rolling ball automatic m",67.22,69.72,67.22,2.5,0.0,0.91,0.0,,WATCHLIST
B08499CRPF,"Pedigree Wet Food for Puppy, Chicken Chunks in Gravy Flavour (Pack of 15 x 70g)",pedigree,dog_food,,B08499CRPF,https://www.amazon.in/Pedigree-Puppy-Chicken-Chunks-Gravy/dp/B08499CRPF/ref=zg_bs_g_4771395031_d_sccl_15/522-4724523-7365803?psc=1,"https://images-eu.ssl-images-amazon.com/images/I/81YnLlLye6L._AC_UL300_SR300,200_.jpg",PFDGWYREMC4XREFV,https://www.flipkart.com/pedigree-gravy-chicken-liver-chunks-1-56-kg-12x0-13-kg-wet-adult-dog-food/p/itmc22d62e437944?pid=PFDGWYREMC4XREFV&lid=LSTPFDGWYREMC4XREFVASXWNC&marketplace=FLIPKART&q=pedigree+dog+food&store=p3t%2Fea3%2F8zj&srno=s_1_15&otracker=search&fm=organic&iid=1de9ea02-cf71-4643-a824-9e6c79d2912c.PFDGWYREMC4XREFV.SEARCH&ppt=None&ppn=None&ssid=fr9eewrscw0000001783424258431&qH=b948d4492dbee74a&ov_redirect=true,https://rukminim2.flixcart.com/image/312/312/xif0q/pet-food/5/i/y/-enriched-transparent-original-imahm2ymgg6bkujg.png?q=70,"https://images-eu.ssl-images-amazon.com/images/I/81YnLlLye6L._AC_UL300_SR300,200_.jpg",14.0,0,4.4,7301.0,588.0,15.0,,4.5,1941.0,756.0,18.0,-3.2,69.68,rising,amazon|flipkart|gtrends,2026-07-07,2026-07-07T17:09:43.160672,136,6d204eae07ef1fe6,"pedigree|pedigree wet food for puppy, chicken chunks in gravy flavour (pack of 15 x 70g)",64.68,69.68,64.68,5.0,0.0,0.99,0.0,CROSS_PLATFORM_VISIBLE,WATCHLIST
PFDH5FBUBMXPWSGV,Royal Canin Royal Canin Fit 32 Adult Dry Cat Food - 400 gm Chicken 0.4 kg Dry Adult Cat Food,royal canin,cat_food,,,,,PFDH5FBUBMXPWSGV,https://www.flipkart.com/royal-canin-fit-32-adult-dry-cat-food-400-gm-chicken-0-4-kg/p/itmed7941353ebb5?pid=PFDH5FBUBMXPWSGV&lid=LSTPFDH5FBUBMXPWSGVG5TOER&marketplace=FLIPKART&q=royal+canin+cat+food&store=p3t%2F0mo%2Foiv&srno=s_1_5&otracker=search&fm=organic&iid=8c819297-3b7e-4c85-b19b-312f8798d713.PFDH5FBUBMXPWSGV.SEARCH&ppt=None&ppn=None&ssid=htiipb2zbk0000001783424271148&qH=d9e0c635368b029a&ov_redirect=true&ov_redirect=true,https://rukminim2.flixcart.com/image/612/612/xif0q/pet-food/y/x/k/0-4-cat-1-otrfo1752-royal-canin-original-imah5fbufcgfk2hd.jpeg?q=70,https://rukminim2.flixcart.com/image/612/612/xif0q/pet-food/y/x/k/0-4-cat-1-otrfo1752-royal-canin-original-imah5fbufcgfk2hd.jpeg?q=70,,0,,,,5.0,0.0,4.7,,403.0,21.67,-0.67,69.65,rising,flipkart|gtrends,2026-07-07,2026-07-07T17:09:43.183161,137,c8b94669b4fe83fb,royal canin|royal canin royal canin fit 32 adult dry cat food - 400 gm chicken 0.4 kg dry ad,66.53,69.65,66.53,3.12,0.0,0.91,0.0,,WATCHLIST
PFDHDF9EKYYN5NPH,Active Buy 1 Get 1 All Breed 100% Vegetable 6 kg (2x3 kg) Dry Adult Dog Food,active,dog_food,,,,,PFDHDF9EKYYN5NPH,https://www.flipkart.com/active-buy-1-get-all-breed-100-vegetable-6-kg-2x3-kg-dry-adult-dog-food/p/itmae1978d1a8b66?pid=PFDHDF9EKYYN5NPH&lid=LSTPFDHDF9EKYYN5NPHKI2AB4&marketplace=FLIPKART&q=dry+dog+food&store=p3t%2Fea3%2F8zj&srno=s_1_6&otracker=search&fm=organic&iid=en_ZfnZX11QBAUqlgPN3IAcSf1Nx_YpkRuU9pFm0N0KUIopKoqARzXTXsAnHDIGkAKAY_WNi-pZRyzx7JL-VthtCjXMRj5D8iexv0Ny9OcCXE_DKUjawKf21UJgwStmfMPu9QWMJPI4egdmz5nn89L_DQ%3D%3D&ppt=None&ppn=None&ssid=n0x8tqtwmo0000001783424253242&qH=f912ea67325edc4a&ov_redirect=true,https://rukminim2.flixcart.com/image/312/312/xif0q/pet-food/o/h/r/-original-imahghjahhn98hpa.jpeg?q=70,https://rukminim2.flixcart.com/image/312/312/xif0q/pet-food/o/h/r/-original-imahghjahhn98hpa.jpeg?q=70,,0,,,,6.0,0.0,4.4,531.0,630.0,18.0,-3.2,69.6,rising,flipkart|gtrends,2026-07-07,2026-07-07T17:09:43.180914,138,8632da445573ebfa,active|active buy 1 get 1 all breed 100% vegetable 6 kg (2x3 kg) dry adult dog food,66.48,69.6,66.48,3.12,0.0,0.91,0.0,,WATCHLIST
PCLHFHH2HAVJYWND,AomniStore 2pcs Adjustable Small Pets Cute Bow-Tie Collar for Puppies & Cats - Stylish Belt Dog & Cat Everyday Collar,aomnistore,collars_leashes,,,,,PCLHFHH2HAVJYWND,https://www.flipkart.com/aomnistore-2pcs-adjustable-small-pets-cute-bow-tie-collar-puppies-cats-stylish-belt-dog-cat-everyday/p/itm27133ca86acc1?pid=PCLHFHH2HAVJYWND&lid=LSTPCLHFHH2HAVJYWNDF3ZXYX&marketplace=FLIPKART&q=cat+collar&store=p3t&srno=s_1_2&otracker=search&fm=organic&iid=en_uijc9Bi5n3Dl9T-2slMJU4lI_nrzDjpQIgub2MXjcKjKclbnVUzBmq1IDoaw54c5Flp2L_KhKRO9S_Yhs4Hmfj4KsbAEMh2K-8RrORfomoFYSE1StJQNHf2hemS1kOKu&ppt=None&ppn=None&ssid=dl7gz1mpu80000001783424338174&qH=831161a82e2648a4&ov_redirect=true&ov_redirect=true,https://rukminim2.flixcart.com/image/612/612/xif0q/pet-collar-harness/l/d/o/small-aao2bowtie-aomni-store-original-imahfhh2gb9twrce.jpeg?q=70,https://rukminim2.flixcart.com/image/612/612/xif0q/pet-collar-harness/l/d/o/small-aao2bowtie-aomni-store-original-imahfhh2gb9twrce.jpeg?q=70,,0,,,,2.0,0.0,4.0,,114.0,5.0,-3.0,69.6,rising,flipkart|gtrends,2026-07-07,2026-07-07T17:09:43.199809,139,30eddd805a31d191,aomnistore|aomnistore 2pcs adjustable small pets cute bow-tie collar for puppies & cats - s,67.1,69.6,67.1,2.5,0.0,0.91,0.0,,WATCHLIST
PTYH8QFCJJ2TZHHS,"Petfun Avocado,Paw Catnip Mint Treats Wall Lick Treat, Natural Teeth Cleaning Toy Plastic Treat Dispensing Toy For Cat",petfun,cat_food,,,,,PTYH8QFCJJ2TZHHS,https://www.flipkart.com/petfun-avocado-paw-catnip-mint-treats-wall-lick-treat-natural-teeth-cleaning-toy-plastic-treat-dispensing-cat/p/itm7a7e7bb6cc925?pid=PTYH8QFCJJ2TZHHS&lid=LSTPTYH8QFCJJ2TZHHS8UCARI&marketplace=FLIPKART&q=catnip+toy&store=p3t%2F0mo%2Fgba&srno=s_1_4&otracker=search&fm=organic&iid=39e31d82-0a1a-4f12-a245-083e2fba4e25.PTYH8QFCJJ2TZHHS.SEARCH&ppt=None&ppn=None&ssid=0fjvryz3nk0000001783424289434&qH=f9b349971a41f28d&ov_redirect=true&ov_redirect=true,https://rukminim2.flixcart.com/image/612/612/xif0q/pet-toy/0/q/i/1-pf-cat-lick-treats-paw-avacdo-shape-toy-petfun-original-imah8qfcqcfbedgn.jpeg?q=70,https://rukminim2.flixcart.com/image/612/612/xif0q/pet-toy/0/q/i/1-pf-cat-lick-treats-paw-avacdo-shape-toy-petfun-original-imah8qfcqcfbedgn.jpeg?q=70,,0,,,,4.0,0.0,4.3,,116.0,21.67,-0.67,69.53,rising,flipkart|gtrends,2026-07-07,2026-07-07T17:09:43.188437,140,b3fcc01fc3805236,"petfun|petfun avocado,paw catnip mint treats wall lick treat, natural teeth cleaning to",66.41,69.53,66.41,3.12,0.0,0.91,0.0,,WATCHLIST
PFDE6QFER9Q9SHV5,Royal Canin Medium Puppy 1 kg Dry Young Dog Food,royal canin,dog_food,,,,,PFDE6QFER9Q9SHV5,https://www.flipkart.com/royal-canin-medium-puppy-1-kg-dry-young-dog-food/p/itm7762e287b6120?pid=PFDE6QFER9Q9SHV5&lid=LSTPFDE6QFER9Q9SHV5WXBFU9&marketplace=FLIPKART&q=royal+canin+dog+food&store=p3t%2Fea3%2F8zj&srno=s_1_7&otracker=search&fm=organic&iid=b50ca4cc-10f2-4e61-9c64-b71ef01ff18f.PFDE6QFER9Q9SHV5.SEARCH&ppt=None&ppn=None&ssid=tuz9tvum340000001783424255774&qH=daddb49dcea591ec&ov_redirect=true,https://rukminim2.flixcart.com/image/312/312/xif0q/pet-food/7/t/k/10-dog-3182550778077-royal-canin-enriched-transparent-original-imaf8yuhxsrqxyqn.png?q=70,https://rukminim2.flixcart.com/image/312/312/xif0q/pet-food/7/t/k/10-dog-3182550778077-royal-canin-enriched-transparent-original-imaf8yuhxsrqxyqn.png?q=70,,0,,,,7.0,0.0,4.4,1041.0,959.0,18.0,-3.2,69.53,rising,flipkart|gtrends,2026-07-07,2026-07-07T17:09:43.181361,141,3af5a3fc66f7404e,royal canin|royal canin medium puppy 1 kg dry young dog food,66.41,69.53,66.41,3.12,0.0,0.91,0.0,,WATCHLIST
CAOHH2BKHW3ZWFFG,cocoluxe Cat Scratching Pad,cocoluxe,cat_food,,,,,CAOHH2BKHW3ZWFFG,https://www.flipkart.com/cocoluxe-cat-scratching-pad/p/itm2908ee217c9a5?pid=CAOHH2BKHW3ZWFFG&lid=LSTCAOHH2BKHW3ZWFFG7ZD1D5&marketplace=FLIPKART&q=scratching+post&store=search.flipkart.com&srno=s_1_4&otracker=search&fm=organic&iid=5bc46a97-7ca5-4d96-83b8-c80373b7e6bd.CAOHH2BKHW3ZWFFG.SEARCH&ppt=None&ppn=None&ssid=w7adpjchls0000001783424294643&qH=628cefc67d4ceea5&ov_redirect=true&ov_redirect=true,https://rukminim2.flixcart.com/image/612/612/xif0q/cat-scratching-post/z/d/d/cat-scratcher-mat-natural-sisal-with-anti-slip-rubber-backing-original-imahzwdfq4s9hshx.jpeg?q=70,https://rukminim2.flixcart.com/image/612/612/xif0q/cat-scratching-post/z/d/d/cat-scratcher-mat-natural-sisal-with-anti-slip-rubber-backing-original-imahzwdfq4s9hshx.jpeg?q=70,,0,,,,4.0,0.0,4.3,,329.0,21.67,-0.67,69.53,rising,flipkart|gtrends,2026-07-07,2026-07-07T17:09:43.189945,142,4b61fcdea60dbd7a,cocoluxe|cocoluxe cat scratching pad,66.41,69.53,66.41,3.12,0.0,0.91,0.0,,WATCHLIST
PTYH6HECXYSMSJMM,"OM ZEE Cat Toy Catnip Mice, Cat and Kitten Toy Mouse 3 Pcs Pack Cotton Soft Toy For Cat",om,cat_toys,,,,,PTYH6HECXYSMSJMM,https://www.flipkart.com/om-zee-cat-toy-catnip-mice-kitten-mouse-3-pcs-pack-cotton-soft/p/itmf94ad664ea974?pid=PTYH6HECXYSMSJMM&lid=LSTPTYH6HECXYSMSJMM0Z9I0C&marketplace=FLIPKART&q=catnip+toy&store=p3t%2F0mo%2Fgba&srno=s_1_1&otracker=search&fm=organic&iid=39e31d82-0a1a-4f12-a245-083e2fba4e25.PTYH6HECXYSMSJMM.SEARCH&ppt=None&ppn=None&ssid=0fjvryz3nk0000001783424289434&qH=f9b349971a41f28d&ov_redirect=true&ov_redirect=true,https://rukminim2.flixcart.com/image/612/612/xif0q/pet-toy/r/k/a/1-cat-toy-3-om-zee-original-imah6hecej8rn4h6.jpeg?q=70,https://rukminim2.flixcart.com/image/612/612/xif0q/pet-toy/r/k/a/1-cat-toy-3-om-zee-original-imah6hecej8rn4h6.jpeg?q=70,,0,,,,1.0,0.0,3.8,,110.0,4.0,-6.0,69.44,rising,flipkart|gtrends,2026-07-07,2026-07-07T17:09:43.188261,143,b236ea5bda51719a,"om|om zee cat toy catnip mice, cat and kitten toy mouse 3 pcs pack cotton soft toy ",66.94,69.44,66.94,2.5,0.0,0.91,0.0,,WATCHLIST
PHSHHHGYJFGQSHHZ,AbsolutPet Hip & Joint Supplement for Dogs to Improve Mobility & Bone Strength 30 Chews Pet Health Supplements,absolutpet,health_wellness,,,,,PHSHHHGYJFGQSHHZ,https://www.flipkart.com/absolutpet-hip-joint-supplement-dogs-improve-mobility-bone-strength-30-chews-pet-health-supplements/p/itm6307c7926c3ab?pid=PHSHHHGYJFGQSHHZ&lid=LSTPHSHHHGYJFGQSHHZAMJURC&marketplace=FLIPKART&q=joint+supplement+for+dogs&store=p3t&srno=s_1_4&otracker=search&fm=organic&iid=249225c6-231a-4d9b-a19d-6ab5cf30ee59.PHSHHHGYJFGQSHHZ.SEARCH&ppt=None&ppn=None&ssid=srm44c08ww0000001783424329919&qH=b0e4c33d635c1c86&ov_redirect=true&ov_redirect=true,https://rukminim2.flixcart.com/image/612/612/xif0q/pet-health-supplement/i/u/m/75-hip-joint-supplement-for-dogs-to-improve-mobility-bone-original-imahhpgzycans7xm.jpeg?q=70,https://rukminim2.flixcart.com/image/612/612/xif0q/pet-health-supplement/i/u/m/75-hip-joint-supplement-for-dogs-to-improve-mobility-bone-original-imahhpgzycans7xm.jpeg?q=70,,0,,,,4.0,0.0,4.2,,540.0,0.5,0.0,69.38,rising,flipkart|gtrends,2026-07-07,2026-07-07T17:09:43.197940,144,3da95b38f591cab3,absolutpet|absolutpet hip & joint supplement for dogs to improve mobility & bone strength 3,66.26,69.38,66.26,3.12,0.0,0.91,0.0,,WATCHLIST
PSOGZWHCATGFVK9Q,"ROMSAY Anti-Tick & Flea Blueberry Shampoo 200ML + Tick & Flea Soap 75GM Flea and Tick, Allergy Relief, Anti-dandruff, Anti-itching, Anti-microbial, Hypoallergenic Neem, Blueberry Dog Shampoo",romsay,health_wellness,,,,,PSOGZWHCATGFVK9Q,https://www.flipkart.com/romsay-anti-tick-flea-blueberry-shampoo-200ml-tick-soap-75gm-tick-allergy-relief-anti-dandruff-anti-itching-anti-microbial-hypoallergenic-neem-dog/p/itm53c34c31b1e04?pid=PSOGZWHCATGFVK9Q&lid=LSTPSOGZWHCATGFVK9Q9RLQLF&marketplace=FLIPKART&q=flea+tick+medicine+for+dogs&store=p3t%2Fixl%2Fosh&srno=s_1_4&otracker=search&fm=organic&iid=f1b3cde1-284f-43d5-95b4-4636db5c0b05.PSOGZWHCATGFVK9Q.SEARCH&ppt=None&ppn=None&ssid=7ynyuyy6cw0000001783424326799&qH=2ddc765890887549&ov_redirect=true&ov_redirect=true,https://rukminim2.flixcart.com/image/612/612/xif0q/pet-shampoo/m/y/5/275-h-402452-romsay-original-imagzwhchzsn5hec.jpeg?q=70,https://rukminim2.flixcart.com/image/612/612/xif0q/pet-shampoo/m/y/5/275-h-402452-romsay-original-imagzwhchzsn5hec.jpeg?q=70,,0,,,,4.0,0.0,4.2,,143.0,0.5,0.0,69.38,rising,flipkart|gtrends,2026-07-07,2026-07-07T17:09:43.196830,145,11d65efe78c13ea5,romsay|romsay anti-tick & flea blueberry shampoo 200ml + tick & flea soap 75gm flea and,66.26,69.38,66.26,3.12,0.0,0.91,0.0,,WATCHLIST
PSOG74ZMTZKB4QYR,"Zoivane Persian Cat Shampoo with Conditioner Anti-dandruff, Allergy Relief, Anti-fungal, Anti-itching, Whitening and Color Enhancing Floral, Sweet Cat Shampoo",zoivane,grooming,,,,,PSOG74ZMTZKB4QYR,https://www.flipkart.com/zoivane-persian-cat-shampoo-conditioner-anti-dandruff-allergy-relief-anti-fungal-anti-itching-whitening-color-enhancing-floral-sweet/p/itmd60d2c33ad3b2?pid=PSOG74ZMTZKB4QYR&lid=LSTPSOG74ZMTZKB4QYRWACZXF&marketplace=FLIPKART&q=cat+shampoo&store=p3t%2Fixl%2Fosh&srno=s_1_4&otracker=search&fm=organic&iid=b1ca53d0-beee-4dcd-aa21-6028d799340c.PSOG74ZMTZKB4QYR.SEARCH&ppt=None&ppn=None&ssid=y8f1ftke9s0000001783424299769&qH=c761a0a39d797bbe&ov_redirect=true&ov_redirect=true,https://rukminim2.flixcart.com/image/612/612/xif0q/pet-shampoo/v/c/0/100-5-in-one-extra-white-shampoo-conditioner-100-ml-zoivane-original-imahdmj5bhyhbwhe.jpeg?q=70,https://rukminim2.flixcart.com/image/612/612/xif0q/pet-shampoo/v/c/0/100-5-in-one-extra-white-shampoo-conditioner-100-ml-zoivane-original-imahdmj5bhyhbwhe.jpeg?q=70,,0,,,,4.0,0.0,4.3,,122.0,13.5,-1.5,69.36,rising,flipkart|gtrends,2026-07-07,2026-07-07T17:09:43.191371,146,ba3e96ab2553b997,"zoivane|zoivane persian cat shampoo with conditioner anti-dandruff, allergy relief, anti",66.24,69.36,66.24,3.12,0.0,0.91,0.0,,WATCHLIST
CAOGN9SDM4FM6SP7,Emily Pets Cat Scratching Pad,emily,cat_food,,,,,CAOGN9SDM4FM6SP7,https://www.flipkart.com/emily-pets-cat-scratching-pad/p/itm9bae9121326bf?pid=CAOGN9SDM4FM6SP7&lid=LSTCAOGN9SDM4FM6SP7POBAG4&marketplace=FLIPKART&q=scratching+post&store=search.flipkart.com&srno=s_1_3&otracker=search&fm=organic&iid=5bc46a97-7ca5-4d96-83b8-c80373b7e6bd.CAOGN9SDM4FM6SP7.SEARCH&ppt=None&ppn=None&ssid=w7adpjchls0000001783424294643&qH=628cefc67d4ceea5&ov_redirect=true&ov_redirect=true,https://rukminim2.flixcart.com/image/612/612/xif0q/cat-scratching-post/0/x/1/cat-scratcher-cardboard-reversible-scratching-pad-recyclable-original-imagn9sdydyzqfcy.jpeg?q=70,https://rukminim2.flixcart.com/image/612/612/xif0q/cat-scratching-post/0/x/1/cat-scratcher-cardboard-reversible-scratching-pad-recyclable-original-imagn9sdydyzqfcy.jpeg?q=70,,0,,,,3.0,0.0,4.1,,221.0,21.67,-0.67,69.35,rising,flipkart|gtrends,2026-07-07,2026-07-07T17:09:43.189910,147,36a2673c724e00f3,emily|emily pets cat scratching pad,66.85,69.35,66.85,2.5,0.0,0.91,0.0,,WATCHLIST
PCLGGHK5HJUHPGPV,"SENAPATI Senapati Dog Combo Pack of Harness, Neck Collar Belt and Rope Set (Red, Medium) Dog Collar & Leash",senapati,collars_leashes,,,,,PCLGGHK5HJUHPGPV,https://www.flipkart.com/senapati-dog-combo-pack-harness-neck-collar-belt-rope-set-red-medium-leash/p/itm78c0a971dc450?pid=PCLGGHK5HJUHPGPV&lid=LSTPCLGGHK5HJUHPGPV7POZDD&marketplace=FLIPKART&q=dog+collar&store=p3t%2Fea3%2Fb1n&srno=s_1_2&otracker=search&fm=organic&iid=en_6hLpz_MXPhzqMwJvD7Fqu7flGPdWiCbltzQZxucrjgT07CT9iPLjyHVLdS4nxgeY-vlVPe8k5hk_VFBPRLy9f3YZoFRQFn7HC-GKBcEEwHNgT71_NaXPFZuiDfdf7LtR&ppt=None&ppn=None&ssid=7qp8bruvq80000001783424335453&qH=7e1db77825e65614&ov_redirect=true&ov_redirect=true,https://rukminim2.flixcart.com/image/612/612/l5iid8w0/pet-collar-harness/l/3/s/medium-black-combo-salethief-original-imagg6y9fkmf8ymu.jpeg?q=70,https://rukminim2.flixcart.com/image/612/612/l5iid8w0/pet-collar-harness/l/3/s/medium-black-combo-salethief-original-imagg6y9fkmf8ymu.jpeg?q=70,,0,,,,2.0,0.0,3.9,,132.0,5.0,-3.0,69.32,rising,flipkart|gtrends,2026-07-07,2026-07-07T17:09:43.199008,148,54e94f5fb3fe6ace,"senapati|senapati senapati dog combo pack of harness, neck collar belt and rope set (red,",66.82,69.32,66.82,2.5,0.0,0.91,0.0,,WATCHLIST
B00LHS8MX6,"Pedigree Puppy Dry Dog Food, Chicken & Milk, 3 kg, Contains 37 Essential Nutrients, 100% Complete & Balanced Food for Puppies",pedigree,dog_food,,B00LHS8MX6,https://www.amazon.in/Pedigree-Puppy-Food-Chicken-Milk/dp/B00LHS8MX6/ref=zg_bs_g_4771395031_d_sccl_11/522-4724523-7365803?psc=1,"https://images-eu.ssl-images-amazon.com/images/I/71sxUT6SUIL._AC_UL300_SR300,200_.jpg",,,,"https://images-eu.ssl-images-amazon.com/images/I/71sxUT6SUIL._AC_UL300_SR300,200_.jpg",10.0,0,4.4,23006.0,689.0,,,,,,18.0,-3.2,69.3,rising,amazon|gtrends,2026-07-07,2026-07-07T17:09:43.160538,149,dc6e135a3460bfb1,"pedigree|pedigree puppy dry dog food, chicken & milk, 3 kg, contains 37 essential nutrien",66.18,69.3,66.18,3.12,0.0,0.91,0.0,,WATCHLIST
B07W5N6N6N,"Let's Bite Active Kitten Dry Cat Food, 400gm + 400gm, Total 800 g Pack",lets,cat_food,,B07W5N6N6N,https://www.amazon.in/Lets-Bite-Active-Kitten-Months/dp/B07W5N6N6N/ref=zg_bs_g_4771382031_d_sccl_16/522-4724523-7365803?psc=1,"https://images-eu.ssl-images-amazon.com/images/I/61m5hSva+GL._AC_UL300_SR300,200_.jpg",,,,"https://images-eu.ssl-images-amazon.com/images/I/61m5hSva+GL._AC_UL300_SR300,200_.jpg",10.0,0,4.2,5524.0,169.0,,,,,,21.67,-0.67,69.25,rising,amazon|gtrends,2026-07-07,2026-07-07T17:09:43.161893,150,2dcc86dbf8dabdf5,"lets|let's bite active kitten dry cat food, 400gm + 400gm, total 800 g pack",66.13,69.25,66.13,3.12,0.0,0.91,0.0,,WATCHLIST
B088PWQ9XB,"Foodie Puppies Anti-Bacterial 200 Pulls Pet Wet Wipes (Fresh Apple) - 100 Wipes (Pack of 2) | Grooming Wipes for Dogs, Puppie",foodie,grooming,,B088PWQ9XB,https://www.amazon.in/Foodie-Puppies-Wipes-Fresh-Apple/dp/B088PWQ9XB/ref=zg_bs_g_4771396031_d_sccl_11/522-4724523-7365803?psc=1,"https://images-eu.ssl-images-amazon.com/images/I/71yoToG61DL._AC_UL300_SR300,200_.jpg",,,,"https://images-eu.ssl-images-amazon.com/images/I/71yoToG61DL._AC_UL300_SR300,200_.jpg",10.0,0,4.3,3412.0,249.0,,,,,,13.5,-1.5,69.2,rising,amazon|gtrends,2026-07-07,2026-07-07T17:09:43.165841,151,7b1c90bb3f019a50,foodie|foodie puppies anti-bacterial 200 pulls pet wet wipes (fresh apple) - 100 wipes ,66.08,69.2,66.08,3.12,0.0,0.91,0.0,,WATCHLIST
PFDFJQKQXTPC686F,Whiskas (2-12 Months) Mackerel 1.1 kg Dry Young Kitten Food,whiskas,cat_food,,,,,PFDFJQKQXTPC686F,https://www.flipkart.com/whiskas-2-12-months-mackerel-1-1-kg-dry-young-kitten-food/p/itmd2594733de051?pid=PFDFJQKQXTPC686F&lid=LSTPFDFJQKQXTPC686FUGMV6P&marketplace=FLIPKART&q=kitten+food&store=p3t%2F0mo%2Foiv&srno=s_1_5&otracker=search&fm=organic&iid=81b000e9-9804-4c1d-aa50-455e3f95f0c4.PFDFJQKQXTPC686F.SEARCH&ppt=None&ppn=None&ssid=htm787lr280000001783424266045&qH=8a534960bbeaf1fe&ov_redirect=true&ov_redirect=true,https://rukminim2.flixcart.com/image/612/612/xif0q/pet-food/k/1/d/-enriched-transparent-original-imahkyffmh8tjyb2.png?q=70,https://rukminim2.flixcart.com/image/612/612/xif0q/pet-food/k/1/d/-enriched-transparent-original-imahkyffmh8tjyb2.png?q=70,,0,,,,5.0,0.0,4.5,,391.0,21.67,-0.67,69.09,rising,flipkart|gtrends,2026-07-07,2026-07-07T17:09:43.182546,152,1c0235758562b5ea,whiskas|whiskas (2-12 months) mackerel 1.1 kg dry young kitten food,65.97,69.09,65.97,3.12,0.0,0.9,0.0,,WATCHLIST
B005LA8RH2,"Whiskas Adult (1+ Years) Dry Cat Food, Tuna Flavour, 3 kg, Contains 41 Essential Nutrients, Complete & Balanced Nutrition for",whiskas,cat_food,,B005LA8RH2,https://www.amazon.in/Contains-Essential-Nutrients-Complete-Nutrition/dp/B005LA8RH2/ref=zg_bs_g_4771382031_d_sccl_17/522-4724523-7365803?psc=1,"https://images-eu.ssl-images-amazon.com/images/I/81yapTGwJLL._AC_UL300_SR300,200_.jpg",,,,"https://images-eu.ssl-images-amazon.com/images/I/81yapTGwJLL._AC_UL300_SR300,200_.jpg",11.0,0,4.5,9284.0,978.0,,,,,,21.67,-0.67,69.09,rising,amazon|gtrends,2026-07-07,2026-07-07T17:09:43.161945,153,8ce17da85a6ea694,"whiskas|whiskas adult (1+ years) dry cat food, tuna flavour, 3 kg, contains 41 essential",65.97,69.09,65.97,3.12,0.0,0.9,0.0,,WATCHLIST
PCLH4ZHRSYZMHJPZ,Subaka Dog Double Body Harness For All Breed Dog Sizes Dog Buckle Harness,subaka,collars_leashes,,,,,PCLH4ZHRSYZMHJPZ,https://www.flipkart.com/subaka-dog-double-body-harness-all-breed-sizes-buckle/p/itm889f3e0782437?pid=PCLH4ZHRSYZMHJPZ&lid=LSTPCLH4ZHRSYZMHJPZVENRC3&marketplace=FLIPKART&q=dog+harness&store=p3t%2Fea3%2Fb1n&srno=s_1_2&otracker=search&fm=organic&iid=en_rkj1bJkHAH3RMK1ir1ZvYsaeeN04IQ9hS1LEn75zpE1rM2F4kOoFSVs48yAF4KAu80uoDJ78t-9f-fPv5RygdtJRb94JWO3bgoZ9f1f8Iekek9DpNCCPdPclD6AiVfu2&ppt=None&ppn=None&ssid=sckxvcab7k0000001783424343657&qH=c997f489fc4d5035&ov_redirect=true&ov_redirect=true,https://rukminim2.flixcart.com/image/612/612/xif0q/pet-collar-harness/w/i/e/large-double-body-dog-harness-subaka-original-imahkzw6qstt24e2.jpeg?q=70,https://rukminim2.flixcart.com/image/612/612/xif0q/pet-collar-harness/w/i/e/large-double-body-dog-harness-subaka-original-imahkzw6qstt24e2.jpeg?q=70,,0,,,,2.0,0.0,3.8,,372.0,5.0,-3.0,69.04,rising,flipkart|gtrends,2026-07-07,2026-07-07T17:09:43.199648,154,ad71024eb3bfc54c,subaka|subaka dog double body harness for all breed dog sizes dog buckle harness,66.54,69.04,66.54,2.5,0.0,0.91,0.0,,WATCHLIST
B07P1RW182,"HASTHIP Adjustable Cat Belt, Strong Breakaway Buckle, Cat Collar With Bell, Velvet Neck Strap for Small and medium-sized Cat",hasthip,collars_leashes,,B07P1RW182,https://www.amazon.in/HASTHIP%C2%AE-Adjustable-Buckle-Velvet-13-8inch/dp/B07P1RW182/ref=zg_bs_g_4771379031_d_sccl_7/522-4724523-7365803?psc=1,"https://images-eu.ssl-images-amazon.com/images/I/51pybFOifvL._AC_UL300_SR300,200_.jpg",,,,"https://images-eu.ssl-images-amazon.com/images/I/51pybFOifvL._AC_UL300_SR300,200_.jpg",7.0,0,3.9,2173.0,197.0,,,,,,5.0,-3.0,68.98,rising,amazon|gtrends,2026-07-07,2026-07-07T17:09:43.178097,155,cda8279f5e363ede,"hasthip|hasthip adjustable cat belt, strong breakaway buckle, cat collar with bell, velv",66.48,68.98,66.48,2.5,0.0,0.91,0.0,,WATCHLIST
PNPH92KRWR2DRXHB,"FAB TECH Cat Nail Cutter For Persian Cat , Innovative Bear Design Cat Clipper , Scissor Nail Clipper",fab,grooming,,,,,PNPH92KRWR2DRXHB,https://www.flipkart.com/fab-tech-cat-nail-cutter-persian-innovative-bear-design-clipper-scissor/p/itm98cfffece9603?pid=PNPH92KRWR2DRXHB&lid=LSTPNPH92KRWR2DRXHBAQJZIR&marketplace=FLIPKART&q=nail+clipper+for+dogs&store=p3t%2Fixl%2Fprc&srno=s_1_5&otracker=search&fm=organic&iid=1048b9da-f6c7-408f-af6e-fdfbbdf88813.PNPH92KRWR2DRXHB.SEARCH&ppt=None&ppn=None&ssid=mjejao65og0000001783424305254&qH=48a2105fee396fcf&ov_redirect=true&ov_redirect=true,https://rukminim2.flixcart.com/image/612/612/xif0q/pet-nail-clipper/x/k/c/cat-nail-cutter-fab-tech-original-imahn7hzpdvkjyr5.jpeg?q=70,https://rukminim2.flixcart.com/image/612/612/xif0q/pet-nail-clipper/x/k/c/cat-nail-cutter-fab-tech-original-imahn7hzpdvkjyr5.jpeg?q=70,,0,,,,5.0,0.0,4.5,,195.0,13.5,-1.5,68.92,rising,flipkart|gtrends,2026-07-07,2026-07-07T17:09:43.192883,156,448def63779d1acc,"fab|fab tech cat nail cutter for persian cat , innovative bear design cat clipper , ",65.8,68.92,65.8,3.12,0.0,0.9,0.0,,WATCHLIST
PCLE789ZFH3UZMKR,TommyChew Regular Dog Everyday Collar,tommychew,collars_leashes,,,,,PCLE789ZFH3UZMKR,https://www.flipkart.com/tommychew-regular-dog-everyday-collar/p/itme789z7vexgwab?pid=PCLE789ZFH3UZMKR&lid=LSTPCLE789ZFH3UZMKRG6E08M&marketplace=FLIPKART&q=dog+collar&store=p3t%2Fea3%2Fb1n&srno=s_1_3&otracker=search&fm=organic&iid=32c09fc5-3848-44a5-bce7-d16caa2396f9.PCLE789ZFH3UZMKR.SEARCH&ppt=None&ppn=None&ssid=7qp8bruvq80000001783424335453&qH=7e1db77825e65614&ov_redirect=true&ov_redirect=true,https://rukminim2.flixcart.com/image/612/612/pet-collar-harness/m/k/r/tmsc-20-tommychew-original-imae78rpdpuxbeu9.jpeg?q=70,https://rukminim2.flixcart.com/image/612/612/pet-collar-harness/m/k/r/tmsc-20-tommychew-original-imae78rpdpuxbeu9.jpeg?q=70,,0,,,,3.0,0.0,4.1,,97.0,5.0,-3.0,68.88,rising,flipkart|gtrends,2026-07-07,2026-07-07T17:09:43.199045,157,49947544e828ba08,tommychew|tommychew regular dog everyday collar,66.38,68.88,66.38,2.5,0.0,0.91,0.0,,WATCHLIST
B0D6YZ186D,"Buraq 4 Pcs Perfect Plain Cat Collar for Indoor & Outdoor Use, Strong Cat Belt, Adjustable & Durable, Accessories for Cats -",buraq,collars_leashes,,B0D6YZ186D,https://www.amazon.in/Cat-Collar-Breakaway-Adjustable-Accessories/dp/B0D6YZ186D/ref=zg_bs_g_4771379031_d_sccl_5/522-4724523-7365803?psc=1,"https://images-eu.ssl-images-amazon.com/images/I/71M-pOTawUL._AC_UL300_SR300,200_.jpg",,,,"https://images-eu.ssl-images-amazon.com/images/I/71M-pOTawUL._AC_UL300_SR300,200_.jpg",5.0,0,4.1,396.0,199.0,,,,,,5.0,-3.0,68.87,rising,amazon|gtrends,2026-07-07,2026-07-07T17:09:43.177972,158,0c372850ac12e7ef,"buraq|buraq 4 pcs perfect plain cat collar for indoor & outdoor use, strong cat belt, ",66.37,68.87,66.37,2.5,0.0,0.91,0.0,,WATCHLIST
B079ZLVRTQ,"Sheba Rich Premium Adult (1+ Years) Wet Cat Food, Maguro & Bream Flavour, 35 g Pouch (Pack of 12), High-moisture wet food for",sheba,cat_food,,B079ZLVRTQ,https://www.amazon.in/Sheba-Premium-Flavour-High-moisture-hydration/dp/B079ZLVRTQ/ref=zg_bs_g_4771382031_d_sccl_15/522-4724523-7365803?psc=1,"https://images-eu.ssl-images-amazon.com/images/I/719XFvYCy5L._AC_UL300_SR300,200_.jpg",,,,"https://images-eu.ssl-images-amazon.com/images/I/719XFvYCy5L._AC_UL300_SR300,200_.jpg",9.0,0,4.5,1432.0,543.0,,,,,,21.67,-0.67,68.87,rising,amazon|gtrends,2026-07-07,2026-07-07T17:09:43.161851,159,e0752c60d5d8ada4,"sheba|sheba rich premium adult (1+ years) wet cat food, maguro & bream flavour, 35 g p",65.75,68.87,65.75,3.12,0.0,0.9,0.0,,WATCHLIST
B08957MT2B,Foodie Puppies Cat Happy Circle with Ball Bell and Feather Mouse Attached for Cats and Kittens (Color May Vary) | Interactive,foodie,cat_toys,,B08957MT2B,https://www.amazon.in/Foodie-Puppies-Exercises-Satisfy-Instinct/dp/B08957MT2B/ref=zg_bs_g_4771387031_d_sccl_8/522-4724523-7365803?psc=1,"https://images-eu.ssl-images-amazon.com/images/I/61eLykKOMmL._AC_UL300_SR300,200_.jpg",,,,"https://images-eu.ssl-images-amazon.com/images/I/61eLykKOMmL._AC_UL300_SR300,200_.jpg",6.0,0,4.0,1454.0,270.0,,,,,,4.0,-6.0,68.81,rising,amazon|gtrends,2026-07-07,2026-07-07T17:09:43.163974,160,00cb1d5066510c21,foodie|foodie puppies cat happy circle with ball bell and feather mouse attached for ca,66.31,68.81,66.31,2.5,0.0,0.91,0.0,,WATCHLIST
PFDGJSD8HHXMGDZW,Purepet Real Mackerel 6 kg Dry Adult Cat Food,purepet,cat_food,,,,,PFDGJSD8HHXMGDZW,https://www.flipkart.com/purepet-real-mackerel-6-kg-dry-adult-cat-food/p/itm16c1fb144deb3?pid=PFDGJSD8HHXMGDZW&lid=LSTPFDGJSD8HHXMGDZWSBFAYN&marketplace=FLIPKART&q=cat+food&store=p3t%2F0mo%2Foiv&srno=s_1_5&otracker=search&fm=organic&iid=49af5483-7d40-4f2e-bddd-d5bd2a4699e9.PFDGJSD8HHXMGDZW.SEARCH&ppt=None&ppn=None&ssid=072jdsvxlc0000001783424263463&qH=1f38ae66827779c2&ov_redirect=true&ov_redirect=true,https://rukminim2.flixcart.com/image/612/612/xif0q/pet-food/d/x/f/-enriched-transparent-original-imahmz9swuk5gvyu.png?q=70,https://rukminim2.flixcart.com/image/612/612/xif0q/pet-food/d/x/f/-enriched-transparent-original-imahmz9swuk5gvyu.png?q=70,,0,,,,5.0,0.0,4.4,,949.0,21.67,-0.67,68.81,rising,flipkart|gtrends,2026-07-07,2026-07-07T17:09:43.182226,161,f68fcd2bea268378,purepet|purepet real mackerel 6 kg dry adult cat food,65.69,68.81,65.69,3.12,0.0,0.9,0.0,,WATCHLIST
PDEGFAJ3XBYHQCVK,DK Beauty Dog Training Pads/Size: XL/60 x 90 cm/10 Count/Training Pee and Potty Pads with Quick Drying Surface and Absorbent Core/Suitable for Small/Large Breed Puppies Disposable Dog Diapers Disposable Dog Diapers,dk,training,,,,,PDEGFAJ3XBYHQCVK,https://www.flipkart.com/dk-beauty-dog-training-pads-size-xl-60-x-90-cm-10-count-training-pee-potty-pads-quick-drying-surface-absorbent-core-suitable-small-large-breed-puppies-disposable-diapers/p/itmeb43af3f5062d?pid=PDEGFAJ3XBYHQCVK&lid=LSTPDEGFAJ3XBYHQCVKBHAZIY&marketplace=FLIPKART&q=puppy+training+pads&store=p3t%2Fixl%2Fhmu&spotlightTagId=default_FkPickId_p3t%2Fixl%2Fhmu&srno=s_1_3&otracker=search&fm=organic&iid=d60d8e75-061f-48aa-83e7-35ac61d14ce8.PDEGFAJ3XBYHQCVK.SEARCH&ppt=None&ppn=None&ssid=vikbikuy8w0000001783424349196&qH=a418c91bf2bdb70b&ov_redirect=true&ov_redirect=true,https://rukminim2.flixcart.com/image/612/612/kh9gbrk0/pet-diaper/v/x/z/2-5-dog-training-pads-training-pee-and-potty-pads-with-quick-original-imafxbg9n9h3ykmj.jpeg?q=70,https://rukminim2.flixcart.com/image/612/612/kh9gbrk0/pet-diaper/v/x/z/2-5-dog-training-pads-training-pee-and-potty-pads-with-quick-original-imafxbg9n9h3ykmj.jpeg?q=70,,0,,,,3.0,0.0,4.0,,158.0,0.5,-2.0,68.8,rising,flipkart|gtrends,2026-07-07,2026-07-07T17:09:43.202883,162,98643a3ec35aa407,dk|dk beauty dog training pads/size: xl/60 x 90 cm/10 count/training pee and potty ,66.3,68.8,66.3,2.5,0.0,0.91,0.0,,WATCHLIST
B0C6KMKGRL,"Himalaya FreshCoat No Rinse Spray for Dogs & Cats | Quick Freshness & Skin Hygiene | with Lemon, Vetiver & Holy Basil | 200 m",himalaya,grooming,,B0C6KMKGRL,https://www.amazon.in/Himalaya-Fresh-Coat-200-ML/dp/B0C6KMKGRL/ref=zg_bs_g_4771383031_d_sccl_8/522-4724523-7365803?psc=1,"https://images-eu.ssl-images-amazon.com/images/I/51+6FP6Z8YL._AC_UL300_SR300,200_.jpg",,,,"https://images-eu.ssl-images-amazon.com/images/I/51+6FP6Z8YL._AC_UL300_SR300,200_.jpg",6.0,0,3.9,977.0,258.0,,,,,,13.5,-1.5,68.75,rising,amazon|gtrends,2026-07-07,2026-07-07T17:09:43.167606,163,9b524067cc92044b,himalaya|himalaya freshcoat no rinse spray for dogs & cats | quick freshness & skin hygie,66.25,68.75,66.25,2.5,0.0,0.91,0.0,,WATCHLIST
PDPHB8YGV2VS3NCW,"DEWORM Dewormer for Dogs and Cats, Pet Dewormer",deworm,health_wellness,,,,,PDPHB8YGV2VS3NCW,https://www.flipkart.com/deworm-dewormer-dogs-cats-pet/p/itme12bb5f4febac?pid=PDPHB8YGV2VS3NCW&lid=LSTPDPHB8YGV2VS3NCWOVYYMP&marketplace=FLIPKART&q=deworming+tablet+for+dogs&store=p3t%2Fcez%2Ff1s&srno=s_1_5&otracker=search&fm=organic&iid=101f3f01-1c8d-4ad6-8f20-6229cec84ed6.PDPHB8YGV2VS3NCW.SEARCH&ppt=None&ppn=None&ssid=n00fqm3w740000001783424332770&qH=99cf2e3fe6ca4eb0&ov_redirect=true&ov_redirect=true,https://rukminim2.flixcart.com/image/612/612/xif0q/pet-dewormer/3/c/8/200-dewormer-for-dogs-and-cats-deworm-original-imahfp57gutbhydp.jpeg?q=70,https://rukminim2.flixcart.com/image/612/612/xif0q/pet-dewormer/3/c/8/200-dewormer-for-dogs-and-cats-deworm-original-imahfp57gutbhydp.jpeg?q=70,,0,,,,5.0,0.0,4.3,,165.0,0.5,0.0,68.66,rising,flipkart|gtrends,2026-07-07,2026-07-07T17:09:43.198544,164,3067b5e4cb60a337,"deworm|deworm dewormer for dogs and cats, pet dewormer",65.54,68.66,65.54,3.12,0.0,0.9,0.0,,WATCHLIST
PCLHATQ9ZSVCZDWG,Pawxie Dog Chest Belt Harness | Comfortable & Adjustable Size For 35+ Kg Pet Dog Standard Harness,pawxie,collars_leashes,,,,,PCLHATQ9ZSVCZDWG,https://www.flipkart.com/pawxie-dog-chest-belt-harness-comfortable-adjustable-size-35-kg-pet-standard/p/itm7d99789599ddf?pid=PCLHATQ9ZSVCZDWG&lid=LSTPCLHATQ9ZSVCZDWGKPTKAQ&marketplace=FLIPKART&q=dog+harness&store=p3t%2Fea3%2Fb1n&spotlightTagId=default_TrendingId_p3t%2Fea3%2Fb1n&srno=s_1_3&otracker=search&fm=organic&iid=5a4d3819-8e44-4aad-a67c-a3c7173ca7c5.PCLHATQ9ZSVCZDWG.SEARCH&ppt=None&ppn=None&ssid=sckxvcab7k0000001783424343657&qH=c997f489fc4d5035&ov_redirect=true&ov_redirect=true,https://rukminim2.flixcart.com/image/612/612/xif0q/pet-collar-harness/7/s/1/medium-pxie021-chullbullpetproducts-original-imahebd87zefrh9g.jpeg?q=70,https://rukminim2.flixcart.com/image/612/612/xif0q/pet-collar-harness/7/s/1/medium-pxie021-chullbullpetproducts-original-imahebd87zefrh9g.jpeg?q=70,,0,,,,3.0,0.0,4.0,,365.0,5.0,-3.0,68.6,rising,flipkart|gtrends,2026-07-07,2026-07-07T17:09:43.201531,165,303db25b6e41bfb3,pawxie|pawxie dog chest belt harness | comfortable & adjustable size for 35+ kg pet dog,66.1,68.6,66.1,2.5,0.0,0.91,0.0,,WATCHLIST
PLNGSRMVVMSMABBX,SENAPATI 183 cm Dog Cord Leash,senapati,collars_leashes,,,,,PLNGSRMVVMSMABBX,https://www.flipkart.com/senapati-183-cm-dog-cord-leash/p/itme76d69580b627?pid=PLNGSRMVVMSMABBX&lid=LSTPLNGSRMVVMSMABBX0WOMAU&marketplace=FLIPKART&q=retractable+dog+leash&store=p3t%2Fea3%2Fpmw&spotlightTagId=default_FkPickId_p3t%2Fea3%2Fpmw&srno=s_1_3&otracker=search&fm=organic&iid=6b92b321-55fd-4d89-aeb1-c48b5b66fd8f.PLNGSRMVVMSMABBX.SEARCH&ppt=None&ppn=None&ssid=4smcf9y8000000001783424346329&qH=bbc46b35e332125e&ov_redirect=true&ov_redirect=true,https://rukminim2.flixcart.com/image/612/612/xif0q/pet-collar-harness/6/b/o/extra-large-dog-cord-training-leash-for-small-to-medium-sized-original-imagsgptnxgjdgwb.jpeg?q=70,https://rukminim2.flixcart.com/image/612/612/xif0q/pet-collar-harness/6/b/o/extra-large-dog-cord-training-leash-for-small-to-medium-sized-original-imagsgptnxgjdgwb.jpeg?q=70,,0,,,,3.0,0.0,4.0,,102.0,5.0,-3.0,68.6,rising,flipkart|gtrends,2026-07-07,2026-07-07T17:09:43.200836,166,970ea6768a3d5405,senapati|senapati 183 cm dog cord leash,66.1,68.6,66.1,2.5,0.0,0.91,0.0,,WATCHLIST
PLNFYZ5VYFJRXVJX,Smart Doggie Smart Doggie Dog Collar Nylon with chain For Small Dog NOT FOR PUPPY 25 cm Dog Chain Leash,smart,collars_leashes,,,,,PLNFYZ5VYFJRXVJX,https://www.flipkart.com/smart-doggie-dog-collar-nylon-chain-small-not-puppy-25-cm-leash/p/itm375c71ab26890?pid=PLNFYZ5VYFJRXVJX&lid=LSTPLNFYZ5VYFJRXVJXRZQQU6&marketplace=FLIPKART&q=dog+leash&store=p3t%2Fea3%2Fpmw&spotlightTagId=default_FkPickId_p3t%2Fea3%2Fpmw&srno=s_1_3&otracker=search&fm=organic&iid=b8417349-ae6c-4b7f-a2f6-0b0bd52f98fc.PLNFYZ5VYFJRXVJX.SEARCH&ppt=None&ppn=None&ssid=c2vsj1dnb40000001783424340877&qH=b0e743e99781d2ae&ov_redirect=true&ov_redirect=true,https://rukminim2.flixcart.com/image/612/612/xif0q/pet-leash-chain/r/6/k/dog-chain-dog-collar-chain-for-puppy-dog-smart-doggie-original-imahbactj2wqagxe.jpeg?q=70,https://rukminim2.flixcart.com/image/612/612/xif0q/pet-leash-chain/r/6/k/dog-chain-dog-collar-chain-for-puppy-dog-smart-doggie-original-imahbactj2wqagxe.jpeg?q=70,,0,,,,3.0,0.0,4.0,,153.0,5.0,-3.0,68.6,rising,flipkart|gtrends,2026-07-07,2026-07-07T17:09:43.200802,167,2e19f0621749f00f,smart|smart doggie smart doggie dog collar nylon with chain for small dog not for pupp,66.1,68.6,66.1,2.5,0.0,0.91,0.0,,WATCHLIST
B0F13JYNHL,"YellowCult Interactive Cat Toys Ball – Smart Rolling LED Ball, Automatic & USB Rechargeable Motion Activate for Indoor Kitten",yellowcult,cat_toys,,B0F13JYNHL,https://www.amazon.in/YellowCult-Interactive-Cat-Toys-Ball/dp/B0F13JYNHL/ref=zg_bs_g_4771401031_d_sccl_3/522-4724523-7365803?psc=1,"https://images-eu.ssl-images-amazon.com/images/I/61Lf33ayodL._AC_UL300_SR300,200_.jpg",,,,"https://images-eu.ssl-images-amazon.com/images/I/61Lf33ayodL._AC_UL300_SR300,200_.jpg",3.0,0,3.8,130.0,149.0,,,,,,4.0,-6.0,68.58,rising,amazon|gtrends,2026-07-07,2026-07-07T17:09:43.162397,168,de720ebd0c1284ad,"yellowcult|yellowcult interactive cat toys ball – smart rolling led ball, automatic & usb r",66.08,68.58,66.08,2.5,0.0,0.91,0.0,,WATCHLIST
B0FHKW1KWJ,Yuppy Puppy Cat Harness with Leash - Adjustable Floral Vest Belt for Persian Cats & Small Pets - Soft Padded Escape Proof Cat,yuppy,collars_leashes,,B0FHKW1KWJ,https://www.amazon.in/Yuppy-Puppy-Cat-Harness-Leash/dp/B0FHKW1KWJ/ref=zg_bs_g_4771379031_d_sccl_4/522-4724523-7365803?psc=1,"https://images-eu.ssl-images-amazon.com/images/I/71ViwAKB8hL._AC_UL300_SR300,200_.jpg",,,,"https://images-eu.ssl-images-amazon.com/images/I/71ViwAKB8hL._AC_UL300_SR300,200_.jpg",4.0,0,4.1,48.0,323.0,,,,,,5.0,-3.0,68.57,rising,amazon|gtrends,2026-07-07,2026-07-07T17:09:43.177904,169,3460346d2a2ba286,yuppy|yuppy puppy cat harness with leash - adjustable floral vest belt for persian cat,66.07,68.57,66.07,2.5,0.0,0.91,0.0,,WATCHLIST
B0CQS7JHTV,"Qpets Cat Collar - Cute Pink Flower Cat Collar with Bell, Quick Release Adjustable Soft Plush Collar",qpets,collars_leashes,,B0CQS7JHTV,https://www.amazon.in/Qpets%C2%AE-Collar-Flower-Release-Adjustable/dp/B0CQS7JHTV/ref=zg_bs_g_4771379031_d_sccl_6/522-4724523-7365803?psc=1,"https://images-eu.ssl-images-amazon.com/images/I/51Qa2KvbQnL._AC_UL300_SR300,200_.jpg",,,,"https://images-eu.ssl-images-amazon.com/images/I/51Qa2KvbQnL._AC_UL300_SR300,200_.jpg",6.0,0,4.3,215.0,211.0,,,,,,5.0,-3.0,68.53,rising,amazon|gtrends,2026-07-07,2026-07-07T17:09:43.178031,170,dd3c53184b48fefc,"qpets|qpets cat collar - cute pink flower cat collar with bell, quick release adjustab",65.41,68.53,65.41,3.12,0.0,0.9,0.0,,WATCHLIST
PEBGM3YKX7QG9REJ,"Furry Smile Simple Letest Beds , Sofas & Chair With Collar & Haddi For Dog And Cat S Pet Bed",furry,beds_accessories,,,,,PEBGM3YKX7QG9REJ,https://www.flipkart.com/furry-smile-simple-letest-beds-sofas-chair-collar-dog-cat-s-pet-bed/p/itm8fa9c4abeec85?pid=PEBGM3YKX7QG9REJ&lid=LSTPEBGM3YKX7QG9REJ7LWN6S&marketplace=FLIPKART&q=dog+bed&store=p3t%2Fea3%2Fas7&srno=s_1_3&otracker=search&fm=organic&iid=4b128f9d-2047-4efd-8106-2db6ff0d806a.PEBGM3YKX7QG9REJ.SEARCH&ppt=None&ppn=None&ssid=1iy83aen9s0000001783424308013&qH=08aaa321caaedb70&ov_redirect=true&ov_redirect=true,https://rukminim2.flixcart.com/image/612/612/krme93k0/pet-bed/k/8/s/l-luxurious-utra-shoft-bed-for-dog-and-cat-reversible-little-original-imag5dqhtcnpnkyh.jpeg?q=70,https://rukminim2.flixcart.com/image/612/612/krme93k0/pet-bed/k/8/s/l-luxurious-utra-shoft-bed-for-dog-and-cat-reversible-little-original-imag5dqhtcnpnkyh.jpeg?q=70,,0,,,,3.0,0.0,3.9,,288.0,20.5,-2.0,68.52,rising,flipkart|gtrends,2026-07-07,2026-07-07T17:09:43.193306,171,160d5ad8d5723281,"furry|furry smile simple letest beds , sofas & chair with collar & haddi for dog and c",66.02,68.52,66.02,2.5,0.0,0.91,0.0,,WATCHLIST
PSOHMSNYAEM8AEKB,"Fur Ball Story Meow Care - Cat Shampoo | Sulphate & Paraben Free | Soft, Silky & Smooth Coat | Anti-itching, Allergy Relief, Anti-dandruff, Anti-fungal, Anti-microbial, Anti-Bacterial Mild Cat Shampoo",me-o,grooming,,,,,PSOHMSNYAEM8AEKB,https://www.flipkart.com/fur-ball-story-meow-care-cat-shampoo-sulphate-paraben-free-soft-silky-smooth-coat-anti-itching-allergy-relief-anti-dandruff-anti-fungal-anti-microbial-anti-bacterial-mild/p/itm4ba8fecd887d9?pid=PSOHMSNYAEM8AEKB&lid=LSTPSOHMSNYAEM8AEKBZIB0EV&marketplace=FLIPKART&q=cat+shampoo&store=p3t%2Fixl%2Fosh&srno=s_1_6&otracker=search&fm=organic&iid=en_hCZHPrfJCXxQxDtilKnrzPCMnwfGF29_oWC7sFi61NhbTW5qHRqPNlnhkDXLE01YuAleXeolKuh-aD2DybPzGtu9qL6_oX-y82tnei3yca-wE2ViIgL3QijACI5iM9SP9QWMJPI4egdmz5nn89L_DQ%3D%3D&ppt=None&ppn=None&ssid=y8f1ftke9s0000001783424299769&qH=c761a0a39d797bbe&ov_redirect=true&ov_redirect=true,https://rukminim2.flixcart.com/image/612/612/xif0q/pet-shampoo/m/d/v/200-meow-care-vet-recom-ayurvedic-cat-shampoo-for-healthy-skin-original-imahmsnyu3fpdwzw.jpeg?q=70,https://rukminim2.flixcart.com/image/612/612/xif0q/pet-shampoo/m/d/v/200-meow-care-vet-recom-ayurvedic-cat-shampoo-for-healthy-skin-original-imahmsnyu3fpdwzw.jpeg?q=70,,0,,,,6.0,0.0,4.7,,249.0,13.5,-1.5,68.48,rising,flipkart|gtrends,2026-07-07,2026-07-07T17:09:43.190760,172,e2b77fce166a6b7e,"me-o|fur ball story meow care - cat shampoo | sulphate & paraben free | soft, silky &",65.36,68.48,65.36,3.12,0.0,0.9,0.0,,WATCHLIST
PTYHJEEURGHTZHAH,"TrendyTresures Interactive Cat Toys Ball –Motion Activated Rolling Toy,Training For Dog & Cat Silicone, Plastic Ball, Fetch Toy, Chew Toy For Dog & Cat",trendytresures,cat_toys,,,,,PTYHJEEURGHTZHAH,https://www.flipkart.com/trendytresures-interactive-cat-toys-ball-motion-activated-rolling-toy-training-dog-silicone-plastic-ball-fetch-toy-chew-toy/p/itmeaccfedf6219e?pid=PTYHJEEURGHTZHAH&lid=LSTPTYHJEEURGHTZHAHB9N3TW&marketplace=FLIPKART&q=interactive+dog+toy&store=p3t&srno=s_1_4&otracker=search&fm=organic&iid=34a0c700-473e-403a-b3c5-5bb95f7b634f.PTYHJEEURGHTZHAH.SEARCH&ppt=None&ppn=None&ssid=ef5gxxp0xs0000001783424284222&qH=53ab0f799320af1a&ov_redirect=true&ov_redirect=true,https://rukminim2.flixcart.com/image/612/612/xif0q/pet-toy/e/f/z/1-smart-led-360-rotating-cat-toy-ball-cat-dancing-ball-pet-original-imahg6cnvcgz42pb.jpeg?q=70,https://rukminim2.flixcart.com/image/612/612/xif0q/pet-toy/e/f/z/1-smart-led-360-rotating-cat-toy-ball-cat-dancing-ball-pet-original-imahg6cnvcgz42pb.jpeg?q=70,,0,,,,4.0,0.0,4.3,,170.0,4.0,-6.0,68.46,rising,flipkart|gtrends,2026-07-07,2026-07-07T17:09:43.186695,173,30ea44f91502da15,"trendytresures|trendytresures interactive cat toys ball –motion activated rolling toy,training ",65.34,68.46,65.34,3.12,0.0,0.9,0.0,,WATCHLIST
PFDFSEZYFGUN5FVU,Drools Chunks in gravy for Adult - Chicken Liver and Real Chicken Chicken 3.6 kg (24x0.15 kg) Wet Adul...,drools,dog_food,,,,,PFDFSEZYFGUN5FVU,https://www.flipkart.com/drools-chunks-gravy-adult-chicken-liver-real-3-6-kg-24x0-15-kg-wet-dog-food/p/itm9c8a94874e1bc?pid=PFDFSEZYFGUN5FVU&lid=LSTPFDFSEZYFGUN5FVUUNO3NM&marketplace=FLIPKART&q=drools+dog+food&store=p3t%2Fea3%2F8zj&srno=s_1_11&otracker=search&fm=organic&iid=en_XOVSFvyjOTNT5WT3rKO4M6HIF7bs4VdUlhdjcRAsjwR5xmJr1RriZCoxgjwowVHWXDxPceVrcEZUKvR34REoa06xqzv7xzsk5B9e1ET1rJEzyfFcmKPJXOGTOLeMDzcs&ppt=None&ppn=None&ssid=yg62mojrq80000001783424260931&qH=38ac4fbf0eca81e5&ov_redirect=true,https://rukminim2.flixcart.com/image/312/312/xif0q/pet-food/q/u/m/-enriched-transparent-original-imahn72afrxb64qh.png?q=70,https://rukminim2.flixcart.com/image/312/312/xif0q/pet-food/q/u/m/-enriched-transparent-original-imahn72afrxb64qh.png?q=70,,0,,,,11.0,0.0,4.4,15107.0,918.0,18.0,-3.2,68.3,rising,flipkart|gtrends,2026-07-07,2026-07-07T17:09:43.182110,174,097431722b82dca5,drools|drools chunks in gravy for adult - chicken liver and real chicken chicken 3.6 kg,65.18,68.3,65.18,3.12,0.0,0.9,0.0,,WATCHLIST
B0CVXSS7H5,"Bscly Neem Dog Shampoo 1000ml | Anti Tick & Flea Shampoo for Dogs | Neem, Aloe & Coconut Oil | Dog Shampoo for Itchy Skin, Ha",bscly,grooming,,B0CVXSS7H5,https://www.amazon.in/Bscly-Neem-Herbal-Shampoo-1000Ml/dp/B0CVXSS7H5/ref=zg_bs_g_4771396031_d_sccl_9/522-4724523-7365803?psc=1,"https://images-eu.ssl-images-amazon.com/images/I/51pEe4CvsUL._AC_UL300_SR300,200_.jpg",,,,"https://images-eu.ssl-images-amazon.com/images/I/51pEe4CvsUL._AC_UL300_SR300,200_.jpg",8.0,0,4.2,1022.0,388.0,,,,,,13.5,-1.5,68.28,rising,amazon|gtrends,2026-07-07,2026-07-07T17:09:43.165696,175,787f970e59342fd6,"bscly|bscly neem dog shampoo 1000ml | anti tick & flea shampoo for dogs | neem, aloe &",65.16,68.28,65.16,3.12,0.0,0.9,0.0,,WATCHLIST
B09TKYC9QD,Fifozone Sky Ec Cat Star Multivitamin Syrup for Cats - 100 Ml by Jolly and Cutie Pets by Fifozone,fifozone,health_wellness,,B09TKYC9QD,https://www.amazon.in/Sky-Star-Multivitamin-Syrup-Cats/dp/B09TKYC9QD/ref=zg_bs_g_4771384031_d_sccl_6/522-4724523-7365803?psc=1,"https://images-eu.ssl-images-amazon.com/images/I/61CNJLSF64L._AC_UL300_SR300,200_.jpg",,,,"https://images-eu.ssl-images-amazon.com/images/I/61CNJLSF64L._AC_UL300_SR300,200_.jpg",6.0,0,4.2,81.0,245.0,,,,,,0.5,0.0,68.28,rising,amazon|gtrends,2026-07-07,2026-07-07T17:09:43.174229,176,b931f6b0f5b12912,fifozone|fifozone sky ec cat star multivitamin syrup for cats - 100 ml by jolly and cutie,65.16,68.28,65.16,3.12,0.0,0.9,0.0,,WATCHLIST
PFDFUNNF7KJGV5SS,Me-O JP Pet Products Persian Adult.1.1Kg 1.1 kg Dry New Born Cat Food,me-o,cat_food,,,,,PFDFUNNF7KJGV5SS,https://www.flipkart.com/me-o-jp-pet-products-persian-adult-1-1kg-1-1-kg-dry-new-born-cat-food/p/itm37bbefc9491a7?pid=PFDFUNNF7KJGV5SS&lid=LSTPFDFUNNF7KJGV5SSF0JBVZ&marketplace=FLIPKART&q=meo+cat+food&store=p3t%2F0mo%2Foiv&srno=s_1_5&otracker=search&fm=organic&iid=8a0975ac-f6d1-49ba-a9a5-4c6a973ead86.PFDFUNNF7KJGV5SS.SEARCH&ppt=None&ppn=None&ssid=kuu7d4pgps0000001783424273731&qH=c9e60ce57aa2b156&ov_redirect=true&ov_redirect=true,https://rukminim2.flixcart.com/image/612/612/xif0q/pet-food/s/4/z/1-1-cat-1-persan-adult-1-1kg-me-o-original-imahktztynnzsaug.jpeg?q=70,https://rukminim2.flixcart.com/image/612/612/xif0q/pet-food/s/4/z/1-1-cat-1-persan-adult-1-1kg-me-o-original-imahktztynnzsaug.jpeg?q=70,,0,,,,5.0,0.0,4.2,,557.0,21.67,-0.67,68.25,rising,flipkart|gtrends,2026-07-07,2026-07-07T17:09:43.183790,177,75e60b3bc7731687,me-o|me-o jp pet products persian adult.1.1kg 1.1 kg dry new born cat food,65.13,68.25,65.13,3.12,0.0,0.9,0.0,,WATCHLIST
PTYGVWS8FVPGYMZP,"PAWS SAMRAT Glow Giggle Ball Interactive Dog Toy Laughing Ball for All Pet Dogs | Rubber Ball, Squeaky Toy For Dog & Cat",paws,dog_toys,,,,,PTYGVWS8FVPGYMZP,https://www.flipkart.com/paws-samrat-glow-giggle-ball-interactive-dog-toy-laughing-all-pet-dogs-rubber-ball-squeaky-cat/p/itm33dfe9e578e10?pid=PTYGVWS8FVPGYMZP&lid=LSTPTYGVWS8FVPGYMZP6BJZNJ&marketplace=FLIPKART&q=interactive+dog+toy&store=p3t&srno=s_1_6&otracker=search&fm=organic&iid=en_Vf9HD0ojSiUt_W0awIT38Ll2n89ss4IF2MjQc5eekk_PLaoKW6kJ8wcMUxGQDhQqRxd2eCCeZBhi36x96o0d51LQoIis-Ig4VfPj7yejgCwoiFHuHT47RqdAUySCJIYd&ppt=None&ppn=None&ssid=ef5gxxp0xs0000001783424284222&qH=53ab0f799320af1a&ov_redirect=true&ov_redirect=true,https://rukminim2.flixcart.com/image/612/612/xif0q/pet-toy/y/y/2/1-glow-giggle-ball-interactive-dog-toy-laughing-ball-for-all-pet-original-imahds36cgf82qjc.jpeg?q=70,https://rukminim2.flixcart.com/image/612/612/xif0q/pet-toy/y/y/2/1-glow-giggle-ball-interactive-dog-toy-laughing-ball-for-all-pet-original-imahds36cgf82qjc.jpeg?q=70,,0,,,,6.0,0.0,4.5,,519.0,3.0,0.0,68.22,rising,flipkart|gtrends,2026-07-07,2026-07-07T17:09:43.186795,178,734baa322d769fe7,paws|paws samrat glow giggle ball interactive dog toy laughing ball for all pet dogs ,65.1,68.22,65.1,3.12,0.0,0.9,0.0,,WATCHLIST
PTYH8BGMCQYFNFQU,PetJoy Dog Training Clicker with Wrist Strap - (Oval Clicker) Plastic Training Aid For Dog & Cat,petjoy,training,,,,,PTYH8BGMCQYFNFQU,https://www.flipkart.com/petjoy-dog-training-clicker-wrist-strap-oval-clicker-plastic-aid-cat/p/itmf1a8293b0f7c7?pid=PTYH8BGMCQYFNFQU&lid=LSTPTYH8BGMCQYFNFQUP0QRMT&marketplace=FLIPKART&q=clicker+dog+training&store=p3t%2Fea3%2Fg4c&srno=s_1_7&otracker=search&fm=organic&iid=fbb02aa1-aabd-4b0d-9e72-e506e20115f2.PTYH8BGMCQYFNFQU.SEARCH&ppt=None&ppn=None&ssid=k2z16a13j40000001783424354631&qH=b0c60dc4bffa7e54&ov_redirect=true&ov_redirect=true,https://rukminim2.flixcart.com/image/612/612/xif0q/pet-toy/g/l/u/1-dog-training-clicker-with-wrist-strap-oval-clicker-pet-original-imahd89mdwzygze9.jpeg?q=70,https://rukminim2.flixcart.com/image/612/612/xif0q/pet-toy/g/l/u/1-dog-training-clicker-with-wrist-strap-oval-clicker-pet-original-imahd89mdwzygze9.jpeg?q=70,,0,,,,7.0,0.0,5.0,,340.0,0.5,-2.0,68.22,rising,flipkart|gtrends,2026-07-07,2026-07-07T17:09:43.204395,179,c69adcd5decea95a,petjoy|petjoy dog training clicker with wrist strap - (oval clicker) plastic training a,65.1,68.22,65.1,3.12,0.0,0.9,0.0,,WATCHLIST
PCBHM9XSYMVGNJGJ,Gobinkies Flea Comb For Dogs & Cats | Stainless Steel Bristles | Lice & Tick Remover Basic Comb for Dog & Cat,gobinkies,grooming,,,,,PCBHM9XSYMVGNJGJ,https://www.flipkart.com/gobinkies-flea-comb-dogs-cats-stainless-steel-bristles-lice-tick-remover-basic-dog-cat/p/itmd266b20f36c4e?pid=PCBHM9XSYMVGNJGJ&lid=LSTPCBHM9XSYMVGNJGJL1PRDP&marketplace=FLIPKART&q=dog+brush&store=p3t%2Fixl%2F770&srno=s_1_6&otracker=search&fm=organic&iid=en_QRxANM9RziwspZ-U2W55wONXtm4MwJKfTmfQuL6S0by3IaCIKoHrEAfyzzRfrrDsCwUK2x2wuobHbzWJfBKMR0vBacjlU3olOcmSBLgHmMlKFg9fqP8F98pZd_-iDlzY&ppt=None&ppn=None&ssid=6sp2qnbbb40000001783424302403&qH=c664f21272e7c16e&ov_redirect=true&ov_redirect=true,https://rukminim2.flixcart.com/image/612/612/xif0q/pet-comb-brush/2/r/b/large-gbfcp1-gobinkies-original-imahmaqhgqhjvyzh.jpeg?q=70,https://rukminim2.flixcart.com/image/612/612/xif0q/pet-comb-brush/2/r/b/large-gbfcp1-gobinkies-original-imahmaqhgqhjvyzh.jpeg?q=70,,0,,,,6.0,0.0,4.6,,138.0,13.5,-1.5,68.2,rising,flipkart|gtrends,2026-07-07,2026-07-07T17:09:43.192160,180,0f3549260074e410,gobinkies|gobinkies flea comb for dogs & cats | stainless steel bristles | lice & tick rem,65.08,68.2,65.08,3.12,0.0,0.9,0.0,,WATCHLIST
PTYHFUCK7BFBEEPN,"Prefetto COSMO Cat teaser playing stick feather interactive toy for cat & kitten Plated, Steel Perch, Stick, Training Aid For Cat",prefetto,cat_toys,,,,,PTYHFUCK7BFBEEPN,https://www.flipkart.com/prefetto-cosmo-cat-teaser-playing-stick-feather-interactive-toy-kitten-plated-steel-perch-stick-training-aid/p/itmbc0836e97f9f6?pid=PTYHFUCK7BFBEEPN&lid=LSTPTYHFUCK7BFBEEPNKM2JMM&marketplace=FLIPKART&q=interactive+cat+toy&store=p3t&srno=s_1_4&otracker=search&fm=organic&iid=c7f1756f-91f9-4944-90cc-2787dea405fa.PTYHFUCK7BFBEEPN.SEARCH&ppt=None&ppn=None&ssid=keh8997g2o0000001783424292071&qH=6f2caafe5fdbc2f8&ov_redirect=true&ov_redirect=true,https://rukminim2.flixcart.com/image/612/612/xif0q/pet-toy/x/d/0/1-cat-teaser-wand-training-feather-bell-creative-cat-training-original-imahfuckgyqrc4ns.jpeg?q=70,https://rukminim2.flixcart.com/image/612/612/xif0q/pet-toy/x/d/0/1-cat-teaser-wand-training-feather-bell-creative-cat-training-original-imahfuckgyqrc4ns.jpeg?q=70,,0,,,,4.0,0.0,4.2,,123.0,4.0,-6.0,68.18,rising,flipkart|gtrends,2026-07-07,2026-07-07T17:09:43.189161,181,35c6a4afeef4fb07,prefetto|prefetto cosmo cat teaser playing stick feather interactive toy for cat & kitten,65.06,68.18,65.06,3.12,0.0,0.9,0.0,,WATCHLIST
PFDFRCGBGBHRNJWZ,Me-O Mackerel in Jelly Mackerel 1.2 kg (12x0.1 kg) Wet Adult Cat Food,me-o,cat_food,,,,,PFDFRCGBGBHRNJWZ,https://www.flipkart.com/me-o-mackerel-jelly-1-2-kg-12x0-1-kg-wet-adult-cat-food/p/itm31c8b9af6291f?pid=PFDFRCGBGBHRNJWZ&lid=LSTPFDFRCGBGBHRNJWZ7N75BT&marketplace=FLIPKART&q=meo+cat+food&store=p3t%2F0mo%2Foiv&srno=s_1_6&otracker=search&fm=organic&iid=8a0975ac-f6d1-49ba-a9a5-4c6a973ead86.PFDFRCGBGBHRNJWZ.SEARCH&ppt=None&ppn=None&ssid=kuu7d4pgps0000001783424273731&qH=c9e60ce57aa2b156&ov_redirect=true&ov_redirect=true,https://rukminim2.flixcart.com/image/612/612/k9loccw0/pet-food/j/w/z/1-2-cat-8850477584808-me-o-original-imafrcjhwwjfcyzk.jpeg?q=70,https://rukminim2.flixcart.com/image/612/612/k9loccw0/pet-food/j/w/z/1-2-cat-8850477584808-me-o-original-imafrcjhwwjfcyzk.jpeg?q=70,,0,,,,6.0,0.0,4.5,,719.0,21.67,-0.67,68.09,rising,flipkart|gtrends,2026-07-07,2026-07-07T17:09:43.183830,182,d86d7cd598d30de9,me-o|me-o mackerel in jelly mackerel 1.2 kg (12x0.1 kg) wet adult cat food,64.97,68.09,64.97,3.12,0.0,0.9,0.0,,WATCHLIST
PFDFBFH4SJ4KJYVF,Whiskas (1+ Years) Salmon 4.48 kg (56x0.08 kg) Wet Adult Cat Food,whiskas,cat_food,,,,,PFDFBFH4SJ4KJYVF,https://www.flipkart.com/whiskas-1-years-salmon-4-48-kg-56x0-08-kg-wet-adult-cat-food/p/itm04f226f6d2430?pid=PFDFBFH4SJ4KJYVF&lid=LSTPFDFBFH4SJ4KJYVFTYJTUG&marketplace=FLIPKART&q=whiskas+cat+food&store=p3t%2F0mo%2Foiv&srno=s_1_6&otracker=search&fm=organic&iid=en_KVrqAj1gEdBr6ZBiqQXUYFdhhqLYS48FjwD0xKBRsvgZIc8UQtKxuOet5a9Ny_0YhBAowTr-L0yGK8d8oFoarhbJ3YGXRWSGuOc51drKUWm7qQNxeykfg0kmCp8NsuTc&ppt=None&ppn=None&ssid=yzr2xmfm9c0000001783424268608&qH=46a274706d720cac&ov_redirect=true&ov_redirect=true,https://rukminim2.flixcart.com/image/612/612/xif0q/pet-food/m/a/h/-original-imaheszfqawvxwbk.jpeg?q=70,https://rukminim2.flixcart.com/image/612/612/xif0q/pet-food/m/a/h/-original-imaheszfqawvxwbk.jpeg?q=70,,0,,,,6.0,0.0,4.5,,2380.0,21.67,-0.67,68.09,rising,flipkart|gtrends,2026-07-07,2026-07-07T17:09:43.182776,183,3085dc7d2494dd47,whiskas|whiskas (1+ years) salmon 4.48 kg (56x0.08 kg) wet adult cat food,64.97,68.09,64.97,3.12,0.0,0.9,0.0,,WATCHLIST
B06X6J3L65,"AmazonBasics Cat Activity Tree with Scratching Posts, Large (Beige)",amazon basics,beds_accessories,,B06X6J3L65,https://www.amazon.in/AmazonBasics-Activity-Scratching-Posts-Large/dp/B06X6J3L65/ref=zg_bs_g_4771375031_d_sccl_11/522-4724523-7365803?psc=1,"https://images-eu.ssl-images-amazon.com/images/I/71oeawcwU7L._AC_UL300_SR300,200_.jpg",,,,"https://images-eu.ssl-images-amazon.com/images/I/71oeawcwU7L._AC_UL300_SR300,200_.jpg",10.0,0,4.1,19033.0,2069.0,,,,,,20.5,-2.0,68.08,rising,amazon|gtrends,2026-07-07,2026-07-07T17:09:43.171453,184,c286a77bd1706b5c,"amazon basics|amazonbasics cat activity tree with scratching posts, large (beige)",65.58,68.08,65.58,2.5,0.0,0.9,0.0,,WATCHLIST
PCLGRZ3FVNBJP9HD,shagul leather dog collar all breeds{64 cm-2INCH} Dog Everyday Collar,shagul,collars_leashes,,,,,PCLGRZ3FVNBJP9HD,https://www.flipkart.com/shagul-leather-dog-collar-all-breeds-64-cm-2inch-everyday/p/itm9701da26e842f?pid=PCLGRZ3FVNBJP9HD&lid=LSTPCLGRZ3FVNBJP9HDKYCDWM&marketplace=FLIPKART&q=dog+collar&store=p3t%2Fea3%2Fb1n&srno=s_1_5&otracker=search&fm=organic&iid=32c09fc5-3848-44a5-bce7-d16caa2396f9.PCLGRZ3FVNBJP9HD.SEARCH&ppt=None&ppn=None&ssid=7qp8bruvq80000001783424335453&qH=7e1db77825e65614&ov_redirect=true&ov_redirect=true,https://rukminim2.flixcart.com/image/612/612/xif0q/pet-collar-harness/u/3/s/large-1111-shagul-original-imagrz3fef5wwenh.jpeg?q=70,https://rukminim2.flixcart.com/image/612/612/xif0q/pet-collar-harness/u/3/s/large-1111-shagul-original-imagrz3fef5wwenh.jpeg?q=70,,0,,,,5.0,0.0,4.3,,205.0,5.0,-3.0,68.06,rising,flipkart|gtrends,2026-07-07,2026-07-07T17:09:43.199124,185,60125487f602d3eb,shagul|shagul leather dog collar all breeds{64 cm-2inch} dog everyday collar,64.94,68.06,64.94,3.12,0.0,0.9,0.0,,WATCHLIST
B0CD29LBTJ,Goofy Tails Cat Scratch Pad with Catnip | Recycled Paper Corrugated Scratch Pad for Cats and Kittens| Scratcher for Cats and,goofy,beds_accessories,,B0CD29LBTJ,https://www.amazon.in/Goofy-Tails-Recycled-Corrugated-Scratcher/dp/B0CD29LBTJ/ref=zg_bs_g_4771375031_d_sccl_7/522-4724523-7365803?psc=1,"https://images-eu.ssl-images-amazon.com/images/I/81EszSTlL0L._AC_UL300_SR300,200_.jpg",,,,"https://images-eu.ssl-images-amazon.com/images/I/81EszSTlL0L._AC_UL300_SR300,200_.jpg",6.0,0,4.2,99.0,258.0,,,,,,20.5,-2.0,67.97,rising,amazon|gtrends,2026-07-07,2026-07-07T17:09:43.171220,186,9fae47f4e4440a9f,goofy|goofy tails cat scratch pad with catnip | recycled paper corrugated scratch pad ,64.85,67.97,64.85,3.12,0.0,0.9,0.0,,WATCHLIST
B00P7PR4F2,Himalaya Erina Coat Cleanser | 450 ml | Routine Bathing & Skin Hygiene | With Neem for Dandruff & Itch Relief,himalaya,grooming,,B00P7PR4F2,https://www.amazon.in/Himalaya-Erina-Coat-Cleanser-450/dp/B00P7PR4F2/ref=zg_bs_g_4771396031_d_sccl_12/522-4724523-7365803?psc=1,"https://images-eu.ssl-images-amazon.com/images/I/41c1RwLGEDL._AC_UL300_SR300,200_.jpg",,,,"https://images-eu.ssl-images-amazon.com/images/I/41c1RwLGEDL._AC_UL300_SR300,200_.jpg",11.0,0,4.3,3114.0,407.0,,,,,,13.5,-1.5,67.94,rising,amazon|gtrends,2026-07-07,2026-07-07T17:09:43.165911,187,96295cd96058dcf5,himalaya|himalaya erina coat cleanser | 450 ml | routine bathing & skin hygiene | with ne,64.82,67.94,64.82,3.12,0.0,0.9,0.0,,WATCHLIST
PSOGWFGPHSZY75BF,"ROMSAY Anti-Dandruff Shampoo 200ML + Tick & Flea Soap 75GM + Lavender Soap 75GM Allergy Relief, Anti-dandruff, Anti-itching, Conditioning, Flea and Tick Eucalyptus Mint, Lavender, Lemon Dog Shampoo",romsay,health_wellness,,,,,PSOGWFGPHSZY75BF,https://www.flipkart.com/romsay-anti-dandruff-shampoo-200ml-tick-flea-soap-75gm-lavender-allergy-relief-anti-dandruff-anti-itching-conditioning-eucalyptus-mint-lavender-lemon-dog/p/itmb5616c7f92d4b?pid=PSOGWFGPHSZY75BF&lid=LSTPSOGWFGPHSZY75BFCVRYG2&marketplace=FLIPKART&q=flea+tick+medicine+for+dogs&store=p3t%2Fixl%2Fosh&srno=s_1_6&otracker=search&fm=organic&iid=en_Xo65uYsQb9WLOHE8TbQtC7DPdPwNb65Zq1L3VpL2zHYCrJdoIWusrXuLich5pqz_lW5mTADIYR7wMqrMTcE0xO6wsdrVMa0pvX74k4qZaI7u50SkHEJKkXGARYdTTxyD&ppt=None&ppn=None&ssid=7ynyuyy6cw0000001783424326799&qH=2ddc765890887549&ov_redirect=true&ov_redirect=true,https://rukminim2.flixcart.com/image/612/612/xif0q/pet-shampoo/y/b/e/350-hh-1190-romsay-original-imagwfgpt44afcyb.jpeg?q=70,https://rukminim2.flixcart.com/image/612/612/xif0q/pet-shampoo/y/b/e/350-hh-1190-romsay-original-imagwfgpt44afcyb.jpeg?q=70,,0,,,,6.0,0.0,4.4,,157.0,0.5,0.0,67.94,rising,flipkart|gtrends,2026-07-07,2026-07-07T17:09:43.196913,188,baba21d39fdeb7cb,romsay|romsay anti-dandruff shampoo 200ml + tick & flea soap 75gm + lavender soap 75gm ,64.82,67.94,64.82,3.12,0.0,0.9,0.0,,WATCHLIST
PSOGDGW5UPR3TFXA,"Breedo Dog Need (Combo of 2) 5IN1 Shampoo Conditioner + Gloves Allergy Relief, Conditioning, Anti-fungal, Anti-microbial, Anti-itching, Anti-dandruff Natural Dog Shampoo",breedo,grooming,,,,,PSOGDGW5UPR3TFXA,https://www.flipkart.com/breedo-dog-need-combo-2-5in1-shampoo-conditioner-gloves-allergy-relief-conditioning-anti-fungal-anti-microbial-anti-itching-anti-dandruff-natural/p/itm8b360efa81cc5?pid=PSOGDGW5UPR3TFXA&lid=LSTPSOGDGW5UPR3TFXA2Q7UAA&marketplace=FLIPKART&q=dog+shampoo&store=p3t%2Fixl%2Fosh&spotlightTagId=default_BestsellerId_p3t%2Fixl%2Fosh&srno=s_1_4&otracker=search&fm=organic&iid=87e2e3b7-1bcf-4dee-85cd-caa8a4b0d5c8.PSOGDGW5UPR3TFXA.SEARCH&ppt=None&ppn=None&ssid=1pizov16ps0000001783424297200&qH=8d82257ae22a2792&ov_redirect=true&ov_redirect=true,https://rukminim2.flixcart.com/image/612/612/l23mhzk0/pet-shampoo/z/1/t/250-dog-need-combo-of-2-5in1-shampoo-conditioner-gloves-anti-original-imagdgw5a73wkfp7.jpeg?q=70,https://rukminim2.flixcart.com/image/612/612/l23mhzk0/pet-shampoo/z/1/t/250-dog-need-combo-of-2-5in1-shampoo-conditioner-gloves-anti-original-imagdgw5a73wkfp7.jpeg?q=70,,0,,,,4.0,0.0,4.0,,147.0,13.5,-1.5,67.9,rising,flipkart|gtrends,2026-07-07,2026-07-07T17:09:43.190317,189,211168c2bdb95034,"breedo|breedo dog need (combo of 2) 5in1 shampoo conditioner + gloves allergy relief, c",65.4,67.9,65.4,2.5,0.0,0.9,0.0,,WATCHLIST
PNPH3ZXW4VUHHZSZ,"PetJoy Dog Nail Cutter with Filer (Large), Professional Nail Clipper for Pets Scissor Nail Clipper",petjoy,grooming,,,,,PNPH3ZXW4VUHHZSZ,https://www.flipkart.com/petjoy-dog-nail-cutter-filer-large-professional-clipper-pets-scissor/p/itmb08aee65557df?pid=PNPH3ZXW4VUHHZSZ&lid=LSTPNPH3ZXW4VUHHZSZD6S7XN&marketplace=FLIPKART&q=nail+clipper+for+dogs&store=p3t%2Fixl%2Fprc&srno=s_1_4&otracker=search&fm=organic&iid=1048b9da-f6c7-408f-af6e-fdfbbdf88813.PNPH3ZXW4VUHHZSZ.SEARCH&ppt=None&ppn=None&ssid=mjejao65og0000001783424305254&qH=48a2105fee396fcf&ov_redirect=true&ov_redirect=true,https://rukminim2.flixcart.com/image/612/612/xif0q/pet-nail-clipper/c/k/g/pjnc046-petjoy-original-imahhucauhnmzfhn.jpeg?q=70,https://rukminim2.flixcart.com/image/612/612/xif0q/pet-nail-clipper/c/k/g/pjnc046-petjoy-original-imahhucauhnmzfhn.jpeg?q=70,,0,,,,4.0,0.0,4.0,,155.0,13.5,-1.5,67.9,rising,flipkart|gtrends,2026-07-07,2026-07-07T17:09:43.192823,190,adc49caf35a408ee,"petjoy|petjoy dog nail cutter with filer (large), professional nail clipper for pets sc",65.4,67.9,65.4,2.5,0.0,0.9,0.0,,WATCHLIST
PCLGYR5HRS3Z9FPD,Buraq Dog Buckle Harness,buraq,collars_leashes,,,,,PCLGYR5HRS3Z9FPD,https://www.flipkart.com/buraq-dog-buckle-harness/p/itmeee845ec873c0?pid=PCLGYR5HRS3Z9FPD&lid=LSTPCLGYR5HRS3Z9FPDP9ZR6G&marketplace=FLIPKART&q=dog+harness&store=p3t%2Fea3%2Fb1n&srno=s_1_4&otracker=search&fm=organic&iid=5a4d3819-8e44-4aad-a67c-a3c7173ca7c5.PCLGYR5HRS3Z9FPD.SEARCH&ppt=None&ppn=None&ssid=sckxvcab7k0000001783424343657&qH=c997f489fc4d5035&ov_redirect=true&ov_redirect=true,https://rukminim2.flixcart.com/image/612/612/xif0q/pet-collar-harness/b/g/f/small-police-k9-dog-harness-small-blue-buraq-original-imagyr5hvnby5aas.jpeg?q=70,https://rukminim2.flixcart.com/image/612/612/xif0q/pet-collar-harness/b/g/f/small-police-k9-dog-harness-small-blue-buraq-original-imagyr5hvnby5aas.jpeg?q=70,,0,,,,4.0,0.0,4.1,,204.0,5.0,-3.0,67.88,rising,flipkart|gtrends,2026-07-07,2026-07-07T17:09:43.201562,191,0b7530636d64443e,buraq|buraq dog buckle harness,65.38,67.88,65.38,2.5,0.0,0.9,0.0,,WATCHLIST
B076DJBKYZ,"Foodie Puppies Natural Rubber Spike Ball - 2.8inch/ 7cm | Suitable for Small to Medium Dogs and Puppies | Chewing, Teething,",foodie,dog_toys,,B076DJBKYZ,https://www.amazon.in/Foodie-Puppies-Rubber-Spike-Medium/dp/B076DJBKYZ/ref=zg_bs_g_4771401031_d_sccl_11/522-4724523-7365803?psc=1,"https://images-eu.ssl-images-amazon.com/images/I/817UzL+QmSL._AC_UL300_SR300,200_.jpg",,,,"https://images-eu.ssl-images-amazon.com/images/I/817UzL+QmSL._AC_UL300_SR300,200_.jpg",10.0,0,4.3,1744.0,140.0,,,,,,3.0,0.0,67.84,rising,amazon|gtrends,2026-07-07,2026-07-07T17:09:43.162821,192,d15ece73feb7156c,foodie|foodie puppies natural rubber spike ball - 2.8inch/ 7cm | suitable for small to ,64.72,67.84,64.72,3.12,0.0,0.9,0.0,,WATCHLIST
B09XMWR6TH,"SOFTSPUN Microfiber Pet Towel 60x120 cms 1pcs 380gsm Grey! Ultra-Soft, Ultra-Absorbent for Drying Small & Medium Dogs & Cats",softspun,grooming,,B09XMWR6TH,https://www.amazon.in/SOFTSPUN-Microfiber-Ultra-Soft-Ultra-Absorbent-Quickly/dp/B09XMWR6TH/ref=zg_bs_g_4771396031_d_sccl_10/522-4724523-7365803?psc=1,"https://images-eu.ssl-images-amazon.com/images/I/71H5Z7R5ErL._AC_UL300_SR300,200_.jpg",,,,"https://images-eu.ssl-images-amazon.com/images/I/71H5Z7R5ErL._AC_UL300_SR300,200_.jpg",9.0,0,4.5,834.0,299.0,,,,,,13.5,-1.5,67.81,rising,amazon|gtrends,2026-07-07,2026-07-07T17:09:43.165767,193,e1ef5555ef1eb1ea,"softspun|softspun microfiber pet towel 60x120 cms 1pcs 380gsm grey! ultra-soft, ultra-abs",64.69,67.81,64.69,3.12,0.0,0.9,0.0,,WATCHLIST
PDEFX7Y3GKHRUEAJ,"Hygiene Hub Heavy Duty Pet and Puppy Training Pads (XL, 10) Disposable Dog Diapers",hygiene,training,,,,,PDEFX7Y3GKHRUEAJ,https://www.flipkart.com/hygiene-hub-heavy-duty-pet-puppy-training-pads-xl-10-disposable-dog-diapers/p/itmf033062456849?pid=PDEFX7Y3GKHRUEAJ&lid=LSTPDEFX7Y3GKHRUEAJOIPD27&marketplace=FLIPKART&q=puppy+training+pads&store=p3t%2Fixl%2Fhmu&srno=s_1_4&otracker=search&fm=organic&iid=d60d8e75-061f-48aa-83e7-35ac61d14ce8.PDEFX7Y3GKHRUEAJ.SEARCH&ppt=None&ppn=None&ssid=vikbikuy8w0000001783424349196&qH=a418c91bf2bdb70b&ov_redirect=true&ov_redirect=true,https://rukminim2.flixcart.com/image/612/612/k5e7o280/pet-mat/t/x/t/xl-pet-training-pads-30-sheets-lavender-original-imafn2vqku8guqgx.jpeg?q=70,https://rukminim2.flixcart.com/image/612/612/k5e7o280/pet-mat/t/x/t/xl-pet-training-pads-30-sheets-lavender-original-imafn2vqku8guqgx.jpeg?q=70,,0,,,,4.0,0.0,4.0,,167.0,0.5,-2.0,67.8,rising,flipkart|gtrends,2026-07-07,2026-07-07T17:09:43.202941,194,77fdd70131838ea9,"hygiene|hygiene hub heavy duty pet and puppy training pads (xl, 10) disposable dog diape",65.3,67.8,65.3,2.5,0.0,0.9,0.0,,WATCHLIST
B0C5XKH9HB,Amazon Basics Premium Reversible Super Soft Velvet Round Cat Dog Pet Bed | Medium 72 x 72 x 16 cm | Blue,amazon basics,beds_accessories,,B0C5XKH9HB,https://www.amazon.in/amazon-basics-Reversible-Velvet-Diameter/dp/B0C5XKH9HB/ref=zg_bs_g_4771390031_d_sccl_7/522-4724523-7365803?psc=1,"https://images-eu.ssl-images-amazon.com/images/I/91z90Srl2pL._AC_UL300_SR300,200_.jpg",,,,"https://images-eu.ssl-images-amazon.com/images/I/91z90Srl2pL._AC_UL300_SR300,200_.jpg",7.0,0,4.1,670.0,799.0,,,,,,20.5,-2.0,67.67,rising,amazon|gtrends,2026-07-07,2026-07-07T17:09:43.169455,195,da810e1c6d6eb0e8,amazon basics|amazon basics premium reversible super soft velvet round cat dog pet bed | mediu,65.17,67.67,65.17,2.5,0.0,0.9,0.0,,WATCHLIST
B0FLPVTH24,FURRLOVERS Condo Fur Fabric Activity Kitten Cat Tree | Hammock | Hanging Ball | Scratching Posts | Jute Rope (Height 55 Inch),furrlovers,beds_accessories,,B0FLPVTH24,https://www.amazon.in/FURRLOVERS-Activity-Hammock-Hanging-Scratching/dp/B0FLPVTH24/ref=zg_bs_g_4771375031_d_sccl_8/522-4724523-7365803?psc=1,"https://images-eu.ssl-images-amazon.com/images/I/61mKf8+9ewL._AC_UL300_SR300,200_.jpg",,,,"https://images-eu.ssl-images-amazon.com/images/I/61mKf8+9ewL._AC_UL300_SR300,200_.jpg",7.0,0,4.3,197.0,3989.0,,,,,,20.5,-2.0,67.66,rising,amazon|gtrends,2026-07-07,2026-07-07T17:09:43.171280,196,d072599373443ecf,furrlovers|furrlovers condo fur fabric activity kitten cat tree | hammock | hanging ball | ,64.54,67.66,64.54,3.12,0.0,0.9,0.0,,WATCHLIST
PCLGSKWU4BN8JYKM,shagul Dog Show Collar,shagul,collars_leashes,,,,,PCLGSKWU4BN8JYKM,https://www.flipkart.com/shagul-dog-show-collar/p/itm17b65b0767b7c?pid=PCLGSKWU4BN8JYKM&lid=LSTPCLGSKWU4BN8JYKMWUSGVA&marketplace=FLIPKART&q=dog+collar&store=p3t%2Fea3%2Fb1n&srno=s_1_4&otracker=search&fm=organic&iid=32c09fc5-3848-44a5-bce7-d16caa2396f9.PCLGSKWU4BN8JYKM.SEARCH&ppt=None&ppn=None&ssid=7qp8bruvq80000001783424335453&qH=7e1db77825e65614&ov_redirect=true&ov_redirect=true,https://rukminim2.flixcart.com/image/612/612/xif0q/pet-collar-harness/d/v/3/large-23224-shagul-original-imagskwuzcxkahgm.jpeg?q=70,https://rukminim2.flixcart.com/image/612/612/xif0q/pet-collar-harness/d/v/3/large-23224-shagul-original-imagskwuzcxkahgm.jpeg?q=70,,0,,,,4.0,0.0,4.0,,366.0,5.0,-3.0,67.6,rising,flipkart|gtrends,2026-07-07,2026-07-07T17:09:43.199077,197,841918ebe859fecb,shagul|shagul dog show collar,65.1,67.6,65.1,2.5,0.0,0.9,0.0,,WATCHLIST
B08W34HMF7,"Foodie Puppies Interactive Lightweight Foldable T-Shape Tube Hiding Tunnel with Hanging Ball - Perfect for Small Cats, Kitten",foodie,cat_toys,,B08W34HMF7,https://www.amazon.in/Foodie-Puppies-Interactive-Foldable-Hanging/dp/B08W34HMF7/ref=zg_bs_g_4771387031_d_sccl_9/522-4724523-7365803?psc=1,"https://images-eu.ssl-images-amazon.com/images/I/71aPwXyE28L._AC_UL300_SR300,200_.jpg",,,,"https://images-eu.ssl-images-amazon.com/images/I/71aPwXyE28L._AC_UL300_SR300,200_.jpg",7.0,0,4.4,328.0,499.0,,,,,,4.0,-6.0,67.55,rising,amazon|gtrends,2026-07-07,2026-07-07T17:09:43.164029,198,905e35260771e112,foodie|foodie puppies interactive lightweight foldable t-shape tube hiding tunnel with ,64.43,67.55,64.43,3.12,0.0,0.9,0.0,,WATCHLIST
B0BWYGG8HH,"Goofy Tails Active Seaweed Dental Stick 220g, Dog Treats Vegetarian, Dental Sticks for Dogs, Chew Sticks for Dogs, Dog Chew S",goofy,health_wellness,,B0BWYGG8HH,https://www.amazon.in/Goofy-Tails-Vegetarian-Puppies-Seaweed/dp/B0BWYGG8HH/ref=zg_bs_g_4771397031_d_sccl_9/522-4724523-7365803?psc=1,"https://images-eu.ssl-images-amazon.com/images/I/618aYF5QntL._AC_UL300_SR300,200_.jpg",,,,"https://images-eu.ssl-images-amazon.com/images/I/618aYF5QntL._AC_UL300_SR300,200_.jpg",8.0,0,4.2,473.0,338.0,,,,,,0.5,0.0,67.55,rising,amazon|gtrends,2026-07-07,2026-07-07T17:09:43.172849,199,1ef73538baa8641d,"goofy|goofy tails active seaweed dental stick 220g, dog treats vegetarian, dental stic",64.43,67.55,64.43,3.12,0.0,0.9,0.0,,WATCHLIST
B0CNXX8JZL,Vetina Cardio Support Tablets for Cardiac Care for Dogs & Cats 30 Tablets,vetina,health_wellness,,B0CNXX8JZL,https://www.amazon.in/Vetina-Cardio-Support-Tablets-Cardiac/dp/B0CNXX8JZL/ref=zg_bs_g_4771384031_d_sccl_8/522-4724523-7365803?psc=1,"https://images-eu.ssl-images-amazon.com/images/I/31o8dwsVonL._AC_UL300_SR300,200_.jpg",,,,"https://images-eu.ssl-images-amazon.com/images/I/31o8dwsVonL._AC_UL300_SR300,200_.jpg",8.0,0,4.8,24.0,543.0,,,,,,0.5,0.0,67.55,rising,amazon|gtrends,2026-07-07,2026-07-07T17:09:43.174364,200,2e8c101c833dcaef,vetina|vetina cardio support tablets for cardiac care for dogs & cats 30 tablets,64.43,67.55,64.43,3.12,0.0,0.9,0.0,,WATCHLIST
PEHH3PUQHHDXM7GG,"PetJoy Pet Single Door Folding Metal Cage with Removable Tray for Dog & Cat, 30 Inch Hard Crate Pet Crate",petjoy,beds_accessories,,,,,PEHH3PUQHHDXM7GG,https://www.flipkart.com/petjoy-pet-single-door-folding-metal-cage-removable-tray-dog-cat-30-inch-hard-crate/p/itm59ca65bc9808b?pid=PEHH3PUQHHDXM7GG&lid=LSTPEHH3PUQHHDXM7GGBO4DTC&marketplace=FLIPKART&q=dog+crate&store=search.flipkart.com&srno=s_1_6&otracker=search&fm=organic&iid=en_Ht_mxrbpsJTM5UHsNZXv5t4TQ-F3ece0rMC35emxX_EfNMll2gtTxQ8xzbsNFv4A0-FsfkTnErg5UbSdojdgKmac7PZtO-sY3l1sr6gOVcTMfFFJremy0dxADwGLzzWY&ppt=None&ppn=None&ssid=tj3vfu42e80000001783424314794&qH=de7c627fb64ada71&ov_redirect=true&ov_redirect=true,https://rukminim2.flixcart.com/image/612/612/xif0q/pet-crate/z/4/m/7-25-pet-single-door-folding-metal-cage-with-removable-tray-for-original-imahchtty8bzm4hh.jpeg?q=70,https://rukminim2.flixcart.com/image/612/612/xif0q/pet-crate/z/4/m/7-25-pet-single-door-folding-metal-cage-with-removable-tray-for-original-imahchtty8bzm4hh.jpeg?q=70,,0,,,,6.0,0.0,4.4,,2719.0,20.5,-2.0,67.54,rising,flipkart|gtrends,2026-07-07,2026-07-07T17:09:43.194413,201,cf9d555d363ca91f,"petjoy|petjoy pet single door folding metal cage with removable tray for dog & cat, 30 ",64.42,67.54,64.42,3.12,0.0,0.9,0.0,,WATCHLIST
PFDENR86J5HHFNFC,PEDIGREE Tasty Jerky Liver Dog Treat,pedigree,training,,,,,PFDENR86J5HHFNFC,https://www.flipkart.com/pedigree-tasty-jerky-liver-dog-treat/p/itmf3j7qsawhdn4h?pid=PFDENR86J5HHFNFC&lid=LSTPFDENR86J5HHFNFCBQY5BZ&marketplace=FLIPKART&q=dog+training+treats&store=p3t%2Fea3%2Fnva&srno=s_1_10&otracker=search&fm=organic&iid=25f5e471-619f-4ddd-b027-4bce8ed3004f.PFDENR86J5HHFNFC.SEARCH&ppt=None&ppn=None&ssid=wov3prijog0000001783424351807&qH=a29335f69d7964db&ov_redirect=true,https://rukminim2.flixcart.com/image/312/312/xif0q/pet-treat/u/t/e/-enriched-transparent-original-imahgdgpfgpyjpfh.png?q=70,https://rukminim2.flixcart.com/image/312/312/xif0q/pet-treat/u/t/e/-enriched-transparent-original-imahgdgpfgpyjpfh.png?q=70,,0,,,,10.0,0.0,4.6,1175.0,170.0,0.5,-2.0,67.53,rising,flipkart|gtrends,2026-07-07,2026-07-07T17:09:43.203949,202,178d6db8b30228b2,pedigree|pedigree tasty jerky liver dog treat,64.41,67.53,64.41,3.12,0.0,0.9,0.0,,WATCHLIST
PHSFWFMTXTGPWFQV,skyec JOINT MUST TABLETS FOR DOGS Pet Health Supplements,skyec,health_wellness,,,,,PHSFWFMTXTGPWFQV,https://www.flipkart.com/skyec-joint-must-tablets-dogs-pet-health-supplements/p/itm90b09a96d32cc?pid=PHSFWFMTXTGPWFQV&lid=LSTPHSFWFMTXTGPWFQV92YNTI&marketplace=FLIPKART&q=joint+supplement+for+dogs&store=p3t&srno=s_1_7&otracker=search&fm=organic&iid=249225c6-231a-4d9b-a19d-6ab5cf30ee59.PHSFWFMTXTGPWFQV.SEARCH&ppt=None&ppn=None&ssid=srm44c08ww0000001783424329919&qH=b0e4c33d635c1c86&ov_redirect=true&ov_redirect=true,https://rukminim2.flixcart.com/image/612/612/xif0q/pet-health-supplement/j/r/t/30-joint-must-tablets-for-dogs-sky-ec-original-imahed9xazhasfd6.jpeg?q=70,https://rukminim2.flixcart.com/image/612/612/xif0q/pet-health-supplement/j/r/t/30-joint-must-tablets-for-dogs-sky-ec-original-imahed9xazhasfd6.jpeg?q=70,,0,,,,7.0,0.0,4.6,,662.0,0.5,0.0,67.5,rising,flipkart|gtrends,2026-07-07,2026-07-07T17:09:43.197998,203,2f6b1590baa482ab,skyec|skyec joint must tablets for dogs pet health supplements,64.38,67.5,64.38,3.12,0.0,0.9,0.0,,WATCHLIST
B0H589BXST,"ZENIPUP Premium Fur 4XL Dog Bed for Large Dogs | Orthopedic Washable Pet Bed with Fiber Filling, Anti-Slip Bottom & Calming S",zenipup,beds_accessories,,B0H589BXST,https://www.amazon.in/ZENIPUP-Orthopedic-Washable-Anti-Slip-Mattress/dp/B0H589BXST/ref=zg_bs_g_4771390031_d_sccl_8/522-4724523-7365803?psc=1,"https://images-eu.ssl-images-amazon.com/images/I/61slVPbsX-L._AC_UL300_SR300,200_.jpg",,,,"https://images-eu.ssl-images-amazon.com/images/I/61slVPbsX-L._AC_UL300_SR300,200_.jpg",8.0,0,5.0,5.0,,,,,,,20.5,-2.0,67.44,rising,amazon|gtrends,2026-07-07,2026-07-07T17:09:43.169522,204,bf15bc2acb604483,zenipup|zenipup premium fur 4xl dog bed for large dogs | orthopedic washable pet bed wit,64.32,67.44,64.32,3.12,0.0,0.9,0.0,,WATCHLIST
B0BQFG1WQ5,Defender Nex Pro Deworming Tablet for Cats & Kittens of Over 6 Weeks Old (Pack of 1) | Natural & Herbal Ingredients | Effecti,defender,health_wellness,,B0BQFG1WQ5,https://www.amazon.in/Deworming-Spot-Cats-Pack-Cat/dp/B0BQFG1WQ5/ref=zg_bs_g_4771384031_d_sccl_7/522-4724523-7365803?psc=1,"https://images-eu.ssl-images-amazon.com/images/I/71nNyr-sWHL._AC_UL300_SR300,200_.jpg",,,,"https://images-eu.ssl-images-amazon.com/images/I/71nNyr-sWHL._AC_UL300_SR300,200_.jpg",7.0,0,4.2,107.0,295.0,,,,,,0.5,0.0,67.41,rising,amazon|gtrends,2026-07-07,2026-07-07T17:09:43.174309,205,cecae55fceae9914,defender|defender nex pro deworming tablet for cats & kittens of over 6 weeks old (pack o,64.29,67.41,64.29,3.12,0.0,0.9,0.0,,WATCHLIST
PFDHET232RPYVETC,"Dr.pets Dog Dry Food Puppy Chicken & Milk – 1 kg Chicken 1 kg Dry New Born, Young Dog Food",drpets,dog_food,,,,,PFDHET232RPYVETC,https://www.flipkart.com/dr-pets-dog-dry-food-puppy-chicken-milk-1-kg-new-born-young/p/itm8fa1a260523f5?pid=PFDHET232RPYVETC&lid=LSTPFDHET232RPYVETC65I8DJ&marketplace=FLIPKART&q=puppy+food&store=p3t%2Fea3%2F8zj&srno=s_1_7&otracker=search&fm=organic&iid=bd00ce40-63e5-4628-8bfb-22760bef423a.PFDHET232RPYVETC.SEARCH&ppt=None&ppn=None&ssid=jgnht7d6n40000001783424250669&qH=1b10931195d885ee&ov_redirect=true,https://rukminim2.flixcart.com/image/312/312/xif0q/pet-food/a/v/d/1-dog-1-sd-puppy-1kg-dr-pets-original-imahmuqdrtz272k2.jpeg?q=70,https://rukminim2.flixcart.com/image/312/312/xif0q/pet-food/a/v/d/1-dog-1-sd-puppy-1kg-dr-pets-original-imahmuqdrtz272k2.jpeg?q=70,,0,,,,7.0,0.0,4.2,274.0,242.0,18.0,-3.2,67.4,rising,flipkart|gtrends,2026-07-07,2026-07-07T17:09:43.180291,206,94a48567222ed4a9,"drpets|dr.pets dog dry food puppy chicken & milk – 1 kg chicken 1 kg dry new born, youn",64.28,67.4,64.28,3.12,0.0,0.9,0.0,,WATCHLIST
PSOHMSZDNXNNYTGE,"Fur Ball Story Tick Free Ayurvedic Dog Shampoo Flea & Tick Control Vet Approved Pet Shampoo Flea and Tick, Anti-fungal, Anti-itching, Anti-Bacterial, Itch Relief, Anti-microbial Mild Dog Shampoo",fur,grooming,,,,,PSOHMSZDNXNNYTGE,https://www.flipkart.com/fur-ball-story-tick-free-ayurvedic-dog-shampoo-flea-control-vet-approved-pet-tick-anti-fungal-anti-itching-anti-bacterial-itch-relief-anti-microbial-mild/p/itm1252850d3c2ac?pid=PSOHMSZDNXNNYTGE&lid=LSTPSOHMSZDNXNNYTGEZITDAU&marketplace=FLIPKART&q=dog+shampoo&store=p3t%2Fixl%2Fosh&srno=s_1_6&otracker=search&fm=organic&iid=en_PCO_vuFEqDWxkeLAWrBOw8DlINgysNP5cKHjpH9dFYe0qjod_KpVQd9DTeNwVWjUrPIR9yHY9DdXiG-Lb9YNY-QPDMhxsLZHbzRZm0QFVsNXqFLi5iYZ-c84zHgaQlkS&ppt=None&ppn=None&ssid=1pizov16ps0000001783424297200&qH=8d82257ae22a2792&ov_redirect=true&ov_redirect=true,https://rukminim2.flixcart.com/image/612/612/xif0q/pet-shampoo/c/z/8/200-shampooch-tick-free-vet-approved-ayurvedic-tick-flea-dog-original-imahmszcbdafw9kr.jpeg?q=70,https://rukminim2.flixcart.com/image/612/612/xif0q/pet-shampoo/c/z/8/200-shampooch-tick-free-vet-approved-ayurvedic-tick-flea-dog-original-imahmszcbdafw9kr.jpeg?q=70,,0,,,,6.0,0.0,4.3,,249.0,13.5,-1.5,67.36,rising,flipkart|gtrends,2026-07-07,2026-07-07T17:09:43.190469,207,1eef871da97165e3,fur|fur ball story tick free ayurvedic dog shampoo flea & tick control vet approved ,64.24,67.36,64.24,3.12,0.0,0.9,0.0,,WATCHLIST
PTYG7CJGUAGE7JQV,Emily Pets Pet Training Clicker (Green) Plastic Training Aid For Dog,emily,training,,,,,PTYG7CJGUAGE7JQV,https://www.flipkart.com/emily-pets-pet-training-clicker-green-plastic-aid-dog/p/itm23464051948f9?pid=PTYG7CJGUAGE7JQV&lid=LSTPTYG7CJGUAGE7JQVCQQJ8L&marketplace=FLIPKART&q=clicker+dog+training&store=p3t%2Fea3%2Fg4c&srno=s_1_6&otracker=search&fm=organic&iid=fbb02aa1-aabd-4b0d-9e72-e506e20115f2.PTYG7CJGUAGE7JQV.SEARCH&ppt=None&ppn=None&ssid=k2z16a13j40000001783424354631&qH=b0c60dc4bffa7e54&ov_redirect=true&ov_redirect=true,https://rukminim2.flixcart.com/image/612/612/ku5ufm80/pet-toy/b/f/0/dog-training-clicker-with-wrist-strap-durable-lightweight-easy-original-imag7cgymyczdyga.jpeg?q=70,https://rukminim2.flixcart.com/image/612/612/ku5ufm80/pet-toy/b/f/0/dog-training-clicker-with-wrist-strap-durable-lightweight-easy-original-imag7cgymyczdyga.jpeg?q=70,,0,,,,6.0,0.0,4.3,,214.0,0.5,-2.0,67.26,rising,flipkart|gtrends,2026-07-07,2026-07-07T17:09:43.204336,208,f71f1ab73fb9d749,emily|emily pets pet training clicker (green) plastic training aid for dog,64.14,67.26,64.14,3.12,0.0,0.9,0.0,,WATCHLIST
PFDH47VEMK8H5AEG,Royal Canin Maxi Puppy Dry Food Meat 1 kg Dry Young Puppy Food,royal canin,dog_food,,,,,PFDH47VEMK8H5AEG,https://www.flipkart.com/royal-canin-maxi-puppy-dry-food-meat-1-kg-young/p/itm8eeed9f38af41?pid=PFDH47VEMK8H5AEG&lid=LSTPFDH47VEMK8H5AEG2BIILH&marketplace=FLIPKART&q=royal+canin+dog+food&store=p3t%2Fea3%2F8zj&srno=s_1_8&otracker=search&fm=organic&iid=b50ca4cc-10f2-4e61-9c64-b71ef01ff18f.PFDH47VEMK8H5AEG.SEARCH&ppt=None&ppn=None&ssid=tuz9tvum340000001783424255774&qH=daddb49dcea591ec&ov_redirect=true,https://rukminim2.flixcart.com/image/312/312/xif0q/pet-food/l/a/m/1-puppy-1-otrfo2143-royal-canin-original-imah47ve65bdnfe6.jpeg?q=70,https://rukminim2.flixcart.com/image/312/312/xif0q/pet-food/l/a/m/1-puppy-1-otrfo2143-royal-canin-original-imah47ve65bdnfe6.jpeg?q=70,,0,,,,8.0,0.0,4.6,181.0,1020.0,18.0,-3.2,67.21,rising,flipkart|gtrends,2026-07-07,2026-07-07T17:09:43.181404,209,eeeea5dedf78d962,royal canin|royal canin maxi puppy dry food meat 1 kg dry young puppy food,64.09,67.21,64.09,3.12,0.0,0.9,0.0,,WATCHLIST
PCBGVHTSHTMBQNVK,"S.Blaze Pet Grooming Ticks, Flea Remover Hair Comb Blue Plain/ Bristle Brushes for Cat, Dog",sblaze,grooming,,,,,PCBGVHTSHTMBQNVK,https://www.flipkart.com/s-blaze-pet-grooming-ticks-flea-remover-hair-comb-blue-plain-bristle-brushes-cat-dog/p/itmd9209526a6a94?pid=PCBGVHTSHTMBQNVK&lid=LSTPCBGVHTSHTMBQNVK7PIWWT&marketplace=FLIPKART&q=dog+brush&store=p3t%2Fixl%2F770&spotlightTagId=default_TrendingId_p3t%2Fixl%2F770&srno=s_1_5&otracker=search&fm=organic&iid=94002573-d5e8-41b4-8dc7-3432732abc74.PCBGVHTSHTMBQNVK.SEARCH&ppt=None&ppn=None&ssid=6sp2qnbbb40000001783424302403&qH=c664f21272e7c16e&ov_redirect=true&ov_redirect=true,https://rukminim2.flixcart.com/image/612/612/xif0q/pet-comb-brush/d/1/x/medium-pet-grooming-comb-blue-s-blaze-original-imagvhtshk9qzsrd.jpeg?q=70,https://rukminim2.flixcart.com/image/612/612/xif0q/pet-comb-brush/d/1/x/medium-pet-grooming-comb-blue-s-blaze-original-imagvhtshk9qzsrd.jpeg?q=70,,0,,,,5.0,0.0,4.1,,113.0,13.5,-1.5,67.18,rising,flipkart|gtrends,2026-07-07,2026-07-07T17:09:43.192099,210,804d47b9f3960f44,"sblaze|s.blaze pet grooming ticks, flea remover hair comb blue plain/ bristle brushes f",64.68,67.18,64.68,2.5,0.0,0.9,0.0,,WATCHLIST
B09PDFPRJW,Foodie Puppies Interactive Durable Cotton Rope Toys for Dog Chew Teething Training Playing Combo Toys for Puppies (Cotton Bal,foodie,dog_toys,,B09PDFPRJW,https://www.amazon.in/Foodie-Puppies-Interactive-Teething-Training/dp/B09PDFPRJW/ref=zg_bs_g_4771401031_d_sccl_9/522-4724523-7365803?psc=1,"https://images-eu.ssl-images-amazon.com/images/I/71PDSBEm3fL._AC_UL300_SR300,200_.jpg",,,,"https://images-eu.ssl-images-amazon.com/images/I/71PDSBEm3fL._AC_UL300_SR300,200_.jpg",8.0,0,4.4,117.0,170.0,,,,,,3.0,0.0,67.02,rising,amazon|gtrends,2026-07-07,2026-07-07T17:09:43.162679,211,25f778b56aebc635,foodie|foodie puppies interactive durable cotton rope toys for dog chew teething traini,63.9,67.02,63.9,3.12,0.0,0.89,0.0,,WATCHLIST
B08CRT4H12,"Foodie Puppies Professional Animal Nail Cutter Clipper Trimmer Filer (Nail Clipper - Large) for Small, Medium, and Large Dogs",foodie,grooming,,B08CRT4H12,https://www.amazon.in/Foodie-Puppies-Professional-Clipper-Grooming/dp/B08CRT4H12/ref=zg_bs_g_4771396031_d_sccl_13/522-4724523-7365803?psc=1,"https://images-eu.ssl-images-amazon.com/images/I/71qWU0WwbLL._AC_UL300_SR300,200_.jpg",,,,"https://images-eu.ssl-images-amazon.com/images/I/71qWU0WwbLL._AC_UL300_SR300,200_.jpg",12.0,0,4.2,3438.0,220.0,,,,,,13.5,-1.5,66.94,rising,amazon|gtrends,2026-07-07,2026-07-07T17:09:43.165969,212,311349c9ec90f770,foodie|foodie puppies professional animal nail cutter clipper trimmer filer (nail clipp,63.82,66.94,63.82,3.12,0.0,0.89,0.0,,WATCHLIST
PSOGAZZGGZZ6HQ2Z,"Hachiko Best quality ( Pack of 2 ) Dog Shampoo 5 IN 1 (Total 500 ml) Allergy Relief, Anti-dandruff, Anti-fungal, Conditioning Artificial Fragrance Free Dog Shampoo",hachiko,grooming,,,,,PSOGAZZGGZZ6HQ2Z,https://www.flipkart.com/hachiko-best-quality-pack-2-dog-shampoo-5-1-total-500-ml-allergy-relief-anti-dandruff-anti-fungal-conditioning-artificial-fragrance-free/p/itm188f5857280df?pid=PSOGAZZGGZZ6HQ2Z&lid=LSTPSOGAZZGGZZ6HQ2Z9VQPS0&marketplace=FLIPKART&q=dog+shampoo&store=p3t%2Fixl%2Fosh&srno=s_1_5&otracker=search&fm=organic&iid=87e2e3b7-1bcf-4dee-85cd-caa8a4b0d5c8.PSOGAZZGGZZ6HQ2Z.SEARCH&ppt=None&ppn=None&ssid=1pizov16ps0000001783424297200&qH=8d82257ae22a2792&ov_redirect=true&ov_redirect=true,https://rukminim2.flixcart.com/image/612/612/xif0q/pet-shampoo/z/g/s/250-best-quality-pack-of-2-dog-shampoo-5-in-1-shampoo-anti-original-imah7hyhchcfmqzd.jpeg?q=70,https://rukminim2.flixcart.com/image/612/612/xif0q/pet-shampoo/z/g/s/250-best-quality-pack-of-2-dog-shampoo-5-in-1-shampoo-anti-original-imah7hyhchcfmqzd.jpeg?q=70,,0,,,,5.0,0.0,4.0,,141.0,13.5,-1.5,66.9,rising,flipkart|gtrends,2026-07-07,2026-07-07T17:09:43.190394,213,8f5201b9673d118b,hachiko|hachiko best quality ( pack of 2 ) dog shampoo 5 in 1 (total 500 ml) allergy rel,64.4,66.9,64.4,2.5,0.0,0.9,0.0,,WATCHLIST
PLNHJCMYDSUWNP39,PetMosh Nylon Dog Rope Leash 5 Feet | Heavy Duty 15mm Thick Leash with Anti Slip Handle 152 cm Dog Cord Leash,petmosh,collars_leashes,,,,,PLNHJCMYDSUWNP39,https://www.flipkart.com/petmosh-nylon-dog-rope-leash-5-feet-heavy-duty-15mm-thick-anti-slip-handle-152-cm-cord/p/itma74d840056337?pid=PLNHJCMYDSUWNP39&lid=LSTPLNHJCMYDSUWNP39GC2ZKG&marketplace=FLIPKART&q=retractable+dog+leash&store=p3t%2Fea3%2Fpmw&srno=s_1_7&otracker=search&fm=organic&iid=6b92b321-55fd-4d89-aeb1-c48b5b66fd8f.PLNHJCMYDSUWNP39.SEARCH&ppt=None&ppn=None&ssid=4smcf9y8000000001783424346329&qH=bbc46b35e332125e&ov_redirect=true&ov_redirect=true,https://rukminim2.flixcart.com/image/612/612/xif0q/pet-leash-chain/y/n/k/pm-001-petmosh-original-imahjcmyhyqttzcn.jpeg?q=70,https://rukminim2.flixcart.com/image/612/612/xif0q/pet-leash-chain/y/n/k/pm-001-petmosh-original-imahjcmyhyqttzcn.jpeg?q=70,,0,,,,7.0,0.0,4.6,,250.0,5.0,-3.0,66.9,rising,flipkart|gtrends,2026-07-07,2026-07-07T17:09:43.202113,214,99279ae97f17e466,petmosh|petmosh nylon dog rope leash 5 feet | heavy duty 15mm thick leash with anti slip,63.78,66.9,63.78,3.12,0.0,0.89,0.0,,WATCHLIST
PCLHDMCXWNWAYTWR,AomniStore Set of 4pcs Breakaway Puppy Belt Adjustable Cat Collar with Bell Safety Buckle Dog & Cat Everyday Collar,aomnistore,collars_leashes,,,,,PCLHDMCXWNWAYTWR,https://www.flipkart.com/aomnistore-set-4pcs-breakaway-puppy-belt-adjustable-cat-collar-bell-safety-buckle-dog-everyday/p/itme33143c91679f?pid=PCLHDMCXWNWAYTWR&lid=LSTPCLHDMCXWNWAYTWRL3E2V6&marketplace=FLIPKART&q=cat+collar&store=p3t&srno=s_1_5&otracker=search&fm=organic&iid=97d963cc-803d-4934-929b-135709a63dac.PCLHDMCXWNWAYTWR.SEARCH&ppt=None&ppn=None&ssid=dl7gz1mpu80000001783424338174&qH=831161a82e2648a4&ov_redirect=true&ov_redirect=true,https://rukminim2.flixcart.com/image/612/612/xif0q/pet-collar-harness/u/l/v/small-catcollar3-tore-smni-oa-original-imahdgcyfnxxhexh.jpeg?q=70,https://rukminim2.flixcart.com/image/612/612/xif0q/pet-collar-harness/u/l/v/small-catcollar3-tore-smni-oa-original-imahdgcyfnxxhexh.jpeg?q=70,,0,,,,5.0,0.0,4.1,,151.0,5.0,-3.0,66.88,rising,flipkart|gtrends,2026-07-07,2026-07-07T17:09:43.199874,215,d9f63b646448dc80,aomnistore|aomnistore set of 4pcs breakaway puppy belt adjustable cat collar with bell safe,64.38,66.88,64.38,2.5,0.0,0.9,0.0,,WATCHLIST
PCLHGHHWCUTZ7MEX,Subaka Dog Buckle Harness,subaka,collars_leashes,,,,,PCLHGHHWCUTZ7MEX,https://www.flipkart.com/subaka-dog-buckle-harness/p/itmeb44e700489b4?pid=PCLHGHHWCUTZ7MEX&lid=LSTPCLHGHHWCUTZ7MEXND1UQU&marketplace=FLIPKART&q=dog+harness&store=p3t%2Fea3%2Fb1n&srno=s_1_5&otracker=search&fm=organic&iid=5a4d3819-8e44-4aad-a67c-a3c7173ca7c5.PCLHGHHWCUTZ7MEX.SEARCH&ppt=None&ppn=None&ssid=sckxvcab7k0000001783424343657&qH=c997f489fc4d5035&ov_redirect=true&ov_redirect=true,https://rukminim2.flixcart.com/image/612/612/xif0q/pet-collar-harness/t/d/x/extra-large-butterfly-harness-orange-xl-subaka-original-imahghhwuyqhe6ka.jpeg?q=70,https://rukminim2.flixcart.com/image/612/612/xif0q/pet-collar-harness/t/d/x/extra-large-butterfly-harness-orange-xl-subaka-original-imahghhwuyqhe6ka.jpeg?q=70,,0,,,,5.0,0.0,4.1,,196.0,5.0,-3.0,66.88,rising,flipkart|gtrends,2026-07-07,2026-07-07T17:09:43.201593,216,3dbb83593a018dcd,subaka|subaka dog buckle harness,64.38,66.88,64.38,2.5,0.0,0.9,0.0,,WATCHLIST
PFDH5FBUHMNQRFGH,Royal Canin Royal Canin Hair & Skin Care Adult Dry Cat Food - 400 gm Chicken 0.4 kg Dry Adult Cat Food,royal canin,cat_food,,,,,PFDH5FBUHMNQRFGH,https://www.flipkart.com/royal-canin-hair-skin-care-adult-dry-cat-food-400-gm-chicken-0-4-kg/p/itm0a2d4dcb0683e?pid=PFDH5FBUHMNQRFGH&lid=LSTPFDH5FBUHMNQRFGHEJO0XQ&marketplace=FLIPKART&q=royal+canin+cat+food&store=p3t%2F0mo%2Foiv&srno=s_1_7&otracker=search&fm=organic&iid=8c819297-3b7e-4c85-b19b-312f8798d713.PFDH5FBUHMNQRFGH.SEARCH&ppt=None&ppn=None&ssid=htiipb2zbk0000001783424271148&qH=d9e0c635368b029a&ov_redirect=true&ov_redirect=true,https://rukminim2.flixcart.com/image/612/612/xif0q/pet-food/3/r/7/0-4-cat-1-otrfo1734-royal-canin-original-imah5fbumu8qn8ze.jpeg?q=70,https://rukminim2.flixcart.com/image/612/612/xif0q/pet-food/3/r/7/0-4-cat-1-otrfo1734-royal-canin-original-imah5fbumu8qn8ze.jpeg?q=70,,0,,,,7.0,0.0,4.4,,470.0,21.67,-0.67,66.81,rising,flipkart|gtrends,2026-07-07,2026-07-07T17:09:43.183209,217,db8ebba558397376,royal canin|royal canin royal canin hair & skin care adult dry cat food - 400 gm chicken 0.4,63.69,66.81,63.69,3.12,0.0,0.89,0.0,,WATCHLIST
STFHHPMP8GZSHWB4,Baby Melon Soft fur Musical Cat with meow meow sound Animal toy - 30 cm,me-o,cat_toys,,,,,STFHHPMP8GZSHWB4,https://www.flipkart.com/baby-melon-soft-fur-musical-cat-meow-sound-animal-toy-30-cm/p/itm23f43ec2adc6b?pid=STFHHPMP8GZSHWB4&lid=LSTSTFHHPMP8GZSHWB4RAYFMW&marketplace=FLIPKART&q=cat+toys&store=tng&srno=s_1_6&otracker=search&fm=organic&iid=578702ef-3270-4863-9036-db59e3e6d0b1.STFHHPMP8GZSHWB4.SEARCH&ppt=None&ppn=None&ssid=aofj69zshs0000001783424286813&qH=4372de0f4359aa53&ov_redirect=true&ov_redirect=true,https://rukminim2.flixcart.com/image/612/612/xif0q/stuffed-toy/k/g/g/soft-fur-musical-cat-with-meow-meow-sound-animal-toy-30-baby-original-imahhpmpbamvzyyj.jpeg?q=70,https://rukminim2.flixcart.com/image/612/612/xif0q/stuffed-toy/k/g/g/soft-fur-musical-cat-with-meow-meow-sound-animal-toy-30-baby-original-imahhpmpbamvzyyj.jpeg?q=70,,0,,,,6.0,0.0,4.4,,301.0,4.0,-6.0,66.74,rising,flipkart|gtrends,2026-07-07,2026-07-07T17:09:43.187829,218,31db294e6274f8ff,me-o|baby melon soft fur musical cat with meow meow sound animal toy - 30 cm,63.62,66.74,63.62,3.12,0.0,0.89,0.0,,WATCHLIST
B0C5TLNYTV,"PAWPRO HANDMADE Customized Pet ID Tag Personalize Black Engraved Name Collar Tag with Breed face for Your Loving Pet Dog, Cat",pawpro,collars_leashes,,B0C5TLNYTV,https://www.amazon.in/PAWPRO-HANDMADE-Customized-Personalize-Engraved/dp/B0C5TLNYTV/ref=zg_bs_g_4771392031_d_sccl_10/522-4724523-7365803?psc=1,"https://images-eu.ssl-images-amazon.com/images/I/51thhblqZ1L._AC_UL300_SR300,200_.jpg",,,,"https://images-eu.ssl-images-amazon.com/images/I/51thhblqZ1L._AC_UL300_SR300,200_.jpg",10.0,0,4.4,1155.0,189.0,,,,,,5.0,-3.0,66.74,rising,amazon|gtrends,2026-07-07,2026-07-07T17:09:43.176240,219,65bb51c3da6cbd56,pawpro|pawpro handmade customized pet id tag personalize black engraved name collar tag,63.62,66.74,63.62,3.12,0.0,0.89,0.0,,WATCHLIST
PSOHFXDEBVZ2KGMY,"Medfly Fortix Fleas and Ticks Spray for Cats, Dogs and Home Defense Flea and Tick Natural Dog Shampoo",medfly,health_wellness,,,,,PSOHFXDEBVZ2KGMY,https://www.flipkart.com/medfly-fortix-fleas-ticks-spray-cats-dogs-home-defense-flea-tick-natural-dog-shampoo/p/itm332a9455642f6?pid=PSOHFXDEBVZ2KGMY&lid=LSTPSOHFXDEBVZ2KGMYVFOW9V&marketplace=FLIPKART&q=flea+tick+medicine+for+dogs&store=p3t%2Fixl%2Fosh&srno=s_1_7&otracker=search&fm=organic&iid=f1b3cde1-284f-43d5-95b4-4636db5c0b05.PSOHFXDEBVZ2KGMY.SEARCH&ppt=None&ppn=None&ssid=7ynyuyy6cw0000001783424326799&qH=2ddc765890887549&ov_redirect=true&ov_redirect=true,https://rukminim2.flixcart.com/image/612/612/xif0q/pet-shampoo/b/k/5/200-fortix-fleas-and-ticks-spray-for-cats-dogs-and-home-defense-original-imahb3pyhpck5hhc.jpeg?q=70,https://rukminim2.flixcart.com/image/612/612/xif0q/pet-shampoo/b/k/5/200-fortix-fleas-and-ticks-spray-for-cats-dogs-and-home-defense-original-imahb3pyhpck5hhc.jpeg?q=70,,0,,,,7.0,0.0,4.3,,299.0,0.5,0.0,66.66,rising,flipkart|gtrends,2026-07-07,2026-07-07T17:09:43.196993,220,3b9a33138c9bce8e,"medfly|medfly fortix fleas and ticks spray for cats, dogs and home defense flea and tic",63.54,66.66,63.54,3.12,0.0,0.89,0.0,,WATCHLIST
PFDHJZJ2D79DZKTW,Grain Zero Mousse For Adult Cats Salmon 0.4 kg (5x0.08 kg) Wet Young Cat Food,grain,cat_food,,,,,PFDHJZJ2D79DZKTW,https://www.flipkart.com/grain-zero-mousse-adult-cats-salmon-0-4-kg-5x0-08-kg-wet-young-cat-food/p/itmceb99cae2ac4f?pid=PFDHJZJ2D79DZKTW&lid=LSTPFDHJZJ2D79DZKTWLSEYDN&marketplace=FLIPKART&q=cat+food&store=p3t%2F0mo%2Foiv&srno=s_1_8&otracker=search&fm=organic&iid=49af5483-7d40-4f2e-bddd-d5bd2a4699e9.PFDHJZJ2D79DZKTW.SEARCH&ppt=None&ppn=None&ssid=072jdsvxlc0000001783424263463&qH=1f38ae66827779c2&ov_redirect=true&ov_redirect=true,https://rukminim2.flixcart.com/image/612/612/xif0q/pet-food/y/a/8/-original-imahknx3kgecs5q5.jpeg?q=70,https://rukminim2.flixcart.com/image/612/612/xif0q/pet-food/y/a/8/-original-imahknx3kgecs5q5.jpeg?q=70,,0,,,,8.0,0.0,4.7,,144.0,21.67,-0.67,66.65,rising,flipkart|gtrends,2026-07-07,2026-07-07T17:09:43.182269,221,ba924d120adbea66,grain|grain zero mousse for adult cats salmon 0.4 kg (5x0.08 kg) wet young cat food,63.53,66.65,63.53,3.12,0.0,0.89,0.0,,WATCHLIST
B0GXDPLT3F,Pawbabas Cat Ball Launcher | Launcher with Soft Plush Balls Silent Smart Play Toy Shooting Toy Funny Interactive Cat Toys for,pawbabas,cat_toys,,B0GXDPLT3F,https://www.amazon.in/Pawbabas-Launcher-Shooting-Interactive-Training/dp/B0GXDPLT3F/ref=zg_bs_g_4771387031_d_sccl_10/522-4724523-7365803?psc=1,"https://images-eu.ssl-images-amazon.com/images/I/71mOxph8LJL._AC_UL300_SR300,200_.jpg",,,,"https://images-eu.ssl-images-amazon.com/images/I/71mOxph8LJL._AC_UL300_SR300,200_.jpg",8.0,0,5.0,4.0,299.0,,,,,,4.0,-6.0,66.62,rising,amazon|gtrends,2026-07-07,2026-07-07T17:09:43.164087,222,323ae91a4d78b6ce,pawbabas|pawbabas cat ball launcher | launcher with soft plush balls silent smart play to,63.5,66.62,63.5,3.12,0.0,0.89,0.0,,WATCHLIST
B0DSG59VD3,PAWPRO HANDMADE Reflective Yellow Nylon Dog Collar with Custom Engraved Bone ID Tag- Adjustable for Medium Dogs (15-21 inch),pawpro,collars_leashes,,B0DSG59VD3,https://www.amazon.in/PawPro-Reflective-Yellow-Engraved-Adjustable/dp/B0DSG59VD3/ref=zg_bs_g_4771392031_d_sccl_7/522-4724523-7365803?psc=1,"https://images-eu.ssl-images-amazon.com/images/I/6109gRRNhSL._AC_UL300_SR300,200_.jpg",,,,"https://images-eu.ssl-images-amazon.com/images/I/6109gRRNhSL._AC_UL300_SR300,200_.jpg",7.0,0,4.1,282.0,199.0,,,,,,5.0,-3.0,66.56,rising,amazon|gtrends,2026-07-07,2026-07-07T17:09:43.176033,223,0cc5a6bb4bf3393c,pawpro|pawpro handmade reflective yellow nylon dog collar with custom engraved bone id ,64.06,66.56,64.06,2.5,0.0,0.9,0.0,,WATCHLIST
PFDFUNNFZHSHKXRC,Me-O JP Pet Products Persian Kitten.1.1Kg 1.1 kg Dry New Born Cat Food,me-o,cat_food,,,,,PFDFUNNFZHSHKXRC,https://www.flipkart.com/me-o-jp-pet-products-persian-kitten-1-1kg-1-1-kg-dry-new-born-cat-food/p/itm14ff1059eb5ec?pid=PFDFUNNFZHSHKXRC&lid=LSTPFDFUNNFZHSHKXRCWMAAYW&marketplace=FLIPKART&q=meo+cat+food&store=p3t%2F0mo%2Foiv&srno=s_1_7&otracker=search&fm=organic&iid=8a0975ac-f6d1-49ba-a9a5-4c6a973ead86.PFDFUNNFZHSHKXRC.SEARCH&ppt=None&ppn=None&ssid=kuu7d4pgps0000001783424273731&qH=c9e60ce57aa2b156&ov_redirect=true&ov_redirect=true,https://rukminim2.flixcart.com/image/612/612/kdukgi80/pet-food/x/r/c/1-1-cat-persian-kitten-1-1kg-me-o-original-imafunx4ry65egwz.jpeg?q=70,https://rukminim2.flixcart.com/image/612/612/kdukgi80/pet-food/x/r/c/1-1-cat-persian-kitten-1-1kg-me-o-original-imafunx4ry65egwz.jpeg?q=70,,0,,,,7.0,0.0,4.3,,595.0,21.67,-0.67,66.53,rising,flipkart|gtrends,2026-07-07,2026-07-07T17:09:43.183868,224,c1145c76b262bf3d,me-o|me-o jp pet products persian kitten.1.1kg 1.1 kg dry new born cat food,63.41,66.53,63.41,3.12,0.0,0.89,0.0,,WATCHLIST
B0GHZCD4JD,"Drools Kitten Wet Mousse 80g Pack of 5, 400g | Salmon Flavour | Rich in Protein | Promotes Hydration & Easy to Digest | No Ar",drools,cat_food,,B0GHZCD4JD,https://www.amazon.in/Drools-Hydration-Artificial-Essential-Antioxidants/dp/B0GHZCD4JD/ref=zg_bs_g_4771382031_d_sccl_11/522-4724523-7365803?psc=1,"https://images-eu.ssl-images-amazon.com/images/I/61fHy2ZZasL._AC_UL300_SR300,200_.jpg",,,,"https://images-eu.ssl-images-amazon.com/images/I/61fHy2ZZasL._AC_UL300_SR300,200_.jpg",7.0,0,4.1,115.0,136.0,,,,,,21.67,-0.67,66.42,rising,amazon|gtrends,2026-07-07,2026-07-07T17:09:43.161716,225,4d0f03dfda288b19,"drools|drools kitten wet mousse 80g pack of 5, 400g | salmon flavour | rich in protein ",63.92,66.42,63.92,2.5,0.0,0.89,0.0,,WATCHLIST
PCBGTNRZVGQXKXGG,TrendKart Dog & Cat Hair Comb Brush - Pet Hair Comb For Dogs & Cats Slicker Brushes for Dog & Cat,trendkart,grooming,,,,,PCBGTNRZVGQXKXGG,https://www.flipkart.com/trendkart-dog-cat-hair-comb-brush-pet-dogs-cats-slicker-brushes/p/itm7ad6ebf2148fe?pid=PCBGTNRZVGQXKXGG&lid=LSTPCBGTNRZVGQXKXGGEA3FUW&marketplace=FLIPKART&q=dog+brush&store=p3t%2Fixl%2F770&srno=s_1_7&otracker=search&fm=organic&iid=94002573-d5e8-41b4-8dc7-3432732abc74.PCBGTNRZVGQXKXGG.SEARCH&ppt=None&ppn=None&ssid=6sp2qnbbb40000001783424302403&qH=c664f21272e7c16e&ov_redirect=true&ov_redirect=true,https://rukminim2.flixcart.com/image/612/612/xif0q/pet-comb-brush/q/r/r/small-dog-combing-brush-dog-grooming-brush-pet-brush-slicker-original-imagvpfxvfw988vr.jpeg?q=70,https://rukminim2.flixcart.com/image/612/612/xif0q/pet-comb-brush/q/r/r/small-dog-combing-brush-dog-grooming-brush-pet-brush-slicker-original-imagvpfxvfw988vr.jpeg?q=70,,0,,,,7.0,0.0,4.3,,117.0,13.5,-1.5,66.36,rising,flipkart|gtrends,2026-07-07,2026-07-07T17:09:43.192223,226,57282c87a41d848a,trendkart|trendkart dog & cat hair comb brush - pet hair comb for dogs & cats slicker brus,63.24,66.36,63.24,3.12,0.0,0.89,0.0,,WATCHLIST
PFDE6QF9VBYUG6XP,Royal Canin Medium Adult 1 Kg Dry Adult Dog Food,royal canin,dog_food,,,,,PFDE6QF9VBYUG6XP,https://www.flipkart.com/royal-canin-medium-adult-1-kg-dry-dog-food/p/itmdcedd1383dd68?pid=PFDE6QF9VBYUG6XP&lid=LSTPFDE6QF9VBYUG6XP7UMJAW&marketplace=FLIPKART&q=royal+canin+dog+food&store=p3t%2Fea3%2F8zj&srno=s_1_9&otracker=search&fm=organic&iid=b50ca4cc-10f2-4e61-9c64-b71ef01ff18f.PFDE6QF9VBYUG6XP.SEARCH&ppt=None&ppn=None&ssid=tuz9tvum340000001783424255774&qH=daddb49dcea591ec&ov_redirect=true,https://rukminim2.flixcart.com/image/312/312/xif0q/pet-food/q/b/4/10-dog-3182550774536-royal-canin-enriched-transparent-original-imafcaffqrdknk9v.png?q=70,https://rukminim2.flixcart.com/image/312/312/xif0q/pet-food/q/b/4/10-dog-3182550774536-royal-canin-enriched-transparent-original-imafcaffqrdknk9v.png?q=70,,0,,,,9.0,0.0,4.5,308.0,1020.0,18.0,-3.2,66.33,rising,flipkart|gtrends,2026-07-07,2026-07-07T17:09:43.181437,227,1e6841f5e44d1b88,royal canin|royal canin medium adult 1 kg dry adult dog food,63.21,66.33,63.21,3.12,0.0,0.89,0.0,,WATCHLIST
PFDEZWYY6P7CUW3X,PEDIGREE Large Breed (18 Months Onwards) Chicken 3 kg Dry Adult Dog Food,pedigree,dog_food,,,,,PFDEZWYY6P7CUW3X,https://www.flipkart.com/pedigree-large-breed-18-months-onwards-chicken-3-kg-dry-adult-dog-food/p/itmd6f227d974b2a?pid=PFDEZWYY6P7CUW3X&lid=LSTPFDEZWYY6P7CUW3XQREBHR&marketplace=FLIPKART&q=pedigree+dog+food&store=p3t%2Fea3%2F8zj&srno=s_1_13&otracker=search&fm=organic&iid=1de9ea02-cf71-4643-a824-9e6c79d2912c.PFDEZWYY6P7CUW3X.SEARCH&ppt=None&ppn=None&ssid=fr9eewrscw0000001783424258431&qH=b948d4492dbee74a&ov_redirect=true,https://rukminim2.flixcart.com/image/312/312/xif0q/pet-food/c/n/z/-enriched-transparent-original-imah27qppjfgvtyc.png?q=70,https://rukminim2.flixcart.com/image/312/312/xif0q/pet-food/c/n/z/-enriched-transparent-original-imah27qppjfgvtyc.png?q=70,,0,,,,13.0,0.0,4.4,6457.0,1074.0,18.0,-3.2,66.3,rising,flipkart|gtrends,2026-07-07,2026-07-07T17:09:43.181120,228,97e3876083d86e83,pedigree|pedigree large breed (18 months onwards) chicken 3 kg dry adult dog food,63.18,66.3,63.18,3.12,0.0,0.89,0.0,,WATCHLIST
PEBGX8THMDG7GZKD,"AAURAS Diamond Dog Orthopedic for Large Washable Cover & Nonskid Bottom, L Pet Bed",aauras,beds_accessories,,,,,PEBGX8THMDG7GZKD,https://www.flipkart.com/aauras-diamond-dog-orthopedic-large-washable-cover-nonskid-bottom-l-pet-bed/p/itm11ef4eb3f3c44?pid=PEBGX8THMDG7GZKD&lid=LSTPEBGX8THMDG7GZKDUG4QJT&marketplace=FLIPKART&q=dog+bed&store=p3t%2Fea3%2Fas7&spotlightTagId=default_BestsellerId_p3t%2Fea3%2Fas7&srno=s_1_7&otracker=search&fm=organic&iid=4b128f9d-2047-4efd-8106-2db6ff0d806a.PEBGX8THMDG7GZKD.SEARCH&ppt=None&ppn=None&ssid=1iy83aen9s0000001783424308013&qH=08aaa321caaedb70&ov_redirect=true&ov_redirect=true,https://rukminim2.flixcart.com/image/612/612/xif0q/pet-bed/q/d/z/l-dog-pet-bed-leg-fold-strong-quality-size-36x24x12inch-aauras-original-imahgntzgvnkxytf.jpeg?q=70,https://rukminim2.flixcart.com/image/612/612/xif0q/pet-bed/q/d/z/l-dog-pet-bed-leg-fold-strong-quality-size-36x24x12inch-aauras-original-imahgntzgvnkxytf.jpeg?q=70,,0,,,,7.0,0.0,4.3,,748.0,20.5,-2.0,66.26,rising,flipkart|gtrends,2026-07-07,2026-07-07T17:09:43.193433,229,bf7423dad9a7e84f,"aauras|aauras diamond dog orthopedic for large washable cover & nonskid bottom, l pet b",63.14,66.26,63.14,3.12,0.0,0.89,0.0,,WATCHLIST
PFDEG58ZDD3QHHDH,Whiskas (1+ Years) Tuna 1.2 kg Dry Adult Cat Food,whiskas,cat_food,,,,,PFDEG58ZDD3QHHDH,https://www.flipkart.com/whiskas-1-years-tuna-7-kg-dry-adult-cat-food/p/itm779132a9213b5?pid=PFDEG58ZDD3QHHDH&lid=LSTPFDEG58ZDD3QHHDHB49QUK&marketplace=FLIPKART&q=whiskas+cat+food&store=p3t%2F0mo%2Foiv&srno=s_1_8&otracker=search&fm=organic&iid=277a2e5a-7f5c-426e-9eca-9fa4eeca5d96.PFDEG58ZDD3QHHDH.SEARCH&ppt=None&ppn=None&ssid=yzr2xmfm9c0000001783424268608&qH=46a274706d720cac&ov_redirect=true&ov_redirect=true,https://rukminim2.flixcart.com/image/612/612/xif0q/pet-food/q/z/z/-original-imahkyfftmtkhxzy.jpeg?q=70,https://rukminim2.flixcart.com/image/612/612/xif0q/pet-food/q/z/z/-original-imahkyfftmtkhxzy.jpeg?q=70,,0,,,,8.0,0.0,4.5,,2066.0,21.67,-0.67,66.09,rising,flipkart|gtrends,2026-07-07,2026-07-07T17:09:43.182810,230,0e63ede8c610383b,whiskas|whiskas (1+ years) tuna 1.2 kg dry adult cat food,62.97,66.09,62.97,3.12,0.0,0.89,0.0,,WATCHLIST
B0BSSCBYP8,"PetLux Velvet Dog Bed Washable Cat Beds for Indoor Cats and Puppy,Grey Dog Bed Sofa for Dogs,Gift for Dogs and Cats,Round Bed",petlux,beds_accessories,,B0BSSCBYP8,https://www.amazon.in/Pet-Smile-Washable-Indoor-Puppy/dp/B0BSSCBYP8/ref=zg_bs_g_4771390031_d_sccl_20/522-4724523-7365803?psc=1,"https://images-eu.ssl-images-amazon.com/images/I/51txsUw2QbL._AC_UL300_SR300,200_.jpg",PEBH44RHA5SSSMUV,https://www.flipkart.com/petlux-dog-cat-washable-beds-indoor-pets-puppy-round-bed-sofa-dogs-s-pet/p/itmfd9b6299ffe00?pid=PEBH44RHA5SSSMUV&lid=LSTPEBH44RHA5SSSMUVVT71KP&marketplace=FLIPKART&q=dog+bed&store=p3t%2Fea3%2Fas7&srno=s_1_11&otracker=search&fm=organic&iid=en_lUAE57a00OSo-X8j04eUYLBGHVAZzclph9B6DglHv6Lu4THjg3HJx6QqV6v5QqXEqD0gQNDxcim3I2mAHndo_q3L7m5fODNXhZtDN4OebqEl4MrUMiPECErV59mxUcO7&ppt=None&ppn=None&ssid=1iy83aen9s0000001783424308013&qH=08aaa321caaedb70&ov_redirect=true&ov_redirect=true,https://rukminim2.flixcart.com/image/612/612/xif0q/pet-bed/y/o/v/l-dog-cat-washable-beds-for-indoor-pets-puppy-round-dog-bed-sofa-original-imah44rhvrwjgne4.jpeg?q=70,"https://images-eu.ssl-images-amazon.com/images/I/51txsUw2QbL._AC_UL300_SR300,200_.jpg",20.0,0,3.9,140.0,854.0,11.0,,4.2,,594.0,20.5,-2.0,66.08,rising,amazon|flipkart|gtrends,2026-07-07,2026-07-07T17:09:43.170297,231,1a22656c82f68d82,"petlux|petlux velvet dog bed washable cat beds for indoor cats and puppy,grey dog bed s",61.7,66.08,61.7,4.38,0.0,0.99,0.0,CROSS_PLATFORM_VISIBLE,WATCHLIST
B0B9H49J72,"Qpets Professional Electric Dog Nail Grinder with 2 LED Light, Dog Nail Trimmer for Cat Dog, Low Noise Pet Nail Trimmer Pet",qpets,grooming,,B0B9H49J72,https://www.amazon.in/Professional-Electric-Grinder-Trimmer-Clippers/dp/B0B9H49J72/ref=zg_bs_g_4771383031_d_sccl_11/522-4724523-7365803?psc=1,"https://images-eu.ssl-images-amazon.com/images/I/51CN7lPlkvL._AC_UL300_SR300,200_.jpg",,,,"https://images-eu.ssl-images-amazon.com/images/I/51CN7lPlkvL._AC_UL300_SR300,200_.jpg",9.0,0,4.3,282.0,1584.0,,,,,,13.5,-1.5,66.04,rising,amazon|gtrends,2026-07-07,2026-07-07T17:09:43.167843,232,9a06cfa1cb35d2af,"qpets|qpets professional electric dog nail grinder with 2 led light, dog nail trimmer ",62.92,66.04,62.92,3.12,0.0,0.89,0.0,,WATCHLIST
B075GQFB2M,Himalaya Erina-EP Shampoo | 450 ml | Tick & Flea Control for Dogs & Cats | With Neem & Eucalyptus for Skin Health & Hygiene,himalaya,grooming,,B075GQFB2M,https://www.amazon.in/Himalaya-Erina-EP-Shampoo-500-ml/dp/B075GQFB2M/ref=zg_bs_g_4771396031_d_sccl_14/522-4724523-7365803?psc=1,"https://images-eu.ssl-images-amazon.com/images/I/51zri3uL0WL._AC_UL300_SR300,200_.jpg",,,,"https://images-eu.ssl-images-amazon.com/images/I/51zri3uL0WL._AC_UL300_SR300,200_.jpg",13.0,0,4.3,3214.0,468.0,,,,,,13.5,-1.5,66.03,rising,amazon|gtrends,2026-07-07,2026-07-07T17:09:43.166028,233,edf5bafc7347b6ac,himalaya|himalaya erina-ep shampoo | 450 ml | tick & flea control for dogs & cats | with ,62.91,66.03,62.91,3.12,0.0,0.89,0.0,,WATCHLIST
PCLGYUA5G477NSUQ,ALCAZAR Dog Anti-stress Collar,alcazar,training,,,,,PCLGYUA5G477NSUQ,https://www.flipkart.com/alcazar-dog-anti-stress-collar/p/itmc09b54fe57b47?pid=PCLGYUA5G477NSUQ&lid=LSTPCLGYUA5G477NSUQT8SFFI&marketplace=FLIPKART&q=anti+bark+collar&store=search.flipkart.com&srno=s_1_1&otracker=search&fm=organic&iid=a5e41e6c-f712-4fa1-877c-d3c823b8ca75.PCLGYUA5G477NSUQ.SEARCH&ppt=None&ppn=None&ssid=p8wimx3quo0000001783424357818&qH=f1fde8a6826f7c4a&ov_redirect=true&ov_redirect=true,https://rukminim2.flixcart.com/image/612/612/klscivk0/pet-collar-harness/l/a/j/large-alc-acc154-alcazar-original-imagyua5medgj26y.jpeg?q=70,https://rukminim2.flixcart.com/image/612/612/klscivk0/pet-collar-harness/l/a/j/large-alc-acc154-alcazar-original-imagyua5medgj26y.jpeg?q=70,,0,,,,1.0,0.0,,,104.0,0.5,-2.0,65.98,rising,flipkart|gtrends,2026-07-07,2026-07-07T17:09:43.204946,234,9b89658265cc54ce,alcazar|alcazar dog anti-stress collar,64.1,65.98,64.1,1.88,0.0,0.9,0.0,,WATCHLIST
PDEHHF8AYKZHZFQZ,PET WORLD Pet Training Pads with Odor Lock & Super Absorbent Disposable Dog & Cat Diapers,,training,,,,,PDEHHF8AYKZHZFQZ,https://www.flipkart.com/pet-world-training-pads-odor-lock-super-absorbent-disposable-dog-cat-diapers/p/itme1539fdac3303?pid=PDEHHF8AYKZHZFQZ&lid=LSTPDEHHF8AYKZHZFQZNYVHGD&marketplace=FLIPKART&q=puppy+training+pads&store=p3t%2Fixl%2Fhmu&srno=s_1_1&otracker=search&fm=organic&iid=en_omjqoua815HyEyKbKGy2q_-q36HGX_wQOiVD2zwC7PCmS7FaBzG6Z0exwYGC15BjZV3EVCEjxjs0Tk1jUSwCSs06RJ_mG-lp8RDKjlhaWmwfKNn_4Axovuw7TvWsegzN&ppt=None&ppn=None&ssid=vikbikuy8w0000001783424349196&qH=a418c91bf2bdb70b&ov_redirect=true&ov_redirect=true,https://rukminim2.flixcart.com/image/612/612/xif0q/pet-diaper/6/a/k/5-8-kg-pet-training-pads-with-odor-lock-super-absorbent-s-1-original-imahhf89e5386szq.jpeg?q=70,https://rukminim2.flixcart.com/image/612/612/xif0q/pet-diaper/6/a/k/5-8-kg-pet-training-pads-with-odor-lock-super-absorbent-s-1-original-imahhf89e5386szq.jpeg?q=70,,0,,,,1.0,0.0,,,1148.0,0.5,-2.0,65.98,rising,flipkart|gtrends,2026-07-07,2026-07-07T17:09:43.202723,235,b1cbbcc8dbfac54d,|pet world pet training pads with odor lock & super absorbent disposable dog & ca,64.1,65.98,64.1,1.88,0.0,0.9,0.0,,WATCHLIST
STFGKAB2RGASPZDF,SUIinterprise Cute Huggable Super Soft Dog Teddy Bear Soft - 28 cm,suiinterprise,dog_food,,,,,STFGKAB2RGASPZDF,https://www.flipkart.com/suiinterprise-cute-huggable-super-soft-dog-teddy-bear-28-cm/p/itmfcee309fab498?pid=STFGKAB2RGASPZDF&lid=LSTSTFGKAB2RGASPZDFOTWIEE&marketplace=FLIPKART&q=kong+dog+toy&store=search.flipkart.com&srno=s_1_9&otracker=search&fm=organic&iid=474ceca2-7edf-42ed-b744-bb801b6b5e42.STFGKAB2RGASPZDF.SEARCH&ppt=None&ppn=None&ssid=dj4tyd2ftc0000001783424281567&qH=f85aed73ab1bacb4&ov_redirect=true&ov_redirect=true,https://rukminim2.flixcart.com/image/612/612/xif0q/stuffed-toy/v/r/a/cute-huggable-super-soft-dog-teddy-bear-soft-28-suiinterprise-original-imagkab25ah3h5em.jpeg?q=70,https://rukminim2.flixcart.com/image/612/612/xif0q/stuffed-toy/v/r/a/cute-huggable-super-soft-dog-teddy-bear-soft-28-suiinterprise-original-imagkab25ah3h5em.jpeg?q=70,,0,,,,9.0,0.0,5.0,,212.0,18.0,-3.2,65.98,rising,flipkart|gtrends,2026-07-07,2026-07-07T17:09:43.186002,236,4c5832de68b227b0,suiinterprise|suiinterprise cute huggable super soft dog teddy bear soft - 28 cm,62.86,65.98,62.86,3.12,0.0,0.89,0.0,,WATCHLIST
PEBHKTDGH7M5ZAJT,mewkat Luxury Soft Pet Igloo House for Cats & Small Dogs S Pet Bed,mewkat,beds_accessories,,,,,PEBHKTDGH7M5ZAJT,https://www.flipkart.com/mewkat-luxury-soft-pet-igloo-house-cats-small-dogs-s-bed/p/itm840f1a6555ab2?pid=PEBHKTDGH7M5ZAJT&lid=LSTPEBHKTDGH7M5ZAJTMRZEBE&marketplace=FLIPKART&q=dog+bed&store=p3t%2Fea3%2Fas7&srno=s_1_1&otracker=search&fm=organic&iid=en_lUAE57a00OSo-X8j04eUYLBGHVAZzclph9B6DglHv6LotPDdsVFMNvD-sg5iFJrh-nZ0oa8VbSUtwBuGK-TPtHOG-UbP_EmytPzRk4HLwn2au8QAEqR5FVzU1BAa-QqM&ppt=None&ppn=None&ssid=1iy83aen9s0000001783424308013&qH=08aaa321caaedb70&ov_redirect=true&ov_redirect=true,https://rukminim2.flixcart.com/image/612/612/xif0q/pet-bed/x/p/l/s-luxury-soft-pet-igloo-house-for-cats-small-dogs-mewkat-original-imahktdgygxrs5qe.jpeg?q=70,https://rukminim2.flixcart.com/image/612/612/xif0q/pet-bed/x/p/l/s-luxury-soft-pet-igloo-house-for-cats-small-dogs-mewkat-original-imahktdgygxrs5qe.jpeg?q=70,,0,,,,1.0,0.0,,,824.0,20.5,-2.0,65.98,rising,flipkart|gtrends,2026-07-07,2026-07-07T17:09:43.193228,237,f663b7f880ee0dc1,mewkat|mewkat luxury soft pet igloo house for cats & small dogs s pet bed,64.1,65.98,64.1,1.88,0.0,0.9,0.0,,WATCHLIST
PFDH5HFG6AMCBSAX,Royal Canin Hairball Care Adult Dry Cat Food 1.02 kg Wet Adult Cat Food,royal canin,cat_food,,,,,PFDH5HFG6AMCBSAX,https://www.flipkart.com/royal-canin-hairball-care-adult-dry-cat-food-1-02-kg-wet/p/itmfddbaf286503a?pid=PFDH5HFG6AMCBSAX&lid=LSTPFDH5HFG6AMCBSAXBQV3YL&marketplace=FLIPKART&q=royal+canin+cat+food&store=p3t%2F0mo%2Foiv&srno=s_1_8&otracker=search&fm=organic&iid=8c819297-3b7e-4c85-b19b-312f8798d713.PFDH5HFG6AMCBSAX.SEARCH&ppt=None&ppn=None&ssid=htiipb2zbk0000001783424271148&qH=d9e0c635368b029a&ov_redirect=true&ov_redirect=true,https://rukminim2.flixcart.com/image/612/612/xif0q/pet-food/q/n/e/2-cat-1-otrfo1756-royal-canin-original-imah47xgmrpsqnc4.jpeg?q=70,https://rukminim2.flixcart.com/image/612/612/xif0q/pet-food/q/n/e/2-cat-1-otrfo1756-royal-canin-original-imah47xgmrpsqnc4.jpeg?q=70,,0,,,,8.0,0.0,4.4,,500.0,21.67,-0.67,65.81,rising,flipkart|gtrends,2026-07-07,2026-07-07T17:09:43.183249,238,e0cee90e0428645f,royal canin|royal canin hairball care adult dry cat food 1.02 kg wet adult cat food,62.69,65.81,62.69,3.12,0.0,0.89,0.0,,WATCHLIST
PCLGHK32ZSJHV9CG,Buraq pet collar harness Cat Break Away Collar,buraq,collars_leashes,,,,,PCLGHK32ZSJHV9CG,https://www.flipkart.com/buraq-pet-collar-harness-cat-break-away/p/itm3f783a9b9ce2c?pid=PCLGHK32ZSJHV9CG&lid=LSTPCLGHK32ZSJHV9CGT0STAG&marketplace=FLIPKART&q=cat+collar&store=p3t&srno=s_1_7&otracker=search&fm=organic&iid=97d963cc-803d-4934-929b-135709a63dac.PCLGHK32ZSJHV9CG.SEARCH&ppt=None&ppn=None&ssid=dl7gz1mpu80000001783424338174&qH=831161a82e2648a4&ov_redirect=true&ov_redirect=true,https://rukminim2.flixcart.com/image/612/612/xif0q/pet-collar-harness/e/4/q/small-4-pcs-plain-collar-buraq-original-imahhj4wnwveprjw.jpeg?q=70,https://rukminim2.flixcart.com/image/612/612/xif0q/pet-collar-harness/e/4/q/small-4-pcs-plain-collar-buraq-original-imahhj4wnwveprjw.jpeg?q=70,,0,,,,7.0,0.0,4.2,,129.0,5.0,-3.0,65.78,rising,flipkart|gtrends,2026-07-07,2026-07-07T17:09:43.199951,239,dcec2be0a2246875,buraq|buraq pet collar harness cat break away collar,62.66,65.78,62.66,3.12,0.0,0.89,0.0,,WATCHLIST
B07YY9M6HJ,"BarkButler Aly The Gator Plush Dog Toy - Soft & Squeaky Toys for Dogs, Dog Toys for Large Dogs (5-30kgs) - Green",barkbutler,dog_toys,,B07YY9M6HJ,https://www.amazon.in/BarkButler-Aly-Gator-Reinforced-Non-Toxic/dp/B07YY9M6HJ/ref=zg_bs_g_4771401031_d_sccl_14/522-4724523-7365803?psc=1,"https://images-eu.ssl-images-amazon.com/images/I/81th9m7QvrL._AC_UL300_SR300,200_.jpg",,,,"https://images-eu.ssl-images-amazon.com/images/I/81th9m7QvrL._AC_UL300_SR300,200_.jpg",12.0,0,4.2,1918.0,719.0,,,,,,3.0,0.0,65.76,rising,amazon|gtrends,2026-07-07,2026-07-07T17:09:43.162926,240,a0581c257c6d9ea7,"barkbutler|barkbutler aly the gator plush dog toy - soft & squeaky toys for dogs, dog toys ",62.64,65.76,62.64,3.12,0.0,0.89,0.0,,WATCHLIST
B0BVYWXLKB,Amazon Basics Round Cozy Cat Tree | 43.6 X 49 CM | Beige | Natural Jute Fiber Cat Tower | Rope Scratching Posts with Hanging,amazon basics,beds_accessories,,B0BVYWXLKB,https://www.amazon.in/Natural-Scratching-Hanging-Long-lasting-Quality/dp/B0BVYWXLKB/ref=zg_bs_g_4771375031_d_sccl_10/522-4724523-7365803?psc=1,"https://images-eu.ssl-images-amazon.com/images/I/91MGyy+-S4L._AC_UL300_SR300,200_.jpg",,,,"https://images-eu.ssl-images-amazon.com/images/I/91MGyy+-S4L._AC_UL300_SR300,200_.jpg",9.0,0,4.3,203.0,1039.0,,,,,,20.5,-2.0,65.68,rising,amazon|gtrends,2026-07-07,2026-07-07T17:09:43.171403,241,c71e5e068ab50ab0,amazon basics|amazon basics round cozy cat tree | 43.6 x 49 cm | beige | natural jute fiber ca,62.56,65.68,62.56,3.12,0.0,0.89,0.0,,WATCHLIST
B0CQTRZSLQ,"WOOFLIX Dog Harness for Small Dogs, Puppies and Cats | Suitable for Small Size Dogs, Cats & Puppies of 2.5kg -4.5kg | Reflect",wooflix,collars_leashes,,B0CQTRZSLQ,https://www.amazon.in/WOOFLIX-Dog-Harness-Small-Dogs/dp/B0CQTRZSLQ/ref=zg_bs_g_4771392031_d_sccl_8/522-4724523-7365803?psc=1,"https://images-eu.ssl-images-amazon.com/images/I/81UzWL2RXlL._AC_UL300_SR300,200_.jpg",,,,"https://images-eu.ssl-images-amazon.com/images/I/81UzWL2RXlL._AC_UL300_SR300,200_.jpg",8.0,0,4.0,434.0,649.0,,,,,,5.0,-3.0,65.68,rising,amazon|gtrends,2026-07-07,2026-07-07T17:09:43.176102,242,d476439e13eeb5b4,"wooflix|wooflix dog harness for small dogs, puppies and cats | suitable for small size d",63.18,65.68,63.18,2.5,0.0,0.89,0.0,,WATCHLIST
B0B6RMG8QV,"Foodie Puppies Interactive Latex Squeaky Chew Dog Toy - (Green Monkey, 20cm) | Small to Medium Dogs & Puppies | Durable, Rubb",foodie,dog_toys,,B0B6RMG8QV,https://www.amazon.in/Foodie-Puppies-Squeaky-Green-Monkey/dp/B0B6RMG8QV/ref=zg_bs_g_4771401031_d_sccl_12/522-4724523-7365803?psc=1,"https://images-eu.ssl-images-amazon.com/images/I/61K34JMHgmL._AC_UL300_SR300,200_.jpg",,,,"https://images-eu.ssl-images-amazon.com/images/I/61K34JMHgmL._AC_UL300_SR300,200_.jpg",11.0,0,4.3,900.0,260.0,,,,,,3.0,0.0,65.66,rising,amazon|gtrends,2026-07-07,2026-07-07T17:09:43.162873,243,14146f75e2e31723,"foodie|foodie puppies interactive latex squeaky chew dog toy - (green monkey, 20cm) | s",62.54,65.66,62.54,3.12,0.0,0.89,0.0,,WATCHLIST
PCLGEXY4HY63NFQV,GLOBE OF PETS Dog Harness No Pull Harness | Reflective | No Choke Dog Safety Harness Dog Standard Harness,globe,collars_leashes,,,,,PCLGEXY4HY63NFQV,https://www.flipkart.com/globe-pets-dog-harness-no-pull-reflective-choke-safety-standard/p/itma55161eb41455?pid=PCLGEXY4HY63NFQV&lid=LSTPCLGEXY4HY63NFQVKXME58&marketplace=FLIPKART&q=dog+harness&store=p3t%2Fea3%2Fb1n&srno=s_1_6&otracker=search&fm=organic&iid=en_rkj1bJkHAH3RMK1ir1ZvYsaeeN04IQ9hS1LEn75zpE2f5vxik0ILegN8zKYFDIMnA_2pc2ax7RMWTMHgA3WTm63fbOrOmLWZTZaw8k6LDqZYp1BeZzK0TEgVTwnbsCNO&ppt=None&ppn=None&ssid=sckxvcab7k0000001783424343657&qH=c997f489fc4d5035&ov_redirect=true&ov_redirect=true,https://rukminim2.flixcart.com/image/612/612/xif0q/pet-collar-harness/q/d/w/medium-harness-red-medium-globe-of-pets-original-imah4qgxcktaapz5.jpeg?q=70,https://rukminim2.flixcart.com/image/612/612/xif0q/pet-collar-harness/q/d/w/medium-harness-red-medium-globe-of-pets-original-imah4qgxcktaapz5.jpeg?q=70,,0,,,,6.0,0.0,4.0,,224.0,5.0,-3.0,65.6,rising,flipkart|gtrends,2026-07-07,2026-07-07T17:09:43.201653,244,20f2084f026503bd,globe|globe of pets dog harness no pull harness | reflective | no choke dog safety har,63.1,65.6,63.1,2.5,0.0,0.89,0.0,,WATCHLIST
PLNGXPHXRAYYBP9P,SENAPATI 153 cm Dog Cord Leash,senapati,collars_leashes,,,,,PLNGXPHXRAYYBP9P,https://www.flipkart.com/senapati-153-cm-dog-cord-leash/p/itme0bc42d8689cb?pid=PLNGXPHXRAYYBP9P&lid=LSTPLNGXPHXRAYYBP9PNDLXWE&marketplace=FLIPKART&q=retractable+dog+leash&store=p3t%2Fea3%2Fpmw&srno=s_1_6&otracker=search&fm=organic&iid=en_3EweRagYPR3DtACMobRBYQqK0iJtHCDxNYux26EZwPINLDA3Hy1P-r0uYvlxX_XOXfGBFyphIgqQ61ev86fKzBVSGH5MTlcPJ9znQBgmaOBFYqLIpEQ_2LggkUIwmnlI&ppt=None&ppn=None&ssid=4smcf9y8000000001783424346329&qH=bbc46b35e332125e&ov_redirect=true&ov_redirect=true,https://rukminim2.flixcart.com/image/612/612/xif0q/pet-leash-chain/d/l/i/25218700-senapati-original-imagxq6n2asy6ezy.jpeg?q=70,https://rukminim2.flixcart.com/image/612/612/xif0q/pet-leash-chain/d/l/i/25218700-senapati-original-imagxq6n2asy6ezy.jpeg?q=70,,0,,,,6.0,0.0,4.0,,120.0,5.0,-3.0,65.6,rising,flipkart|gtrends,2026-07-07,2026-07-07T17:09:43.200868,245,5716b61740728ed3,senapati|senapati 153 cm dog cord leash,63.1,65.6,63.1,2.5,0.0,0.89,0.0,,WATCHLIST
PTYGPMF8A636U2TG,"Pet Needs Combo of 4 Soft Latex Rubber Interactive Squeaky Toys for Small Puppy; Rubber Ball, Fetch Toy, Rubber Toy, Soft Toy, Squeaky Toy For Dog & Cat",,dog_toys,,,,,PTYGPMF8A636U2TG,https://www.flipkart.com/pet-needs-combo-4-soft-latex-rubber-interactive-squeaky-toys-small-puppy-ball-fetch-toy-toy-dog-cat/p/itm8609c08c10927?pid=PTYGPMF8A636U2TG&lid=LSTPTYGPMF8A636U2TGN8KDAP&marketplace=FLIPKART&q=interactive+dog+toy&store=p3t&srno=s_1_9&otracker=search&fm=organic&iid=34a0c700-473e-403a-b3c5-5bb95f7b634f.PTYGPMF8A636U2TG.SEARCH&ppt=None&ppn=None&ssid=ef5gxxp0xs0000001783424284222&qH=53ab0f799320af1a&ov_redirect=true&ov_redirect=true,https://rukminim2.flixcart.com/image/612/612/xif0q/pet-toy/3/t/7/4-pa-ty-326-combo-of-4-soft-latex-rubber-interactive-squeaky-original-imah2e59ze6rzs5p.jpeg?q=70,https://rukminim2.flixcart.com/image/612/612/xif0q/pet-toy/3/t/7/4-pa-ty-326-combo-of-4-soft-latex-rubber-interactive-squeaky-original-imah2e59ze6rzs5p.jpeg?q=70,,0,,,,9.0,0.0,4.6,,245.0,3.0,0.0,65.5,rising,flipkart|gtrends,2026-07-07,2026-07-07T17:09:43.186975,246,a5d60a43a31a0674,|pet needs combo of 4 soft latex rubber interactive squeaky toys for small puppy;,62.38,65.5,62.38,3.12,0.0,0.89,0.0,,WATCHLIST
PTYHEA8HHEUGMCSZ,"decorvaiz Dog Chew Rope & Squeaky Toy Set -Durable Interactive for Medium Dogs Cotton Ball, Chew Toy, Fetch Toy, Squeaky Toy For Dog & Cat",decorvaiz,dog_toys,,,,,PTYHEA8HHEUGMCSZ,https://www.flipkart.com/decorvaiz-dog-chew-rope-squeaky-toy-set-durable-interactive-medium-dogs-cotton-ball-toy-fetch-cat/p/itm6f7e0e01fea16?pid=PTYHEA8HHEUGMCSZ&lid=LSTPTYHEA8HHEUGMCSZL78TE0&marketplace=FLIPKART&q=dog+toys&store=search.flipkart.com&srno=s_1_7&otracker=search&fm=organic&iid=72b68f00-cfc5-43ef-aa2c-9fbf9afa59ca.PTYHEA8HHEUGMCSZ.SEARCH&ppt=None&ppn=None&ssid=kznhsbimtc0000001783424276401&qH=656c5ee0f079e36b&ov_redirect=true&ov_redirect=true,https://rukminim2.flixcart.com/image/612/612/xif0q/pet-toy/l/s/g/1-new-f-combo-173-decorvaiz-original-imahea8hgnqnwtrq.jpeg?q=70,https://rukminim2.flixcart.com/image/612/612/xif0q/pet-toy/l/s/g/1-new-f-combo-173-decorvaiz-original-imahea8hgnqnwtrq.jpeg?q=70,,0,,,,7.0,0.0,4.1,,142.0,3.0,0.0,65.48,rising,flipkart|gtrends,2026-07-07,2026-07-07T17:09:43.184598,247,5a017ff94bd7f5fd,decorvaiz|decorvaiz dog chew rope & squeaky toy set -durable interactive for medium dogs c,62.98,65.48,62.98,2.5,0.0,0.89,0.0,,WATCHLIST
B0BMGN18G1,Purepet Adult Dry Cat Food 6kg | Seafood | Taurine for Heart Health | Skin & Coat Care | Controls Urinary pH | Hairball Prote,purepet,cat_food,,B0BMGN18G1,https://www.amazon.in/Purepet-Sea-Food-Adult-Cat/dp/B0BMGN18G1/ref=zg_bs_g_4771382031_d_sccl_22/522-4724523-7365803?psc=1,"https://images-eu.ssl-images-amazon.com/images/I/71sXSnuTbwL._AC_UL300_SR300,200_.jpg",,,,"https://images-eu.ssl-images-amazon.com/images/I/71sXSnuTbwL._AC_UL300_SR300,200_.jpg",14.0,0,4.4,3144.0,849.0,,,,,,21.67,-0.67,65.41,rising,amazon|gtrends,2026-07-07,2026-07-07T17:09:43.162073,248,798bb9651ef79591,purepet|purepet adult dry cat food 6kg | seafood | taurine for heart health | skin & coa,62.29,65.41,62.29,3.12,0.0,0.89,0.0,,WATCHLIST
PCLHGKMZPZNAYGQZ,EPP PRO EIP-5655 Dog Anti-stress Collar,epp,training,,,,,PCLHGKMZPZNAYGQZ,https://www.flipkart.com/epp-pro-eip-5655-dog-anti-stress-collar/p/itm74a3f85874358?pid=PCLHGKMZPZNAYGQZ&lid=LSTPCLHGKMZPZNAYGQZUEGGSS&marketplace=FLIPKART&q=anti+bark+collar&store=search.flipkart.com&srno=s_1_9&otracker=search&fm=organic&iid=a5e41e6c-f712-4fa1-877c-d3c823b8ca75.PCLHGKMZPZNAYGQZ.SEARCH&ppt=None&ppn=None&ssid=p8wimx3quo0000001783424357818&qH=f1fde8a6826f7c4a&ov_redirect=true&ov_redirect=true,https://rukminim2.flixcart.com/image/612/612/xif0q/pet-collar-harness/h/h/t/small-eip-5655-refelective-collar-epp-pro-original-imahkbqzrr4qqyyh.jpeg?q=70,https://rukminim2.flixcart.com/image/612/612/xif0q/pet-collar-harness/h/h/t/small-eip-5655-refelective-collar-epp-pro-original-imahkbqzrr4qqyyh.jpeg?q=70,,0,,,,9.0,0.0,4.7,,130.0,0.5,-2.0,65.38,rising,flipkart|gtrends,2026-07-07,2026-07-07T17:09:43.205293,249,6ba170a0a003b912,epp|epp pro eip-5655 dog anti-stress collar,62.26,65.38,62.26,3.12,0.0,0.89,0.0,,WATCHLIST
PTYHYKKWAJXHBKMC,"Furry Castle Knitted Bunny Ratle Dog Toy Polyester,Cotton with Thick Cord and Squeakers-Pink Polyester Plush Toy For Dog",furry,dog_toys,,,,,PTYHYKKWAJXHBKMC,https://www.flipkart.com/furry-castle-knitted-bunny-ratle-dog-toy-polyester-cotton-thick-cord-squeakers-pink-polyester-plush/p/itmd37b118fe72ab?pid=PTYHYKKWAJXHBKMC&lid=LSTPTYHYKKWAJXHBKMCSST2YA&marketplace=FLIPKART&q=chew+toy+for+dogs&store=p3t%2Fea3%2Fg4c&srno=s_1_2&otracker=search&fm=organic&iid=en_E5RUJs_g0T94-KiqHUivcw4JJj8KZE69-F90ql2oVj82FYZN8MzGy98VDuK7GWvYAphPxZLIkKuYHDXI-g-OaLN6Eq4v-8iDWHo3eSCAGVFZfPjSMN01CgUUhVvzw7GZ&ppt=None&ppn=None&ssid=epaqy8p1400000001783424279013&qH=c3109da2ecfccdb5&ov_redirect=true&ov_redirect=true,https://rukminim2.flixcart.com/image/612/612/xif0q/shopsy-pet-toy/u/2/d/1-ttt1001-shopsy-furry-castle-original-imahfyq7szvegckt.jpeg?q=70,https://rukminim2.flixcart.com/image/612/612/xif0q/shopsy-pet-toy/u/2/d/1-ttt1001-shopsy-furry-castle-original-imahfyq7szvegckt.jpeg?q=70,,0,,,,2.0,0.0,,,211.0,3.0,0.0,65.38,rising,flipkart|gtrends,2026-07-07,2026-07-07T17:09:43.185104,250,d9981fca65fc51c9,"furry|furry castle knitted bunny ratle dog toy polyester,cotton with thick cord and sq",63.5,65.38,63.5,1.88,0.0,0.89,0.0,,WATCHLIST
PHSHKZW7JWJJSUHG,"Petroyale Daily One Supplement for Dogs – Multivitamin – Hip & Joint, Skin & Coat, Pet Health Supplements",petroyale,health_wellness,,,,,PHSHKZW7JWJJSUHG,https://www.flipkart.com/petroyale-daily-one-supplement-dogs-multivitamin-hip-joint-skin-coat-pet-health-supplements/p/itmfdb94f030f921?pid=PHSHKZW7JWJJSUHG&lid=LSTPHSHKZW7JWJJSUHGQHX5EH&marketplace=FLIPKART&q=joint+supplement+for+dogs&store=p3t&srno=s_1_2&otracker=search&fm=organic&iid=en_MquQSzNXHg1tkGJg1-auVWWRmHrQdb2xWUHFDmv9kzzceKlYRRzDowT5hl7IuXeI8VMs64WVOyS9olr0Eq_L1yWsuFFx4yR_21rpzdeZtM41PTDAwFoBy0prlNkSnxTR&ppt=None&ppn=None&ssid=srm44c08ww0000001783424329919&qH=b0e4c33d635c1c86&ov_redirect=true&ov_redirect=true,https://rukminim2.flixcart.com/image/612/612/xif0q/pet-health-supplement/a/c/r/60-daily-one-supplement-for-dogs-multivitamin-hip-joint-skin-original-imahm45brputxtzq.jpeg?q=70,https://rukminim2.flixcart.com/image/612/612/xif0q/pet-health-supplement/a/c/r/60-daily-one-supplement-for-dogs-multivitamin-hip-joint-skin-original-imahm45brputxtzq.jpeg?q=70,,0,,,,2.0,0.0,,,854.0,0.5,0.0,65.38,rising,flipkart|gtrends,2026-07-07,2026-07-07T17:09:43.197881,251,2f86a171ec4dd88c,"petroyale|petroyale daily one supplement for dogs – multivitamin – hip & joint, skin & coa",63.5,65.38,63.5,1.88,0.0,0.89,0.0,,WATCHLIST
PLNH4ZTFCJS7KMMH,"DGSELL CREATIONS 3 meter Retractable Leash Dog, Cat and Pet Animal with Cute Design and Hard Rope 300 cm Dog Strap Leash",dgsell,collars_leashes,,,,,PLNH4ZTFCJS7KMMH,https://www.flipkart.com/dgsell-creations-3-meter-retractable-leash-dog-cat-pet-animal-cute-design-hard-rope-300-cm-dog-strap/p/itm995e07c98dd68?pid=PLNH4ZTFCJS7KMMH&lid=LSTPLNH4ZTFCJS7KMMHACRAIG&marketplace=FLIPKART&q=retractable+dog+leash&store=p3t%2Fea3%2Fpmw&srno=s_1_8&otracker=search&fm=organic&iid=6b92b321-55fd-4d89-aeb1-c48b5b66fd8f.PLNH4ZTFCJS7KMMH.SEARCH&ppt=None&ppn=None&ssid=4smcf9y8000000001783424346329&qH=bbc46b35e332125e&ov_redirect=true&ov_redirect=true,https://rukminim2.flixcart.com/image/612/612/xif0q/pet-leash-chain/w/c/p/dg-34-dgsell-creations-original-imahah8qfhkg9wn9.jpeg?q=70,https://rukminim2.flixcart.com/image/612/612/xif0q/pet-leash-chain/w/c/p/dg-34-dgsell-creations-original-imahah8qfhkg9wn9.jpeg?q=70,,0,,,,8.0,0.0,4.4,,259.0,5.0,-3.0,65.34,rising,flipkart|gtrends,2026-07-07,2026-07-07T17:09:43.202181,252,302e9fa1df2328ba,"dgsell|dgsell creations 3 meter retractable leash dog, cat and pet animal with cute des",62.22,65.34,62.22,3.12,0.0,0.89,0.0,,WATCHLIST
PFDG22ZZBQHTGFJA,Drools (3+ 1.2 kg inside) Egg and Real Chicken 4.2 kg Dry Young Dog Food,drools,dog_food,,,,,PFDG22ZZBQHTGFJA,https://www.flipkart.com/drools-3-1-2-kg-inside-egg-real-chicken-4-2-dry-young-dog-food/p/itm04de05cec66f2?pid=PFDG22ZZBQHTGFJA&lid=LSTPFDG22ZZBQHTGFJASIKCIF&marketplace=FLIPKART&q=drools+dog+food&store=p3t%2Fea3%2F8zj&srno=s_1_14&otracker=search&fm=organic&iid=f8b07989-357d-477e-8458-731b5e3795f0.PFDG22ZZBQHTGFJA.SEARCH&ppt=None&ppn=None&ssid=yg62mojrq80000001783424260931&qH=38ac4fbf0eca81e5&ov_redirect=true,https://rukminim2.flixcart.com/image/312/312/xif0q/pet-food/k/u/y/-original-imahhzhfagu5mcau.jpeg?q=70,https://rukminim2.flixcart.com/image/312/312/xif0q/pet-food/k/u/y/-original-imahhzhfagu5mcau.jpeg?q=70,,0,,,,14.0,0.0,4.4,17296.0,828.0,18.0,-3.2,65.3,rising,flipkart|gtrends,2026-07-07,2026-07-07T17:09:43.182149,253,eddf61479e991852,drools|drools (3+ 1.2 kg inside) egg and real chicken 4.2 kg dry young dog food,62.18,65.3,62.18,3.12,0.0,0.89,0.0,,WATCHLIST
B07FW5RFZG,"AmazonBasics Cat Scratching Post, Beige",amazon basics,beds_accessories,,B07FW5RFZG,https://www.amazon.in/AmazonBasics-Cat-Scratching-Post-Beige/dp/B07FW5RFZG/ref=zg_bs_g_4771375031_d_sccl_13/522-4724523-7365803?psc=1,"https://images-eu.ssl-images-amazon.com/images/I/513droclz0L._AC_UL300_SR300,200_.jpg",,,,"https://images-eu.ssl-images-amazon.com/images/I/513droclz0L._AC_UL300_SR300,200_.jpg",12.0,0,4.0,2972.0,717.0,,,,,,20.5,-2.0,65.25,rising,amazon|gtrends,2026-07-07,2026-07-07T17:09:43.171553,254,46200fe26a1660b3,"amazon basics|amazonbasics cat scratching post, beige",62.75,65.25,62.75,2.5,0.0,0.89,0.0,,WATCHLIST
CAOHN4FHEEFNZFUX,Catmos Cat Scratching Sleeper,catmos,cat_food,,,,,CAOHN4FHEEFNZFUX,https://www.flipkart.com/catmos-cat-scratching-sleeper/p/itm5c03a8b67a80c?pid=CAOHN4FHEEFNZFUX&lid=LSTCAOHN4FHEEFNZFUXQAGUNJ&marketplace=FLIPKART&q=scratching+post&store=search.flipkart.com&srno=s_1_2&otracker=search&fm=organic&iid=en_XD9mXSXT2YpSZbdvSWE5JYw2NL5vWqI78d5FBBRpUUw6ZKgGombsOBVRrlkgjFscEaB3v7JRIv3YR_nba5pkvMFKmPm0n2pBHh_QCr_p9GZhrsrHy858HabeM4cjyZsI&ppt=None&ppn=None&ssid=w7adpjchls0000001783424294643&qH=628cefc67d4ceea5&ov_redirect=true&ov_redirect=true,https://rukminim2.flixcart.com/image/612/612/xif0q/cat-scratching-post/o/l/h/plnf21368-catmos-4-original-imahn4y2xpyytzg7.jpeg?q=70,https://rukminim2.flixcart.com/image/612/612/xif0q/cat-scratching-post/o/l/h/plnf21368-catmos-4-original-imahn4y2xpyytzg7.jpeg?q=70,,0,,,,2.0,0.0,,,259.0,21.67,-0.67,65.25,rising,flipkart|gtrends,2026-07-07,2026-07-07T17:09:43.189874,255,d1cb4e4eee451281,catmos|catmos cat scratching sleeper,63.37,65.25,63.37,1.88,0.0,0.89,0.0,,WATCHLIST
PDPH83HCFZ3ERKVN,Medfly Natural Enzyme & Probiotic Based Dewormer for Cat and kittens -Pack of 1 Pet Dewormer,medfly,health_wellness,,,,,PDPH83HCFZ3ERKVN,https://www.flipkart.com/medfly-natural-enzyme-probiotic-based-dewormer-dog-pet/p/itmba2b4703dfdef?pid=PDPH83HCFZ3ERKVN&lid=LSTPDPH83HCFZ3ERKVNNEWLSS&marketplace=FLIPKART&q=deworming+tablet+for+dogs&store=p3t%2Fcez%2Ff1s&srno=s_1_7&otracker=search&fm=organic&iid=101f3f01-1c8d-4ad6-8f20-6229cec84ed6.PDPH83HCFZ3ERKVN.SEARCH&ppt=None&ppn=None&ssid=n00fqm3w740000001783424332770&qH=99cf2e3fe6ca4eb0&ov_redirect=true&ov_redirect=true,https://rukminim2.flixcart.com/image/612/612/xif0q/pet-dewormer/v/o/x/20-natural-enzyme-probiotic-based-dewormer-for-dog-medfly-original-imahmqfphuttvypw.jpeg?q=70,https://rukminim2.flixcart.com/image/612/612/xif0q/pet-dewormer/v/o/x/20-natural-enzyme-probiotic-based-dewormer-for-dog-medfly-original-imahmqfphuttvypw.jpeg?q=70,,0,,,,7.0,0.0,4.0,,305.0,0.5,0.0,65.2,rising,flipkart|gtrends,2026-07-07,2026-07-07T17:09:43.198634,256,9132314f60a87b5e,medfly|medfly natural enzyme & probiotic based dewormer for cat and kittens -pack of 1 ,62.7,65.2,62.7,2.5,0.0,0.89,0.0,,WATCHLIST
PSOGB7G9H2NFUFVX,"Breedo Dog (Combo of 3) Flea-Tick Shampoo + Anti-Itch Shampoo 500 ml + 100 ml Spray Allergy Relief, Conditioning, Anti-fungal, Anti-microbial, Anti-itching, Anti-dandruff Natural Dog Shampoo",breedo,grooming,,,,,PSOGB7G9H2NFUFVX,https://www.flipkart.com/breedo-dog-combo-3-flea-tick-shampoo-anti-itch-500-ml-100-spray-allergy-relief-conditioning-anti-fungal-anti-microbial-anti-itching-anti-dandruff-natural/p/itm49e9093933e11?pid=PSOGB7G9H2NFUFVX&lid=LSTPSOGB7G9H2NFUFVX4UZSU2&marketplace=FLIPKART&q=dog+shampoo&store=p3t%2Fixl%2Fosh&spotlightTagId=default_FkPickId_p3t%2Fixl%2Fosh&srno=s_1_7&otracker=search&fm=organic&iid=87e2e3b7-1bcf-4dee-85cd-caa8a4b0d5c8.PSOGB7G9H2NFUFVX.SEARCH&ppt=None&ppn=None&ssid=1pizov16ps0000001783424297200&qH=8d82257ae22a2792&ov_redirect=true&ov_redirect=true,https://rukminim2.flixcart.com/image/612/612/xif0q/pet-shampoo/s/0/h/600-high-quality-dog-need-combo-of-3-dog-flea-tick-shampoo-original-imah7hyhyrrwtaja.jpeg?q=70,https://rukminim2.flixcart.com/image/612/612/xif0q/pet-shampoo/s/0/h/600-high-quality-dog-need-combo-of-3-dog-flea-tick-shampoo-original-imah7hyhyrrwtaja.jpeg?q=70,,0,,,,7.0,0.0,4.1,,209.0,13.5,-1.5,65.18,rising,flipkart|gtrends,2026-07-07,2026-07-07T17:09:43.190552,257,59fc47313bccd4b3,breedo|breedo dog (combo of 3) flea-tick shampoo + anti-itch shampoo 500 ml + 100 ml sp,62.68,65.18,62.68,2.5,0.0,0.89,0.0,,WATCHLIST
B0CN2JZS1F,Humane & Hound Velvet Skin & Coat Tonic with Omega 3 6 9 for Dogs & Cats (300 ML),humane,health_wellness,,B0CN2JZS1F,https://www.amazon.in/Velvet-Skin-Coat-Tonic-Omega/dp/B0CN2JZS1F/ref=zg_bs_g_4771397031_d_sccl_13/522-4724523-7365803?psc=1,"https://images-eu.ssl-images-amazon.com/images/I/51+oRHavLPL._AC_UL300_SR300,200_.jpg",,,,"https://images-eu.ssl-images-amazon.com/images/I/51+oRHavLPL._AC_UL300_SR300,200_.jpg",12.0,0,4.4,1036.0,654.0,,,,,,0.5,0.0,65.16,rising,amazon|gtrends,2026-07-07,2026-07-07T17:09:43.172972,258,cb85f712aabe420b,humane|humane & hound velvet skin & coat tonic with omega 3 6 9 for dogs & cats (300 ml,62.04,65.16,62.04,3.12,0.0,0.89,0.0,,WATCHLIST
PSOHZDZEVAUKPYHJ,"KickAt Gentle Care Anti Hair Fall Shampoo for Adult Cats - Sulphate & Paraben Free Anti-dandruff, Allergy Relief, Hypoallergenic, Anti-fungal AQUA Cat Shampoo",kickat,grooming,,,,,PSOHZDZEVAUKPYHJ,https://www.flipkart.com/kickat-gentle-care-anti-hair-fall-shampoo-adult-cats-sulphate-paraben-free-anti-dandruff-allergy-relief-hypoallergenic-anti-fungal-aqua-cat/p/itma96e09728e8d8?pid=PSOHZDZEVAUKPYHJ&lid=LSTPSOHZDZEVAUKPYHJN2PUHO&marketplace=FLIPKART&q=cat+shampoo&store=p3t%2Fixl%2Fosh&srno=s_1_2&otracker=search&fm=organic&iid=en_hCZHPrfJCXxQxDtilKnrzPCMnwfGF29_oWC7sFi61NilqxZWWovqd1bHTBqJkntk62Yy1-x7mht4pVvQj2DrKWIIZ1AF93wBoqEEe1ujO3mBzBJ-bo1-hxZr6n7R6CG5&ppt=None&ppn=None&ssid=y8f1ftke9s0000001783424299769&qH=c761a0a39d797bbe&ov_redirect=true&ov_redirect=true,https://rukminim2.flixcart.com/image/612/612/xif0q/pet-shampoo/5/6/a/200-anti-hair-fall-cat-200ml-kickat-original-imahzdmkapyzcyth.jpeg?q=70,https://rukminim2.flixcart.com/image/612/612/xif0q/pet-shampoo/5/6/a/200-anti-hair-fall-cat-200ml-kickat-original-imahzdmkapyzcyth.jpeg?q=70,,0,,,,2.0,0.0,,,130.0,13.5,-1.5,65.08,rising,flipkart|gtrends,2026-07-07,2026-07-07T17:09:43.191300,259,5f0e0de69edc7c6a,kickat|kickat gentle care anti hair fall shampoo for adult cats - sulphate & paraben fr,63.2,65.08,63.2,1.88,0.0,0.89,0.0,,WATCHLIST
PCLEGFDFYJX9PPYA,PAW ZONE Dog Collar & Leash,paw,training,,,,,PCLEGFDFYJX9PPYA,https://www.flipkart.com/paw-zone-dog-collar-leash/p/itmegfdfmjehgggz?pid=PCLEGFDFYJX9PPYA&lid=LSTPCLEGFDFYJX9PPYAQLQVJJ&marketplace=FLIPKART&q=anti+bark+collar&store=search.flipkart.com&srno=s_1_7&otracker=search&fm=organic&iid=a5e41e6c-f712-4fa1-877c-d3c823b8ca75.PCLEGFDFYJX9PPYA.SEARCH&ppt=None&ppn=None&ssid=p8wimx3quo0000001783424357818&qH=f1fde8a6826f7c4a&ov_redirect=true&ov_redirect=true,https://rukminim2.flixcart.com/image/612/612/pet-collar-harness/p/y/a/smooth-sturdy-black-collar-with-leash-set-3-4-inch-pawzone-original-imaehxdg43855epg.jpeg?q=70,https://rukminim2.flixcart.com/image/612/612/pet-collar-harness/p/y/a/smooth-sturdy-black-collar-with-leash-set-3-4-inch-pawzone-original-imaehxdg43855epg.jpeg?q=70,,0,,,,7.0,0.0,4.1,,121.0,0.5,-2.0,65.08,rising,flipkart|gtrends,2026-07-07,2026-07-07T17:09:43.205194,260,5253b88e3eab27bf,paw|paw zone dog collar & leash,62.58,65.08,62.58,2.5,0.0,0.89,0.0,,WATCHLIST
PCBHZQVV3DPRBRH3,wagmart Wagmart 2-Sided Pet Dematting Comb Deshedding Brush Dog Cat Grooming Tool Shedding Blade for Dog & Cat,wagmart,grooming,,,,,PCBHZQVV3DPRBRH3,https://www.flipkart.com/wagmart-2-sided-pet-dematting-comb-deshedding-brush-dog-cat-grooming-tool-shedding-blade/p/itm8ed7b279091c9?pid=PCBHZQVV3DPRBRH3&lid=LSTPCBHZQVV3DPRBRH3CRMX2E&marketplace=FLIPKART&q=dog+brush&store=p3t%2Fixl%2F770&srno=s_1_2&otracker=search&fm=organic&iid=en_QRxANM9RziwspZ-U2W55wONXtm4MwJKfTmfQuL6S0byfSiykE0PiBSNl7LNHyb9Ur_EQk-3gdxjs4e_QnwGGQqGY09lhwFF-YWn5ll96jmEVKGfzO3Ak-6u09HO305ws&ppt=None&ppn=None&ssid=6sp2qnbbb40000001783424302403&qH=c664f21272e7c16e&ov_redirect=true&ov_redirect=true,https://rukminim2.flixcart.com/image/612/612/xif0q/pet-comb-brush/o/c/z/medium-pet-dematting-comb-curve-wagster-original-imahzqt4tfk5ybne.jpeg?q=70,https://rukminim2.flixcart.com/image/612/612/xif0q/pet-comb-brush/o/c/z/medium-pet-dematting-comb-curve-wagster-original-imahzqt4tfk5ybne.jpeg?q=70,,0,,,,2.0,0.0,,,299.0,13.5,-1.5,65.08,rising,flipkart|gtrends,2026-07-07,2026-07-07T17:09:43.192042,261,5894527716705a45,wagmart|wagmart wagmart 2-sided pet dematting comb deshedding brush dog cat grooming too,63.2,65.08,63.2,1.88,0.0,0.89,0.0,,WATCHLIST
PHSHEZC8B6WFZUZQ,skyec FLEXIRUN Advanced Hip & Joint Formula Tasty Chewable Tablets for Dogs Pet Health Supplements,skyec,health_wellness,,,,,PHSHEZC8B6WFZUZQ,https://www.flipkart.com/skyec-flexirun-advanced-hip-joint-formula-tasty-chewable-tablets-dogs-pet-health-supplements/p/itm3ff9b78303592?pid=PHSHEZC8B6WFZUZQ&lid=LSTPHSHEZC8B6WFZUZQNYZKER&marketplace=FLIPKART&q=joint+supplement+for+dogs&store=p3t&srno=s_1_10&otracker=search&fm=organic&iid=249225c6-231a-4d9b-a19d-6ab5cf30ee59.PHSHEZC8B6WFZUZQ.SEARCH&ppt=None&ppn=None&ssid=srm44c08ww0000001783424329919&qH=b0e4c33d635c1c86&ov_redirect=true&ov_redirect=true,https://rukminim2.flixcart.com/image/612/612/xif0q/pet-health-supplement/o/q/l/30-flexirun-advanced-hip-joint-formula-tasty-chewable-tablets-original-imahezc8mxwyptsz.jpeg?q=70,https://rukminim2.flixcart.com/image/612/612/xif0q/pet-health-supplement/o/q/l/30-flexirun-advanced-hip-joint-formula-tasty-chewable-tablets-original-imahezc8mxwyptsz.jpeg?q=70,,0,,,,10.0,0.0,4.8,,841.0,0.5,0.0,65.06,rising,flipkart|gtrends,2026-07-07,2026-07-07T17:09:43.198051,262,c834cc84bf0a088c,skyec|skyec flexirun advanced hip & joint formula tasty chewable tablets for dogs pet ,61.94,65.06,61.94,3.12,0.0,0.88,0.0,,WATCHLIST
PCLG24GAX4ACFYW3,"SENAPATI Belts Neck and Rope Set (Waterproof, Medium Dog Collar & Leash",senapati,collars_leashes,,,,,PCLG24GAX4ACFYW3,https://www.flipkart.com/senapati-belts-neck-rope-set-waterproof-medium-dog-collar-leash/p/itma185cd33c1a8b?pid=PCLG24GAX4ACFYW3&lid=LSTPCLG24GAX4ACFYW3R1JKB7&marketplace=FLIPKART&q=dog+collar&store=p3t%2Fea3%2Fb1n&srno=s_1_6&otracker=search&fm=organic&iid=en_6hLpz_MXPhzqMwJvD7Fqu7flGPdWiCbltzQZxucrjgRogdjCwmK8t46cmRVecoB_7wI22GkFQm-fXeQhlexktRVSGH5MTlcPJ9znQBgmaOCbykUNyBw1QK9OjNzdgbzO&ppt=None&ppn=None&ssid=7qp8bruvq80000001783424335453&qH=7e1db77825e65614&ov_redirect=true&ov_redirect=true,https://rukminim2.flixcart.com/image/612/612/kngd0nk0/pet-collar-harness/l/z/s/medium-dog-collar-and-rope-set-senapati-original-imag24g9d6xpbcfy.jpeg?q=70,https://rukminim2.flixcart.com/image/612/612/kngd0nk0/pet-collar-harness/l/z/s/medium-dog-collar-and-rope-set-senapati-original-imag24g9d6xpbcfy.jpeg?q=70,,0,,,,6.0,0.0,3.8,,112.0,5.0,-3.0,65.04,rising,flipkart|gtrends,2026-07-07,2026-07-07T17:09:43.199171,263,fbfd9f157b23c733,"senapati|senapati belts neck and rope set (waterproof, medium dog collar & leash",62.54,65.04,62.54,2.5,0.0,0.89,0.0,,WATCHLIST
B0CM3HLYY6,Yuppy Puppy Self Cleaning Slicker Brush Pet Hair Grooming Comb Pet Massaging Tool and Shedding Brush for Long or Medium Haire,yuppy,grooming,,B0CM3HLYY6,https://www.amazon.in/Yuppy-Puppy-Cleaning-Slicker-Brush/dp/B0CM3HLYY6/ref=zg_bs_g_4771383031_d_sccl_13/522-4724523-7365803?psc=1,"https://images-eu.ssl-images-amazon.com/images/I/71OqOFJM66L._AC_UL300_SR300,200_.jpg",,,,"https://images-eu.ssl-images-amazon.com/images/I/71OqOFJM66L._AC_UL300_SR300,200_.jpg",10.0,0,4.4,178.0,307.0,,,,,,13.5,-1.5,64.97,rising,amazon|gtrends,2026-07-07,2026-07-07T17:09:43.167904,264,67ab4f4d5b47cc7d,yuppy|yuppy puppy self cleaning slicker brush pet hair grooming comb pet massaging too,61.85,64.97,61.85,3.12,0.0,0.88,0.0,,MONITOR
PTYGFUT6YMEAQMJW,Petfun High Quality Teething Chewing Training Nylone Toy Bone for Adult & Large Dogs Nylon Bone For Dog,petfun,dog_toys,,,,,PTYGFUT6YMEAQMJW,https://www.flipkart.com/petfun-high-quality-teething-chewing-training-nylone-toy-bone-adult-large-dogs-nylon-dog/p/itmcf1416fb158b6?pid=PTYGFUT6YMEAQMJW&lid=LSTPTYGFUT6YMEAQMJW1GWEJO&marketplace=FLIPKART&q=chew+toy+for+dogs&store=p3t%2Fea3%2Fg4c&srno=s_1_7&otracker=search&fm=organic&iid=7bd7fbba-2d0c-49d2-998d-02c17cd33c0c.PTYGFUT6YMEAQMJW.SEARCH&ppt=None&ppn=None&ssid=epaqy8p1400000001783424279013&qH=c3109da2ecfccdb5&ov_redirect=true&ov_redirect=true,https://rukminim2.flixcart.com/image/612/612/xif0q/pet-toy/q/e/r/1-large-nylon-bone-petfun-original-imahgh5sjwnmdpy9.jpeg?q=70,https://rukminim2.flixcart.com/image/612/612/xif0q/pet-toy/q/e/r/1-large-nylon-bone-petfun-original-imahgh5sjwnmdpy9.jpeg?q=70,,0,,,,7.0,0.0,3.9,,111.0,3.0,0.0,64.92,rising,flipkart|gtrends,2026-07-07,2026-07-07T17:09:43.185216,265,fc2cedba5cae21f0,petfun|petfun high quality teething chewing training nylone toy bone for adult & large ,62.42,64.92,62.42,2.5,0.0,0.89,0.0,,MONITOR
PFDHDF9ESVMNFBXX,Active Buy 1 Get 1 Mackerel 2.4 kg (2x1.2 kg) Dry Adult Cat Food,active,cat_food,,,,,PFDHDF9ESVMNFBXX,https://www.flipkart.com/active-buy-1-get-mackerel-2-4-kg-2x1-2-kg-dry-adult-cat-food/p/itmd77953a1f4f31?pid=PFDHDF9ESVMNFBXX&lid=LSTPFDHDF9ESVMNFBXXVX8UMB&marketplace=FLIPKART&q=cat+food&store=p3t%2F0mo%2Foiv&srno=s_1_9&otracker=search&fm=organic&iid=49af5483-7d40-4f2e-bddd-d5bd2a4699e9.PFDHDF9ESVMNFBXX.SEARCH&ppt=None&ppn=None&ssid=072jdsvxlc0000001783424263463&qH=1f38ae66827779c2&ov_redirect=true&ov_redirect=true,https://rukminim2.flixcart.com/image/612/612/xif0q/pet-food/g/c/1/-original-imahghjaybbj9fhz.jpeg?q=70,https://rukminim2.flixcart.com/image/612/612/xif0q/pet-food/g/c/1/-original-imahghjaybbj9fhz.jpeg?q=70,,0,,,,9.0,0.0,4.4,,334.0,21.67,-0.67,64.81,rising,flipkart|gtrends,2026-07-07,2026-07-07T17:09:43.182310,266,c1d80f420d31b2c1,active|active buy 1 get 1 mackerel 2.4 kg (2x1.2 kg) dry adult cat food,61.69,64.81,61.69,3.12,0.0,0.88,0.0,,MONITOR
CAOHG2T6F2YGG7FN,Pawptails Cat Scratching Pad,pawptails,cat_food,,,,,CAOHG2T6F2YGG7FN,https://www.flipkart.com/pawptails-cat-scratching-pad/p/itme60e18cc49737?pid=CAOHG2T6F2YGG7FN&lid=LSTCAOHG2T6F2YGG7FNDD6TJJ&marketplace=FLIPKART&q=scratching+post&store=search.flipkart.com&srno=s_1_9&otracker=search&fm=organic&iid=5bc46a97-7ca5-4d96-83b8-c80373b7e6bd.CAOHG2T6F2YGG7FN.SEARCH&ppt=None&ppn=None&ssid=w7adpjchls0000001783424294643&qH=628cefc67d4ceea5&ov_redirect=true&ov_redirect=true,https://rukminim2.flixcart.com/image/612/612/xif0q/cat-scratching-post/i/4/d/pwt-0003-set-of-2-wave-interlock-cat-scr-pawptails-6-8-original-imahg2t6ckahtawb.jpeg?q=70,https://rukminim2.flixcart.com/image/612/612/xif0q/cat-scratching-post/i/4/d/pwt-0003-set-of-2-wave-interlock-cat-scr-pawptails-6-8-original-imahg2t6ckahtawb.jpeg?q=70,,0,,,,9.0,0.0,4.4,,278.0,21.67,-0.67,64.81,rising,flipkart|gtrends,2026-07-07,2026-07-07T17:09:43.190016,267,0d8e3bc6d1a7a432,pawptails|pawptails cat scratching pad,61.69,64.81,61.69,3.12,0.0,0.88,0.0,,MONITOR
PFDH5HF9UDGHH8CW,Royal Canin Adult Dry Cat Food - 400 gm 0.4 kg Dry Adult Cat Food,royal canin,cat_food,,,,,PFDH5HF9UDGHH8CW,https://www.flipkart.com/royal-canin-adult-dry-cat-food-400-gm-0-4-kg/p/itm3e8328640834a?pid=PFDH5HF9UDGHH8CW&lid=LSTPFDH5HF9UDGHH8CWDX5JQL&marketplace=FLIPKART&q=royal+canin+cat+food&store=p3t%2F0mo%2Foiv&srno=s_1_9&otracker=search&fm=organic&iid=8c819297-3b7e-4c85-b19b-312f8798d713.PFDH5HF9UDGHH8CW.SEARCH&ppt=None&ppn=None&ssid=htiipb2zbk0000001783424271148&qH=d9e0c635368b029a&ov_redirect=true&ov_redirect=true,https://rukminim2.flixcart.com/image/612/612/xif0q/pet-food/w/b/x/0-4-cat-1-otrfo1743-royal-canin-enriched-transparent-original-imah5hf9gep7hute.png?q=70,https://rukminim2.flixcart.com/image/612/612/xif0q/pet-food/w/b/x/0-4-cat-1-otrfo1743-royal-canin-enriched-transparent-original-imah5hf9gep7hute.png?q=70,,0,,,,9.0,0.0,4.4,,587.0,21.67,-0.67,64.81,rising,flipkart|gtrends,2026-07-07,2026-07-07T17:09:43.183287,268,ed1c0d93b8b374d9,royal canin|royal canin adult dry cat food - 400 gm 0.4 kg dry adult cat food,61.69,64.81,61.69,3.12,0.0,0.88,0.0,,MONITOR
PLNHZ2CXKTNKTWCY,wagmart Retractable Dog Leash Heavy Duty Pet Lead Rope Lock Walking Belt 300 cm Dog Strap Leash,wagmart,collars_leashes,,,,,PLNHZ2CXKTNKTWCY,https://www.flipkart.com/wagmart-retractable-dog-leash-heavy-duty-pet-lead-rope-lock-walking-belt-300-cm-strap/p/itm0e84cff00fe51?pid=PLNHZ2CXKTNKTWCY&lid=LSTPLNHZ2CXKTNKTWCYD23LPZ&marketplace=FLIPKART&q=retractable+dog+leash&store=p3t%2Fea3%2Fpmw&srno=s_1_2&otracker=search&fm=organic&iid=en_3EweRagYPR3DtACMobRBYQqK0iJtHCDxNYux26EZwPKzT_dlw9FBDrgjwYfAl8SF5flbwgE_T1Cjqqj8Vo6Z2Gf_5ZCuYrQPMcupN5dPuyydwx0B_FhFbL1xvNWtdqcr&ppt=None&ppn=None&ssid=4smcf9y8000000001783424346329&qH=bbc46b35e332125e&ov_redirect=true&ov_redirect=true,https://rukminim2.flixcart.com/image/612/612/xif0q/pet-leash-chain/o/g/e/retractable-dog-leash-heavy-duty-reflective-nylon-tape-lead-long-original-imah7wugdpfhchzd.jpeg?q=70,https://rukminim2.flixcart.com/image/612/612/xif0q/pet-leash-chain/o/g/e/retractable-dog-leash-heavy-duty-reflective-nylon-tape-lead-long-original-imah7wugdpfhchzd.jpeg?q=70,,0,,,,2.0,0.0,,,344.0,5.0,-3.0,64.78,rising,flipkart|gtrends,2026-07-07,2026-07-07T17:09:43.201021,269,05806e0e620c3f74,wagmart|wagmart retractable dog leash heavy duty pet lead rope lock walking belt 300 cm ,62.9,64.78,62.9,1.88,0.0,0.89,0.0,,MONITOR
B000OLFXRK,"Royal Canin Fit 32 Regular Powder Adult Cat Food, Dry Food, Supports Weight Management & Optimal Nutrient Profile,2 Kg",royal canin,cat_food,,B000OLFXRK,https://www.amazon.in/Regular-Supports-Management-Optimal-Nutrient/dp/B000OLFXRK/ref=zg_bs_g_4771382031_d_sccl_29/522-4724523-7365803?psc=1,"https://images-eu.ssl-images-amazon.com/images/I/61UhPmozh+L._AC_UL300_SR300,200_.jpg",,,,"https://images-eu.ssl-images-amazon.com/images/I/61UhPmozh+L._AC_UL300_SR300,200_.jpg",15.0,0,4.5,3049.0,1850.0,,,,,,21.67,-0.67,64.61,rising,amazon|gtrends,2026-07-07,2026-07-07T17:09:43.162123,270,d542711aa72094fa,"royal canin|royal canin fit 32 regular powder adult cat food, dry food, supports weight mana",61.49,64.61,61.49,3.12,0.0,0.88,0.0,,MONITOR
B0DHKQHR81,"Maxi Tuna & Salmon Dry Cat Food 1.2Kg,Adult",maxi,cat_food,,B0DHKQHR81,https://www.amazon.in/Maxi-Tuna-Salmon-1-2Kg-Adult/dp/B0DHKQHR81/ref=zg_bs_g_4771382031_d_sccl_18/522-4724523-7365803?psc=1,"https://images-eu.ssl-images-amazon.com/images/I/71CIXDG5gGL._AC_UL300_SR300,200_.jpg",,,,"https://images-eu.ssl-images-amazon.com/images/I/71CIXDG5gGL._AC_UL300_SR300,200_.jpg",12.0,0,4.2,1082.0,169.0,,,,,,21.67,-0.67,64.54,rising,amazon|gtrends,2026-07-07,2026-07-07T17:09:43.161978,271,e76e1dcefed29fe8,"maxi|maxi tuna & salmon dry cat food 1.2kg,adult",61.42,64.54,61.42,3.12,0.0,0.88,0.0,,MONITOR
PSOGYQ4XWSXTKZWJ,"Dr. vet simba Anti-Tick & Flea Dog Shampoo & Conditioner + 2 dog soap. Anti-dandruff, Flea and Tick, Anti-itching White Rose Dog Shampoo",dr,health_wellness,,,,,PSOGYQ4XWSXTKZWJ,https://www.flipkart.com/dr-vet-simba-anti-tick-flea-dog-shampoo-conditioner-2-soap-anti-dandruff-tick-anti-itching-white-rose/p/itme59331162c0ad?pid=PSOGYQ4XWSXTKZWJ&lid=LSTPSOGYQ4XWSXTKZWJLHQ0MC&marketplace=FLIPKART&q=flea+tick+medicine+for+dogs&store=p3t%2Fixl%2Fosh&srno=s_1_8&otracker=search&fm=organic&iid=f1b3cde1-284f-43d5-95b4-4636db5c0b05.PSOGYQ4XWSXTKZWJ.SEARCH&ppt=None&ppn=None&ssid=7ynyuyy6cw0000001783424326799&qH=2ddc765890887549&ov_redirect=true&ov_redirect=true,https://rukminim2.flixcart.com/image/612/612/xif0q/pet-shampoo/1/l/2/350-anti-tick-flea-dog-shampoo-200ml-soap-2x75gm-dr-vet-simba-original-imagyrfc3dfkrykn.jpeg?q=70,https://rukminim2.flixcart.com/image/612/612/xif0q/pet-shampoo/1/l/2/350-anti-tick-flea-dog-shampoo-200ml-soap-2x75gm-dr-vet-simba-original-imagyrfc3dfkrykn.jpeg?q=70,,0,,,,8.0,0.0,4.1,,229.0,0.5,0.0,64.48,rising,flipkart|gtrends,2026-07-07,2026-07-07T17:09:43.197066,272,258efdad772be658,dr|dr. vet simba anti-tick & flea dog shampoo & conditioner + 2 dog soap. anti-dand,61.98,64.48,61.98,2.5,0.0,0.88,0.0,,MONITOR
PTYHEA8H2VSCYDDQ,"decorvaiz Dog Toys |Squawking Chicken Rubber Squeeze Dog Toys(LARGE)|Chew Rope Cotton Ball, Fetch Toy, Chew Toy, Tug Toy, Rubber Toy, Squeaky Toy For Dog",decorvaiz,dog_toys,,,,,PTYHEA8H2VSCYDDQ,https://www.flipkart.com/decorvaiz-dog-toys-squawking-chicken-rubber-squeeze-toys-large-chew-rope-cotton-ball-fetch-toy-chew-tug-squeaky-toy/p/itm273f5a38f9217?pid=PTYHEA8H2VSCYDDQ&lid=LSTPTYHEA8H2VSCYDDQTVQCZW&marketplace=FLIPKART&q=dog+toys&store=search.flipkart.com&srno=s_1_9&otracker=search&fm=organic&iid=72b68f00-cfc5-43ef-aa2c-9fbf9afa59ca.PTYHEA8H2VSCYDDQ.SEARCH&ppt=None&ppn=None&ssid=kznhsbimtc0000001783424276401&qH=656c5ee0f079e36b&ov_redirect=true&ov_redirect=true,https://rukminim2.flixcart.com/image/612/612/xif0q/pet-toy/s/i/v/5-new-combo-toys0285-decorvaiz-original-imahea8hjekfxyzz.jpeg?q=70,https://rukminim2.flixcart.com/image/612/612/xif0q/pet-toy/s/i/v/5-new-combo-toys0285-decorvaiz-original-imahea8hjekfxyzz.jpeg?q=70,,0,,,,9.0,0.0,4.2,,172.0,3.0,0.0,64.38,rising,flipkart|gtrends,2026-07-07,2026-07-07T17:09:43.184660,273,b36923eddeb94238,decorvaiz|decorvaiz dog toys |squawking chicken rubber squeeze dog toys(large)|chew rope c,61.26,64.38,61.26,3.12,0.0,0.88,0.0,,MONITOR
PCBHB4VYSQ8EXFB6,decorvaiz Dog Grooming Kit | Pet Grooming Kit | Slicker Brushes for Dog & Cat,decorvaiz,grooming,,,,,PCBHB4VYSQ8EXFB6,https://www.flipkart.com/decorvaiz-dog-grooming-kit-pet-slicker-brushes-cat/p/itm92d191f9fe290?pid=PCBHB4VYSQ8EXFB6&lid=LSTPCBHB4VYSQ8EXFB6OJ41LV&marketplace=FLIPKART&q=dog+brush&store=p3t%2Fixl%2F770&srno=s_1_9&otracker=search&fm=organic&iid=94002573-d5e8-41b4-8dc7-3432732abc74.PCBHB4VYSQ8EXFB6.SEARCH&ppt=None&ppn=None&ssid=6sp2qnbbb40000001783424302403&qH=c664f21272e7c16e&ov_redirect=true&ov_redirect=true,https://rukminim2.flixcart.com/image/612/612/xif0q/pet-comb-brush/k/m/x/medium-dog-grooming-kit-pet-grooming-kit-dog-combo-set-trendkart-original-imahdfrfsfty46vp.jpeg?q=70,https://rukminim2.flixcart.com/image/612/612/xif0q/pet-comb-brush/k/m/x/medium-dog-grooming-kit-pet-grooming-kit-dog-combo-set-trendkart-original-imahdfrfsfty46vp.jpeg?q=70,,0,,,,9.0,0.0,4.3,,147.0,13.5,-1.5,64.36,rising,flipkart|gtrends,2026-07-07,2026-07-07T17:09:43.192280,274,ae6ce4450e945b5a,decorvaiz|decorvaiz dog grooming kit | pet grooming kit | slicker brushes for dog & cat,61.24,64.36,61.24,3.12,0.0,0.88,0.0,,MONITOR
PFDE6QF9BQYUBJ2D,Royal Canin Mini Adult 0.8 kg Dry Adult Dog Food,royal canin,dog_food,,,,,PFDE6QF9BQYUBJ2D,https://www.flipkart.com/royal-canin-mini-adult-0-8-kg-dry-dog-food/p/itma0a6118165f5c?pid=PFDE6QF9BQYUBJ2D&lid=LSTPFDE6QF9BQYUBJ2DQFSHGM&marketplace=FLIPKART&q=royal+canin+dog+food&store=p3t%2Fea3%2F8zj&srno=s_1_13&otracker=search&fm=organic&iid=b50ca4cc-10f2-4e61-9c64-b71ef01ff18f.PFDE6QF9BQYUBJ2D.SEARCH&ppt=None&ppn=None&ssid=tuz9tvum340000001783424255774&qH=daddb49dcea591ec&ov_redirect=true,https://rukminim2.flixcart.com/image/312/312/xif0q/pet-food/s/7/n/-enriched-transparent-original-imagjdugdxrhwudr.png?q=70,https://rukminim2.flixcart.com/image/312/312/xif0q/pet-food/s/7/n/-enriched-transparent-original-imagjdugdxrhwudr.png?q=70,,0,,,,13.0,0.0,4.6,1167.0,796.0,18.0,-3.2,64.28,rising,flipkart|gtrends,2026-07-07,2026-07-07T17:09:43.181566,275,ecf09756a19f387e,royal canin|royal canin mini adult 0.8 kg dry adult dog food,61.16,64.28,61.16,3.12,0.0,0.88,0.0,,MONITOR
B0FPMNR6ZV,"CottonCat Set of 3 Adjustable Paw Cat Collar with Bell for Kittens, Cats & Small Pets | Soft, Safe Pet Collar | Lightweight,",cottoncat,collars_leashes,,B0FPMNR6ZV,https://www.amazon.in/PhotoWalaa-Adjustable-Kittens-Lightweight-Comfortable/dp/B0FPMNR6ZV/ref=zg_bs_g_4771379031_d_sccl_8/522-4724523-7365803?psc=1,"https://images-eu.ssl-images-amazon.com/images/I/319IBPJmPxL._AC_UL300_SR300,200_.jpg",,,,"https://images-eu.ssl-images-amazon.com/images/I/319IBPJmPxL._AC_UL300_SR300,200_.jpg",8.0,0,3.9,88.0,173.0,,,,,,5.0,-3.0,64.26,rising,amazon|gtrends,2026-07-07,2026-07-07T17:09:43.178165,276,3feb3ee857f73f97,"cottoncat|cottoncat set of 3 adjustable paw cat collar with bell for kittens, cats & small",61.76,64.26,61.76,2.5,0.0,0.88,0.0,,MONITOR
POUH77D4EXE6CBG6,"GHANU Cat Water Fountain, Dog Water Dispenser, Pet Drinking Fountain, Drinking Bowl",ghanu,beds_accessories,,,,,POUH77D4EXE6CBG6,https://www.flipkart.com/ghanu-cat-water-fountain-dog-dispenser-pet-drinking-bowl/p/itmb67baa611e52c?pid=POUH77D4EXE6CBG6&lid=LSTPOUH77D4EXE6CBG60QDK3N&marketplace=FLIPKART&q=pet+water+fountain+for+dogs&store=p3t&srno=s_1_9&otracker=search&fm=organic&iid=6536bef0-c166-4646-9df7-0f1d82699e7c.POUH77D4EXE6CBG6.SEARCH&ppt=None&ppn=None&ssid=g1f863abgw0000001783424317830&qH=b2476794fa449bb7&ov_redirect=true&ov_redirect=true,https://rukminim2.flixcart.com/image/612/612/xif0q/pet-fountain/w/3/z/1-8-cat-water-fountain-dog-water-dispenser-pet-drinking-fountain-original-imah7gcmgzunuhme.jpeg?q=70,https://rukminim2.flixcart.com/image/612/612/xif0q/pet-fountain/w/3/z/1-8-cat-water-fountain-dog-water-dispenser-pet-drinking-fountain-original-imah7gcmgzunuhme.jpeg?q=70,,0,,,,9.0,0.0,4.3,,847.0,20.5,-2.0,64.26,rising,flipkart|gtrends,2026-07-07,2026-07-07T17:09:43.195053,277,feff616f85a99115,"ghanu|ghanu cat water fountain, dog water dispenser, pet drinking fountain, drinking b",61.14,64.26,61.14,3.12,0.0,0.88,0.0,,MONITOR
PDEGVFPYAT55ZKDT,JNONI Pet Training Pads 60x90 cms Disposable Dog Diapers,jnoni,training,,,,,PDEGVFPYAT55ZKDT,https://www.flipkart.com/jnoni-pet-training-pads-60x90-cms-disposable-dog-diapers/p/itm77ff4347a1bdf?pid=PDEGVFPYAT55ZKDT&lid=LSTPDEGVFPYAT55ZKDTLU8YFD&marketplace=FLIPKART&q=puppy+training+pads&store=p3t%2Fixl%2Fhmu&srno=s_1_9&otracker=search&fm=organic&iid=d60d8e75-061f-48aa-83e7-35ac61d14ce8.PDEGVFPYAT55ZKDT.SEARCH&ppt=None&ppn=None&ssid=vikbikuy8w0000001783424349196&qH=a418c91bf2bdb70b&ov_redirect=true&ov_redirect=true,https://rukminim2.flixcart.com/image/612/612/xif0q/pet-diaper/o/w/q/3-50kg-absorbent-core-pet-training-pads-60x90-cms-25-jnoni-original-imagvyrsm2jshxpb.jpeg?q=70,https://rukminim2.flixcart.com/image/612/612/xif0q/pet-diaper/o/w/q/3-50kg-absorbent-core-pet-training-pads-60x90-cms-25-jnoni-original-imagvyrsm2jshxpb.jpeg?q=70,,0,,,,9.0,0.0,4.3,,380.0,0.5,-2.0,64.26,rising,flipkart|gtrends,2026-07-07,2026-07-07T17:09:43.203191,278,9556ec2810de38cb,jnoni|jnoni pet training pads 60x90 cms disposable dog diapers,61.14,64.26,61.14,3.12,0.0,0.88,0.0,,MONITOR
PFDE6QF9KEZWGF4Z,Me-O Mackerel 3 kg Cat Food,me-o,cat_food,,,,,PFDE6QF9KEZWGF4Z,https://www.flipkart.com/me-o-mackerel-3-kg-cat-food/p/itm457771ff017b8?pid=PFDE6QF9KEZWGF4Z&lid=LSTPFDE6QF9KEZWGF4ZZXFRMR&marketplace=FLIPKART&q=meo+cat+food&store=p3t%2F0mo%2Foiv&srno=s_1_9&otracker=search&fm=organic&iid=8a0975ac-f6d1-49ba-a9a5-4c6a973ead86.PFDE6QF9KEZWGF4Z.SEARCH&ppt=None&ppn=None&ssid=kuu7d4pgps0000001783424273731&qH=c9e60ce57aa2b156&ov_redirect=true&ov_redirect=true,https://rukminim2.flixcart.com/image/612/612/xif0q/pet-food/v/r/t/-original-imagjgvgcefmzzrd.jpeg?q=70,https://rukminim2.flixcart.com/image/612/612/xif0q/pet-food/v/r/t/-original-imagjgvgcefmzzrd.jpeg?q=70,,0,,,,9.0,0.0,4.2,,1654.0,21.67,-0.67,64.25,rising,flipkart|gtrends,2026-07-07,2026-07-07T17:09:43.183898,279,7aa0adf7162f32bb,me-o|me-o mackerel 3 kg cat food,61.13,64.25,61.13,3.12,0.0,0.88,0.0,,MONITOR
B0BQBDD7ZB,RvPaws Mouse Toy - 6 Pieces Cats Mouse Plush Cat Toys Realistic Cute Kitten Mice Filled Polyfill Rat for Cat,rvpaws,cat_toys,,B0BQBDD7ZB,https://www.amazon.in/RvPaws-Mouse-Toy-Realistic-Polyfill/dp/B0BQBDD7ZB/ref=zg_bs_g_4771387031_d_sccl_11/522-4724523-7365803?psc=1,"https://images-eu.ssl-images-amazon.com/images/I/71jajvVicTL._AC_UL300_SR300,200_.jpg",,,,"https://images-eu.ssl-images-amazon.com/images/I/71jajvVicTL._AC_UL300_SR300,200_.jpg",9.0,0,4.0,508.0,262.0,,,,,,4.0,-6.0,64.25,rising,amazon|gtrends,2026-07-07,2026-07-07T17:09:43.164147,280,bb84be2be0919223,rvpaws|rvpaws mouse toy - 6 pieces cats mouse plush cat toys realistic cute kitten mice,61.75,64.25,61.75,2.5,0.0,0.88,0.0,,MONITOR
B0BWR1GP4G,"Spray Cat Brush for Shedding, Remove Static Flying Hair Pet Grooming Brush Self Cleaning Dog Brush Suitable for Long and Shor",spray,grooming,,B0BWR1GP4G,https://www.amazon.in/Shedding-Grooming-Cleaning-Suitable-Tangled/dp/B0BWR1GP4G/ref=zg_bs_g_4771383031_d_sccl_15/522-4724523-7365803?psc=1,"https://images-eu.ssl-images-amazon.com/images/I/71Tb4TViEJL._AC_UL300_SR300,200_.jpg",,,,"https://images-eu.ssl-images-amazon.com/images/I/71Tb4TViEJL._AC_UL300_SR300,200_.jpg",12.0,0,4.2,980.0,469.0,,,,,,13.5,-1.5,64.21,rising,amazon|gtrends,2026-07-07,2026-07-07T17:09:43.168090,281,56009f9a559c9616,"spray|spray cat brush for shedding, remove static flying hair pet grooming brush self ",61.09,64.21,61.09,3.12,0.0,0.88,0.0,,MONITOR
B0BHTBZTL3,Medfly Healthcare Defender Pro Deworming Tablet for Dogs of All Life Stages (Pack of 1) | Natural & Herbal Ingredients | Effe,medfly,health_wellness,,B0BHTBZTL3,https://www.amazon.in/Medfly-Healthcare-Defender-Dewormer-Stages/dp/B0BHTBZTL3/ref=zg_bs_g_4771397031_d_sccl_15/522-4724523-7365803?psc=1,"https://images-eu.ssl-images-amazon.com/images/I/71m6run0ItL._AC_UL300_SR300,200_.jpg",,,,"https://images-eu.ssl-images-amazon.com/images/I/71m6run0ItL._AC_UL300_SR300,200_.jpg",13.0,0,4.2,1401.0,329.0,,,,,,0.5,0.0,64.12,rising,amazon|gtrends,2026-07-07,2026-07-07T17:09:43.173048,282,8a4dbbd5b2692e30,medfly|medfly healthcare defender pro deworming tablet for dogs of all life stages (pac,61.0,64.12,61.0,3.12,0.0,0.88,0.0,,MONITOR
PFDF3VCB86R6HD7Y,Royal Canin Hair and Skin 2 kg Dry Adult Cat Food,royal canin,cat_food,,,,,PFDF3VCB86R6HD7Y,https://www.flipkart.com/royal-canin-hair-skin-2-kg-dry-adult-cat-food/p/itmf57476f1268c3?pid=PFDF3VCB86R6HD7Y&lid=LSTPFDF3VCB86R6HD7YU6ODJD&marketplace=FLIPKART&q=royal+canin+cat+food&store=p3t%2F0mo%2Foiv&srno=s_1_10&otracker=search&fm=organic&iid=8c819297-3b7e-4c85-b19b-312f8798d713.PFDF3VCB86R6HD7Y.SEARCH&ppt=None&ppn=None&ssid=htiipb2zbk0000001783424271148&qH=d9e0c635368b029a&ov_redirect=true&ov_redirect=true,https://rukminim2.flixcart.com/image/612/612/jt7jhjk0/pet-food/d/7/y/2-cat-pfdf3kyezvpfnyh9-royal-canin-original-imafem4m8zvzchtw.jpeg?q=70,https://rukminim2.flixcart.com/image/612/612/jt7jhjk0/pet-food/d/7/y/2-cat-pfdf3kyezvpfnyh9-royal-canin-original-imafem4m8zvzchtw.jpeg?q=70,,0,,,,10.0,0.0,4.5,,1976.0,21.67,-0.67,64.09,rising,flipkart|gtrends,2026-07-07,2026-07-07T17:09:43.183321,283,de7b20c5c6a8721e,royal canin|royal canin hair and skin 2 kg dry adult cat food,60.97,64.09,60.97,3.12,0.0,0.88,0.0,,MONITOR
PNPGAFWFFPYAHM7M,FOURESTA Durable Large Size Dog/Cat Nail Cutter with Nail Filer Scissor Nail Clipper,fouresta,grooming,,,,,PNPGAFWFFPYAHM7M,https://www.flipkart.com/fouresta-durable-large-size-dog-cat-nail-cutter-filer-scissor-clipper/p/itm0adefc1322011?pid=PNPGAFWFFPYAHM7M&lid=LSTPNPGAFWFFPYAHM7MLG07RR&marketplace=FLIPKART&q=nail+clipper+for+dogs&store=p3t%2Fixl%2Fprc&srno=s_1_9&otracker=search&fm=organic&iid=1048b9da-f6c7-408f-af6e-fdfbbdf88813.PNPGAFWFFPYAHM7M.SEARCH&ppt=None&ppn=None&ssid=mjejao65og0000001783424305254&qH=48a2105fee396fcf&ov_redirect=true&ov_redirect=true,https://rukminim2.flixcart.com/image/612/612/xif0q/pet-nail-clipper/q/a/j/nail-cutter-fouresta-original-imahe5ptmnr3gwsm.jpeg?q=70,https://rukminim2.flixcart.com/image/612/612/xif0q/pet-nail-clipper/q/a/j/nail-cutter-fouresta-original-imahe5ptmnr3gwsm.jpeg?q=70,,0,,,,9.0,0.0,4.2,,135.0,13.5,-1.5,64.08,rising,flipkart|gtrends,2026-07-07,2026-07-07T17:09:43.192986,284,3438078eb57edfd9,fouresta|fouresta durable large size dog/cat nail cutter with nail filer scissor nail cli,60.96,64.08,60.96,3.12,0.0,0.88,0.0,,MONITOR
PCLH4HHYJKHQUVPD,NAYANAR Dog Standard Harness,nayanar,collars_leashes,,,,,PCLH4HHYJKHQUVPD,https://www.flipkart.com/nayanar-dog-standard-harness/p/itm7b51ed38b8234?pid=PCLH4HHYJKHQUVPD&lid=LSTPCLH4HHYJKHQUVPDR5AKIF&marketplace=FLIPKART&q=dog+harness&store=p3t%2Fea3%2Fb1n&srno=s_1_7&otracker=search&fm=organic&iid=5a4d3819-8e44-4aad-a67c-a3c7173ca7c5.PCLH4HHYJKHQUVPD.SEARCH&ppt=None&ppn=None&ssid=sckxvcab7k0000001783424343657&qH=c997f489fc4d5035&ov_redirect=true&ov_redirect=true,https://rukminim2.flixcart.com/image/612/612/xif0q/pet-collar-harness/3/a/i/large-harness-adjustable-vest-chest-belts-54-70cm-neck-63-84cm-original-imagwynkbjtf9zmz.jpeg?q=70,https://rukminim2.flixcart.com/image/612/612/xif0q/pet-collar-harness/3/a/i/large-harness-adjustable-vest-chest-belts-54-70cm-neck-63-84cm-original-imagwynkbjtf9zmz.jpeg?q=70,,0,,,,7.0,0.0,3.8,,270.0,5.0,-3.0,64.04,rising,flipkart|gtrends,2026-07-07,2026-07-07T17:09:43.201685,285,16b567633f951d14,nayanar|nayanar dog standard harness,61.54,64.04,61.54,2.5,0.0,0.88,0.0,,MONITOR
PFDEVK8HWBEDUPAY,Purepet Chicken and Vegetable 9 kg Dry Adult Dog Food,purepet,dog_food,,,,,PFDEVK8HWBEDUPAY,https://www.flipkart.com/purepet-chicken-vegetable-9-kg-dry-adult-dog-food/p/itm5fe24efcb219e?pid=PFDEVK8HWBEDUPAY&lid=LSTPFDEVK8HWBEDUPAYRLDWC4&marketplace=FLIPKART&q=dry+dog+food&store=p3t%2Fea3%2F8zj&spotlightTagId=default_FkPickId_p3t%2Fea3%2F8zj&srno=s_1_15&otracker=search&fm=organic&iid=8d9aa516-43ed-4b9d-a939-1d67a85a55c3.PFDEVK8HWBEDUPAY.SEARCH&ppt=None&ppn=None&ssid=n0x8tqtwmo0000001783424253242&qH=f912ea67325edc4a&ov_redirect=true,https://rukminim2.flixcart.com/image/312/312/xif0q/pet-food/u/r/u/-original-imahztyc3h58cejq.jpeg?q=70,https://rukminim2.flixcart.com/image/312/312/xif0q/pet-food/u/r/u/-original-imahztyc3h58cejq.jpeg?q=70,,0,,,,15.0,0.0,4.3,12630.0,1199.0,18.0,-3.2,64.02,rising,flipkart|gtrends,2026-07-07,2026-07-07T17:09:43.181050,286,0ff9c99cc1107822,purepet|purepet chicken and vegetable 9 kg dry adult dog food,60.9,64.02,60.9,3.12,0.0,0.88,0.0,,MONITOR
B0871V9RD4,"Joansan Dog Puzzle Toys, Interactive Treat Dispenser for Puppy and Cats Training and Playing, Slow Feeder to Aid Pets Digesti",joansan,dog_food,,B0871V9RD4,https://www.amazon.in/Joansan-Interactive-Dispenser-Training-Digestion/dp/B0871V9RD4/ref=zg_bs_g_4771401031_d_sccl_15/522-4724523-7365803?psc=1,"https://images-eu.ssl-images-amazon.com/images/I/616oqwwS34L._AC_UL300_SR300,200_.jpg",,,,"https://images-eu.ssl-images-amazon.com/images/I/616oqwwS34L._AC_UL300_SR300,200_.jpg",13.0,0,3.8,5541.0,258.0,,,,,,18.0,-3.2,64.0,rising,amazon|gtrends,2026-07-07,2026-07-07T17:09:43.162971,287,97b2fcbc9426d6b8,"joansan|joansan dog puzzle toys, interactive treat dispenser for puppy and cats training",61.5,64.0,61.5,2.5,0.0,0.88,0.0,,MONITOR
PCTGDQC4GCCZ8TFF,Pups&Pets Double-Door Folding Metal Dog Cage with Paw Protector Black Soft Crate Pet Crate,pupspets,beds_accessories,,,,,PCTGDQC4GCCZ8TFF,https://www.flipkart.com/pups-pets-double-door-folding-metal-dog-cage-paw-protector-black-soft-crate-pet/p/itmb8b1b1de5de3d?pid=PCTGDQC4GCCZ8TFF&lid=LSTPCTGDQC4GCCZ8TFFUWCP59&marketplace=FLIPKART&q=dog+crate&store=search.flipkart.com&srno=s_1_3&otracker=search&fm=organic&iid=4747a1f7-bb53-44a0-8802-41467b35937c.PCTGDQC4GCCZ8TFF.SEARCH&ppt=None&ppn=None&ssid=tj3vfu42e80000001783424314794&qH=de7c627fb64ada71&ov_redirect=true&ov_redirect=true,https://rukminim2.flixcart.com/image/612/612/l2dmky80/pet-crate/w/z/j/double-door-folding-metal-dog-cage-with-paw-protector-black-pups-original-imagdqc49nhw29cz.jpeg?q=70,https://rukminim2.flixcart.com/image/612/612/l2dmky80/pet-crate/w/z/j/double-door-folding-metal-dog-cage-with-paw-protector-black-pups-original-imagdqc49nhw29cz.jpeg?q=70,,0,,,,3.0,0.0,,,2871.0,20.5,-2.0,63.98,rising,flipkart|gtrends,2026-07-07,2026-07-07T17:09:43.194285,288,610890786de7b023,pupspets|pups&pets double-door folding metal dog cage with paw protector black soft crate,62.1,63.98,62.1,1.88,0.0,0.89,0.0,,MONITOR
B0CWPBMNSS,"Drools Kitten Dry Cat Food, Mackerel Flavour 1 kg with Free Container Pack",drools,cat_food,,B0CWPBMNSS,https://www.amazon.in/Drools-Kitten-Mackerel-Flavour-Container/dp/B0CWPBMNSS/ref=zg_bs_g_4771382031_d_sccl_19/522-4724523-7365803?psc=1,"https://images-eu.ssl-images-amazon.com/images/I/61QtTmZYaOL._AC_UL300_SR300,200_.jpg",,,,"https://images-eu.ssl-images-amazon.com/images/I/61QtTmZYaOL._AC_UL300_SR300,200_.jpg",13.0,0,4.2,1378.0,265.0,,,,,,21.67,-0.67,63.96,rising,amazon|gtrends,2026-07-07,2026-07-07T17:09:43.162018,289,2fca0e5e293f1a99,"drools|drools kitten dry cat food, mackerel flavour 1 kg with free container pack",60.84,63.96,60.84,3.12,0.0,0.88,0.0,,MONITOR
B09ZP97GHD,"AAZEEM Soft Light Weight Mat for Dogs,Cats & Pets, (Size-M),Black",aazeem,beds_accessories,,B09ZP97GHD,https://www.amazon.in/AAZEEM-Light-Weight-Mat-Size-M/dp/B09ZP97GHD/ref=zg_bs_g_4771390031_d_sccl_10/522-4724523-7365803?psc=1,"https://images-eu.ssl-images-amazon.com/images/I/61PyaDHkNXL._AC_UL300_SR300,200_.jpg",,,,"https://images-eu.ssl-images-amazon.com/images/I/61PyaDHkNXL._AC_UL300_SR300,200_.jpg",10.0,0,4.0,452.0,171.0,,,,,,20.5,-2.0,63.93,rising,amazon|gtrends,2026-07-07,2026-07-07T17:09:43.169634,290,94ec8b386f24725d,"aazeem|aazeem soft light weight mat for dogs,cats & pets, (size-m),black",61.43,63.93,61.43,2.5,0.0,0.88,0.0,,MONITOR
B0B45MJ5X8,"Fifozone Feed Supplement Mother Milk Replacement for Young Kittens 200GM, Tablet",fifozone,health_wellness,,B0B45MJ5X8,https://www.amazon.in/Fifozone-Supplement-Mother-Replacement-Kittens/dp/B0B45MJ5X8/ref=zg_bs_g_4771384031_d_sccl_11/522-4724523-7365803?psc=1,"https://images-eu.ssl-images-amazon.com/images/I/31sun-NXrqL._AC_UL300_SR300,200_.jpg",,,,"https://images-eu.ssl-images-amazon.com/images/I/31sun-NXrqL._AC_UL300_SR300,200_.jpg",11.0,0,4.5,49.0,425.0,,,,,,0.5,0.0,63.92,rising,amazon|gtrends,2026-07-07,2026-07-07T17:09:43.174527,291,e26e469712420281,"fifozone|fifozone feed supplement mother milk replacement for young kittens 200gm, tablet",60.8,63.92,60.8,3.12,0.0,0.88,0.0,,MONITOR
B0FFT8NK8P,"Absolut Pet Dog Supplement for Skin & Coat, Chews for Reduced Shedding, Healthy Skin & with Omega, Collagen & Biotin (Probiot",absolut,health_wellness,,B0FFT8NK8P,https://www.amazon.in/Absolut-Supplement-Shedding-Collagen-Probiotic/dp/B0FFT8NK8P/ref=zg_bs_g_4771397031_d_sccl_11/522-4724523-7365803?psc=1,"https://images-eu.ssl-images-amazon.com/images/I/61X2w0s-ZvL._AC_UL300_SR300,200_.jpg",,,,"https://images-eu.ssl-images-amazon.com/images/I/61X2w0s-ZvL._AC_UL300_SR300,200_.jpg",10.0,0,4.0,287.0,998.0,,,,,,0.5,0.0,63.89,rising,amazon|gtrends,2026-07-07,2026-07-07T17:09:43.172911,292,5ec29ac83a19bb91,"absolut|absolut pet dog supplement for skin & coat, chews for reduced shedding, healthy ",61.39,63.89,61.39,2.5,0.0,0.88,0.0,,MONITOR
B0B7P52KJL,"YellowCult Pet Collar - Adjustable [8-11 inch], with Bell, Fast Release Buckle, Neck Collar for Kitten, Cat, Small Dogs & Pup",yellowcult,collars_leashes,,B0B7P52KJL,https://www.amazon.in/YellowCult-Pet-Collar-Adjustable-Release/dp/B0B7P52KJL/ref=zg_bs_g_4771379031_d_sccl_12/522-4724523-7365803?psc=1,"https://images-eu.ssl-images-amazon.com/images/I/5108fYXrxqL._AC_UL300_SR300,200_.jpg",,,,"https://images-eu.ssl-images-amazon.com/images/I/5108fYXrxqL._AC_UL300_SR300,200_.jpg",11.0,0,4.1,872.0,165.0,,,,,,5.0,-3.0,63.83,rising,amazon|gtrends,2026-07-07,2026-07-07T17:09:43.178359,293,a642a90c4aef1bf0,"yellowcult|yellowcult pet collar - adjustable [8-11 inch], with bell, fast release buckle, ",61.33,63.83,61.33,2.5,0.0,0.88,0.0,,MONITOR
B0FJYPTSHY,"Cutepups Orthopedic Dog Bed Comfortable Dog Mattress for Sleeping, Washable pet Bed for Dogs (Only Black, S)",cutepups,beds_accessories,,B0FJYPTSHY,https://www.amazon.in/Cutepups-Orthopedic-Comfortable-Mattress-Sleeping/dp/B0FJYPTSHY/ref=zg_bs_g_4771390031_d_sccl_9/522-4724523-7365803?psc=1,"https://images-eu.ssl-images-amazon.com/images/I/61--xUlgSiL._AC_UL300_SR300,200_.jpg",,,,"https://images-eu.ssl-images-amazon.com/images/I/61--xUlgSiL._AC_UL300_SR300,200_.jpg",9.0,0,3.9,169.0,710.0,,,,,,20.5,-2.0,63.82,rising,amazon|gtrends,2026-07-07,2026-07-07T17:09:43.169582,294,fb602d2d66287f3d,"cutepups|cutepups orthopedic dog bed comfortable dog mattress for sleeping, washable pet ",61.32,63.82,61.32,2.5,0.0,0.88,0.0,,MONITOR
PFDHDF9EYJFCF4GG,Active Buy 1 Get 1 Tuna And Salmon 2.4 kg (2x1.2 kg) Dry Adult Cat Food,active,cat_food,,,,,PFDHDF9EYJFCF4GG,https://www.flipkart.com/active-buy-1-get-tuna-salmon-2-4-kg-2x1-2-kg-dry-adult-cat-food/p/itm25adccfdac9b8?pid=PFDHDF9EYJFCF4GG&lid=LSTPFDHDF9EYJFCF4GGREBZ0A&marketplace=FLIPKART&q=cat+food&store=p3t%2F0mo%2Foiv&srno=s_1_10&otracker=search&fm=organic&iid=49af5483-7d40-4f2e-bddd-d5bd2a4699e9.PFDHDF9EYJFCF4GG.SEARCH&ppt=None&ppn=None&ssid=072jdsvxlc0000001783424263463&qH=1f38ae66827779c2&ov_redirect=true&ov_redirect=true,https://rukminim2.flixcart.com/image/612/612/xif0q/pet-food/j/9/r/-original-imahz6g5xyhpghqz.jpeg?q=70,https://rukminim2.flixcart.com/image/612/612/xif0q/pet-food/j/9/r/-original-imahz6g5xyhpghqz.jpeg?q=70,,0,,,,10.0,0.0,4.4,,334.0,21.67,-0.67,63.81,rising,flipkart|gtrends,2026-07-07,2026-07-07T17:09:43.182351,295,8bdce41d42f607f0,active|active buy 1 get 1 tuna and salmon 2.4 kg (2x1.2 kg) dry adult cat food,60.69,63.81,60.69,3.12,0.0,0.88,0.0,,MONITOR
PEBGECFSGZTCJQWX,"TRANDING STYLISH Luxury Coller Sofas , Beds For Dog And Cat S Pet Bed",tranding,beds_accessories,,,,,PEBGECFSGZTCJQWX,https://www.flipkart.com/tranding-stylish-luxury-coller-sofas-beds-dog-cat-s-pet-bed/p/itma503932e8f3f7?pid=PEBGECFSGZTCJQWX&lid=LSTPEBGECFSGZTCJQWXPYXB1H&marketplace=FLIPKART&q=dog+bed&store=p3t%2Fea3%2Fas7&srno=s_1_8&otracker=search&fm=organic&iid=4b128f9d-2047-4efd-8106-2db6ff0d806a.PEBGECFSGZTCJQWX.SEARCH&ppt=None&ppn=None&ssid=1iy83aen9s0000001783424308013&qH=08aaa321caaedb70&ov_redirect=true&ov_redirect=true,https://rukminim2.flixcart.com/image/612/612/krme93k0/pet-bed/q/s/b/xxxl-luxurious-utra-shoft-bed-for-dog-and-cat-reversible-little-original-imag5dqhgrhcvggg.jpeg?q=70,https://rukminim2.flixcart.com/image/612/612/krme93k0/pet-bed/q/s/b/xxxl-luxurious-utra-shoft-bed-for-dog-and-cat-reversible-little-original-imag5dqhgrhcvggg.jpeg?q=70,,0,,,,8.0,0.0,4.0,,338.0,20.5,-2.0,63.8,rising,flipkart|gtrends,2026-07-07,2026-07-07T17:09:43.193483,296,223903965822a5b0,"tranding|tranding stylish luxury coller sofas , beds for dog and cat s pet bed",61.3,63.8,61.3,2.5,0.0,0.88,0.0,,MONITOR
B0CCXG2LCL,"Qpets Cat Toys for Persian Cat, Interactive Cats Teaser Wand Toys for Kitten with Bell & Feather, Sticky Suction Cup Base El",qpets,cat_toys,,B0CCXG2LCL,https://www.amazon.in/Fixable-Interactive-Suction-Elastic-Kittens/dp/B0CCXG2LCL/ref=zg_bs_g_4771387031_d_sccl_12/522-4724523-7365803?psc=1,"https://images-eu.ssl-images-amazon.com/images/I/51mTv4RO3kL._AC_UL300_SR300,200_.jpg",,,,"https://images-eu.ssl-images-amazon.com/images/I/51mTv4RO3kL._AC_UL300_SR300,200_.jpg",10.0,0,3.9,915.0,257.0,,,,,,4.0,-6.0,63.74,rising,amazon|gtrends,2026-07-07,2026-07-07T17:09:43.164213,297,5bd2689576e48481,"qpets|qpets cat toys for persian cat, interactive cats teaser wand toys for kitten wit",61.24,63.74,61.24,2.5,0.0,0.88,0.0,,MONITOR
PCTG9QWZSNKSGMJU,Rvpaws Dog Cage 18 Inch Blue Hard Crate Pet Crate,rvpaws,beds_accessories,,,,,PCTG9QWZSNKSGMJU,https://www.flipkart.com/rvpaws-dog-cage-18-inch-blue-hard-crate-pet/p/itm0710e5f94da51?pid=PCTG9QWZSNKSGMJU&lid=LSTPCTG9QWZSNKSGMJUJ9GJYO&marketplace=FLIPKART&q=dog+crate&store=search.flipkart.com&srno=s_1_8&otracker=search&fm=organic&iid=4747a1f7-bb53-44a0-8802-41467b35937c.PCTG9QWZSNKSGMJU.SEARCH&ppt=None&ppn=None&ssid=tj3vfu42e80000001783424314794&qH=de7c627fb64ada71&ov_redirect=true&ov_redirect=true,https://rukminim2.flixcart.com/image/612/612/kx7vc7k0/pet-carrier/f/h/7/dog-cage-rvpaws-original-imag9ptffrtgga26.jpeg?q=70,https://rukminim2.flixcart.com/image/612/612/kx7vc7k0/pet-carrier/f/h/7/dog-cage-rvpaws-original-imag9ptffrtgga26.jpeg?q=70,,0,,,,8.0,0.0,3.9,,894.0,20.5,-2.0,63.52,rising,flipkart|gtrends,2026-07-07,2026-07-07T17:09:43.194471,298,a6ae37029e3d14d0,rvpaws|rvpaws dog cage 18 inch blue hard crate pet crate,61.02,63.52,61.02,2.5,0.0,0.88,0.0,,MONITOR
B01C72NYE2,"Vivaldis Endewor Dewormer for Dogs and Cats, Natural Enzyme and Probiotic Based Supplements for Gut Health to Kill & Expels P",vivaldis,health_wellness,,B01C72NYE2,https://www.amazon.in/Vivaldis-Endewor-Natural-Deworming-Supplement/dp/B01C72NYE2/ref=zg_bs_g_4771397031_d_sccl_16/522-4724523-7365803?psc=1,"https://images-eu.ssl-images-amazon.com/images/I/614+STg+yfL._AC_UL300_SR300,200_.jpg",,,,"https://images-eu.ssl-images-amazon.com/images/I/614+STg+yfL._AC_UL300_SR300,200_.jpg",14.0,0,4.0,2820.0,216.0,,,,,,0.5,0.0,63.51,rising,amazon|gtrends,2026-07-07,2026-07-07T17:09:43.173117,299,f6f4a97210f745c8,"vivaldis|vivaldis endewor dewormer for dogs and cats, natural enzyme and probiotic based ",61.01,63.51,61.01,2.5,0.0,0.88,0.0,,MONITOR
B07PWY6VNH,PetWale Cat Collar | Adjustable | Durable | Safety Collar | Pet Supplies | Cat Accessories | Cat Collar | Cat Belt | Soft and,petwale,collars_leashes,,B07PWY6VNH,https://www.amazon.in/PetWale-Cat-Collar-Red-Corduroy/dp/B07PWY6VNH/ref=zg_bs_g_4771379031_d_sccl_14/522-4724523-7365803?psc=1,"https://images-eu.ssl-images-amazon.com/images/I/71nY9AHqJ5L._AC_UL300_SR300,200_.jpg",,,,"https://images-eu.ssl-images-amazon.com/images/I/71nY9AHqJ5L._AC_UL300_SR300,200_.jpg",12.0,0,4.4,467.0,235.0,,,,,,5.0,-3.0,63.5,rising,amazon|gtrends,2026-07-07,2026-07-07T17:09:43.178450,300,84d65fc9c4d3fca8,petwale|petwale cat collar | adjustable | durable | safety collar | pet supplies | cat a,60.38,63.5,60.38,3.12,0.0,0.88,0.0,,MONITOR
PFDHCFYPYDCVHYT4,Me-O Kitten chicken chunk in gravy(80gx12pack) Chicken 0.96 kg Wet Young Cat Food,me-o,cat_food,,,,,PFDHCFYPYDCVHYT4,https://www.flipkart.com/me-o-kitten-chicken-chunk-gravy-80gx12pack-0-96-kg-wet-young-cat-food/p/itmee17babcd0067?pid=PFDHCFYPYDCVHYT4&lid=LSTPFDHCFYPYDCVHYT4BGGUQI&marketplace=FLIPKART&q=meo+cat+food&store=p3t%2F0mo%2Foiv&srno=s_1_12&otracker=search&fm=organic&iid=8a0975ac-f6d1-49ba-a9a5-4c6a973ead86.PFDHCFYPYDCVHYT4.SEARCH&ppt=None&ppn=None&ssid=kuu7d4pgps0000001783424273731&qH=c9e60ce57aa2b156&ov_redirect=true&ov_redirect=true,https://rukminim2.flixcart.com/image/612/612/xif0q/pet-food/h/m/i/0-960-cat-1-kitten-chicken-chunk-in-gravy-80gx12pack-me-o-original-imahcfypn7wkhy3h.jpeg?q=70,https://rukminim2.flixcart.com/image/612/612/xif0q/pet-food/h/m/i/0-960-cat-1-kitten-chicken-chunk-in-gravy-80gx12pack-me-o-original-imahcfypn7wkhy3h.jpeg?q=70,,0,,,,12.0,0.0,5.0,,617.0,21.67,-0.67,63.49,rising,flipkart|gtrends,2026-07-07,2026-07-07T17:09:43.184012,301,031b34ef4a986a65,me-o|me-o kitten chicken chunk in gravy(80gx12pack) chicken 0.96 kg wet young cat foo,60.37,63.49,60.37,3.12,0.0,0.88,0.0,,MONITOR
PTYHEA8HD9BHBWCD,"decorvaiz Puppies Combo Kit for Small and Medium Dog-6in1 Chew Toys for Puppy Cotton Squeaky Toy, Bone, Ball, Rubber Toy, Tug Toy, Chew Toy For Dog & Cat",decorvaiz,dog_toys,,,,,PTYHEA8HD9BHBWCD,https://www.flipkart.com/decorvaiz-puppies-combo-kit-small-medium-dog-6in1-chew-toys-puppy-cotton-squeaky-toy-bone-ball-rubber-tug-toy-dog-cat/p/itmf67f69bfd420a?pid=PTYHEA8HD9BHBWCD&lid=LSTPTYHEA8HD9BHBWCDDFKQZH&marketplace=FLIPKART&q=chew+toy+for+dogs&store=p3t%2Fea3%2Fg4c&spotlightTagId=default_FkPickId_p3t%2Fea3%2Fg4c&srno=s_1_9&otracker=search&fm=organic&iid=7bd7fbba-2d0c-49d2-998d-02c17cd33c0c.PTYHEA8HD9BHBWCD.SEARCH&ppt=None&ppn=None&ssid=epaqy8p1400000001783424279013&qH=c3109da2ecfccdb5&ov_redirect=true&ov_redirect=true,https://rukminim2.flixcart.com/image/612/612/xif0q/pet-toy/h/8/m/1-squea7847toy0-petzluv-original-imahed5mhxgr8zht.jpeg?q=70,https://rukminim2.flixcart.com/image/612/612/xif0q/pet-toy/h/8/m/1-squea7847toy0-petzluv-original-imahed5mhxgr8zht.jpeg?q=70,,0,,,,9.0,0.0,4.1,,159.0,3.0,0.0,63.48,rising,flipkart|gtrends,2026-07-07,2026-07-07T17:09:43.185348,302,3b87f2caafe42c00,decorvaiz|decorvaiz puppies combo kit for small and medium dog-6in1 chew toys for puppy co,60.98,63.48,60.98,2.5,0.0,0.88,0.0,,MONITOR
B0DV8Z38KY,Foodie Puppies Cat Scratcher Pad with Catnip for Cats & Kittens - (Sofa 52 x 26 x 15 cm) | Durable Modern Longue Corrugated C,foodie,beds_accessories,,B0DV8Z38KY,https://www.amazon.in/Foodie-Puppies-Scratcher-Catnip-Kittens/dp/B0DV8Z38KY/ref=zg_bs_g_4771375031_d_sccl_12/522-4724523-7365803?psc=1,"https://images-eu.ssl-images-amazon.com/images/I/51nrI6Uu4XL._AC_UL300_SR300,200_.jpg",,,,"https://images-eu.ssl-images-amazon.com/images/I/51nrI6Uu4XL._AC_UL300_SR300,200_.jpg",11.0,0,4.4,81.0,699.0,,,,,,20.5,-2.0,63.44,rising,amazon|gtrends,2026-07-07,2026-07-07T17:09:43.171513,303,c9aae5ded38a56b4,foodie|foodie puppies cat scratcher pad with catnip for cats & kittens - (sofa 52 x 26 ,60.32,63.44,60.32,3.12,0.0,0.88,0.0,,MONITOR
PFDGHVTYJ9YYR67X,"Bones UP Dog Chew Chicken & Mutton Stick 2 x (450 gm) - 900 gram, Dog Sticks, Dog Snacks Chicken, Mutt...",bones,dog_toys,,,,,PFDGHVTYJ9YYR67X,https://www.flipkart.com/bones-up-dog-chew-chicken-mutton-stick-2-x-450-gm-900-gram-sticks-snacks-chicken-0-9-kg-dry-young-adult-food/p/itmc729f14c2edc3?pid=PFDGHVTYJ9YYR67X&lid=LSTPFDGHVTYJ9YYR67XMSNVQK&marketplace=FLIPKART&q=dog+food&store=p3t%2Fea3%2F8zj&srno=s_1_16&otracker=search&fm=organic&iid=65ea97b5-f6ce-4efe-833e-65bb77220492.PFDGHVTYJ9YYR67X.SEARCH&ppt=None&ppn=None&ssid=lgrgkfgnxc0000001783424247932&qH=c53c2ce8b3bccaa1&ov_redirect=true,https://rukminim2.flixcart.com/image/312/312/xif0q/pet-food/a/y/g/dog-cmm950gx2-bonesup-original-imaghzaq9kx7xzgy.jpeg?q=70,https://rukminim2.flixcart.com/image/312/312/xif0q/pet-food/a/y/g/dog-cmm950gx2-bonesup-original-imaghzaq9kx7xzgy.jpeg?q=70,,0,,,,16.0,0.0,4.2,4328.0,184.0,3.0,0.0,63.38,rising,flipkart|gtrends,2026-07-07,2026-07-07T17:09:43.180052,304,52b55b473451ec79,"bones|bones up dog chew chicken & mutton stick 2 x (450 gm) - 900 gram, dog sticks, do",60.26,63.38,60.26,3.12,0.0,0.88,0.0,,MONITOR
PFDGARPGNFNY2CEQ,Let's bite Active Chicken 11 kg Dry Adult Dog Food,lets,dog_food,,,,,PFDGARPGNFNY2CEQ,https://www.flipkart.com/let-s-bite-active-chicken-11-kg-dry-adult-dog-food/p/itm1ec8640ee7eb1?pid=PFDGARPGNFNY2CEQ&lid=LSTPFDGARPGNFNY2CEQL5FPTM&marketplace=FLIPKART&q=royal+canin+dog+food&store=p3t%2Fea3%2F8zj&srno=s_1_11&otracker=search&fm=organic&iid=en_xB7X-bFUCXe4y9u4hklvzh2PlNSc8v0K-WgNpjV0rb3ZsQ8_tOgk7weACOcJ22P6CuZlouypcr3U_m4aMsglNRbm-HbH4d8DqZx2PlewIKn9futUDx2k-nxcS7olu2Di&ppt=None&ppn=None&ssid=tuz9tvum340000001783424255774&qH=daddb49dcea591ec&ov_redirect=true,https://rukminim2.flixcart.com/image/312/312/xif0q/pet-food/d/7/q/-original-imahztycgtcumyzy.jpeg?q=70,https://rukminim2.flixcart.com/image/312/312/xif0q/pet-food/d/7/q/-original-imahztycgtcumyzy.jpeg?q=70,,0,,,,11.0,0.0,4.4,116.0,1699.0,18.0,-3.2,63.38,rising,flipkart|gtrends,2026-07-07,2026-07-07T17:09:43.181503,305,f63f80da57522587,lets|let's bite active chicken 11 kg dry adult dog food,60.26,63.38,60.26,3.12,0.0,0.88,0.0,,MONITOR
PSOFRFCBBZPX8QNG,"Procott Intas Procott Anti-parasitic, Allergy Relief, Flea and Tick Rose Dog Shampoo",procott,grooming,,,,,PSOFRFCBBZPX8QNG,https://www.flipkart.com/procott-intas-anti-parasitic-allergy-relief-flea-tick-rose-dog-shampoo/p/itmc8c09d393196b?pid=PSOFRFCBBZPX8QNG&lid=LSTPSOFRFCBBZPX8QNGTZRJOX&marketplace=FLIPKART&q=dog+shampoo&store=p3t%2Fixl%2Fosh&srno=s_1_10&otracker=search&fm=organic&iid=87e2e3b7-1bcf-4dee-85cd-caa8a4b0d5c8.PSOFRFCBBZPX8QNG.SEARCH&ppt=None&ppn=None&ssid=1pizov16ps0000001783424297200&qH=8d82257ae22a2792&ov_redirect=true&ov_redirect=true,https://rukminim2.flixcart.com/image/612/612/xif0q/pet-shampoo/3/d/n/275-adult-dog-shampoo-procott-original-imahmjz7zhk8tyqq.jpeg?q=70,https://rukminim2.flixcart.com/image/612/612/xif0q/pet-shampoo/3/d/n/275-adult-dog-shampoo-procott-original-imahmjz7zhk8tyqq.jpeg?q=70,,0,,,,10.0,0.0,4.3,,152.0,13.5,-1.5,63.36,rising,flipkart|gtrends,2026-07-07,2026-07-07T17:09:43.190672,306,9de495938abab0b4,"procott|procott intas procott anti-parasitic, allergy relief, flea and tick rose dog sha",60.24,63.36,60.24,3.12,0.0,0.88,0.0,,MONITOR
B005ZS7RHG,"Royal Canin Mini Adult Dog Food, Dry Food, Supports Weight Management & Digestive Health, Promotes overall development, 800 G",royal canin,dog_food,,B005ZS7RHG,https://www.amazon.in/Supports-Weight-Management-Digestive-Health/dp/B005ZS7RHG/ref=zg_bs_g_4771395031_d_sccl_18/522-4724523-7365803?psc=1,"https://images-eu.ssl-images-amazon.com/images/I/61G+GTJDvdL._AC_UL300_SR300,200_.jpg",,,,"https://images-eu.ssl-images-amazon.com/images/I/61G+GTJDvdL._AC_UL300_SR300,200_.jpg",16.0,0,4.4,8622.0,792.0,,,,,,18.0,-3.2,63.3,rising,amazon|gtrends,2026-07-07,2026-07-07T17:09:43.160763,307,3d75e4f998314740,"royal canin|royal canin mini adult dog food, dry food, supports weight management & digestiv",60.18,63.3,60.18,3.12,0.0,0.88,0.0,,MONITOR
PFDFHF9A7PCFWUSZ,Me-O persian Kitten 1.1 kg Dry Young Cat Food,me-o,cat_food,,,,,PFDFHF9A7PCFWUSZ,https://www.flipkart.com/me-o-persian-kitten-1-1-kg-dry-young-cat-food/p/itmfded4bdb38326?pid=PFDFHF9A7PCFWUSZ&lid=LSTPFDFHF9A7PCFWUSZELAIKS&marketplace=FLIPKART&q=meo+cat+food&store=p3t%2F0mo%2Foiv&srno=s_1_10&otracker=search&fm=organic&iid=8a0975ac-f6d1-49ba-a9a5-4c6a973ead86.PFDFHF9A7PCFWUSZ.SEARCH&ppt=None&ppn=None&ssid=kuu7d4pgps0000001783424273731&qH=c9e60ce57aa2b156&ov_redirect=true&ov_redirect=true,https://rukminim2.flixcart.com/image/612/612/xif0q/pet-food/c/t/5/1-1-cat-1-id5ck51-1-1-me-o-original-imahh2kcthky2wjf.jpeg?q=70,https://rukminim2.flixcart.com/image/612/612/xif0q/pet-food/c/t/5/1-1-cat-1-id5ck51-1-1-me-o-original-imahh2kcthky2wjf.jpeg?q=70,,0,,,,10.0,0.0,4.2,,599.0,21.67,-0.67,63.25,rising,flipkart|gtrends,2026-07-07,2026-07-07T17:09:43.183931,308,4c0d15aabed83d82,me-o|me-o persian kitten 1.1 kg dry young cat food,60.13,63.25,60.13,3.12,0.0,0.88,0.0,,MONITOR
B01EZ7UOCM,Pat Your Pet Wide Pet Dematting Comb - Dual Sided 9+17 Grooming Rake for Cats & Dogs | Safe and Easy Mats & Tangles Remover,pat,grooming,,B01EZ7UOCM,https://www.amazon.in/Wide-Pet-Dematting-Comb-Grooming/dp/B01EZ7UOCM/ref=zg_bs_g_4771383031_d_sccl_21/522-4724523-7365803?psc=1,"https://images-eu.ssl-images-amazon.com/images/I/8127AKlirLL._AC_UL300_SR300,200_.jpg",,,,"https://images-eu.ssl-images-amazon.com/images/I/8127AKlirLL._AC_UL300_SR300,200_.jpg",17.0,0,4.6,37751.0,278.0,,,,,,13.5,-1.5,63.2,rising,amazon|gtrends,2026-07-07,2026-07-07T17:09:43.168422,309,6e7aa6f2b0e43bf8,pat|pat your pet wide pet dematting comb - dual sided 9+17 grooming rake for cats & ,60.08,63.2,60.08,3.12,0.0,0.88,0.0,,MONITOR
PCBHB4VY3HHUFZ72,decorvaiz Dog Hair Brush Combo | Pet Hair Brush Combo Slicker Brushes for Dog & Cat,decorvaiz,grooming,,,,,PCBHB4VY3HHUFZ72,https://www.flipkart.com/decorvaiz-dog-hair-brush-combo-pet-slicker-brushes-cat/p/itm8de9e2f250df7?pid=PCBHB4VY3HHUFZ72&lid=LSTPCBHB4VY3HHUFZ72YSQEM1&marketplace=FLIPKART&q=dog+brush&store=p3t%2Fixl%2F770&srno=s_1_10&otracker=search&fm=organic&iid=94002573-d5e8-41b4-8dc7-3432732abc74.PCBHB4VY3HHUFZ72.SEARCH&ppt=None&ppn=None&ssid=6sp2qnbbb40000001783424302403&qH=c664f21272e7c16e&ov_redirect=true&ov_redirect=true,https://rukminim2.flixcart.com/image/612/612/xif0q/pet-comb-brush/v/e/b/medium-dog-hair-brush-dog-bath-brush-combo-decorvaiz-original-imahd7bytezvhgef.jpeg?q=70,https://rukminim2.flixcart.com/image/612/612/xif0q/pet-comb-brush/v/e/b/medium-dog-hair-brush-dog-bath-brush-combo-decorvaiz-original-imahd7bytezvhgef.jpeg?q=70,,0,,,,10.0,0.0,4.2,,135.0,13.5,-1.5,63.08,rising,flipkart|gtrends,2026-07-07,2026-07-07T17:09:43.192330,310,05bde373ae458e4b,decorvaiz|decorvaiz dog hair brush combo | pet hair brush combo slicker brushes for dog & ,59.96,63.08,59.96,3.12,0.0,0.87,0.0,,MONITOR
PCTHG7QQFZPAHCQP,AGGARWAL 36 Inch Dog Cage Hard Crate Pet Crate,aggarwal,beds_accessories,,,,,PCTHG7QQFZPAHCQP,https://www.flipkart.com/aggarwal-36-inch-dog-cage-hard-crate-pet/p/itm6782e002d54ec?pid=PCTHG7QQFZPAHCQP&lid=LSTPCTHG7QQFZPAHCQPU3SQZC&marketplace=FLIPKART&q=dog+crate&store=search.flipkart.com&srno=s_1_4&otracker=search&fm=organic&iid=4747a1f7-bb53-44a0-8802-41467b35937c.PCTHG7QQFZPAHCQP.SEARCH&ppt=None&ppn=None&ssid=tj3vfu42e80000001783424314794&qH=de7c627fb64ada71&ov_redirect=true&ov_redirect=true,https://rukminim2.flixcart.com/image/612/612/xif0q/pet-crate/h/y/p/15-foldable-metal-wire-dog-cage-aggarwal-original-imahg5uvjem2vbne.jpeg?q=70,https://rukminim2.flixcart.com/image/612/612/xif0q/pet-crate/h/y/p/15-foldable-metal-wire-dog-cage-aggarwal-original-imahg5uvjem2vbne.jpeg?q=70,,0,,,,4.0,0.0,,,3559.0,20.5,-2.0,62.98,rising,flipkart|gtrends,2026-07-07,2026-07-07T17:09:43.194328,311,5f465088a3dfcfdd,aggarwal|aggarwal 36 inch dog cage hard crate pet crate,61.1,62.98,61.1,1.88,0.0,0.88,0.0,,MONITOR
B002DQ4RKI,"Royal Canin Skin & Hair Care for Adult Cats, Dry Food with Added Amino Acids, Vitamins, and Omega 3 and 6, Supports Healthy S",royal canin,cat_food,,B002DQ4RKI,https://www.amazon.in/Vitamins-Supports-Healthy-Proven-Results/dp/B002DQ4RKI/ref=zg_bs_g_4771382031_d_sccl_30/522-4724523-7365803?psc=1,"https://images-eu.ssl-images-amazon.com/images/I/51zELrltO8L._AC_UL300_SR300,200_.jpg",,,,"https://images-eu.ssl-images-amazon.com/images/I/51zELrltO8L._AC_UL300_SR300,200_.jpg",16.0,0,4.6,2061.0,468.0,,,,,,21.67,-0.67,62.91,rising,amazon|gtrends,2026-07-07,2026-07-07T17:09:43.162204,312,1611ce547f217fa3,"royal canin|royal canin skin & hair care for adult cats, dry food with added amino acids, vi",59.79,62.91,59.79,3.12,0.0,0.87,0.0,,MONITOR
B0G4RRB547,"TAIL TOWN Pet Teeth Cleaning Finger Wipes for Dogs & Cats | 50 Count | Fresh Breath, Plaque & Tartar Removal (Cleaning Finger",tail,health_wellness,,B0G4RRB547,https://www.amazon.in/TAIL-TOWN-Cleaning-Removal-Hygiene/dp/B0G4RRB547/ref=zg_bs_g_4771384031_d_sccl_12/522-4724523-7365803?psc=1,"https://images-eu.ssl-images-amazon.com/images/I/51CC38ogEyL._AC_UL300_SR300,200_.jpg",,,,"https://images-eu.ssl-images-amazon.com/images/I/51CC38ogEyL._AC_UL300_SR300,200_.jpg",12.0,0,4.6,17.0,331.0,,,,,,0.5,0.0,62.91,rising,amazon|gtrends,2026-07-07,2026-07-07T17:09:43.174601,313,36c37c637bc63b49,tail|tail town pet teeth cleaning finger wipes for dogs & cats | 50 count | fresh bre,59.79,62.91,59.79,3.12,0.0,0.87,0.0,,MONITOR
PSOHEK7GCYJEXX4H,"Drixa DOG & CAT PREMIUM PACK SHAMPOO WITH SPRAY FREE COMBO Allergy Relief, Conditioning, Flea and Tick, Itch Relief NATURAL Cat, Dog Shampoo",drixa,grooming,,,,,PSOHEK7GCYJEXX4H,https://www.flipkart.com/drixa-dog-cat-premium-pack-shampoo-spray-free-combo-allergy-relief-conditioning-flea-tick-itch-relief-natural-cat/p/itm5dd240b266c7d?pid=PSOHEK7GCYJEXX4H&lid=LSTPSOHEK7GCYJEXX4HQBGF4Y&marketplace=FLIPKART&q=dog+shampoo&store=p3t%2Fixl%2Fosh&srno=s_1_9&otracker=search&fm=organic&iid=87e2e3b7-1bcf-4dee-85cd-caa8a4b0d5c8.PSOHEK7GCYJEXX4H.SEARCH&ppt=None&ppn=None&ssid=1pizov16ps0000001783424297200&qH=8d82257ae22a2792&ov_redirect=true&ov_redirect=true,https://rukminim2.flixcart.com/image/612/612/xif0q/pet-shampoo/z/7/c/200-pet-shampoo-perpule-pet-spray-free-tick-flea-free-shampoo-original-imahek7gkkndg3up.jpeg?q=70,https://rukminim2.flixcart.com/image/612/612/xif0q/pet-shampoo/z/7/c/200-pet-shampoo-perpule-pet-spray-free-tick-flea-free-shampoo-original-imahek7gkkndg3up.jpeg?q=70,,0,,,,9.0,0.0,4.0,,164.0,13.5,-1.5,62.9,rising,flipkart|gtrends,2026-07-07,2026-07-07T17:09:43.190623,314,300a23c22d2792c7,"drixa|drixa dog & cat premium pack shampoo with spray free combo allergy relief, condi",60.4,62.9,60.4,2.5,0.0,0.88,0.0,,MONITOR
PCLGFRQYKBYZ9AKN,"24x7eMall Dog K9 Police Harness Red ( 28 - 38 Inch Girth, XL) Dog Buckle Harness",24x7emall,collars_leashes,,,,,PCLGFRQYKBYZ9AKN,https://www.flipkart.com/24x7emall-dog-k9-police-harness-red-28-38-inch-girth-xl-buckle/p/itma0d6379f6eac1?pid=PCLGFRQYKBYZ9AKN&lid=LSTPCLGFRQYKBYZ9AKNX9Y0YG&marketplace=FLIPKART&q=dog+harness&store=p3t%2Fea3%2Fb1n&spotlightTagId=default_FkPickId_p3t%2Fea3%2Fb1n&srno=s_1_9&otracker=search&fm=organic&iid=5a4d3819-8e44-4aad-a67c-a3c7173ca7c5.PCLGFRQYKBYZ9AKN.SEARCH&ppt=None&ppn=None&ssid=sckxvcab7k0000001783424343657&qH=c997f489fc4d5035&ov_redirect=true&ov_redirect=true,https://rukminim2.flixcart.com/image/612/612/xif0q/pet-collar-harness/l/z/2/extra-large-24x7-emall-puppy-k9-dog-vest-with-hook-and-loop-original-imahkzy6rc7vzfpy.jpeg?q=70,https://rukminim2.flixcart.com/image/612/612/xif0q/pet-collar-harness/l/z/2/extra-large-24x7-emall-puppy-k9-dog-vest-with-hook-and-loop-original-imahkzy6rc7vzfpy.jpeg?q=70,,0,,,,9.0,0.0,4.1,,245.0,5.0,-3.0,62.88,rising,flipkart|gtrends,2026-07-07,2026-07-07T17:09:43.201775,315,ed2fd97f88dec017,"24x7emall|24x7emall dog k9 police harness red ( 28 - 38 inch girth, xl) dog buckle harness",60.38,62.88,60.38,2.5,0.0,0.88,0.0,,MONITOR
PCCGFDEYTWDECZEH,Buraq Reflective Cat Collar Set of 2 | Bell | Adjustable | Breakaway | All Breeds Bell Cat Collar Charm,buraq,collars_leashes,,,,,PCCGFDEYTWDECZEH,https://www.flipkart.com/buraq-reflective-cat-collar-set-2-bell-adjustable-breakaway-all-breeds-charm/p/itm46a5754796a9a?pid=PCCGFDEYTWDECZEH&lid=LSTPCCGFDEYTWDECZEHNSUBS0&marketplace=FLIPKART&q=cat+collar&store=p3t&srno=s_1_9&otracker=search&fm=organic&iid=97d963cc-803d-4934-929b-135709a63dac.PCCGFDEYTWDECZEH.SEARCH&ppt=None&ppn=None&ssid=dl7gz1mpu80000001783424338174&qH=831161a82e2648a4&ov_redirect=true&ov_redirect=true,https://rukminim2.flixcart.com/image/612/612/xif0q/pet-collar-charm/c/o/n/1-reflective-cat-collar-buraq-original-imahhj55sg4qkv6c.jpeg?q=70,https://rukminim2.flixcart.com/image/612/612/xif0q/pet-collar-charm/c/o/n/1-reflective-cat-collar-buraq-original-imahhj55sg4qkv6c.jpeg?q=70,,0,,,,9.0,0.0,4.1,,109.0,5.0,-3.0,62.88,rising,flipkart|gtrends,2026-07-07,2026-07-07T17:09:43.200086,316,c1fdefc809adaeca,buraq|buraq reflective cat collar set of 2 | bell | adjustable | breakaway | all breed,60.38,62.88,60.38,2.5,0.0,0.88,0.0,,MONITOR
PCLG4Z3ZVJCAHEPJ,Hachiko Dog Everyday Collar,hachiko,collars_leashes,,,,,PCLG4Z3ZVJCAHEPJ,https://www.flipkart.com/hachiko-dog-everyday-collar/p/itm992132cf35618?pid=PCLG4Z3ZVJCAHEPJ&lid=LSTPCLG4Z3ZVJCAHEPJYUUY7M&marketplace=FLIPKART&q=dog+collar&store=p3t%2Fea3%2Fb1n&srno=s_1_9&otracker=search&fm=organic&iid=32c09fc5-3848-44a5-bce7-d16caa2396f9.PCLG4Z3ZVJCAHEPJ.SEARCH&ppt=None&ppn=None&ssid=7qp8bruvq80000001783424335453&qH=7e1db77825e65614&ov_redirect=true&ov_redirect=true,https://rukminim2.flixcart.com/image/612/612/kr3tj0w0/pet-collar-harness/b/8/a/small-clrbkcmbomn3-hachiko-original-imag4z2ssfurrxqz.jpeg?q=70,https://rukminim2.flixcart.com/image/612/612/kr3tj0w0/pet-collar-harness/b/8/a/small-clrbkcmbomn3-hachiko-original-imag4z2ssfurrxqz.jpeg?q=70,,0,,,,9.0,0.0,4.1,,185.0,5.0,-3.0,62.88,rising,flipkart|gtrends,2026-07-07,2026-07-07T17:09:43.199296,317,3f21f1ca5e3d561c,hachiko|hachiko dog everyday collar,60.38,62.88,60.38,2.5,0.0,0.88,0.0,,MONITOR
B07HBFY5VJ,Drools Puppy Dry Dog Food 4.2kg (3kg + 1.2kg Free) | Chicken & Egg Flavour | Supports Active Behaviour | Digestive Health &,drools,dog_food,,B07HBFY5VJ,https://www.amazon.in/Drools-Chicken-Puppy-Food-Free/dp/B07HBFY5VJ/ref=zg_bs_g_4771395031_d_sccl_16/522-4724523-7365803?psc=1,"https://images-eu.ssl-images-amazon.com/images/I/616v6VY8tlL._AC_UL300_SR300,200_.jpg",,,,"https://images-eu.ssl-images-amazon.com/images/I/616v6VY8tlL._AC_UL300_SR300,200_.jpg",15.0,0,4.1,13819.0,732.0,,,,,,18.0,-3.2,62.84,rising,amazon|gtrends,2026-07-07,2026-07-07T17:09:43.160717,318,206e2b256481fd49,drools|drools puppy dry dog food 4.2kg (3kg + 1.2kg free) | chicken & egg flavour | sup,60.34,62.84,60.34,2.5,0.0,0.88,0.0,,MONITOR
PFDGFXGVVTFZVJSV,"Whiskas Whiskas 1+ Tuna Chicken, Tuna 1.14 kg (12x0.09 kg) Wet Adult Cat Food",whiskas,cat_food,,,,,PFDGFXGVVTFZVJSV,https://www.flipkart.com/whiskas-1-tuna-chicken-1-14-kg-12x0-09-kg-wet-adult-cat-food/p/itm6b813296fb776?pid=PFDGFXGVVTFZVJSV&lid=LSTPFDGFXGVVTFZVJSVKZZ17A&marketplace=FLIPKART&q=whiskas+cat+food&store=p3t%2F0mo%2Foiv&srno=s_1_11&otracker=search&fm=organic&iid=en_KVrqAj1gEdBr6ZBiqQXUYFdhhqLYS48FjwD0xKBRsvg813PSrSJAnbdYRDSv7Tc-hMnl0ZaJVYLCVAxb4oP6t8rFbdT7_ZFdAH9kcYPCWK7hT8Z070YqZaPrw-id2b5M&ppt=None&ppn=None&ssid=yzr2xmfm9c0000001783424268608&qH=46a274706d720cac&ov_redirect=true&ov_redirect=true,https://rukminim2.flixcart.com/image/612/612/l572ufk0/pet-food/p/d/f/1-140-cat-12-853301006330-whiskas-original-imagfxgtkewhqvhh.jpeg?q=70,https://rukminim2.flixcart.com/image/612/612/l572ufk0/pet-food/p/d/f/1-140-cat-12-853301006330-whiskas-original-imagfxgtkewhqvhh.jpeg?q=70,,0,,,,11.0,0.0,4.4,,552.0,21.67,-0.67,62.81,rising,flipkart|gtrends,2026-07-07,2026-07-07T17:09:43.182851,319,7d05ac7d289c5151,"whiskas|whiskas whiskas 1+ tuna chicken, tuna 1.14 kg (12x0.09 kg) wet adult cat food",59.69,62.81,59.69,3.12,0.0,0.87,0.0,,MONITOR
B0DFM6F221,"Mcbazel Pet Razor, Waterproof Paw Hair Trimmer, Cat Clipper, Low Noise Dog Shaver, Rechargeable Paw Cutter with LED Light for",mcbazel,grooming,,B0DFM6F221,https://www.amazon.in/Mcbazel-Waterproof-Trimmer-Clipper-Rechargeable/dp/B0DFM6F221/ref=zg_bs_g_4771396031_d_sccl_17/522-4724523-7365803?psc=1,"https://images-eu.ssl-images-amazon.com/images/I/61Cs8agXLuL._AC_UL300_SR300,200_.jpg",,,,"https://images-eu.ssl-images-amazon.com/images/I/61Cs8agXLuL._AC_UL300_SR300,200_.jpg",16.0,0,4.4,2611.0,383.0,,,,,,13.5,-1.5,62.75,rising,amazon|gtrends,2026-07-07,2026-07-07T17:09:43.166237,320,4af2f3649f510274,"mcbazel|mcbazel pet razor, waterproof paw hair trimmer, cat clipper, low noise dog shave",59.63,62.75,59.63,3.12,0.0,0.87,0.0,,MONITOR
PFDGWWCRA2X9GYGF,"BARKZ & CLLAWZ Dog Snacks Protien Chicken & Mutton Chew Sticks (450g) Chicken, Mutton 0.45 kg Dry Adul...",barkz,dog_toys,,,,,PFDGWWCRA2X9GYGF,https://www.flipkart.com/barkz-cllawz-dog-snacks-protien-chicken-mutton-chew-sticks-450g-chicken-0-45-kg-dry-adult-young-food/p/itm6e56fb9291d6e?pid=PFDGWWCRA2X9GYGF&lid=LSTPFDGWWCRA2X9GYGF6JUU5H&marketplace=FLIPKART&q=dog+food&store=p3t%2Fea3%2F8zj&srno=s_1_15&otracker=search&fm=organic&iid=65ea97b5-f6ce-4efe-833e-65bb77220492.PFDGWWCRA2X9GYGF.SEARCH&ppt=None&ppn=None&ssid=lgrgkfgnxc0000001783424247932&qH=c53c2ce8b3bccaa1&ov_redirect=true,https://rukminim2.flixcart.com/image/312/312/xif0q/pet-food/y/m/v/0-9-dog-1-chew-mix-flavours-900-gram-dogs-snacks-treats-chicken-original-imah4y7uzzpa8dhq.jpeg?q=70,https://rukminim2.flixcart.com/image/312/312/xif0q/pet-food/y/m/v/0-9-dog-1-chew-mix-flavours-900-gram-dogs-snacks-treats-chicken-original-imah4y7uzzpa8dhq.jpeg?q=70,,0,,,,15.0,0.0,4.1,2690.0,157.0,3.0,0.0,62.67,rising,flipkart|gtrends,2026-07-07,2026-07-07T17:09:43.179996,321,22d433fc2ff38b8c,"barkz|barkz & cllawz dog snacks protien chicken & mutton chew sticks (450g) chicken, m",60.17,62.67,60.17,2.5,0.0,0.88,0.0,,MONITOR
B08FSPMSKB,"MalsiPree Pet Grooming Brush For Dogs/Cats,2 In 1 Deshedding Tool & Undercoat Rake Dematting Comb For Mats,Reduces Shedding B",malsipree,grooming,,B08FSPMSKB,https://www.amazon.in/Grooming-Deshedding-Undercoat-Dematting-Removing/dp/B08FSPMSKB/ref=zg_bs_g_4771396031_d_sccl_18/522-4724523-7365803?psc=1,"https://images-eu.ssl-images-amazon.com/images/I/81Sc7-abS+L._AC_UL300_SR300,200_.jpg",,,,"https://images-eu.ssl-images-amazon.com/images/I/81Sc7-abS+L._AC_UL300_SR300,200_.jpg",17.0,0,4.4,9008.0,490.0,,,,,,13.5,-1.5,62.64,rising,amazon|gtrends,2026-07-07,2026-07-07T17:09:43.166294,322,9287695e85233ee3,"malsipree|malsipree pet grooming brush for dogs/cats,2 in 1 deshedding tool & undercoat ra",59.52,62.64,59.52,3.12,0.0,0.87,0.0,,MONITOR
B0C5XHT99T,Amazon Basics Premium Soft Velvet Cave House Bed for Toy Breed Dogs and Cats |Medium 59 x 56 x 48 cm,amazon basics,beds_accessories,,B0C5XHT99T,https://www.amazon.in/amazon-basics-Velvet-Length-Height/dp/B0C5XHT99T/ref=zg_bs_g_4771390031_d_sccl_14/522-4724523-7365803?psc=1,"https://images-eu.ssl-images-amazon.com/images/I/818848PvqNL._AC_UL300_SR300,200_.jpg",,,,"https://images-eu.ssl-images-amazon.com/images/I/818848PvqNL._AC_UL300_SR300,200_.jpg",14.0,0,4.5,780.0,1249.0,,,,,,20.5,-2.0,62.61,rising,amazon|gtrends,2026-07-07,2026-07-07T17:09:43.169905,323,7d6a357044c2eb32,amazon basics|amazon basics premium soft velvet cave house bed for toy breed dogs and cats |me,59.49,62.61,59.49,3.12,0.0,0.87,0.0,,MONITOR
B0BL74JZWF,"Qpets Cat Teaser Toy,11 Pcs Cats Toys Set with 2 Retractable Teaser Wand & 5 Feather Teaser & 4 Worm Teaser for Kitten to Pl",qpets,cat_toys,,B0BL74JZWF,https://www.amazon.in/Qpets%C2%AE-Retractable-Feather-Interactive-Exercise/dp/B0BL74JZWF/ref=zg_bs_g_4771387031_d_sccl_13/522-4724523-7365803?psc=1,"https://images-eu.ssl-images-amazon.com/images/I/61VX2hT1NOL._AC_UL300_SR300,200_.jpg",,,,"https://images-eu.ssl-images-amazon.com/images/I/61VX2hT1NOL._AC_UL300_SR300,200_.jpg",11.0,0,4.3,118.0,524.0,,,,,,4.0,-6.0,62.55,rising,amazon|gtrends,2026-07-07,2026-07-07T17:09:43.164279,324,411bf411f2ef341f,"qpets|qpets cat teaser toy,11 pcs cats toys set with 2 retractable teaser wand & 5 fea",59.43,62.55,59.43,3.12,0.0,0.87,0.0,,MONITOR
PTYHNHGYVJJQSPZA,EC World Dog Toy Plastic Soft Toy For Dog,ec,dog_toys,,,,,PTYHNHGYVJJQSPZA,https://www.flipkart.com/ec-world-dog-toy-plastic-soft/p/itmbb3332a2b1d98?pid=PTYHNHGYVJJQSPZA&lid=LSTPTYHNHGYVJJQSPZARLWAQR&marketplace=FLIPKART&q=interactive+dog+toy&store=p3t&srno=s_1_5&otracker=search&fm=organic&iid=34a0c700-473e-403a-b3c5-5bb95f7b634f.PTYHNHGYVJJQSPZA.SEARCH&ppt=None&ppn=None&ssid=ef5gxxp0xs0000001783424284222&qH=53ab0f799320af1a&ov_redirect=true&ov_redirect=true,https://rukminim2.flixcart.com/image/612/612/xif0q/pet-toy/w/1/k/2-dog-toy-ec-world-original-imahnhgxngjfbky4.jpeg?q=70,https://rukminim2.flixcart.com/image/612/612/xif0q/pet-toy/w/1/k/2-dog-toy-ec-world-original-imahnhgxngjfbky4.jpeg?q=70,,0,,,,5.0,0.0,,,344.0,3.0,0.0,62.38,rising,flipkart|gtrends,2026-07-07,2026-07-07T17:09:43.186736,325,29e8a3502901dbfa,ec|ec world dog toy plastic soft toy for dog,60.5,62.38,60.5,1.88,0.0,0.88,0.0,,MONITOR
PTYHNRZB3Y8XUBWC,canna pet LONG NECK TOY FOR DOG XXL SIZE Microfibre Soft Toy For Dog & Cat,canna,dog_toys,,,,,PTYHNRZB3Y8XUBWC,https://www.flipkart.com/canna-pet-long-neck-toy-dog-xxl-size-microfibre-soft-cat/p/itm0389847d966bb?pid=PTYHNRZB3Y8XUBWC&lid=LSTPTYHNRZB3Y8XUBWC4V03T9&marketplace=FLIPKART&q=kong+dog+toy&store=search.flipkart.com&srno=s_1_5&otracker=search&fm=organic&iid=474ceca2-7edf-42ed-b744-bb801b6b5e42.PTYHNRZB3Y8XUBWC.SEARCH&ppt=None&ppn=None&ssid=dj4tyd2ftc0000001783424281567&qH=f85aed73ab1bacb4&ov_redirect=true&ov_redirect=true,https://rukminim2.flixcart.com/image/612/612/xif0q/pet-toy/8/u/w/1-00019-canna-pet-original-imahntmvj23ppsbg.jpeg?q=70,https://rukminim2.flixcart.com/image/612/612/xif0q/pet-toy/8/u/w/1-00019-canna-pet-original-imahntmvj23ppsbg.jpeg?q=70,,0,,,,5.0,0.0,,,412.0,3.0,0.0,62.38,rising,flipkart|gtrends,2026-07-07,2026-07-07T17:09:43.185827,326,4076559b3df34b29,canna|canna pet long neck toy for dog xxl size microfibre soft toy for dog & cat,60.5,62.38,60.5,1.88,0.0,0.88,0.0,,MONITOR
PFDEHZR6SHNHYJFU,Whiskas (1+ Years) Chicken 1.12 kg (14x0.08 kg) Wet Adult Cat Food,whiskas,cat_food,,,,,PFDEHZR6SHNHYJFU,https://www.flipkart.com/whiskas-1-years-chicken-1-12-kg-14x0-08-kg-wet-adult-cat-food/p/itmd8725de86073c?pid=PFDEHZR6SHNHYJFU&lid=LSTPFDEHZR6SHNHYJFUZ4NLE5&marketplace=FLIPKART&q=whiskas+cat+food&store=p3t%2F0mo%2Foiv&srno=s_1_12&otracker=search&fm=organic&iid=277a2e5a-7f5c-426e-9eca-9fa4eeca5d96.PFDEHZR6SHNHYJFU.SEARCH&ppt=None&ppn=None&ssid=yzr2xmfm9c0000001783424268608&qH=46a274706d720cac&ov_redirect=true&ov_redirect=true,https://rukminim2.flixcart.com/image/612/612/xif0q/pet-food/y/m/o/-enriched-transparent-original-imah5z73ydkwdqx4.png?q=70,https://rukminim2.flixcart.com/image/612/612/xif0q/pet-food/y/m/o/-enriched-transparent-original-imah5z73ydkwdqx4.png?q=70,,0,,,,12.0,0.0,4.6,,440.0,21.67,-0.67,62.37,rising,flipkart|gtrends,2026-07-07,2026-07-07T17:09:43.182889,327,502e605f98c16c6a,whiskas|whiskas (1+ years) chicken 1.12 kg (14x0.08 kg) wet adult cat food,59.25,62.37,59.25,3.12,0.0,0.87,0.0,,MONITOR
STFH3854J75NKEYN,"TTW Stuffed Sleeping Cat Plush Toy With Press Simulation Sound, Animal Fur Soft Toy - 6 cm",ttw,cat_toys,,,,,STFH3854J75NKEYN,https://www.flipkart.com/ttw-stuffed-sleeping-cat-plush-toy-press-simulation-sound-animal-fur-soft-6-cm/p/itm3a92e0d365588?pid=STFH3854J75NKEYN&lid=LSTSTFH3854J75NKEYNVE8I3N&marketplace=FLIPKART&q=cat+toys&store=tng&srno=s_1_9&otracker=search&fm=organic&iid=578702ef-3270-4863-9036-db59e3e6d0b1.STFH3854J75NKEYN.SEARCH&ppt=None&ppn=None&ssid=aofj69zshs0000001783424286813&qH=4372de0f4359aa53&ov_redirect=true&ov_redirect=true,https://rukminim2.flixcart.com/image/612/612/xif0q/stuffed-toy/o/c/q/big-sleeping-cute-cat-for-car-dashboard-and-home-decor-with-original-imahadan7rf849me.jpeg?q=70,https://rukminim2.flixcart.com/image/612/612/xif0q/stuffed-toy/o/c/q/big-sleeping-cute-cat-for-car-dashboard-and-home-decor-with-original-imahadan7rf849me.jpeg?q=70,,0,,,,9.0,0.0,4.1,,239.0,4.0,-6.0,62.28,rising,flipkart|gtrends,2026-07-07,2026-07-07T17:09:43.187927,328,322a74fe1e4e5b0d,"ttw|ttw stuffed sleeping cat plush toy with press simulation sound, animal fur soft ",59.78,62.28,59.78,2.5,0.0,0.87,0.0,,MONITOR
PTYHNMU6NGSKG6PU,Bhadani Catnip Ball Bite-resistant Smooth Edge Rotating PP (Polypropylene) Treat Dispensing Toy For Cat,bhadani,cat_food,,,,,PTYHNMU6NGSKG6PU,https://www.flipkart.com/bhadani-catnip-ball-bite-resistant-smooth-edge-rotating-pp-polypropylene-treat-dispensing-toy-cat/p/itm952a1e050369c?pid=PTYHNMU6NGSKG6PU&lid=LSTPTYHNMU6NGSKG6PU6CBG25&marketplace=FLIPKART&q=catnip+toy&store=p3t%2F0mo%2Fgba&srno=s_1_5&otracker=search&fm=organic&iid=39e31d82-0a1a-4f12-a245-083e2fba4e25.PTYHNMU6NGSKG6PU.SEARCH&ppt=None&ppn=None&ssid=0fjvryz3nk0000001783424289434&qH=f9b349971a41f28d&ov_redirect=true&ov_redirect=true,https://rukminim2.flixcart.com/image/612/612/xif0q/pet-toy/f/s/m/1-fmr78-right-traders-original-imahnhphdzk8fujr.jpeg?q=70,https://rukminim2.flixcart.com/image/612/612/xif0q/pet-toy/f/s/m/1-fmr78-right-traders-original-imahnhphdzk8fujr.jpeg?q=70,,0,,,,5.0,0.0,,,217.0,21.67,-0.67,62.25,rising,flipkart|gtrends,2026-07-07,2026-07-07T17:09:43.188486,329,1019b22bf4f9e3f0,bhadani|bhadani catnip ball bite-resistant smooth edge rotating pp (polypropylene) treat,60.37,62.25,60.37,1.88,0.0,0.88,0.0,,MONITOR
PTYGB9FKJQBH7ZFY,Rvpaws Pet Training Clicker with Wrist Strap for Dog Plastic Training Aid For Dog,rvpaws,training,,,,,PTYGB9FKJQBH7ZFY,https://www.flipkart.com/rvpaws-pet-training-clicker-wrist-strap-dog-plastic-aid/p/itmca5cb9bae061d?pid=PTYGB9FKJQBH7ZFY&lid=LSTPTYGB9FKJQBH7ZFYGMMEHW&marketplace=FLIPKART&q=clicker+dog+training&store=p3t%2Fea3%2Fg4c&srno=s_1_9&otracker=search&fm=organic&iid=fbb02aa1-aabd-4b0d-9e72-e506e20115f2.PTYGB9FKJQBH7ZFY.SEARCH&ppt=None&ppn=None&ssid=k2z16a13j40000001783424354631&qH=b0c60dc4bffa7e54&ov_redirect=true&ov_redirect=true,https://rukminim2.flixcart.com/image/612/612/ktaeqvk0/pet-toy/s/9/f/mini-70-scooper-clicker-combo-foodiepuppies-original-imag6zy6fgknnspt.jpeg?q=70,https://rukminim2.flixcart.com/image/612/612/ktaeqvk0/pet-toy/s/9/f/mini-70-scooper-clicker-combo-foodiepuppies-original-imag6zy6fgknnspt.jpeg?q=70,,0,,,,9.0,0.0,3.8,,167.0,0.5,-2.0,62.24,rising,flipkart|gtrends,2026-07-07,2026-07-07T17:09:43.204446,330,9b72f19ba9293cb2,rvpaws|rvpaws pet training clicker with wrist strap for dog plastic training aid for do,59.74,62.24,59.74,2.5,0.0,0.87,0.0,,MONITOR
MTYGPZQTGCZ89WWF,FUNABLO Baby Toys 12-18 Months Dancing Cat Toddlers Toys for 1 Year Old Boys Girls,funablo,cat_toys,,,,,MTYGPZQTGCZ89WWF,https://www.flipkart.com/funablo-baby-toys-12-18-months-dancing-cat-toddlers-1-year-old-boys-girls/p/itm47c7a23180909?pid=MTYGPZQTGCZ89WWF&lid=LSTMTYGPZQTGCZ89WWFVXNV9W&marketplace=FLIPKART&q=cat+toys&store=tng&srno=s_1_4&otracker=search&fm=organic&iid=578702ef-3270-4863-9036-db59e3e6d0b1.MTYGPZQTGCZ89WWF.SEARCH&ppt=None&ppn=None&ssid=aofj69zshs0000001783424286813&qH=4372de0f4359aa53&ov_redirect=true&ov_redirect=true,https://rukminim2.flixcart.com/image/612/612/xif0q/musical-toy/h/w/1/baby-toys-12-18-months-dancing-cat-toddlers-toys-for-1-year-old-original-imagpzqtmaggythy.jpeg?q=70,https://rukminim2.flixcart.com/image/612/612/xif0q/musical-toy/h/w/1/baby-toys-12-18-months-dancing-cat-toddlers-toys-for-1-year-old-original-imagpzqtmaggythy.jpeg?q=70,,0,,,,4.0,0.0,,,4455.0,4.0,-6.0,62.18,rising,flipkart|gtrends,2026-07-07,2026-07-07T17:09:43.187782,331,4ada4b7fda9197f6,funablo|funablo baby toys 12-18 months dancing cat toddlers toys for 1 year old boys gir,60.3,62.18,60.3,1.88,0.0,0.88,0.0,,MONITOR
PSOH6PTGGPYYEMZ7,"PETSWARE 5 in 1 Rose Cat Shampoo with Conditioner for Persian Cat & All Cat Types Anti-fungal, Anti-Bacterial, Conditioning, Flea and Tick, Whitening and Color Enhancing ROSE Cat Shampoo",petsware,grooming,,,,,PSOH6PTGGPYYEMZ7,https://www.flipkart.com/petsware-5-1-rose-cat-shampoo-conditioner-persian-all-types-anti-fungal-anti-bacterial-conditioning-flea-tick-whitening-color-enhancing/p/itma249b8be4c82f?pid=PSOH6PTGGPYYEMZ7&lid=LSTPSOH6PTGGPYYEMZ7HVYDGX&marketplace=FLIPKART&q=cat+shampoo&store=p3t%2Fixl%2Fosh&spotlightTagId=default_FkPickId_p3t%2Fixl%2Fosh&srno=s_1_10&otracker=search&fm=organic&iid=b1ca53d0-beee-4dcd-aa21-6028d799340c.PSOH6PTGGPYYEMZ7.SEARCH&ppt=None&ppn=None&ssid=y8f1ftke9s0000001783424299769&qH=c761a0a39d797bbe&ov_redirect=true&ov_redirect=true,https://rukminim2.flixcart.com/image/612/612/xif0q/pet-shampoo/e/q/u/200-rose-cat-shampoo-200ml-5-in-1-cat-shampoo-with-conditioner-original-imahmmavx3zz35eh.jpeg?q=70,https://rukminim2.flixcart.com/image/612/612/xif0q/pet-shampoo/e/q/u/200-rose-cat-shampoo-200ml-5-in-1-cat-shampoo-with-conditioner-original-imahmmavx3zz35eh.jpeg?q=70,,0,,,,10.0,0.0,4.1,,135.0,13.5,-1.5,62.18,rising,flipkart|gtrends,2026-07-07,2026-07-07T17:09:43.191514,332,8a9707473c3b8f5d,petsware|petsware 5 in 1 rose cat shampoo with conditioner for persian cat & all cat type,59.68,62.18,59.68,2.5,0.0,0.87,0.0,,MONITOR
STFHN3R6CHC7T2ES,TTW Cat Soft Toys - Cat In Pink Basket Mini Kitten Doll With Realistic Meow Sounds - 6 cm,me-o,cat_toys,,,,,STFHN3R6CHC7T2ES,https://www.flipkart.com/ttw-cat-soft-toys-pink-basket-mini-kitten-doll-realistic-meow-sounds-6-cm/p/itm1b200e69e2416?pid=STFHN3R6CHC7T2ES&lid=LSTSTFHN3R6CHC7T2ESYNE9TM&marketplace=FLIPKART&q=cat+toys&store=tng&srno=s_1_10&otracker=search&fm=organic&iid=578702ef-3270-4863-9036-db59e3e6d0b1.STFHN3R6CHC7T2ES.SEARCH&ppt=None&ppn=None&ssid=aofj69zshs0000001783424286813&qH=4372de0f4359aa53&ov_redirect=true&ov_redirect=true,https://rukminim2.flixcart.com/image/612/612/xif0q/stuffed-toy/3/v/g/white-cat-soft-toys-cat-in-basket-mini-kitten-doll-with-original-imahnfgzw95wrcf9.jpeg?q=70,https://rukminim2.flixcart.com/image/612/612/xif0q/stuffed-toy/3/v/g/white-cat-soft-toys-cat-in-basket-mini-kitten-doll-with-original-imahnfgzw95wrcf9.jpeg?q=70,,0,,,,10.0,0.0,4.2,,369.0,4.0,-6.0,62.18,rising,flipkart|gtrends,2026-07-07,2026-07-07T17:09:43.187982,333,e75704ac2975717c,me-o|ttw cat soft toys - cat in pink basket mini kitten doll with realistic meow soun,59.06,62.18,59.06,3.12,0.0,0.87,0.0,,MONITOR
PFDF7QA74FTAUN5G,Royal Canin Kitten Jelly 1.02 kg (12x0.09 kg) Wet Young Cat Food,royal canin,cat_food,,,,,PFDF7QA74FTAUN5G,https://www.flipkart.com/royal-canin-kitten-jelly-1-02-kg-12x0-09-kg-wet-young-cat-food/p/itm102bffd1c42c3?pid=PFDF7QA74FTAUN5G&lid=LSTPFDF7QA74FTAUN5G954TM9&marketplace=FLIPKART&q=royal+canin+cat+food&store=p3t%2F0mo%2Foiv&srno=s_1_12&otracker=search&fm=organic&iid=8c819297-3b7e-4c85-b19b-312f8798d713.PFDF7QA74FTAUN5G.SEARCH&ppt=None&ppn=None&ssid=htiipb2zbk0000001783424271148&qH=d9e0c635368b029a&ov_redirect=true&ov_redirect=true,https://rukminim2.flixcart.com/image/612/612/jq8dgnk0/pet-food/n/5/g/1-02-cat-9003579311783-royal-canin-original-imafcaf4pwzmenh7.jpeg?q=70,https://rukminim2.flixcart.com/image/612/612/jq8dgnk0/pet-food/n/5/g/1-02-cat-9003579311783-royal-canin-original-imafcaf4pwzmenh7.jpeg?q=70,,0,,,,12.0,0.0,4.5,,1263.0,21.67,-0.67,62.09,rising,flipkart|gtrends,2026-07-07,2026-07-07T17:09:43.183359,334,ed9ec588b69895be,royal canin|royal canin kitten jelly 1.02 kg (12x0.09 kg) wet young cat food,58.97,62.09,58.97,3.12,0.0,0.87,0.0,,MONITOR
PCBHHH3ERWQ6U7JF,RSE COLLECTION 3-in-1 Steam Pet Grooming Brush for Dogs & Cats | Silicone Massage Comb Electronic Comb for Dog & Cat,rse,grooming,,,,,PCBHHH3ERWQ6U7JF,https://www.flipkart.com/rse-collection-3-in-1-steam-pet-grooming-brush-dogs-cats-silicone-massage-comb-electronic-dog-cat/p/itm54dc9bb58ae79?pid=PCBHHH3ERWQ6U7JF&lid=LSTPCBHHH3ERWQ6U7JFEZTLMN&marketplace=FLIPKART&q=dog+brush&store=p3t%2Fixl%2F770&srno=s_1_11&otracker=search&fm=organic&iid=en_QRxANM9RziwspZ-U2W55wONXtm4MwJKfTmfQuL6S0bzgOpmmRf0Jqs7tBl_UnNS9KwOMcCwUL7ulIXUpGk497GPXoCQQy6UPbqrayPfXJ1IFvaq19RPo63DvdXTgoxy9&ppt=None&ppn=None&ssid=6sp2qnbbb40000001783424302403&qH=c664f21272e7c16e&ov_redirect=true&ov_redirect=true,https://rukminim2.flixcart.com/image/612/612/xif0q/pet-comb-brush/z/b/5/medium-elecomb01-rse-collection-original-imahhh3e7nnes52c.jpeg?q=70,https://rukminim2.flixcart.com/image/612/612/xif0q/pet-comb-brush/z/b/5/medium-elecomb01-rse-collection-original-imahhh3e7nnes52c.jpeg?q=70,,0,,,,11.0,0.0,4.2,,178.0,13.5,-1.5,62.08,rising,flipkart|gtrends,2026-07-07,2026-07-07T17:09:43.192390,335,cd390ad6a1ed41b3,rse|rse collection 3-in-1 steam pet grooming brush for dogs & cats | silicone massag,58.96,62.08,58.96,3.12,0.0,0.87,0.0,,MONITOR
PLNH28J4TVFDMBFZ,PAVITYAKSH RETRACTABLE DOG LACE 3M PLAIN Retractable Dog Leash 15 cm Dog & Cat Chain Leash,pavityaksh,collars_leashes,,,,,PLNH28J4TVFDMBFZ,https://www.flipkart.com/pavityaksh-retractable-dog-lace-3m-plain-leash-15-cm-cat-chain/p/itm5fcd7041a4cfc?pid=PLNH28J4TVFDMBFZ&lid=LSTPLNH28J4TVFDMBFZKZR2MI&marketplace=FLIPKART&q=retractable+dog+leash&store=p3t%2Fea3%2Fpmw&srno=s_1_9&otracker=search&fm=organic&iid=6b92b321-55fd-4d89-aeb1-c48b5b66fd8f.PLNH28J4TVFDMBFZ.SEARCH&ppt=None&ppn=None&ssid=4smcf9y8000000001783424346329&qH=bbc46b35e332125e&ov_redirect=true&ov_redirect=true,https://rukminim2.flixcart.com/image/612/612/xif0q/pet-leash-chain/a/z/y/retractable-dog-lace-3m-plain-pavityaksh-original-imah29jhunwzmakx.jpeg?q=70,https://rukminim2.flixcart.com/image/612/612/xif0q/pet-leash-chain/a/z/y/retractable-dog-lace-3m-plain-pavityaksh-original-imah29jhunwzmakx.jpeg?q=70,,0,,,,9.0,0.0,3.8,,267.0,5.0,-3.0,62.04,rising,flipkart|gtrends,2026-07-07,2026-07-07T17:09:43.202238,336,db5c6dcd764fd89a,pavityaksh|pavityaksh retractable dog lace 3m plain retractable dog leash 15 cm dog & cat c,59.54,62.04,59.54,2.5,0.0,0.87,0.0,,MONITOR
B0DNQPNXND,"Boltz 4 in 1 Dog & Cat Hair & Paw Trimmer with Nail Grinder – Silent Cordless Grooming Kit for Pets – USB Rechargeable, IPX7",boltz,grooming,,B0DNQPNXND,https://www.amazon.in/Boltz-Hair-Trimmer-Nail-Grinder/dp/B0DNQPNXND/ref=zg_bs_g_4771383031_d_sccl_14/522-4724523-7365803?psc=1,"https://images-eu.ssl-images-amazon.com/images/I/61a4yUXbVuL._AC_UL300_SR300,200_.jpg",,,,"https://images-eu.ssl-images-amazon.com/images/I/61a4yUXbVuL._AC_UL300_SR300,200_.jpg",11.0,0,3.9,196.0,2497.0,,,,,,13.5,-1.5,62.02,rising,amazon|gtrends,2026-07-07,2026-07-07T17:09:43.168019,337,3dd85b7fff201116,boltz|boltz 4 in 1 dog & cat hair & paw trimmer with nail grinder – silent cordless gr,59.52,62.02,59.52,2.5,0.0,0.87,0.0,,MONITOR
PTYH7JSYH6EFUTAW,Plushmate Pet Training Clicker with Wrist Strap and Strap Hook Plastic Training Aid For Dog & Cat,plushmate,training,,,,,PTYH7JSYH6EFUTAW,https://www.flipkart.com/plushmate-pet-training-clicker-wrist-strap-hook-plastic-aid-dog-cat/p/itm020bb620faa5a?pid=PTYH7JSYH6EFUTAW&lid=LSTPTYH7JSYH6EFUTAWZLPQN1&marketplace=FLIPKART&q=clicker+dog+training&store=p3t%2Fea3%2Fg4c&srno=s_1_5&otracker=search&fm=organic&iid=fbb02aa1-aabd-4b0d-9e72-e506e20115f2.PTYH7JSYH6EFUTAW.SEARCH&ppt=None&ppn=None&ssid=k2z16a13j40000001783424354631&qH=b0c60dc4bffa7e54&ov_redirect=true&ov_redirect=true,https://rukminim2.flixcart.com/image/612/612/xif0q/pet-toy/g/0/t/1-pm-trainingclicker-aco19-blue-p1-plushmate-original-imah7jsywdt5jfny.jpeg?q=70,https://rukminim2.flixcart.com/image/612/612/xif0q/pet-toy/g/0/t/1-pm-trainingclicker-aco19-blue-p1-plushmate-original-imah7jsywdt5jfny.jpeg?q=70,,0,,,,5.0,0.0,,,145.0,0.5,-2.0,61.98,rising,flipkart|gtrends,2026-07-07,2026-07-07T17:09:43.204287,338,a3e4b089adcf88ab,plushmate|plushmate pet training clicker with wrist strap and strap hook plastic training ,60.1,61.98,60.1,1.88,0.0,0.88,0.0,,MONITOR
PCLHHA6GPHJZ4AJE,gustave Insect Repellent Collar for Dogs Adjustable Silicone 8 Month Protection Dog Anti-tick Collar,gustave,training,,,,,PCLHHA6GPHJZ4AJE,https://www.flipkart.com/gustave-insect-repellent-collar-dogs-adjustable-silicone-8-month-protection-dog-anti-tick/p/itm8574addc13b64?pid=PCLHHA6GPHJZ4AJE&lid=LSTPCLHHA6GPHJZ4AJEOM8ZWF&marketplace=FLIPKART&q=anti+bark+collar&store=search.flipkart.com&srno=s_1_5&otracker=search&fm=organic&iid=a5e41e6c-f712-4fa1-877c-d3c823b8ca75.PCLHHA6GPHJZ4AJE.SEARCH&ppt=None&ppn=None&ssid=p8wimx3quo0000001783424357818&qH=f1fde8a6826f7c4a&ov_redirect=true&ov_redirect=true,https://rukminim2.flixcart.com/image/612/612/xif0q/pet-collar-harness/e/e/e/35-50-cm-insect-repellent-dog-collar-gustave-original-imahha6g8rnhvep6.jpeg?q=70,https://rukminim2.flixcart.com/image/612/612/xif0q/pet-collar-harness/e/e/e/35-50-cm-insect-repellent-dog-collar-gustave-original-imahha6g8rnhvep6.jpeg?q=70,,0,,,,5.0,0.0,,,307.0,0.5,-2.0,61.98,rising,flipkart|gtrends,2026-07-07,2026-07-07T17:09:43.205111,339,5932665b6d8685c3,gustave|gustave insect repellent collar for dogs adjustable silicone 8 month protection ,60.1,61.98,60.1,1.88,0.0,0.88,0.0,,MONITOR
PFDGCGC8YBTBUP8B,"Drools Drools Absolute Cal+Vit+Skin&Coat (110 Tablets Each) Dog Supplement Chicken 1.2 kg (3x0.4 kg) Dry Adult, New Born, Senior, Young Dog Food",drools,health_wellness,,,,,PFDGCGC8YBTBUP8B,https://www.flipkart.com/drools-absolute-cal-vit-skin-coat-110-tablets-each-dog-supplement-chicken-1-2-kg-3x0-4-kg-dry-adult-new-born-senior-young-food/p/itm6f78a2ab93da7?pid=PFDGCGC8YBTBUP8B&lid=LSTPFDGCGC8YBTBUP8BHQGLJC&marketplace=FLIPKART&q=deworming+tablet+for+dogs&store=p3t%2Fcez%2Ff1s&srno=s_1_12&otracker=search&fm=organic&iid=en_qdxkKTTZbsGMLnOpP6CzmnUIqaV0HXMle_MAR9qqE2lk11hG3WduENYaJK5mRDMV7mobK5cMh1E9ojOk3Veh0OKFFHFU3LxC_5cmxWME5fnHI7SsA22cm2RUmP4VA4Rj&ppt=None&ppn=None&ssid=n00fqm3w740000001783424332770&qH=99cf2e3fe6ca4eb0&ov_redirect=true&ov_redirect=true,https://rukminim2.flixcart.com/image/612/612/l0sgyvk0/pet-food/d/f/m/1-2-dog-3-absolute-cal-vit-skin-coat-110-tablets-each-drools-original-imagcgc8zbnwvpg5.jpeg?q=70,https://rukminim2.flixcart.com/image/612/612/l0sgyvk0/pet-food/d/f/m/1-2-dog-3-absolute-cal-vit-skin-coat-110-tablets-each-drools-original-imagcgc8zbnwvpg5.jpeg?q=70,,0,,,,12.0,0.0,4.4,,1314.0,0.5,0.0,61.94,rising,flipkart|gtrends,2026-07-07,2026-07-07T17:09:43.198702,340,8bafef47b4dd19a2,drools|drools drools absolute cal+vit+skin&coat (110 tablets each) dog supplement chick,58.82,61.94,58.82,3.12,0.0,0.87,0.0,,MONITOR
B0GFWYGR7M,"Lyrovo Adjustable No-Pull Dog Harness with Leash Set for Small, Medium & Large Dogs – Reflective, Breathable, Comfortable Ves",lyrovo,collars_leashes,,B0GFWYGR7M,https://www.amazon.in/Lyrovo-Adjustable-No-Pull-Harness-Medium/dp/B0GFWYGR7M/ref=zg_bs_g_4771392031_d_sccl_12/522-4724523-7365803?psc=1,"https://images-eu.ssl-images-amazon.com/images/I/71bRCC3rr4L._AC_UL300_SR300,200_.jpg",,,,"https://images-eu.ssl-images-amazon.com/images/I/71bRCC3rr4L._AC_UL300_SR300,200_.jpg",11.0,0,4.1,113.0,849.0,,,,,,5.0,-3.0,61.94,rising,amazon|gtrends,2026-07-07,2026-07-07T17:09:43.176417,341,cf54eb93b831896d,"lyrovo|lyrovo adjustable no-pull dog harness with leash set for small, medium & large d",59.44,61.94,59.44,2.5,0.0,0.87,0.0,,MONITOR
PNPGYXN9TFZAMRGC,ORTIZA Cat Nail Cutter Scissor Nail Clipper,ortiza,grooming,,,,,PNPGYXN9TFZAMRGC,https://www.flipkart.com/ortiza-cat-nail-cutter-scissor-clipper/p/itmb67ab8b9657fa?pid=PNPGYXN9TFZAMRGC&lid=LSTPNPGYXN9TFZAMRGCSF6JQQ&marketplace=FLIPKART&q=nail+clipper+for+dogs&store=p3t%2Fixl%2Fprc&srno=s_1_12&otracker=search&fm=organic&iid=en_U_Iv4xexa3dChr1lPPEpgz-j4mbRqegX66HOmozjZOmUXUlXZtOcRsgpDz4xDoZDIBUuTkIOV4ddmMah1l2_fhVst0-ZNV19x50N-wE7un6-6qRm7_8ArFL4aqkDKJ_I&ppt=None&ppn=None&ssid=mjejao65og0000001783424305254&qH=48a2105fee396fcf&ov_redirect=true&ov_redirect=true,https://rukminim2.flixcart.com/image/612/612/xif0q/pet-nail-clipper/c/8/m/cat-nail-cutter-cute-brown-bear-design-dog-cat-nail-clippers-original-imah9av4fyfbp8sq.jpeg?q=70,https://rukminim2.flixcart.com/image/612/612/xif0q/pet-nail-clipper/c/8/m/cat-nail-cutter-cute-brown-bear-design-dog-cat-nail-clippers-original-imah9av4fyfbp8sq.jpeg?q=70,,0,,,,12.0,0.0,4.5,,247.0,13.5,-1.5,61.92,rising,flipkart|gtrends,2026-07-07,2026-07-07T17:09:43.193059,342,912243c7e6645d4d,ortiza|ortiza cat nail cutter scissor nail clipper,58.8,61.92,58.8,3.12,0.0,0.87,0.0,,MONITOR
B0FX9ZHS2R,Foodie Puppies Colorful Cat Tunnel Toy for Indoor Cats (Slither Tunnel) | Foldable Interactive Play Tunnel with Peek Hole & H,foodie,cat_toys,,B0FX9ZHS2R,https://www.amazon.in/Foodie-Puppies-Cat-Tunnel-Slither/dp/B0FX9ZHS2R/ref=zg_bs_g_4771387031_d_sccl_15/522-4724523-7365803?psc=1,"https://images-eu.ssl-images-amazon.com/images/I/71X7ypHMwxL._AC_UL300_SR300,200_.jpg",,,,"https://images-eu.ssl-images-amazon.com/images/I/71X7ypHMwxL._AC_UL300_SR300,200_.jpg",12.0,0,4.7,7.0,490.0,,,,,,4.0,-6.0,61.84,rising,amazon|gtrends,2026-07-07,2026-07-07T17:09:43.164338,343,5ad9947c2b397164,foodie|foodie puppies colorful cat tunnel toy for indoor cats (slither tunnel) | foldab,58.72,61.84,58.72,3.12,0.0,0.87,0.0,,MONITOR
PFDHBKEPJJXAHXF3,"PetStar By Mankind Puppy Dog Food, High Protein Pack |Muscle Strength & Boosts Immunity Salmon, Rice 1...",petstar,dog_food,,,,,PFDHBKEPJJXAHXF3,https://www.flipkart.com/petstar-mankind-puppy-dog-food-high-protein-pack-muscle-strength-boosts-immunity-salmon-rice-1-kg-dry-young-food/p/itm67ee3ab4e3a8f?pid=PFDHBKEPJJXAHXF3&lid=LSTPFDHBKEPJJXAHXF3TMAOUK&marketplace=FLIPKART&q=puppy+food&store=p3t%2Fea3%2F8zj&srno=s_1_12&otracker=search&fm=organic&iid=en_42EwgwMC1g4fxHycuIDf_dSEkgHLTM7uFA9YirQyWax274hiCuBnOevKn8Koz7mbOtI7wYU5iX1OAYswZu6owNazeysyoajNZ80dvIkkvL2nest-6MSw_lz4YWWTVGRW&ppt=None&ppn=None&ssid=jgnht7d6n40000001783424250669&qH=1b10931195d885ee&ov_redirect=true,https://rukminim2.flixcart.com/image/312/312/xif0q/pet-food/n/p/u/1-dog-1-puppy-1-kg-salmon-rice-petstar-original-imahgzrfhhgm8gau.jpeg?q=70,https://rukminim2.flixcart.com/image/312/312/xif0q/pet-food/n/p/u/1-dog-1-puppy-1-kg-salmon-rice-petstar-original-imahgzrfhhgm8gau.jpeg?q=70,,0,,,,12.0,0.0,4.5,6.0,490.0,18.0,-3.2,61.82,rising,flipkart|gtrends,2026-07-07,2026-07-07T17:09:43.180439,344,3971d142492c477a,"petstar|petstar by mankind puppy dog food, high protein pack |muscle strength & boosts i",58.7,61.82,58.7,3.12,0.0,0.87,0.0,,MONITOR
PEBH4D6YJWYHY4MT,Zexsazone The round soft pet bed perfect for indoor cats puppies for all weather M Pet Bed M Pet Bed,zexsazone,beds_accessories,,,,,PEBH4D6YJWYHY4MT,https://www.flipkart.com/zexsazone-round-soft-pet-bed-perfect-indoor-cats-puppies-all-weather-m/p/itmfe91bf84c1f7b?pid=PEBH4D6YJWYHY4MT&lid=LSTPEBH4D6YJWYHY4MTKQKDNF&marketplace=FLIPKART&q=cat+bed&store=search.flipkart.com&srno=s_1_12&otracker=search&fm=organic&iid=en_HFLgcwQlYSdSR3RTgjxhnXQJsGvu8JWim9SqJzA4qbptrCVGWYE_OgjQaNX2CWW4pJbcdkZeqBQ2cmnn9GLvfvo4L3mGcZ-QHTXS3nrc_okEw6--d9mzm-sMCY6JklOk&ppt=None&ppn=None&ssid=uq8xefjfcg0000001783424311869&qH=0434bf5b1b52fdd8&ov_redirect=true&ov_redirect=true,https://rukminim2.flixcart.com/image/612/612/xif0q/pet-bed/b/x/i/m-the-round-soft-pet-bed-perfect-for-indoor-cats-puppies-for-all-original-imahhczrathcz57g.jpeg?q=70,https://rukminim2.flixcart.com/image/612/612/xif0q/pet-bed/b/x/i/m-the-round-soft-pet-bed-perfect-for-indoor-cats-puppies-for-all-original-imahhczrathcz57g.jpeg?q=70,,0,,,,12.0,0.0,4.5,,864.0,20.5,-2.0,61.82,rising,flipkart|gtrends,2026-07-07,2026-07-07T17:09:43.193901,345,c00cac21f7c1cd43,zexsazone|zexsazone the round soft pet bed perfect for indoor cats puppies for all weather,58.7,61.82,58.7,3.12,0.0,0.87,0.0,,MONITOR
B09D3F52F1,"AMORITE Anti-Bacterial 160 Count Pet Wipes with Fresh Apple Scent for Dogs, Puppies & Pets (Pack of 2) Suitable for All Types",amorite,grooming,,B09D3F52F1,https://www.amazon.in/AMORITE-Anti-Bacterial-Count-Wipes-Puppies/dp/B09D3F52F1/ref=zg_bs_g_4771396031_d_sccl_16/522-4724523-7365803?psc=1,"https://images-eu.ssl-images-amazon.com/images/I/714+F1Nxq1L._AC_UL300_SR300,200_.jpg",,,,"https://images-eu.ssl-images-amazon.com/images/I/714+F1Nxq1L._AC_UL300_SR300,200_.jpg",15.0,0,4.4,1000.0,187.0,,,,,,13.5,-1.5,61.8,rising,amazon|gtrends,2026-07-07,2026-07-07T17:09:43.166164,346,6c9999a56cf89aeb,"amorite|amorite anti-bacterial 160 count pet wipes with fresh apple scent for dogs, pupp",58.68,61.8,58.68,3.12,0.0,0.87,0.0,,MONITOR
PFDHEC8HTGR3GXGU,Bowlers Nutrimax Dry Dog Food Puppy Chicken & Milk 1.2 Kg | Stronger and sharper puppies Chicken 1.2 k...,bowlers,dog_food,,,,,PFDHEC8HTGR3GXGU,https://www.flipkart.com/bowlers-nutrimax-dry-dog-food-puppy-chicken-milk-1-2-kg-stronger-sharper-puppies-adult/p/itm6673ff2e8405a?pid=PFDHEC8HTGR3GXGU&lid=LSTPFDHEC8HTGR3GXGUJABBNI&marketplace=FLIPKART&q=puppy+food&store=p3t%2Fea3%2F8zj&srno=s_1_13&otracker=search&fm=organic&iid=bd00ce40-63e5-4628-8bfb-22760bef423a.PFDHEC8HTGR3GXGU.SEARCH&ppt=None&ppn=None&ssid=jgnht7d6n40000001783424250669&qH=1b10931195d885ee&ov_redirect=true,https://rukminim2.flixcart.com/image/312/312/xif0q/pet-food/e/z/e/1-2-dog-1-nutrimax-puppy-chicken-milk-bowlers-original-imahkarbq9gvhtfk.jpeg?q=70,https://rukminim2.flixcart.com/image/312/312/xif0q/pet-food/e/z/e/1-2-dog-1-nutrimax-puppy-chicken-milk-bowlers-original-imahkarbq9gvhtfk.jpeg?q=70,,0,,,,13.0,0.0,4.3,315.0,262.0,18.0,-3.2,61.79,rising,flipkart|gtrends,2026-07-07,2026-07-07T17:09:43.180483,347,1e9f373706031659,bowlers|bowlers nutrimax dry dog food puppy chicken & milk 1.2 kg | stronger and sharper,58.67,61.79,58.67,3.12,0.0,0.87,0.0,,MONITOR
PHSGWRZD5JJ4WKB4,"Vetoquinol aRBCe Pet, Multivitamin supplement Syrup For Dogs & Cats Pet Health Supplements",vetoquinol,health_wellness,,,,,PHSGWRZD5JJ4WKB4,https://www.flipkart.com/vetoquinol-arbce-pet-multivitamin-supplement-syrup-dogs-cats-pet-health-supplements/p/itmb6a50564c4bf1?pid=PHSGWRZD5JJ4WKB4&lid=LSTPHSGWRZD5JJ4WKB4BQYWUW&marketplace=FLIPKART&q=cat+supplements&store=p3t&srno=s_1_13&otracker=search&fm=organic&iid=61aa2c0e-2a83-439a-93a1-cc41c1109675.PHSGWRZD5JJ4WKB4.SEARCH&ppt=None&ppn=None&ssid=ffcjbt28yo0000001783424323762&qH=58da44c7ca993adc&ov_redirect=true&ov_redirect=true,https://rukminim2.flixcart.com/image/612/612/xif0q/pet-health-supplement/d/t/m/200-arbce-pet-multivitamin-supplement-syrup-for-dogs-cats-original-imah23yyenwujj26.jpeg?q=70,https://rukminim2.flixcart.com/image/612/612/xif0q/pet-health-supplement/d/t/m/200-arbce-pet-multivitamin-supplement-syrup-for-dogs-cats-original-imah23yyenwujj26.jpeg?q=70,,0,,,,13.0,0.0,4.7,,161.0,0.5,0.0,61.78,rising,flipkart|gtrends,2026-07-07,2026-07-07T17:09:43.195967,348,f3b01c66c91c409a,"vetoquinol|vetoquinol arbce pet, multivitamin supplement syrup for dogs & cats pet health s",58.66,61.78,58.66,3.12,0.0,0.87,0.0,,MONITOR
PSOGWEHZWJTHJFR8,"Provimi Pet Care Pethex Shampoo Anti-itching, Anti-parasitic, Anti-fungal, Anti-microbial Unscented Dog Shampoo",provimi,grooming,,,,,PSOGWEHZWJTHJFR8,https://www.flipkart.com/provimi-pet-care-pethex-shampoo-anti-itching-anti-parasitic-anti-fungal-anti-microbial-unscented-dog/p/itm390549e4471ca?pid=PSOGWEHZWJTHJFR8&lid=LSTPSOGWEHZWJTHJFR8V00HYC&marketplace=FLIPKART&q=dog+shampoo&store=p3t%2Fixl%2Fosh&srno=s_1_13&otracker=search&fm=organic&iid=87e2e3b7-1bcf-4dee-85cd-caa8a4b0d5c8.PSOGWEHZWJTHJFR8.SEARCH&ppt=None&ppn=None&ssid=1pizov16ps0000001783424297200&qH=8d82257ae22a2792&ov_redirect=true&ov_redirect=true,https://rukminim2.flixcart.com/image/612/612/xif0q/pet-shampoo/3/x/d/200-pet-care-pethex-shampoo-provimi-original-imagwehzgzh283nd.jpeg?q=70,https://rukminim2.flixcart.com/image/612/612/xif0q/pet-shampoo/3/x/d/200-pet-care-pethex-shampoo-provimi-original-imagwehzgzh283nd.jpeg?q=70,,0,,,,13.0,0.0,4.8,,288.0,13.5,-1.5,61.76,rising,flipkart|gtrends,2026-07-07,2026-07-07T17:09:43.190813,349,390a5e2438ce0e37,"provimi|provimi pet care pethex shampoo anti-itching, anti-parasitic, anti-fungal, anti-",58.64,61.76,58.64,3.12,0.0,0.87,0.0,,MONITOR
B0B1X2XGTP,"Foodie Puppies Self Cleaning Slicker, Pet Grooming Shedding Brush for Dogs and Cats (Push to Clean Slicker, Oval) - Easy to R",foodie,grooming,,B0B1X2XGTP,https://www.amazon.in/Foodie-Puppies-Cleaning-Slicker-Grooming/dp/B0B1X2XGTP/ref=zg_bs_g_4771396031_d_sccl_15/522-4724523-7365803?psc=1,"https://images-eu.ssl-images-amazon.com/images/I/61HJSSdQNOL._AC_UL300_SR300,200_.jpg",,,,"https://images-eu.ssl-images-amazon.com/images/I/61HJSSdQNOL._AC_UL300_SR300,200_.jpg",14.0,0,4.2,681.0,145.0,,,,,,13.5,-1.5,61.69,rising,amazon|gtrends,2026-07-07,2026-07-07T17:09:43.166087,350,2fcdba57c3d0dfe9,"foodie|foodie puppies self cleaning slicker, pet grooming shedding brush for dogs and c",58.57,61.69,58.57,3.12,0.0,0.87,0.0,,MONITOR
PHSH3JFFGZWBCXDN,Beaphar HD Tablet Dog Joint Supplement for Hip Dysplasia & Joint Problems Pet Health Supplements,beaphar,health_wellness,,,,,PHSH3JFFGZWBCXDN,https://www.flipkart.com/beaphar-hd-tablet-dog-joint-supplement-hip-dysplasia-problems-pet-health-supplements/p/itm71f85f8a2bded?pid=PHSH3JFFGZWBCXDN&lid=LSTPHSH3JFFGZWBCXDNG5CIMG&marketplace=FLIPKART&q=joint+supplement+for+dogs&store=p3t&srno=s_1_12&otracker=search&fm=organic&iid=en_MquQSzNXHg1tkGJg1-auVWWRmHrQdb2xWUHFDmv9kzxZrI8om4v5ti8vPxMUTgQWk_I6YM8OjxOdqVIiVVE2VM1KXmNRldrCnY1aRa_KdcQcGbY-tmr14j2ek4Q5PqY_&ppt=None&ppn=None&ssid=srm44c08ww0000001783424329919&qH=b0e4c33d635c1c86&ov_redirect=true&ov_redirect=true,https://rukminim2.flixcart.com/image/612/612/xif0q/pet-health-supplement/c/7/r/60-hd-tablet-dog-joint-supplement-for-hip-dysplasia-joint-original-imahcsqfdcydkhuf.jpeg?q=70,https://rukminim2.flixcart.com/image/612/612/xif0q/pet-health-supplement/c/7/r/60-hd-tablet-dog-joint-supplement-for-hip-dysplasia-joint-original-imahcsqfdcydkhuf.jpeg?q=70,,0,,,,12.0,0.0,4.3,,774.0,0.5,0.0,61.66,rising,flipkart|gtrends,2026-07-07,2026-07-07T17:09:43.198106,351,a72796bf06c0bd2e,beaphar|beaphar hd tablet dog joint supplement for hip dysplasia & joint problems pet he,58.54,61.66,58.54,3.12,0.0,0.87,0.0,,MONITOR
PFDGZF7BE2TGQGXE,Royal Canin Mother & BabyCat 1.2 kg Dry New Born Cat Food,royal canin,cat_food,,,,,PFDGZF7BE2TGQGXE,https://www.flipkart.com/royal-canin-mother-babycat-1-2-kg-dry-new-born-cat-food/p/itm5de2204d3f5b9?pid=PFDGZF7BE2TGQGXE&lid=LSTPFDGZF7BE2TGQGXEUHTFXK&marketplace=FLIPKART&q=royal+canin+cat+food&store=p3t%2F0mo%2Foiv&srno=s_1_13&otracker=search&fm=organic&iid=8c819297-3b7e-4c85-b19b-312f8798d713.PFDGZF7BE2TGQGXE.SEARCH&ppt=None&ppn=None&ssid=htiipb2zbk0000001783424271148&qH=d9e0c635368b029a&ov_redirect=true&ov_redirect=true,https://rukminim2.flixcart.com/image/612/612/xif0q/pet-food/t/k/5/1-2-cat-1-3182550930888-royal-canin-original-imahbzpfshqwgffe.jpeg?q=70,https://rukminim2.flixcart.com/image/612/612/xif0q/pet-food/t/k/5/1-2-cat-1-3182550930888-royal-canin-original-imahbzpfshqwgffe.jpeg?q=70,,0,,,,13.0,0.0,4.7,,1306.0,21.67,-0.67,61.65,rising,flipkart|gtrends,2026-07-07,2026-07-07T17:09:43.183395,352,fa23d4d1d9b9bcfb,royal canin|royal canin mother & babycat 1.2 kg dry new born cat food,58.53,61.65,58.53,3.12,0.0,0.87,0.0,,MONITOR
PLNGYHZZPJ9HQNUC,dubidu DG-10F-DC 300 cm Dog Chain Leash,dubidu,collars_leashes,,,,,PLNGYHZZPJ9HQNUC,https://www.flipkart.com/dubidu-dg-10f-dc-300-cm-dog-chain-leash/p/itm7ad69e65c075c?pid=PLNGYHZZPJ9HQNUC&lid=LSTPLNGYHZZPJ9HQNUCLEMOKB&marketplace=FLIPKART&q=dog+leash&store=p3t%2Fea3%2Fpmw&srno=s_1_10&otracker=search&fm=organic&iid=b8417349-ae6c-4b7f-a2f6-0b0bd52f98fc.PLNGYHZZPJ9HQNUC.SEARCH&ppt=None&ppn=None&ssid=c2vsj1dnb40000001783424340877&qH=b0e743e99781d2ae&ov_redirect=true&ov_redirect=true,https://rukminim2.flixcart.com/image/612/612/xif0q/pet-leash-chain/m/u/w/dg-10f-dc-dubidu-original-imahkf94rpfzqhy5.jpeg?q=70,https://rukminim2.flixcart.com/image/612/612/xif0q/pet-leash-chain/m/u/w/dg-10f-dc-dubidu-original-imahkf94rpfzqhy5.jpeg?q=70,,0,,,,10.0,0.0,4.0,,248.0,5.0,-3.0,61.6,rising,flipkart|gtrends,2026-07-07,2026-07-07T17:09:43.200962,353,122399f2ac1d871e,dubidu|dubidu dg-10f-dc 300 cm dog chain leash,59.1,61.6,59.1,2.5,0.0,0.87,0.0,,MONITOR
PCLHDGCYVCHCZGVU,tore Smni oA Set of 3pcs pet 10mm belt neck collar with bell neck strap for cats and puppies Dog & Cat Everyday Collar,tore,collars_leashes,,,,,PCLHDGCYVCHCZGVU,https://www.flipkart.com/tore-smni-oa-set-3pcs-pet-10mm-belt-neck-collar-bell-strap-cats-puppies-dog-cat-everyday/p/itm105d681d84646?pid=PCLHDGCYVCHCZGVU&lid=LSTPCLHDGCYVCHCZGVUKCKKEB&marketplace=FLIPKART&q=cat+collar&store=p3t&srno=s_1_10&otracker=search&fm=organic&iid=97d963cc-803d-4934-929b-135709a63dac.PCLHDGCYVCHCZGVU.SEARCH&ppt=None&ppn=None&ssid=dl7gz1mpu80000001783424338174&qH=831161a82e2648a4&ov_redirect=true&ov_redirect=true,https://rukminim2.flixcart.com/image/612/612/xif0q/pet-collar-harness/4/o/q/small-catcollar3-tore-smni-oa-original-imahdmutgjsvndvw.jpeg?q=70,https://rukminim2.flixcart.com/image/612/612/xif0q/pet-collar-harness/4/o/q/small-catcollar3-tore-smni-oa-original-imahdmutgjsvndvw.jpeg?q=70,,0,,,,10.0,0.0,4.0,,130.0,5.0,-3.0,61.6,rising,flipkart|gtrends,2026-07-07,2026-07-07T17:09:43.200153,354,ff797967fd7f320b,tore|tore smni oa set of 3pcs pet 10mm belt neck collar with bell neck strap for cats,59.1,61.6,59.1,2.5,0.0,0.87,0.0,,MONITOR
PHSFVENZ7UTVPDZ2,"Virbac Canitone Joint Support, Nutritional supplement Tablets for Dogs and Cats Pet Health Supplements",virbac,health_wellness,,,,,PHSFVENZ7UTVPDZ2,https://www.flipkart.com/virbac-canitone-joint-support-nutritional-supplement-tablets-dogs-cats-pet-health-supplements/p/itm1c2bb1b13c25e?pid=PHSFVENZ7UTVPDZ2&lid=LSTPHSFVENZ7UTVPDZ2MHC7F7&marketplace=FLIPKART&q=joint+supplement+for+dogs&store=p3t&srno=s_1_13&otracker=search&fm=organic&iid=249225c6-231a-4d9b-a19d-6ab5cf30ee59.PHSFVENZ7UTVPDZ2.SEARCH&ppt=None&ppn=None&ssid=srm44c08ww0000001783424329919&qH=b0e4c33d635c1c86&ov_redirect=true&ov_redirect=true,https://rukminim2.flixcart.com/image/612/612/kesv0y80/pet-health-supplement/d/z/2/30-canitone-joint-support-nutritional-supplement-tablets-for-original-imafveqvstpvt4vz.jpeg?q=70,https://rukminim2.flixcart.com/image/612/612/kesv0y80/pet-health-supplement/d/z/2/30-canitone-joint-support-nutritional-supplement-tablets-for-original-imafveqvstpvt4vz.jpeg?q=70,,0,,,,13.0,0.0,4.6,,439.0,0.5,0.0,61.5,rising,flipkart|gtrends,2026-07-07,2026-07-07T17:09:43.198159,355,a7ffc18f3822c123,"virbac|virbac canitone joint support, nutritional supplement tablets for dogs and cats ",58.38,61.5,58.38,3.12,0.0,0.87,0.0,,MONITOR
PHSH4NEDHCQFTWYB,"Petroyale Allergy & Itch Chews for Dogs, Relief from Allergies, Hot Spots, Dry Skin For Pet Health Supplements",petroyale,health_wellness,,,,,PHSH4NEDHCQFTWYB,https://www.flipkart.com/petroyale-allergy-itch-chews-dogs-relief-allergies-hot-spots-dry-skin-pet-health-supplements/p/itm166a78c077518?pid=PHSH4NEDHCQFTWYB&lid=LSTPHSH4NEDHCQFTWYBIA1DKT&marketplace=FLIPKART&q=joint+supplement+for+dogs&store=p3t&srno=s_1_11&otracker=search&fm=organic&iid=en_MquQSzNXHg1tkGJg1-auVWWRmHrQdb2xWUHFDmv9kzwj-2zXaGJLEuHqE8GXzPh-2lgLMjBJZ6ulJfIiGMIsInw0SCzRIRpZZQNX8-6OqNP-thqe1r0vitQjIjFRrmbv&ppt=None&ppn=None&ssid=srm44c08ww0000001783424329919&qH=b0e4c33d635c1c86&ov_redirect=true&ov_redirect=true,https://rukminim2.flixcart.com/image/612/612/xif0q/pet-health-supplement/s/k/j/20-allergy-itch-chews-for-dogs-relief-from-allergies-hot-spots-original-imahmrezwkqhezw5.jpeg?q=70,https://rukminim2.flixcart.com/image/612/612/xif0q/pet-health-supplement/s/k/j/20-allergy-itch-chews-for-dogs-relief-from-allergies-hot-spots-original-imahmrezwkqhezw5.jpeg?q=70,,0,,,,11.0,0.0,4.1,,382.0,0.5,0.0,61.48,rising,flipkart|gtrends,2026-07-07,2026-07-07T17:09:43.196034,356,53ba13a1dfc72f3d,"petroyale|petroyale allergy & itch chews for dogs, relief from allergies, hot spots, dry s",58.98,61.48,58.98,2.5,0.0,0.87,0.0,,MONITOR
PFDGARPGUCYZQGYH,Let's bite Active Chicken 10 Kg Dry Young Dog Food,lets,dog_food,,,,,PFDGARPGUCYZQGYH,https://www.flipkart.com/let-s-bite-active-chicken-10-kg-dry-young-dog-food/p/itm48806f48bd724?pid=PFDGARPGUCYZQGYH&lid=LSTPFDGARPGUCYZQGYHDLASC5&marketplace=FLIPKART&q=royal+canin+dog+food&store=p3t%2Fea3%2F8zj&srno=s_1_12&otracker=search&fm=organic&iid=en_xB7X-bFUCXe4y9u4hklvzh2PlNSc8v0K-WgNpjV0rb2uFazqWQtjzyy0RQSRFHpWN51O3WadooKJlCtqpEKu5nL4cAslchOkvzXNibqm6xP9futUDx2k-nxcS7olu2Di&ppt=None&ppn=None&ssid=tuz9tvum340000001783424255774&qH=daddb49dcea591ec&ov_redirect=true,https://rukminim2.flixcart.com/image/312/312/xif0q/pet-food/b/c/z/-original-imahztyctvvszhad.jpeg?q=70,https://rukminim2.flixcart.com/image/312/312/xif0q/pet-food/b/c/z/-original-imahztyctvvszhad.jpeg?q=70,,0,,,,12.0,0.0,4.2,44.0,1784.0,18.0,-3.2,61.4,rising,flipkart|gtrends,2026-07-07,2026-07-07T17:09:43.181533,357,2984f74a12fc7868,lets|let's bite active chicken 10 kg dry young dog food,58.28,61.4,58.28,3.12,0.0,0.87,0.0,,MONITOR
PTYHD5YGZGWJ4XHU,"Plushmate Plushmate x Petaholic Interactive Dog Squeaky Plush Squirrel Toy Copper, Polyester Squeaky Toy For Dog",plushmate,dog_toys,,,,,PTYHD5YGZGWJ4XHU,https://www.flipkart.com/plushmate-x-petaholic-interactive-dog-squeaky-plush-squirrel-toy-copper-polyester/p/itmf2b4fb2bea477?pid=PTYHD5YGZGWJ4XHU&lid=LSTPTYHD5YGZGWJ4XHU3WJR3P&marketplace=FLIPKART&q=kong+dog+toy&store=search.flipkart.com&srno=s_1_6&otracker=search&fm=organic&iid=474ceca2-7edf-42ed-b744-bb801b6b5e42.PTYHD5YGZGWJ4XHU.SEARCH&ppt=None&ppn=None&ssid=dj4tyd2ftc0000001783424281567&qH=f85aed73ab1bacb4&ov_redirect=true&ov_redirect=true,https://rukminim2.flixcart.com/image/612/612/xif0q/pet-toy/w/w/t/1-tyd12-plushmate-original-imahdyt3sxhurxus.jpeg?q=70,https://rukminim2.flixcart.com/image/612/612/xif0q/pet-toy/w/w/t/1-tyd12-plushmate-original-imahdyt3sxhurxus.jpeg?q=70,,0,,,,6.0,0.0,,,424.0,3.0,0.0,61.38,rising,flipkart|gtrends,2026-07-07,2026-07-07T17:09:43.185879,358,a59ab6704d4ab940,plushmate|plushmate plushmate x petaholic interactive dog squeaky plush squirrel toy coppe,59.5,61.38,59.5,1.88,0.0,0.87,0.0,,MONITOR
PCTGZYBYE3WBYEBS,"chullbull pet products 36 Inch Pet Cage with Removable Tray (Dogs, Cats) Suitable for Large Breeds Hard Crate Pet Crate",chullbull,beds_accessories,,,,,PCTGZYBYE3WBYEBS,https://www.flipkart.com/chullbull-pet-products-36-inch-cage-removable-tray-dogs-cats-suitable-large-breeds-hard-crate/p/itm59ca65bc9808b?pid=PCTGZYBYE3WBYEBS&lid=LSTPCTGZYBYE3WBYEBS0ZBQIZ&marketplace=FLIPKART&q=dog+crate&store=search.flipkart.com&srno=s_1_13&otracker=search&fm=organic&iid=4747a1f7-bb53-44a0-8802-41467b35937c.PCTGZYBYE3WBYEBS.SEARCH&ppt=None&ppn=None&ssid=tj3vfu42e80000001783424314794&qH=de7c627fb64ada71&ov_redirect=true&ov_redirect=true,https://rukminim2.flixcart.com/image/612/612/xif0q/pet-crate/y/o/1/2-36-inch-pet-cage-with-removable-plastic-tray-dogs-cats-rabbits-original-imahyjmg9ugkzwhv.jpeg?q=70,https://rukminim2.flixcart.com/image/612/612/xif0q/pet-crate/y/o/1/2-36-inch-pet-cage-with-removable-plastic-tray-dogs-cats-rabbits-original-imahyjmg9ugkzwhv.jpeg?q=70,,0,,,,13.0,0.0,4.7,,3303.0,20.5,-2.0,61.38,rising,flipkart|gtrends,2026-07-07,2026-07-07T17:09:43.194618,359,b63f8e08e2006c71,"chullbull|chullbull pet products 36 inch pet cage with removable tray (dogs, cats) suitabl",58.26,61.38,58.26,3.12,0.0,0.87,0.0,,MONITOR
B0GW31K1S3,"ZEXSAZONE Folding Elevated Dog Bed 50x50x17 cm | Cooling Pet Cot for Small Dogs & Cats | Breathable Canvas Fabric, SS 302 Fra",zexsazone,beds_accessories,,B0GW31K1S3,https://www.amazon.in/ZEXSAZONE-Elevated-50x50x17-Breathable-Anti-Slip/dp/B0GW31K1S3/ref=zg_bs_g_4771390031_d_sccl_13/522-4724523-7365803?psc=1,"https://images-eu.ssl-images-amazon.com/images/I/714b81xQv3L._AC_UL300_SR300,200_.jpg",,,,"https://images-eu.ssl-images-amazon.com/images/I/714b81xQv3L._AC_UL300_SR300,200_.jpg",13.0,0,4.5,25.0,,,,,,,20.5,-2.0,61.32,rising,amazon|gtrends,2026-07-07,2026-07-07T17:09:43.169843,360,0b9abb27707577f6,zexsazone|zexsazone folding elevated dog bed 50x50x17 cm | cooling pet cot for small dogs ,58.2,61.32,58.2,3.12,0.0,0.87,0.0,,MONITOR
B005ZS7OUG,"Royal Canin Mini Puppy Food, Dry Food, Supports Complex Natural Defence & digestive health, Supports Immune System, 800 Grams",royal canin,dog_food,,B005ZS7OUG,https://www.amazon.in/Supports-Complex-Natural-Defence-digestive/dp/B005ZS7OUG/ref=zg_bs_g_4771395031_d_sccl_20/522-4724523-7365803?psc=1,"https://images-eu.ssl-images-amazon.com/images/I/61EENt55NSL._AC_UL300_SR300,200_.jpg",,,,"https://images-eu.ssl-images-amazon.com/images/I/61EENt55NSL._AC_UL300_SR300,200_.jpg",18.0,0,4.4,9339.0,882.0,,,,,,18.0,-3.2,61.3,rising,amazon|gtrends,2026-07-07,2026-07-07T17:09:43.160854,361,d0b77a034b067d23,"royal canin|royal canin mini puppy food, dry food, supports complex natural defence & digest",58.18,61.3,58.18,3.12,0.0,0.87,0.0,,MONITOR
PTYH5EFQUNCNT6E6,"PetJoy Cat Titans Tower, Interactive Cat Ball Toy, Game for Cats(Color may Vary) Plastic Training Aid, Tough Toy For Cat",petjoy,cat_toys,,,,,PTYH5EFQUNCNT6E6,https://www.flipkart.com/petjoy-cat-titans-tower-interactive-ball-toy-game-cats-color-may-vary-plastic-training-aid-tough-toy/p/itmf74bce6c32fb6?pid=PTYH5EFQUNCNT6E6&lid=LSTPTYH5EFQUNCNT6E6ZSYPTD&marketplace=FLIPKART&q=interactive+cat+toy&store=p3t&srno=s_1_10&otracker=search&fm=organic&iid=c7f1756f-91f9-4944-90cc-2787dea405fa.PTYH5EFQUNCNT6E6.SEARCH&ppt=None&ppn=None&ssid=keh8997g2o0000001783424292071&qH=6f2caafe5fdbc2f8&ov_redirect=true&ov_redirect=true,https://rukminim2.flixcart.com/image/612/612/xif0q/pet-toy/g/e/l/1-pjct106-petjoy-original-imahjhzasrashhtf.jpeg?q=70,https://rukminim2.flixcart.com/image/612/612/xif0q/pet-toy/g/e/l/1-pjct106-petjoy-original-imahjhzasrashhtf.jpeg?q=70,,0,,,,10.0,0.0,4.1,,285.0,4.0,-6.0,61.28,rising,flipkart|gtrends,2026-07-07,2026-07-07T17:09:43.189411,362,2b3660bdfc983c94,"petjoy|petjoy cat titans tower, interactive cat ball toy, game for cats(color may vary)",58.78,61.28,58.78,2.5,0.0,0.87,0.0,,MONITOR
PSOGQY7PWYTMJBYH,"Pet Life Anti Ticks & Lice Neem Dog Shampoo 60ml+ Dog Antiseptic Freshener Spray 60ml Flea and Tick, Conditioning, Anti-itching, Anti-fungal Fresh Fragrance, Safe Deodorizer Freshener, All Dog Breed Dog Shampoo",,health_wellness,,,,,PSOGQY7PWYTMJBYH,https://www.flipkart.com/pet-life-anti-ticks-lice-neem-dog-shampoo-60ml-antiseptic-freshener-spray-60ml-flea-tick-conditioning-anti-itching-anti-fungal-fresh-fragrance-safe-deodorizer-freshener-all-breed/p/itme54060825d7ea?pid=PSOGQY7PWYTMJBYH&lid=LSTPSOGQY7PWYTMJBYHA6PNZP&marketplace=FLIPKART&q=flea+tick+medicine+for+dogs&store=p3t%2Fixl%2Fosh&srno=s_1_11&otracker=search&fm=organic&iid=en_Xo65uYsQb9WLOHE8TbQtC7DPdPwNb65Zq1L3VpL2zHYP1F46j62zZsS5WTDRHbOpzzsH11h9kq0NSW-H4p7KGeHg8bvYd5H600iM7RztThaTS2lqmOK0CFi2hFN5KZFU&ppt=None&ppn=None&ssid=7ynyuyy6cw0000001783424326799&qH=2ddc765890887549&ov_redirect=true&ov_redirect=true,https://rukminim2.flixcart.com/image/612/612/xif0q/pet-shampoo/n/y/p/120-anti-ticks-lice-neem-dog-shampoo-60ml-dog-antiseptic-original-imagqy7pzv4xutkk.jpeg?q=70,https://rukminim2.flixcart.com/image/612/612/xif0q/pet-shampoo/n/y/p/120-anti-ticks-lice-neem-dog-shampoo-60ml-dog-antiseptic-original-imagqy7pzv4xutkk.jpeg?q=70,,0,,,,11.0,0.0,4.0,,167.0,0.5,0.0,61.2,rising,flipkart|gtrends,2026-07-07,2026-07-07T17:09:43.197159,363,8801d74dcbb70df9,|pet life anti ticks & lice neem dog shampoo 60ml+ dog antiseptic freshener spray,58.7,61.2,58.7,2.5,0.0,0.87,0.0,,MONITOR
PTYH4FSE3GNYFQJU,"PetJoy Cat Toy Teaser Playing Stick with Mouse And Bell, Interactive Feather Wand Toy Wooden Stick For Cat",petjoy,cat_toys,,,,,PTYH4FSE3GNYFQJU,https://www.flipkart.com/petjoy-cat-toy-teaser-playing-stick-mouse-bell-interactive-feather-wand-wooden/p/itm717ffe3284f25?pid=PTYH4FSE3GNYFQJU&lid=LSTPTYH4FSE3GNYFQJUOW7K3B&marketplace=FLIPKART&q=interactive+cat+toy&store=p3t&srno=s_1_11&otracker=search&fm=organic&iid=en_O1C8HtB0IjQQ-oR1jQZaPrgaEMfbbv6oDiGohR0hI7uqSxZryN5Qs6t2zy7j9HncnLLdgQLwLwwBQan6hP82Frh2PnvHM3eyZHWSkkIk5-OOM6mm7wTBsCCcbxDyn13Z&ppt=None&ppn=None&ssid=keh8997g2o0000001783424292071&qH=6f2caafe5fdbc2f8&ov_redirect=true&ov_redirect=true,https://rukminim2.flixcart.com/image/612/612/xif0q/pet-toy/s/e/b/1-pjhe075-petjoy-enriched-transparent-original-imahhzphmv9nn84g.png?q=70,https://rukminim2.flixcart.com/image/612/612/xif0q/pet-toy/s/e/b/1-pjhe075-petjoy-enriched-transparent-original-imahhzphmv9nn84g.png?q=70,,0,,,,11.0,0.0,4.2,,185.0,4.0,-6.0,61.18,rising,flipkart|gtrends,2026-07-07,2026-07-07T17:09:43.189466,364,0bc204d5e36be92e,"petjoy|petjoy cat toy teaser playing stick with mouse and bell, interactive feather wan",58.06,61.18,58.06,3.12,0.0,0.87,0.0,,MONITOR
B08GHB163G,Foodie Puppies Dog Training Walking Leash Rope - (Nylon Leash - 18mm) Dog Cord Leash for Medium to Large-Sized Dogs with Hook,foodie,collars_leashes,,B08GHB163G,https://www.amazon.in/Foodie-Puppies-Stylish-Training-Strong/dp/B08GHB163G/ref=zg_bs_g_4771392031_d_sccl_16/522-4724523-7365803?psc=1,"https://images-eu.ssl-images-amazon.com/images/I/71ms1P70B+L._AC_UL300_SR300,200_.jpg",,,,"https://images-eu.ssl-images-amazon.com/images/I/71ms1P70B+L._AC_UL300_SR300,200_.jpg",15.0,0,4.0,2054.0,199.0,,,,,,5.0,-3.0,61.13,rising,amazon|gtrends,2026-07-07,2026-07-07T17:09:43.176822,365,7eb910a2f520424d,foodie|foodie puppies dog training walking leash rope - (nylon leash - 18mm) dog cord l,58.63,61.13,58.63,2.5,0.0,0.87,0.0,,MONITOR
PFDH5AQ4PNHAQY5Z,Whiskas (1+ Years) Tuna 1.12 kg (14x0.08 kg) Wet Adult Cat Food,whiskas,cat_food,,,,,PFDH5AQ4PNHAQY5Z,https://www.flipkart.com/whiskas-1-years-tuna-1-12-kg-14x0-08-kg-wet-adult-cat-food/p/itme441ec9b78f16?pid=PFDH5AQ4PNHAQY5Z&lid=LSTPFDH5AQ4PNHAQY5Z9OHT7O&marketplace=FLIPKART&q=whiskas+cat+food&store=p3t%2F0mo%2Foiv&srno=s_1_13&otracker=search&fm=organic&iid=277a2e5a-7f5c-426e-9eca-9fa4eeca5d96.PFDH5AQ4PNHAQY5Z.SEARCH&ppt=None&ppn=None&ssid=yzr2xmfm9c0000001783424268608&qH=46a274706d720cac&ov_redirect=true&ov_redirect=true,https://rukminim2.flixcart.com/image/612/612/xif0q/pet-food/d/s/i/-original-imaheszfsznuepft.jpeg?q=70,https://rukminim2.flixcart.com/image/612/612/xif0q/pet-food/d/s/i/-original-imaheszfsznuepft.jpeg?q=70,,0,,,,13.0,0.0,4.5,,630.0,21.67,-0.67,61.09,rising,flipkart|gtrends,2026-07-07,2026-07-07T17:09:43.182934,366,52165159929147fa,whiskas|whiskas (1+ years) tuna 1.12 kg (14x0.08 kg) wet adult cat food,57.97,61.09,57.97,3.12,0.0,0.86,0.0,,MONITOR
PDEHEH5JMW783GZY,FURPRO Puppy Toilet Training Pee Pad|Leak Proof Odour Free Mat 60x60cm 10Pieces Disposable Dog Diapers,furpro,training,,,,,PDEHEH5JMW783GZY,https://www.flipkart.com/furpro-puppy-toilet-training-pee-pad-leak-proof-odour-free-mat-60x60cm-10pieces-disposable-dog-diapers/p/itmbfb152871e985?pid=PDEHEH5JMW783GZY&lid=LSTPDEHEH5JMW783GZYRLKO4O&marketplace=FLIPKART&q=puppy+training+pads&store=p3t%2Fixl%2Fhmu&srno=s_1_6&otracker=search&fm=organic&iid=en_omjqoua815HyEyKbKGy2q_-q36HGX_wQOiVD2zwC7PCNLq2ExYhc1l4PO25vGZtfj7D-Aahdrmq6iLgXl1x0ZXsCrIUiy_rDxqBv15wGWjkigWQvBXQu8-yLZkbzqjMX&ppt=None&ppn=None&ssid=vikbikuy8w0000001783424349196&qH=a418c91bf2bdb70b&ov_redirect=true&ov_redirect=true,https://rukminim2.flixcart.com/image/612/612/xif0q/pet-diaper/c/l/r/0-25-puppy-toilet-training-pee-pad-leak-proof-odour-free-mat-original-imahgv96xxhbcshm.jpeg?q=70,https://rukminim2.flixcart.com/image/612/612/xif0q/pet-diaper/c/l/r/0-25-puppy-toilet-training-pee-pad-leak-proof-odour-free-mat-original-imahgv96xxhbcshm.jpeg?q=70,,0,,,,6.0,0.0,,,400.0,0.5,-2.0,60.98,rising,flipkart|gtrends,2026-07-07,2026-07-07T17:09:43.203108,367,0397d43106f21cf6,furpro|furpro puppy toilet training pee pad|leak proof odour free mat 60x60cm 10pieces ,59.1,60.98,59.1,1.88,0.0,0.87,0.0,,MONITOR
PCLHZWKYSJTGT2T2,Petgrip PetGrip Dog Collar & Leash Set Small 4FT Red Dog Collar & Leash,petgrip,training,,,,,PCLHZWKYSJTGT2T2,https://www.flipkart.com/petgrip-dog-collar-leash-set-small-4ft-red/p/itm16384e70edc49?pid=PCLHZWKYSJTGT2T2&lid=LSTPCLHZWKYSJTGT2T2ADDA9Z&marketplace=FLIPKART&q=anti+bark+collar&store=search.flipkart.com&srno=s_1_6&otracker=search&fm=organic&iid=en_9pYVfEVMOHvKr1gPSl8VOCEejdh4sqL7CdSEfvV4_xGHJgDvIQOgAYdu_U2AwzdOJ8bNAL8vN8kDsIRRVbIBF3QpE0k6W9HZ2IkBsX-ZtMbC0sK_kE4VrfF-uCqTyhdi&ppt=None&ppn=None&ssid=p8wimx3quo0000001783424357818&qH=f1fde8a6826f7c4a&ov_redirect=true&ov_redirect=true,https://rukminim2.flixcart.com/image/612/612/xif0q/pet-collar-harness/n/v/n/small-pg-dcls-4ft-s-rd-petgrip-original-imahzwkyxqfnef3f.jpeg?q=70,https://rukminim2.flixcart.com/image/612/612/xif0q/pet-collar-harness/n/v/n/small-pg-dcls-4ft-s-rd-petgrip-original-imahzwkyxqfnef3f.jpeg?q=70,,0,,,,6.0,0.0,,,225.0,0.5,-2.0,60.98,rising,flipkart|gtrends,2026-07-07,2026-07-07T17:09:43.205161,368,a480d6e17bf5687a,petgrip|petgrip petgrip dog collar & leash set small 4ft red dog collar & leash,59.1,60.98,59.1,1.88,0.0,0.87,0.0,,MONITOR
B0CZTWK5T3,BarkButler x FOFOS Retractable Cat Worm Teaser - Interactive Cat Toys with Catnip - Cat Teaser Toy Set - Multicoloured,barkbutler,cat_toys,,B0CZTWK5T3,https://www.amazon.in/BarkButler-FOFOS-Cat-Toys-Accessories/dp/B0CZTWK5T3/ref=zg_bs_g_4771387031_d_sccl_18/522-4724523-7365803?psc=1,"https://images-eu.ssl-images-amazon.com/images/I/71W9h5S6ivL._AC_UL300_SR300,200_.jpg",,,,"https://images-eu.ssl-images-amazon.com/images/I/71W9h5S6ivL._AC_UL300_SR300,200_.jpg",14.0,0,4.2,733.0,330.0,,,,,,4.0,-6.0,60.89,rising,amazon|gtrends,2026-07-07,2026-07-07T17:09:43.164457,369,4683b39d3824b51c,barkbutler|barkbutler x fofos retractable cat worm teaser - interactive cat toys with catni,57.77,60.89,57.77,3.12,0.0,0.86,0.0,,MONITOR
PFDGJSD8UZKYEGS9,Purepet Sea Food 6 kg Dry Adult Cat Food,purepet,cat_food,,,,,PFDGJSD8UZKYEGS9,https://www.flipkart.com/purepet-sea-food-6-kg-dry-adult-cat/p/itma5f0671f3dcb6?pid=PFDGJSD8UZKYEGS9&lid=LSTPFDGJSD8UZKYEGS9QFDU6I&marketplace=FLIPKART&q=cat+food&store=p3t%2F0mo%2Foiv&srno=s_1_13&otracker=search&fm=organic&iid=49af5483-7d40-4f2e-bddd-d5bd2a4699e9.PFDGJSD8UZKYEGS9.SEARCH&ppt=None&ppn=None&ssid=072jdsvxlc0000001783424263463&qH=1f38ae66827779c2&ov_redirect=true&ov_redirect=true,https://rukminim2.flixcart.com/image/612/612/xif0q/pet-food/a/d/f/-original-imahn5y2tu7gfbhy.jpeg?q=70,https://rukminim2.flixcart.com/image/612/612/xif0q/pet-food/a/d/f/-original-imahn5y2tu7gfbhy.jpeg?q=70,,0,,,,13.0,0.0,4.4,,849.0,21.67,-0.67,60.81,rising,flipkart|gtrends,2026-07-07,2026-07-07T17:09:43.182384,370,114e35d9dd289e82,purepet|purepet sea food 6 kg dry adult cat food,57.69,60.81,57.69,3.12,0.0,0.86,0.0,,MONITOR
PCLHMBXEEDP7XW6Q,CottonCat Cat Harness & Leash,cottoncat,collars_leashes,,,,,PCLHMBXEEDP7XW6Q,https://www.flipkart.com/cottoncat-cat-harness-leash/p/itm30e8e31a8c341?pid=PCLHMBXEEDP7XW6Q&lid=LSTPCLHMBXEEDP7XW6QYJCLLU&marketplace=FLIPKART&q=cat+collar&store=p3t&srno=s_1_6&otracker=search&fm=organic&iid=en_uijc9Bi5n3Dl9T-2slMJU4lI_nrzDjpQIgub2MXjcKiRNPDNAGALESBvKMH_0m2NbW6aoaVsYjkM6_7dJsRYWNr7UNOwmzCLoSln22P3egqasryb_0xGZ9CurSNqmvxT&ppt=None&ppn=None&ssid=dl7gz1mpu80000001783424338174&qH=831161a82e2648a4&ov_redirect=true&ov_redirect=true,https://rukminim2.flixcart.com/image/612/612/xif0q/pet-collar-harness/v/c/c/small-cat-pro-harness-with-leash-cottoncat-original-imahmbxehanscf6m.jpeg?q=70,https://rukminim2.flixcart.com/image/612/612/xif0q/pet-collar-harness/v/c/c/small-cat-pro-harness-with-leash-cottoncat-original-imahmbxehanscf6m.jpeg?q=70,,0,,,,6.0,0.0,,,301.0,5.0,-3.0,60.78,rising,flipkart|gtrends,2026-07-07,2026-07-07T17:09:43.199910,371,44b0294e782b1260,cottoncat|cottoncat cat harness & leash,58.9,60.78,58.9,1.88,0.0,0.87,0.0,,MONITOR
B0FMDXPM6S,Amazon Basics Leg Fold Dog Pet Bed | Durable Nylon Niwar | 42 × 36 × 12 Inch | Multi-Color,amazon basics,beds_accessories,,B0FMDXPM6S,https://www.amazon.in/Amazon-Basics-Durable-Nylon-Multi-Color/dp/B0FMDXPM6S/ref=zg_bs_g_4771390031_d_sccl_12/522-4724523-7365803?psc=1,"https://images-eu.ssl-images-amazon.com/images/I/61r5I+vaAPL._AC_UL300_SR300,200_.jpg",,,,"https://images-eu.ssl-images-amazon.com/images/I/61r5I+vaAPL._AC_UL300_SR300,200_.jpg",12.0,0,4.0,76.0,1689.0,,,,,,20.5,-2.0,60.67,rising,amazon|gtrends,2026-07-07,2026-07-07T17:09:43.169771,372,a6ebc94273b76eb1,amazon basics|amazon basics leg fold dog pet bed | durable nylon niwar | 42 × 36 × 12 inch | m,58.17,60.67,58.17,2.5,0.0,0.87,0.0,,MONITOR
PSOGTWXJYMFNSBUW,"Pet Life Organic Dog Shampoo Anti Tick & Flea For Pug Dog & Puppy | Healthy Shiny Coat Allergy Relief, Flea and Tick, Anti-itching, Conditioning Fresh Fragrance, Control Lice, Mites, Tick & Flea Shampoo For Dog, For All Dog Breed Dog Shampoo",,health_wellness,,,,,PSOGTWXJYMFNSBUW,https://www.flipkart.com/pet-life-organic-dog-shampoo-anti-tick-flea-pug-puppy-healthy-shiny-coat-allergy-relief-tick-anti-itching-conditioning-fresh-fragrance-control-lice-mites-dog-all-breed/p/itm96578edd1ce3d?pid=PSOGTWXJYMFNSBUW&lid=LSTPSOGTWXJYMFNSBUWXJRDRX&marketplace=FLIPKART&q=flea+tick+medicine+for+dogs&store=p3t%2Fixl%2Fosh&srno=s_1_13&otracker=search&fm=organic&iid=f1b3cde1-284f-43d5-95b4-4636db5c0b05.PSOGTWXJYMFNSBUW.SEARCH&ppt=None&ppn=None&ssid=7ynyuyy6cw0000001783424326799&qH=2ddc765890887549&ov_redirect=true&ov_redirect=true,https://rukminim2.flixcart.com/image/612/612/xif0q/pet-shampoo/r/d/s/200-neem-anti-tick-flea-dog-shampoo-for-pug-dog-puppy-healthy-original-imagtwxjg2b2fpja.jpeg?q=70,https://rukminim2.flixcart.com/image/612/612/xif0q/pet-shampoo/r/d/s/200-neem-anti-tick-flea-dog-shampoo-for-pug-dog-puppy-healthy-original-imagtwxjg2b2fpja.jpeg?q=70,,0,,,,13.0,0.0,4.3,,265.0,0.5,0.0,60.66,rising,flipkart|gtrends,2026-07-07,2026-07-07T17:09:43.197341,373,b29686356e562117,|pet life organic dog shampoo anti tick & flea for pug dog & puppy | healthy shin,57.54,60.66,57.54,3.12,0.0,0.86,0.0,,MONITOR
PCBH34X3YFYT95SB,"FRIEDERICH Pet Grooming Brush, Deshedding Tool & Undercoat Rake Dematting Comb Slicker Brushes for Dog & Cat",friederich,grooming,,,,,PCBH34X3YFYT95SB,https://www.flipkart.com/friederich-pet-grooming-brush-deshedding-tool-undercoat-rake-dematting-comb-slicker-brushes-dog-cat/p/itm05fcab038acc6?pid=PCBH34X3YFYT95SB&lid=LSTPCBH34X3YFYT95SB4PJNTF&marketplace=FLIPKART&q=dog+brush&store=p3t%2Fixl%2F770&srno=s_1_13&otracker=search&fm=organic&iid=94002573-d5e8-41b4-8dc7-3432732abc74.PCBH34X3YFYT95SB.SEARCH&ppt=None&ppn=None&ssid=6sp2qnbbb40000001783424302403&qH=c664f21272e7c16e&ov_redirect=true&ov_redirect=true,https://rukminim2.flixcart.com/image/612/612/xif0q/pet-comb-brush/f/l/u/large-pet-grooming-brush-2in1-deshedding-tool-undercoat-rake-original-imahg4pykucwu8xj.jpeg?q=70,https://rukminim2.flixcart.com/image/612/612/xif0q/pet-comb-brush/f/l/u/large-pet-grooming-brush-2in1-deshedding-tool-undercoat-rake-original-imahg4pykucwu8xj.jpeg?q=70,,0,,,,13.0,0.0,4.4,,647.0,13.5,-1.5,60.64,rising,flipkart|gtrends,2026-07-07,2026-07-07T17:09:43.192445,374,4b127b9a12aac877,"friederich|friederich pet grooming brush, deshedding tool & undercoat rake dematting comb s",57.52,60.64,57.52,3.12,0.0,0.86,0.0,,MONITOR
PTYH9SZZJKKVV2SG,decorvaiz Squeaky Latex Ball for Dogs Rubber Ball For Dog,decorvaiz,dog_toys,,,,,PTYH9SZZJKKVV2SG,https://www.flipkart.com/decorvaiz-squeaky-latex-ball-dogs-rubber-dog/p/itm13eef0de5215c?pid=PTYH9SZZJKKVV2SG&lid=LSTPTYH9SZZJKKVV2SGYYSHIU&marketplace=FLIPKART&q=chew+toy+for+dogs&store=p3t%2Fea3%2Fg4c&srno=s_1_11&otracker=search&fm=organic&iid=en_E5RUJs_g0T94-KiqHUivcw4JJj8KZE69-F90ql2oVj84Rd9QBxsk4gfzJrl-H1XIwDX-Wv1UyrYsVVwtELDD7OgZVvFvez-3jRfInY5WElN3-XqkmLqggt_WSKSoXKEh&ppt=None&ppn=None&ssid=epaqy8p1400000001783424279013&qH=c3109da2ecfccdb5&ov_redirect=true&ov_redirect=true,https://rukminim2.flixcart.com/image/612/612/xif0q/pet-toy/x/v/d/1-ball-decorvaiz-original-imah9szzawqnsxq9.jpeg?q=70,https://rukminim2.flixcart.com/image/612/612/xif0q/pet-toy/x/v/d/1-ball-decorvaiz-original-imah9szzawqnsxq9.jpeg?q=70,,0,,,,11.0,0.0,3.8,,105.0,3.0,0.0,60.64,rising,flipkart|gtrends,2026-07-07,2026-07-07T17:09:43.185385,375,f38a4b02412940f1,decorvaiz|decorvaiz squeaky latex ball for dogs rubber ball for dog,58.14,60.64,58.14,2.5,0.0,0.87,0.0,,MONITOR
PTTFVPZ6DXX9WDVS,JK INTERNATIONAL WHITE MUNCHIES PACK OF 10 STICK Milk Dog Treat,jk,training,,,,,PTTFVPZ6DXX9WDVS,https://www.flipkart.com/jk-international-white-munchies-pack-10-stick-milk-dog-treat/p/itmdfda3b4e46d71?pid=PTTFVPZ6DXX9WDVS&lid=LSTPTTFVPZ6DXX9WDVSQHCCKT&marketplace=FLIPKART&q=dog+training+treats&store=p3t%2Fea3%2Fnva&srno=s_1_13&otracker=search&fm=organic&iid=25f5e471-619f-4ddd-b027-4bce8ed3004f.PTTFVPZ6DXX9WDVS.SEARCH&ppt=None&ppn=None&ssid=wov3prijog0000001783424351807&qH=a29335f69d7964db&ov_redirect=true,https://rukminim2.flixcart.com/image/312/312/kf8kvbk0/pet-treat/d/v/s/200-dog-white-munchies-pack-of-10-stick-jk-international-original-imafvq5cma6hqz2u.jpeg?q=70,https://rukminim2.flixcart.com/image/312/312/kf8kvbk0/pet-treat/d/v/s/200-dog-white-munchies-pack-of-10-stick-jk-international-original-imafvq5cma6hqz2u.jpeg?q=70,,0,,,,13.0,0.0,4.2,40.0,172.0,0.5,-2.0,60.61,rising,flipkart|gtrends,2026-07-07,2026-07-07T17:09:43.204014,376,70b2289ce1fcfccd,jk|jk international white munchies pack of 10 stick milk dog treat,57.49,60.61,57.49,3.12,0.0,0.86,0.0,,MONITOR
PFDF85UGRX9V4HPV,"PEDIGREE 100% Nutrition Chicken, Egg, Rice 3 kg Dry Adult Dog Food",pedigree,dog_food,,,,,PFDF85UGRX9V4HPV,https://www.flipkart.com/pedigree-100-nutrition-chicken-egg-rice-3-kg-dry-adult-dog-food/p/itm9e4474ebe82c7?pid=PFDF85UGRX9V4HPV&lid=LSTPFDF85UGRX9V4HPVK3JNNR&marketplace=FLIPKART&q=pedigree+dog+food&store=p3t%2Fea3%2F8zj&spotlightTagId=default_TrendingId_p3t%2Fea3%2F8zj&srno=s_1_19&otracker=search&fm=organic&iid=1de9ea02-cf71-4643-a824-9e6c79d2912c.PFDF85UGRX9V4HPV.SEARCH&ppt=None&ppn=None&ssid=fr9eewrscw0000001783424258431&qH=b948d4492dbee74a&ov_redirect=true,https://rukminim2.flixcart.com/image/312/312/xif0q/pet-food/5/k/s/-enriched-transparent-original-imahjayznfdgdthm.png?q=70,https://rukminim2.flixcart.com/image/312/312/xif0q/pet-food/5/k/s/-enriched-transparent-original-imahjayznfdgdthm.png?q=70,,0,,,,19.0,0.0,4.5,12546.0,711.0,18.0,-3.2,60.58,rising,flipkart|gtrends,2026-07-07,2026-07-07T17:09:43.181908,377,8235cb59a46a512e,"pedigree|pedigree 100% nutrition chicken, egg, rice 3 kg dry adult dog food",57.46,60.58,57.46,3.12,0.0,0.86,0.0,,MONITOR
B0DZ2GVP3B,"Berlin's PET ACCESSORIES Personalized Dog Harness with Pet Name & Phone Number, No Pull Dog Vest,Escape Proof Reflective Dog",berlins,collars_leashes,,B0DZ2GVP3B,https://www.amazon.in/Berlins-PET-ACCESSORIES-Personalized-Harness/dp/B0DZ2GVP3B/ref=zg_bs_g_4771392031_d_sccl_13/522-4724523-7365803?psc=1,"https://images-eu.ssl-images-amazon.com/images/I/61hY6s4rnOL._AC_UL300_SR300,200_.jpg",,,,"https://images-eu.ssl-images-amazon.com/images/I/61hY6s4rnOL._AC_UL300_SR300,200_.jpg",12.0,0,3.9,148.0,454.0,,,,,,5.0,-3.0,60.54,rising,amazon|gtrends,2026-07-07,2026-07-07T17:09:43.176604,378,883b9c9868236e09,"berlins|berlin's pet accessories personalized dog harness with pet name & phone number, ",58.04,60.54,58.04,2.5,0.0,0.87,0.0,,MONITOR
B076VXVB2L,"amazon basics Large Elevated Cooling Pet Dog Cot Fabric Bed - 51 x 31 x 8 Inches, Grey",amazon basics,beds_accessories,,B076VXVB2L,https://www.amazon.in/AmazonBasics-Elevated-Cooling-Pet-Grey/dp/B076VXVB2L/ref=zg_bs_g_4771390031_d_sccl_19/522-4724523-7365803?psc=1,"https://images-eu.ssl-images-amazon.com/images/I/71gw2oWnStS._AC_UL300_SR300,200_.jpg",,,,"https://images-eu.ssl-images-amazon.com/images/I/71gw2oWnStS._AC_UL300_SR300,200_.jpg",19.0,0,4.4,24058.0,2099.0,,,,,,20.5,-2.0,60.54,rising,amazon|gtrends,2026-07-07,2026-07-07T17:09:43.170220,379,d8acf3eb72f42897,amazon basics|amazon basics large elevated cooling pet dog cot fabric bed - 51 x 31 x 8 inches,57.42,60.54,57.42,3.12,0.0,0.86,0.0,,MONITOR
PHSHEFXFSHFDDRPN,"Burpy Tales Skin and Coat Supplement for Dogs with Sardine Oil, Omega 3 6, 400gm Pet Health Supplements",burpy,health_wellness,,,,,PHSHEFXFSHFDDRPN,https://www.flipkart.com/burpy-tales-skin-coat-supplement-dogs-sardine-oil-omega-3-6-400gm-pet-health-supplements/p/itmbdc1c7bf22e9c?pid=PHSHEFXFSHFDDRPN&lid=LSTPHSHEFXFSHFDDRPNGFRQXB&marketplace=FLIPKART&q=dog+supplements&store=p3t%2Fea3%2F0ua&srno=s_1_14&otracker=search&fm=organic&iid=62e4164b-bda9-434c-b7cf-78c40b73a58c.PHSHEFXFSHFDDRPN.SEARCH&ppt=None&ppn=None&ssid=wrhwgc46z40000001783424320687&qH=173b9a8368e4e00d&ov_redirect=true&ov_redirect=true,https://rukminim2.flixcart.com/image/612/612/xif0q/pet-health-supplement/7/d/e/400-skin-and-coat-supplement-for-dogs-with-sardine-oil-omega-3-6-original-imahefxfgfwebtru.jpeg?q=70,https://rukminim2.flixcart.com/image/612/612/xif0q/pet-health-supplement/7/d/e/400-skin-and-coat-supplement-for-dogs-with-sardine-oil-omega-3-6-original-imahefxfgfwebtru.jpeg?q=70,,0,,,,14.0,0.0,4.6,,489.0,0.5,0.0,60.5,rising,flipkart|gtrends,2026-07-07,2026-07-07T17:09:43.195852,380,bb767d8f356d2bc7,"burpy|burpy tales skin and coat supplement for dogs with sardine oil, omega 3 6, 400gm",57.38,60.5,57.38,3.12,0.0,0.86,0.0,,MONITOR
PHSHEHGX5ZWVZKNF,skyec Herbatake pet 100 ml liver tonic for dog & cat Pet Health Supplements,skyec,health_wellness,,,,,PHSHEHGX5ZWVZKNF,https://www.flipkart.com/skyec-herbatake-pet-100-ml-liver-tonic-dog-cat-health-supplements/p/itm837137dbe726c?pid=PHSHEHGX5ZWVZKNF&lid=LSTPHSHEHGX5ZWVZKNFOJCQH2&marketplace=FLIPKART&q=cat+supplements&store=p3t&srno=s_1_14&otracker=search&fm=organic&iid=61aa2c0e-2a83-439a-93a1-cc41c1109675.PHSHEHGX5ZWVZKNF.SEARCH&ppt=None&ppn=None&ssid=ffcjbt28yo0000001783424323762&qH=58da44c7ca993adc&ov_redirect=true&ov_redirect=true,https://rukminim2.flixcart.com/image/612/612/xif0q/pet-health-supplement/y/u/m/100-herbatake-pet-100-ml-liver-tonic-for-dog-cat-skyec-original-imahehgxf56cwfqt.jpeg?q=70,https://rukminim2.flixcart.com/image/612/612/xif0q/pet-health-supplement/y/u/m/100-herbatake-pet-100-ml-liver-tonic-for-dog-cat-skyec-original-imahehgxf56cwfqt.jpeg?q=70,,0,,,,14.0,0.0,4.6,,114.0,0.5,0.0,60.5,rising,flipkart|gtrends,2026-07-07,2026-07-07T17:09:43.196282,381,c0da42566a002cb4,skyec|skyec herbatake pet 100 ml liver tonic for dog & cat pet health supplements,57.38,60.5,57.38,3.12,0.0,0.86,0.0,,MONITOR
PSOGEYH5TXZVXSBH,"ROMSAY Anti-Tick & Flea Neem Shampoo For Dogs & Cats 200ML Allergy Relief, Anti-dandruff, Anti-fungal, Anti-itching, Flea and Tick Fresh Notes, Neem Dog Shampoo",romsay,health_wellness,,,,,PSOGEYH5TXZVXSBH,https://www.flipkart.com/romsay-anti-tick-flea-neem-shampoo-dogs-cats-200ml-allergy-relief-anti-dandruff-anti-fungal-anti-itching-tick-fresh-notes-dog/p/itma1b83807ce1a0?pid=PSOGEYH5TXZVXSBH&lid=LSTPSOGEYH5TXZVXSBHEH0OJI&marketplace=FLIPKART&q=flea+tick+medicine+for+dogs&store=p3t%2Fixl%2Fosh&srno=s_1_12&otracker=search&fm=organic&iid=en_Xo65uYsQb9WLOHE8TbQtC7DPdPwNb65Zq1L3VpL2zHZU9-f1kCymeNlSVQOhchBDMcp1cm1HbUiYAzByhBQ5bGois1Uo74DXILtDArNGSnLu50SkHEJKkXGARYdTTxyD&ppt=None&ppn=None&ssid=7ynyuyy6cw0000001783424326799&qH=2ddc765890887549&ov_redirect=true&ov_redirect=true,https://rukminim2.flixcart.com/image/612/612/l2qhjm80/pet-shampoo/x/c/8/200-anti-tick-flea-neem-shampoo-romsay-original-imageyh5etsez8x3.jpeg?q=70,https://rukminim2.flixcart.com/image/612/612/l2qhjm80/pet-shampoo/x/c/8/200-anti-tick-flea-neem-shampoo-romsay-original-imageyh5etsez8x3.jpeg?q=70,,0,,,,12.0,0.0,4.1,,86.0,0.5,0.0,60.48,rising,flipkart|gtrends,2026-07-07,2026-07-07T17:09:43.197229,382,bd73f5a25ea8dbfa,"romsay|romsay anti-tick & flea neem shampoo for dogs & cats 200ml allergy relief, anti-",57.98,60.48,57.98,2.5,0.0,0.86,0.0,,MONITOR
PFDG2GFHHAQ92MFX,Royal Canin MINI PUPPY 800GM Meat 0.8 kg Dry Young Dog Food,royal canin,dog_food,,,,,PFDG2GFHHAQ92MFX,https://www.flipkart.com/royal-canin-mini-puppy-800gm-meat-0-8-kg-dry-young-dog-food/p/itm93a15284e49bc?pid=PFDG2GFHHAQ92MFX&lid=LSTPFDG2GFHHAQ92MFXVODIR1&marketplace=FLIPKART&q=royal+canin+dog+food&store=p3t%2Fea3%2F8zj&srno=s_1_15&otracker=search&fm=organic&iid=b50ca4cc-10f2-4e61-9c64-b71ef01ff18f.PFDG2GFHHAQ92MFX.SEARCH&ppt=None&ppn=None&ssid=tuz9tvum340000001783424255774&qH=daddb49dcea591ec&ov_redirect=true,https://rukminim2.flixcart.com/image/312/312/knxiavk0/pet-food/o/h/q/0-800-dog-10121000-royal-canin-original-imag2gfhqszpeuzh.jpeg?q=70,https://rukminim2.flixcart.com/image/312/312/knxiavk0/pet-food/o/h/q/0-800-dog-10121000-royal-canin-original-imag2gfhqszpeuzh.jpeg?q=70,,0,,,,15.0,0.0,4.6,253.0,901.0,18.0,-3.2,60.45,rising,flipkart|gtrends,2026-07-07,2026-07-07T17:09:43.181637,383,c168fb929d84140b,royal canin|royal canin mini puppy 800gm meat 0.8 kg dry young dog food,57.33,60.45,57.33,3.12,0.0,0.86,0.0,,MONITOR
B0BTHKTWSH,Qpets Cat Vest Harness with 1.5m Leash Adjustable Size Pet Vest Harness Breathable Suede Fabric with Safety Reflective Strip,qpets,collars_leashes,,B0BTHKTWSH,https://www.amazon.in/Qpets%C2%AE-Harness-Walking-Adjustable-Reflective/dp/B0BTHKTWSH/ref=zg_bs_g_4771379031_d_sccl_17/522-4724523-7365803?psc=1,"https://images-eu.ssl-images-amazon.com/images/I/61W+G2Y3QDL._AC_UL300_SR300,200_.jpg",,,,"https://images-eu.ssl-images-amazon.com/images/I/61W+G2Y3QDL._AC_UL300_SR300,200_.jpg",14.0,0,4.0,780.0,420.0,,,,,,5.0,-3.0,60.39,rising,amazon|gtrends,2026-07-07,2026-07-07T17:09:43.178592,384,5c0108ae572870d3,qpets|qpets cat vest harness with 1.5m leash adjustable size pet vest harness breathab,57.89,60.39,57.89,2.5,0.0,0.86,0.0,,MONITOR
STFHNWSSBHQXKHMM,ORDER ON CLICK Dog Soft Toy ORDTD029 - 45 cm,order,dog_toys,,,,,STFHNWSSBHQXKHMM,https://www.flipkart.com/order-click-dog-soft-toy-ordtd029-45-cm/p/itm990b53edf35d9?pid=STFHNWSSBHQXKHMM&lid=LSTSTFHNWSSBHQXKHMMCOCHBJ&marketplace=FLIPKART&q=kong+dog+toy&store=search.flipkart.com&srno=s_1_7&otracker=search&fm=organic&iid=474ceca2-7edf-42ed-b744-bb801b6b5e42.STFHNWSSBHQXKHMM.SEARCH&ppt=None&ppn=None&ssid=dj4tyd2ftc0000001783424281567&qH=f85aed73ab1bacb4&ov_redirect=true&ov_redirect=true,https://rukminim2.flixcart.com/image/612/612/xif0q/stuffed-toy/7/5/s/dog-soft-toy-ordtd029-45-order-on-click-original-imahnwsstzqwwpyy.jpeg?q=70,https://rukminim2.flixcart.com/image/612/612/xif0q/stuffed-toy/7/5/s/dog-soft-toy-ordtd029-45-order-on-click-original-imahnwsstzqwwpyy.jpeg?q=70,,0,,,,7.0,0.0,,,133.0,3.0,0.0,60.38,rising,flipkart|gtrends,2026-07-07,2026-07-07T17:09:43.185916,385,78d2bb0d4aca5297,order|order on click dog soft toy ordtd029 - 45 cm,58.5,60.38,58.5,1.88,0.0,0.87,0.0,,MONITOR
PHSHNPB4NQNSJCTX,"Zenex Nutrical-CA Calcium,Phosphorous,Magnesium & Vitamin D Supplement for Dog & Cat Pet Health Supplements",zenex,health_wellness,,,,,PHSHNPB4NQNSJCTX,https://www.flipkart.com/zenex-nutrical-ca-calcium-phosphorous-magnesium-vitamin-d-supplement-dog-cat-pet-health-supplements/p/itm76e2fec8a8f74?pid=PHSHNPB4NQNSJCTX&lid=LSTPHSHNPB4NQNSJCTXJO3R4V&marketplace=FLIPKART&q=cat+supplements&store=p3t&srno=s_1_7&otracker=search&fm=organic&iid=61aa2c0e-2a83-439a-93a1-cc41c1109675.PHSHNPB4NQNSJCTX.SEARCH&ppt=None&ppn=None&ssid=ffcjbt28yo0000001783424323762&qH=58da44c7ca993adc&ov_redirect=true&ov_redirect=true,https://rukminim2.flixcart.com/image/612/612/xif0q/pet-health-supplement/p/g/f/30-nutrical-ca-calcium-phosphorous-magnesium-vitamin-d-original-imahnpb4dyrfbcps.jpeg?q=70,https://rukminim2.flixcart.com/image/612/612/xif0q/pet-health-supplement/p/g/f/30-nutrical-ca-calcium-phosphorous-magnesium-vitamin-d-original-imahnpb4dyrfbcps.jpeg?q=70,,0,,,,7.0,0.0,,,147.0,0.5,0.0,60.38,rising,flipkart|gtrends,2026-07-07,2026-07-07T17:09:43.196199,386,26034fb88df43d6a,"zenex|zenex nutrical-ca calcium,phosphorous,magnesium & vitamin d supplement for dog &",58.5,60.38,58.5,1.88,0.0,0.87,0.0,,MONITOR
PTYHJ6HEKQBMG6XK,"Pawmino Interactive Rolling Ball Toy for Dogs & Cats | Rechargeable Smart Ball | Silicone, Plastic Ball For Dog & Cat",pawmino,cat_toys,,,,,PTYHJ6HEKQBMG6XK,https://www.flipkart.com/pawmino-interactive-rolling-ball-toy-dogs-cats-rechargeable-smart-silicone-plastic-dog-cat/p/itm22e0953d5619d?pid=PTYHJ6HEKQBMG6XK&lid=LSTPTYHJ6HEKQBMG6XKIRTLC1&marketplace=FLIPKART&q=interactive+dog+toy&store=p3t&srno=s_1_11&otracker=search&fm=organic&iid=en_Vf9HD0ojSiUt_W0awIT38Ll2n89ss4IF2MjQc5eekk_IJLGoIF9fe-OgSMM6Dm5HHqIo_HHNix3iEwSIK8WBJWPXoCQQy6UPbqrayPfXJ1IoiFHuHT47RqdAUySCJIYd&ppt=None&ppn=None&ssid=ef5gxxp0xs0000001783424284222&qH=53ab0f799320af1a&ov_redirect=true&ov_redirect=true,https://rukminim2.flixcart.com/image/612/612/xif0q/pet-toy/s/e/b/1-rolling-ball-toy-with-tail-and-light-for-dog-cat-pawmino-original-imahz2h8r3hcgqhm.jpeg?q=70,https://rukminim2.flixcart.com/image/612/612/xif0q/pet-toy/s/e/b/1-rolling-ball-toy-with-tail-and-light-for-dog-cat-pawmino-original-imahz2h8r3hcgqhm.jpeg?q=70,,0,,,,11.0,0.0,4.1,,178.0,4.0,-6.0,60.28,rising,flipkart|gtrends,2026-07-07,2026-07-07T17:09:43.187131,387,500710478c3a015f,pawmino|pawmino interactive rolling ball toy for dogs & cats | rechargeable smart ball |,57.78,60.28,57.78,2.5,0.0,0.86,0.0,,MONITOR
B0F8MNW7Z1,LICKICIOUS Optima Dry Dog Food Adult 10 KG | Chicken & Vegetable | Complete and Balanced Optimum Nutrition for Pedigree Dogs,pedigree,dog_food,,B0F8MNW7Z1,https://www.amazon.in/LICKICIOUS-Vegetable-Complete-Nutrition-Digestion/dp/B0F8MNW7Z1/ref=zg_bs_g_4771395031_d_sccl_14/522-4724523-7365803?psc=1,"https://images-eu.ssl-images-amazon.com/images/I/71Edsq9v8sL._AC_UL300_SR300,200_.jpg",,,,"https://images-eu.ssl-images-amazon.com/images/I/71Edsq9v8sL._AC_UL300_SR300,200_.jpg",13.0,0,3.8,516.0,1118.0,,,,,,18.0,-3.2,60.27,rising,amazon|gtrends,2026-07-07,2026-07-07T17:09:43.160631,388,e6b208e7662272f7,pedigree|lickicious optima dry dog food adult 10 kg | chicken & vegetable | complete and ,57.77,60.27,57.77,2.5,0.0,0.86,0.0,,MONITOR
POUGZ6Z2GBKWVXHM,"HASTHIP Cat Water Fountain with LED Light, 67oz/2.0L, Ultra Quiet Cat Drinking",hasthip,beds_accessories,,,,,POUGZ6Z2GBKWVXHM,https://www.flipkart.com/hasthip-cat-water-fountain-led-light-67oz-2-0l-ultra-quiet-drinking/p/itm2ff1789897715?pid=POUGZ6Z2GBKWVXHM&lid=LSTPOUGZ6Z2GBKWVXHMRBR3BO&marketplace=FLIPKART&q=pet+water+fountain+for+dogs&store=p3t&srno=s_1_13&otracker=search&fm=organic&iid=6536bef0-c166-4646-9df7-0f1d82699e7c.POUGZ6Z2GBKWVXHM.SEARCH&ppt=None&ppn=None&ssid=g1f863abgw0000001783424317830&qH=b2476794fa449bb7&ov_redirect=true&ov_redirect=true,https://rukminim2.flixcart.com/image/612/612/xif0q/pet-fountain/l/o/k/1-5-automatic-pet-water-fountain-with-led-light-cat-drinking-original-imahyw7btems962h.jpeg?q=70,https://rukminim2.flixcart.com/image/612/612/xif0q/pet-fountain/l/o/k/1-5-automatic-pet-water-fountain-with-led-light-cat-drinking-original-imahyw7btems962h.jpeg?q=70,,0,,,,13.0,0.0,4.3,,1654.0,20.5,-2.0,60.26,rising,flipkart|gtrends,2026-07-07,2026-07-07T17:09:43.195232,389,becd39e49a5501b6,"hasthip|hasthip cat water fountain with led light, 67oz/2.0l, ultra quiet cat drinking",57.14,60.26,57.14,3.12,0.0,0.86,0.0,,MONITOR
B0GKMTV7GF,Tinyfingers Puppy Cotton Reflective Padded Harness & Leash Set for Small Dogs & Cats Adjustable no Pull Harness Set with Owl,tinyfingers,collars_leashes,,B0GKMTV7GF,https://www.amazon.in/Tinyfingers-Reflective-Harness-Adjustable-Avilable/dp/B0GKMTV7GF/ref=zg_bs_g_4771379031_d_sccl_15/522-4724523-7365803?psc=1,"https://images-eu.ssl-images-amazon.com/images/I/51n1yDrr7EL._AC_UL300_SR300,200_.jpg",,,,"https://images-eu.ssl-images-amazon.com/images/I/51n1yDrr7EL._AC_UL300_SR300,200_.jpg",13.0,0,4.2,19.0,469.0,,,,,,5.0,-3.0,60.22,rising,amazon|gtrends,2026-07-07,2026-07-07T17:09:43.178522,390,b142e35f78de7a43,tinyfingers|tinyfingers puppy cotton reflective padded harness & leash set for small dogs & ,57.1,60.22,57.1,3.12,0.0,0.86,0.0,,MONITOR
PSOHK56HFJJPP97J,"Procott Shampoo for all types of Dogs & Cats Conditioning Natural Dog, Cat Shampoo",procott,grooming,,,,,PSOHK56HFJJPP97J,https://www.flipkart.com/procott-shampoo-all-types-dogs-cats-conditioning-natural-dog-cat/p/itmf8d675a9a6dd2?pid=PSOHK56HFJJPP97J&lid=LSTPSOHK56HFJJPP97J9ORXDR&marketplace=FLIPKART&q=dog+shampoo&store=p3t%2Fixl%2Fosh&srno=s_1_14&otracker=search&fm=organic&iid=87e2e3b7-1bcf-4dee-85cd-caa8a4b0d5c8.PSOHK56HFJJPP97J.SEARCH&ppt=None&ppn=None&ssid=1pizov16ps0000001783424297200&qH=8d82257ae22a2792&ov_redirect=true&ov_redirect=true,https://rukminim2.flixcart.com/image/612/612/xif0q/pet-shampoo/y/5/e/275-shampoo-for-all-types-of-dogs-cats-procott-original-imahmqkjjmcqrxdu.jpeg?q=70,https://rukminim2.flixcart.com/image/612/612/xif0q/pet-shampoo/y/5/e/275-shampoo-for-all-types-of-dogs-cats-procott-original-imahmqkjjmcqrxdu.jpeg?q=70,,0,,,,14.0,0.0,4.6,,160.0,13.5,-1.5,60.2,rising,flipkart|gtrends,2026-07-07,2026-07-07T17:09:43.190862,391,79e0f377d1255915,"procott|procott shampoo for all types of dogs & cats conditioning natural dog, cat shamp",57.08,60.2,57.08,3.12,0.0,0.86,0.0,,MONITOR
STFGKAB2JQ4ZNYE3,SUIinterprise Small Dog Teddy Bear Soft Toy - 28 cm,suiinterprise,dog_toys,,,,,STFGKAB2JQ4ZNYE3,https://www.flipkart.com/suiinterprise-small-dog-teddy-bear-soft-toy-28-cm/p/itmfcee309fab498?pid=STFGKAB2JQ4ZNYE3&lid=LSTSTFGKAB2JQ4ZNYE3E95T3H&marketplace=FLIPKART&q=kong+dog+toy&store=search.flipkart.com&srno=s_1_12&otracker=search&fm=organic&iid=474ceca2-7edf-42ed-b744-bb801b6b5e42.STFGKAB2JQ4ZNYE3.SEARCH&ppt=None&ppn=None&ssid=dj4tyd2ftc0000001783424281567&qH=f85aed73ab1bacb4&ov_redirect=true&ov_redirect=true,https://rukminim2.flixcart.com/image/612/612/xif0q/stuffed-toy/0/l/h/small-dog-teddy-bear-soft-toy-28-suiinterprise-original-imagkab2xnuesd54.jpeg?q=70,https://rukminim2.flixcart.com/image/612/612/xif0q/stuffed-toy/0/l/h/small-dog-teddy-bear-soft-toy-28-suiinterprise-original-imagkab2xnuesd54.jpeg?q=70,,0,,,,12.0,0.0,4.0,,212.0,3.0,0.0,60.2,rising,flipkart|gtrends,2026-07-07,2026-07-07T17:09:43.186091,392,265cbb826b13a516,suiinterprise|suiinterprise small dog teddy bear soft toy - 28 cm,57.7,60.2,57.7,2.5,0.0,0.86,0.0,,MONITOR
PFDF3V8RSKU7RYDP,Royal Canin Indoor 27 Dry Cat Food 2 kg Dry Adult Cat Food,royal canin,cat_food,,,,,PFDF3V8RSKU7RYDP,https://www.flipkart.com/royal-canin-indoor-27-dry-cat-food-2-kg-adult/p/itm1981438d2995c?pid=PFDF3V8RSKU7RYDP&lid=LSTPFDF3V8RSKU7RYDPJVSIVF&marketplace=FLIPKART&q=royal+canin+cat+food&store=p3t%2F0mo%2Foiv&srno=s_1_14&otracker=search&fm=organic&iid=8c819297-3b7e-4c85-b19b-312f8798d713.PFDF3V8RSKU7RYDP.SEARCH&ppt=None&ppn=None&ssid=htiipb2zbk0000001783424271148&qH=d9e0c635368b029a&ov_redirect=true&ov_redirect=true,https://rukminim2.flixcart.com/image/612/612/xif0q/pet-food/y/d/p/2-cat-pfdf3kyeehkzauzx-royal-canin-enriched-transparent-original-imaf3v8evvfwzr7k.png?q=70,https://rukminim2.flixcart.com/image/612/612/xif0q/pet-food/y/d/p/2-cat-pfdf3kyeehkzauzx-royal-canin-enriched-transparent-original-imaf3v8evvfwzr7k.png?q=70,,0,,,,14.0,0.0,4.5,,1988.0,21.67,-0.67,60.09,rising,flipkart|gtrends,2026-07-07,2026-07-07T17:09:43.183441,393,097b2e5e6b2cc3c8,royal canin|royal canin indoor 27 dry cat food 2 kg dry adult cat food,56.97,60.09,56.97,3.12,0.0,0.86,0.0,,MONITOR
PFDGEPNQHBVE9MZG,Whiskas (1+ Years) Chicken 3 kg Dry Adult Cat Food,whiskas,cat_food,,,,,PFDGEPNQHBVE9MZG,https://www.flipkart.com/whiskas-1-years-chicken-3-kg-dry-adult-cat-food/p/itmb4583b9e8c62d?pid=PFDGEPNQHBVE9MZG&lid=LSTPFDGEPNQHBVE9MZGQEPPOC&marketplace=FLIPKART&q=whiskas+cat+food&store=p3t%2F0mo%2Foiv&spotlightTagId=default_FkPickId_p3t%2F0mo%2Foiv&srno=s_1_14&otracker=search&fm=organic&iid=277a2e5a-7f5c-426e-9eca-9fa4eeca5d96.PFDGEPNQHBVE9MZG.SEARCH&ppt=None&ppn=None&ssid=yzr2xmfm9c0000001783424268608&qH=46a274706d720cac&ov_redirect=true&ov_redirect=true,https://rukminim2.flixcart.com/image/612/612/xif0q/pet-food/b/r/u/-original-imahkyff3hhczxpx.jpeg?q=70,https://rukminim2.flixcart.com/image/612/612/xif0q/pet-food/b/r/u/-original-imahkyff3hhczxpx.jpeg?q=70,,0,,,,14.0,0.0,4.5,,1030.0,21.67,-0.67,60.09,rising,flipkart|gtrends,2026-07-07,2026-07-07T17:09:43.182970,394,f048f4b9cba78231,whiskas|whiskas (1+ years) chicken 3 kg dry adult cat food,56.97,60.09,56.97,3.12,0.0,0.86,0.0,,MONITOR
SEDGB2SZU6F2UEU3,DogTrust Single-Door Folding Metal Dog 18 Inch Cage with Paw Protector Cage Seed Catcher,dogtrust,beds_accessories,,,,,SEDGB2SZU6F2UEU3,https://www.flipkart.com/dogtrust-single-door-folding-metal-dog-18-inch-cage-paw-protector-seed-catcher/p/itmfa7a248fc307e?pid=SEDGB2SZU6F2UEU3&lid=LSTSEDGB2SZU6F2UEU3IS9SHV&marketplace=FLIPKART&q=dog+crate&store=search.flipkart.com&srno=s_1_12&otracker=search&fm=organic&iid=en_Ht_mxrbpsJTM5UHsNZXv5t4TQ-F3ece0rMC35emxX_HF-8atdXzR1Kf_Fmsx5ItMFkQeQXh9bjzxjcrOF4aIkKI9Z9LuNBMUAOZdZ7wNS_l2dmBFuzNs8TrDSi1LNPKT&ppt=None&ppn=None&ssid=tj3vfu42e80000001783424314794&qH=de7c627fb64ada71&ov_redirect=true&ov_redirect=true,https://rukminim2.flixcart.com/image/612/612/kyyqpow0/cage-seed-catcher/0/4/a/single-door-folding-metal-dog-18-inch-cage-with-paw-protector-original-imag7942ahptzemf.jpeg?q=70,https://rukminim2.flixcart.com/image/612/612/kyyqpow0/cage-seed-catcher/0/4/a/single-door-folding-metal-dog-18-inch-cage-with-paw-protector-original-imag7942ahptzemf.jpeg?q=70,,0,,,,12.0,0.0,4.1,,812.0,20.5,-2.0,60.08,rising,flipkart|gtrends,2026-07-07,2026-07-07T17:09:43.194553,395,716c42ccbf4aef84,dogtrust|dogtrust single-door folding metal dog 18 inch cage with paw protector cage seed,57.58,60.08,57.58,2.5,0.0,0.86,0.0,,MONITOR
PSOHGWN6HVUYYKTF,"flufy care co Lavender Cat Shampoo Combo – 200ml + 200ml | Dual Pack | Anti-Odor, Gentle, Allergy Relief, Anti-dandruff, Anti-fungal, Anti-Inflammatory, Flea and Tick LAVENDER Cat Shampoo",flufy,grooming,,,,,PSOHGWN6HVUYYKTF,https://www.flipkart.com/flufy-care-co-lavender-cat-shampoo-combo-200ml-dual-pack-anti-odor-gentle-allergy-relief-anti-dandruff-anti-fungal-anti-inflammatory-flea-tick/p/itm06fdc6f683b2a?pid=PSOHGWN6HVUYYKTF&lid=LSTPSOHGWN6HVUYYKTFDTHYAE&marketplace=FLIPKART&q=cat+shampoo&store=p3t%2Fixl%2Fosh&srno=s_1_13&otracker=search&fm=organic&iid=b1ca53d0-beee-4dcd-aa21-6028d799340c.PSOHGWN6HVUYYKTF.SEARCH&ppt=None&ppn=None&ssid=y8f1ftke9s0000001783424299769&qH=c761a0a39d797bbe&ov_redirect=true&ov_redirect=true,https://rukminim2.flixcart.com/image/612/612/xif0q/pet-shampoo/7/m/l/400-lvctco-400-flufy-care-co-original-imahgkhhectftyya.jpeg?q=70,https://rukminim2.flixcart.com/image/612/612/xif0q/pet-shampoo/7/m/l/400-lvctco-400-flufy-care-co-original-imahgkhhectftyya.jpeg?q=70,,0,,,,13.0,0.0,4.2,,180.0,13.5,-1.5,60.08,rising,flipkart|gtrends,2026-07-07,2026-07-07T17:09:43.191767,396,4db67bcc3cd45ad8,flufy|flufy care co lavender cat shampoo combo – 200ml + 200ml | dual pack | anti-odor,56.96,60.08,56.96,3.12,0.0,0.86,0.0,,MONITOR
PFDHHSM9GY4DD4RF,PetStar Kitten Tuna 1 kg Dry Young Cat Food,petstar,cat_food,,,,,PFDHHSM9GY4DD4RF,https://www.flipkart.com/petstar-kitten-tuna-1-kg-dry-young-cat-food/p/itm71e342c0760ae?pid=PFDHHSM9GY4DD4RF&lid=LSTPFDHHSM9GY4DD4RFKWPD9E&marketplace=FLIPKART&q=kitten+food&store=p3t%2F0mo%2Foiv&srno=s_1_12&otracker=search&fm=organic&iid=en_KjiqfUV3hF8xnTClTEm8vFZzXJngCDWsP3EOIseRvIkhdDLlnE0h5bf_IsGfIYWDyMefSKnM98P5z-yV5eAcdb0CcLEcODaR0c-gF79pCFqHsIXLtXAzA2Zax8ahN0KT&ppt=None&ppn=None&ssid=htm787lr280000001783424266045&qH=8a534960bbeaf1fe&ov_redirect=true&ov_redirect=true,https://rukminim2.flixcart.com/image/612/612/xif0q/pet-food/z/k/s/1-cat-1-kitten-cat-food-tuna-flavour-1-kg-petstar-original-imahgj6fgdrqjzqa.jpeg?q=70,https://rukminim2.flixcart.com/image/612/612/xif0q/pet-food/z/k/s/1-cat-1-kitten-cat-food-tuna-flavour-1-kg-petstar-original-imahgj6fgdrqjzqa.jpeg?q=70,,0,,,,12.0,0.0,4.0,,318.0,21.67,-0.67,60.07,rising,flipkart|gtrends,2026-07-07,2026-07-07T17:09:43.182665,397,9dc8b34e1b6f268f,petstar|petstar kitten tuna 1 kg dry young cat food,57.57,60.07,57.57,2.5,0.0,0.86,0.0,,MONITOR
PLNG6HZ7MSWY9HGE,Rvpaws Nylon Leash Dog Rope for Adult (Blue) 152 cm Dog Cord Leash,rvpaws,collars_leashes,,,,,PLNG6HZ7MSWY9HGE,https://www.flipkart.com/rvpaws-nylon-leash-dog-rope-adult-blue-152-cm-cord/p/itmce1e3169e73f8?pid=PLNG6HZ7MSWY9HGE&lid=LSTPLNG6HZ7MSWY9HGEDBXKQU&marketplace=FLIPKART&q=retractable+dog+leash&store=p3t%2Fea3%2Fpmw&srno=s_1_13&otracker=search&fm=organic&iid=6b92b321-55fd-4d89-aeb1-c48b5b66fd8f.PLNG6HZ7MSWY9HGE.SEARCH&ppt=None&ppn=None&ssid=4smcf9y8000000001783424346329&qH=bbc46b35e332125e&ov_redirect=true&ov_redirect=true,https://rukminim2.flixcart.com/image/612/612/kikluvk0-0/pet-leash-chain/f/j/6/rope03-alcazar-original-imafybbgpga3unrz.jpeg?q=70,https://rukminim2.flixcart.com/image/612/612/kikluvk0-0/pet-leash-chain/f/j/6/rope03-alcazar-original-imafybbgpga3unrz.jpeg?q=70,,0,,,,13.0,0.0,4.3,,127.0,5.0,-3.0,60.06,rising,flipkart|gtrends,2026-07-07,2026-07-07T17:09:43.202286,398,d3ddca80b3253091,rvpaws|rvpaws nylon leash dog rope for adult (blue) 152 cm dog cord leash,56.94,60.06,56.94,3.12,0.0,0.86,0.0,,MONITOR
PCLHK89938ZWY8H9,CottonCat Dog Buckle Harness,cottoncat,collars_leashes,,,,,PCLHK89938ZWY8H9,https://www.flipkart.com/cottoncat-dog-buckle-harness/p/itm9ecd57f316841?pid=PCLHK89938ZWY8H9&lid=LSTPCLHK89938ZWY8H9CERGEN&marketplace=FLIPKART&q=dog+harness&store=p3t%2Fea3%2Fb1n&srno=s_1_11&otracker=search&fm=organic&iid=en_rkj1bJkHAH3RMK1ir1ZvYsaeeN04IQ9hS1LEn75zpE3DYXpafI-lGKRa4c_ff0j-1MjIBm_QgXm_1AAnJtD_nidky1K2gpvkFKpmuPutLlxYp1BeZzK0TEgVTwnbsCNO&ppt=None&ppn=None&ssid=sckxvcab7k0000001783424343657&qH=c997f489fc4d5035&ov_redirect=true&ov_redirect=true,https://rukminim2.flixcart.com/image/612/612/xif0q/pet-collar-harness/m/d/1/large-star-harness-cottoncat-original-imahkd8zy8zhtrmc.jpeg?q=70,https://rukminim2.flixcart.com/image/612/612/xif0q/pet-collar-harness/m/d/1/large-star-harness-cottoncat-original-imahkd8zy8zhtrmc.jpeg?q=70,,0,,,,11.0,0.0,3.8,,333.0,5.0,-3.0,60.04,rising,flipkart|gtrends,2026-07-07,2026-07-07T17:09:43.201807,399,2d5b55cc79022034,cottoncat|cottoncat dog buckle harness,57.54,60.04,57.54,2.5,0.0,0.86,0.0,,MONITOR
PCLGFHZ5HZJDWZNV,"SENAPATI Dog Belts Neck Collar and Leash Set (Waterproof, Medium, Leash Size 1.5M-2M) Dog Harness & Leash",senapati,collars_leashes,,,,,PCLGFHZ5HZJDWZNV,https://www.flipkart.com/senapati-dog-belts-neck-collar-leash-set-waterproof-medium-size-1-5m-2m-harness/p/itmffadee3b82295?pid=PCLGFHZ5HZJDWZNV&lid=LSTPCLGFHZ5HZJDWZNVUQKZLW&marketplace=FLIPKART&q=dog+collar&store=p3t%2Fea3%2Fb1n&srno=s_1_11&otracker=search&fm=organic&iid=en_6hLpz_MXPhzqMwJvD7Fqu7flGPdWiCbltzQZxucrjgTNvS4yQSZgmOUBxmZ2__O_daRMG3TaHXTBabsS_l1uNhVSGH5MTlcPJ9znQBgmaOCbykUNyBw1QK9OjNzdgbzO&ppt=None&ppn=None&ssid=7qp8bruvq80000001783424335453&qH=7e1db77825e65614&ov_redirect=true&ov_redirect=true,https://rukminim2.flixcart.com/image/612/612/kms2j680/pet-collar-harness/1/w/p/25-35-cm-dog-harness-and-rope-set-senapati-original-imagfhz5zhzueetz.jpeg?q=70,https://rukminim2.flixcart.com/image/612/612/kms2j680/pet-collar-harness/1/w/p/25-35-cm-dog-harness-and-rope-set-senapati-original-imagfhz5zhzueetz.jpeg?q=70,,0,,,,11.0,0.0,3.8,,127.0,5.0,-3.0,60.04,rising,flipkart|gtrends,2026-07-07,2026-07-07T17:09:43.199402,400,f680f07a10b7932f,"senapati|senapati dog belts neck collar and leash set (waterproof, medium, leash size 1.5",57.54,60.04,57.54,2.5,0.0,0.86,0.0,,MONITOR
B0DV3S2F37,BARK OUT LOUD - Dental Treats | Brush Shape Dog Chews | Removes Plaque/Tartar | Fresh Smell | Oral Care Gluten Free| Chicken,bark,health_wellness,,B0DV3S2F37,https://www.amazon.in/BARK-OUT-LOUD-Removes-Chicken/dp/B0DV3S2F37/ref=zg_bs_g_4771397031_d_sccl_18/522-4724523-7365803?psc=1,"https://images-eu.ssl-images-amazon.com/images/I/6178qIV7s6L._AC_UL300_SR300,200_.jpg",,,,"https://images-eu.ssl-images-amazon.com/images/I/6178qIV7s6L._AC_UL300_SR300,200_.jpg",16.0,0,4.4,429.0,227.0,,,,,,0.5,0.0,60.01,rising,amazon|gtrends,2026-07-07,2026-07-07T17:09:43.173300,401,c91705438f48f586,bark|bark out loud - dental treats | brush shape dog chews | removes plaque/tartar | ,56.89,60.01,56.89,3.12,0.0,0.86,0.0,,MONITOR
B0BRJG1BRL,"FUR BALL STORY Eczo Pet Anti Fungal & Anti Bacterial Cream|Itchy Skin Treatment for Dogs & Cats | Helps with Eczema, Ringworm",fur,health_wellness,,B0BRJG1BRL,https://www.amazon.in/Ayurvedic-Bacterial-Vet-Approved-Dermatitis-Applications/dp/B0BRJG1BRL/ref=zg_bs_g_4771397031_d_sccl_17/522-4724523-7365803?psc=1,"https://images-eu.ssl-images-amazon.com/images/I/61WvskuayrL._AC_UL300_SR300,200_.jpg",,,,"https://images-eu.ssl-images-amazon.com/images/I/61WvskuayrL._AC_UL300_SR300,200_.jpg",15.0,0,4.1,633.0,163.0,,,,,,0.5,0.0,60.0,rising,amazon|gtrends,2026-07-07,2026-07-07T17:09:43.173236,402,805ad7478e2721b5,fur|fur ball story eczo pet anti fungal & anti bacterial cream|itchy skin treatment ,57.5,60.0,57.5,2.5,0.0,0.86,0.0,,MONITOR
PSOGZGTDXGQ76J5H,"Dr. vet simba Allergy Relief, Anti-dandruff, Anti-itching, Flea and Tick, Conditioning Floral Dog Shampoo",dr,health_wellness,,,,,PSOGZGTDXGQ76J5H,https://www.flipkart.com/dr-vet-simba-allergy-relief-anti-dandruff-anti-itching-flea-tick-conditioning-floral-dog-shampoo/p/itme293c3293a015?pid=PSOGZGTDXGQ76J5H&lid=LSTPSOGZGTDXGQ76J5HQ7LVHO&marketplace=FLIPKART&q=flea+tick+medicine+for+dogs&store=p3t%2Fixl%2Fosh&srno=s_1_14&otracker=search&fm=organic&iid=f1b3cde1-284f-43d5-95b4-4636db5c0b05.PSOGZGTDXGQ76J5H.SEARCH&ppt=None&ppn=None&ssid=7ynyuyy6cw0000001783424326799&qH=2ddc765890887549&ov_redirect=true&ov_redirect=true,https://rukminim2.flixcart.com/image/612/612/xif0q/pet-shampoo/j/c/p/295-general-cleansing-tick-and-flea-herbal-shampoo-soap-pet-coat-original-imah34mhcfym45zd.jpeg?q=70,https://rukminim2.flixcart.com/image/612/612/xif0q/pet-shampoo/j/c/p/295-general-cleansing-tick-and-flea-herbal-shampoo-soap-pet-coat-original-imah34mhcfym45zd.jpeg?q=70,,0,,,,14.0,0.0,4.4,,222.0,0.5,0.0,59.94,stable,flipkart|gtrends,2026-07-07,2026-07-07T17:09:43.197396,403,7f1a8917326c7892,"dr|dr. vet simba allergy relief, anti-dandruff, anti-itching, flea and tick, condit",56.82,59.94,56.82,3.12,0.0,0.86,0.0,,MONITOR
PFDFF5FDYGNV3K35,"PEDIGREE Gravy Chicken, Liver Chunks 70 g Wet Adult Dog Food",pedigree,dog_food,,,,,PFDFF5FDYGNV3K35,https://www.flipkart.com/pedigree-gravy-chicken-liver-chunks-70-g-wet-adult-dog-food/p/itm2f61d9aed50a1?pid=PFDFF5FDYGNV3K35&lid=LSTPFDFF5FDYGNV3K35XBW0PB&marketplace=FLIPKART&q=pedigree+dog+food&store=p3t%2Fea3%2F8zj&spotlightTagId=default_BestsellerId_p3t%2Fea3%2F8zj&srno=s_1_20&otracker=search&fm=organic&iid=1de9ea02-cf71-4643-a824-9e6c79d2912c.PFDFF5FDYGNV3K35.SEARCH&ppt=None&ppn=None&ssid=fr9eewrscw0000001783424258431&qH=b948d4492dbee74a&ov_redirect=true,https://rukminim2.flixcart.com/image/312/312/xif0q/pet-treat/c/4/m/-enriched-transparent-original-imahhszjq5rnp3nj.png?q=70,https://rukminim2.flixcart.com/image/312/312/xif0q/pet-treat/c/4/m/-enriched-transparent-original-imahhszjq5rnp3nj.png?q=70,,0,,,,20.0,0.0,4.6,34413.0,13.0,18.0,-3.2,59.86,stable,flipkart|gtrends,2026-07-07,2026-07-07T17:09:43.181950,404,99e57c2284c34536,"pedigree|pedigree gravy chicken, liver chunks 70 g wet adult dog food",56.74,59.86,56.74,3.12,0.0,0.86,0.0,,MONITOR
B0C6MKNMDJ,Purepet Puppy Dry Dog Food 1kg | Chicken & Vegetable Flavour | Promotes Health & Vitality | Immune Support | Healthy Digestio,purepet,dog_food,,B0C6MKNMDJ,https://www.amazon.in/Vegetable-Promotes-Vitality-Digestion-Nutrient/dp/B0C6MKNMDJ/ref=zg_bs_g_4771395031_d_sccl_19/522-4724523-7365803?psc=1,"https://images-eu.ssl-images-amazon.com/images/I/71bJQY-hwUL._AC_UL300_SR300,200_.jpg",,,,"https://images-eu.ssl-images-amazon.com/images/I/71bJQY-hwUL._AC_UL300_SR300,200_.jpg",17.0,0,4.4,1260.0,165.0,,,,,,18.0,-3.2,59.85,stable,amazon|gtrends,2026-07-07,2026-07-07T17:09:43.160809,405,b71900d841717b1f,purepet|purepet puppy dry dog food 1kg | chicken & vegetable flavour | promotes health &,56.73,59.85,56.73,3.12,0.0,0.86,0.0,,MONITOR
PCBHB4VYGSJTM9UT,decorvaiz Cat Brush & Comb-Cat Hair Brush-(Multicolor) Slicker Brushes for Cat,decorvaiz,grooming,,,,,PCBHB4VYGSJTM9UT,https://www.flipkart.com/decorvaiz-cat-brush-comb-cat-hair-brush-multicolor-slicker-brushes/p/itmdc43759c8d65e?pid=PCBHB4VYGSJTM9UT&lid=LSTPCBHB4VYGSJTM9UT1FXNBQ&marketplace=FLIPKART&q=dog+brush&store=p3t%2Fixl%2F770&srno=s_1_14&otracker=search&fm=organic&iid=94002573-d5e8-41b4-8dc7-3432732abc74.PCBHB4VYGSJTM9UT.SEARCH&ppt=None&ppn=None&ssid=6sp2qnbbb40000001783424302403&qH=c664f21272e7c16e&ov_redirect=true&ov_redirect=true,https://rukminim2.flixcart.com/image/612/612/xif0q/pet-comb-brush/k/w/7/medium-cat-brush-comb-decorvaiz-original-imahdny2g6erneha.jpeg?q=70,https://rukminim2.flixcart.com/image/612/612/xif0q/pet-comb-brush/k/w/7/medium-cat-brush-comb-decorvaiz-original-imahdny2g6erneha.jpeg?q=70,,0,,,,14.0,0.0,4.4,,140.0,13.5,-1.5,59.64,stable,flipkart|gtrends,2026-07-07,2026-07-07T17:09:43.192494,406,068fecba35f0d9b0,decorvaiz|decorvaiz cat brush & comb-cat hair brush-(multicolor) slicker brushes for cat,56.52,59.64,56.52,3.12,0.0,0.86,0.0,,MONITOR
PSOHMZFRR9CYVEZZ,Dr Pet Anti Tick Flea Dog Liquid Shampoo 100ml Medicated Pet Care Deep Cleaning Shine Flea and Tick Herbal Natural Dog Shampoo,dr,health_wellness,,,,,PSOHMZFRR9CYVEZZ,https://www.flipkart.com/pet-anti-tick-flea-dog-liquid-shampoo-100ml-medicated-care-deep-cleaning-shine-herbal-natural/p/itmbcea9dd43b336?pid=PSOHMZFRR9CYVEZZ&lid=LSTPSOHMZFRR9CYVEZZMHD70M&marketplace=FLIPKART&q=flea+tick+medicine+for+dogs&store=p3t%2Fixl%2Fosh&srno=s_1_16&otracker=search&fm=organic&iid=f1b3cde1-284f-43d5-95b4-4636db5c0b05.PSOHMZFRR9CYVEZZ.SEARCH&ppt=None&ppn=None&ssid=7ynyuyy6cw0000001783424326799&qH=2ddc765890887549&ov_redirect=true&ov_redirect=true,https://rukminim2.flixcart.com/image/612/612/xif0q/pet-shampoo/l/r/4/100-dog-liquid-smpo-100ml-pump-dr-pet-original-imahmzfreahzmqnt.jpeg?q=70,https://rukminim2.flixcart.com/image/612/612/xif0q/pet-shampoo/l/r/4/100-dog-liquid-smpo-100ml-pump-dr-pet-original-imahmzfreahzmqnt.jpeg?q=70,,0,,,,16.0,0.0,5.0,,182.0,0.5,0.0,59.62,stable,flipkart|gtrends,2026-07-07,2026-07-07T17:09:43.197586,407,6d204eee52e90b79,dr|dr pet anti tick flea dog liquid shampoo 100ml medicated pet care deep cleaning ,56.5,59.62,56.5,3.12,0.0,0.86,0.0,,MONITOR
B09ZFRZ7LW,"Qpets Cat Chasing Toy, USB Laser Pointer for Chasing Interactive Cat Toy 3 in 1 Laser Pen Checking Cat Skin/White Light Illu",qpets,cat_toys,,B09ZFRZ7LW,https://www.amazon.in/Chasing-Interactive-Checking-Illumination-Patterns/dp/B09ZFRZ7LW/ref=zg_bs_g_4771387031_d_sccl_19/522-4724523-7365803?psc=1,"https://images-eu.ssl-images-amazon.com/images/I/51M026isFkL._AC_UL300_SR300,200_.jpg",,,,"https://images-eu.ssl-images-amazon.com/images/I/51M026isFkL._AC_UL300_SR300,200_.jpg",15.0,0,4.2,595.0,458.0,,,,,,4.0,-6.0,59.62,stable,amazon|gtrends,2026-07-07,2026-07-07T17:09:43.164521,408,500dbd6a61b4f5aa,"qpets|qpets cat chasing toy, usb laser pointer for chasing interactive cat toy 3 in 1 ",56.5,59.62,56.5,3.12,0.0,0.86,0.0,,MONITOR
B09X29KMWB,Sunkizzrs Cat Toys - Interactive Toy Set with Retractable Teaser Wands and Feather Toys - Activity Toys to Exercise Cats and,sunkizzrs,cat_toys,,B09X29KMWB,https://www.amazon.in/Sunkizzrs%C2%AE-Cat-Toys-Interactive-Retractable/dp/B09X29KMWB/ref=zg_bs_g_4771387031_d_sccl_16/522-4724523-7365803?psc=1,"https://images-eu.ssl-images-amazon.com/images/I/71qhW3MptBL._AC_UL300_SR300,200_.jpg",,,,"https://images-eu.ssl-images-amazon.com/images/I/71qhW3MptBL._AC_UL300_SR300,200_.jpg",13.0,0,4.1,171.0,299.0,,,,,,4.0,-6.0,59.59,stable,amazon|gtrends,2026-07-07,2026-07-07T17:09:43.164399,409,8569a75da212a39f,sunkizzrs|sunkizzrs cat toys - interactive toy set with retractable teaser wands and feath,57.09,59.59,57.09,2.5,0.0,0.86,0.0,,MONITOR
PFDGGAD52UTZRTN7,"Me-O Meo Creamy treats Salmon flavor 20pc x 15g each (300g) Salmon 0.3 kg Wet Adult, Senior, Young Cat Food",me-o,cat_food,,,,,PFDGGAD52UTZRTN7,https://www.flipkart.com/me-o-meo-creamy-treats-salmon-flavor-20pc-x-15g-each-300g-0-3-kg-wet-adult-senior-young-cat-food/p/itm83d29fdf3c034?pid=PFDGGAD52UTZRTN7&lid=LSTPFDGGAD52UTZRTN7AGS8GI&marketplace=FLIPKART&q=meo+cat+food&store=p3t%2F0mo%2Foiv&srno=s_1_14&otracker=search&fm=organic&iid=8a0975ac-f6d1-49ba-a9a5-4c6a973ead86.PFDGGAD52UTZRTN7.SEARCH&ppt=None&ppn=None&ssid=kuu7d4pgps0000001783424273731&qH=c9e60ce57aa2b156&ov_redirect=true&ov_redirect=true,https://rukminim2.flixcart.com/image/612/612/xif0q/pet-food/r/r/i/0-300-cat-1-45234532-me-o-original-imaggad5kphzkzyy.jpeg?q=70,https://rukminim2.flixcart.com/image/612/612/xif0q/pet-food/r/r/i/0-300-cat-1-45234532-me-o-original-imaggad5kphzkzyy.jpeg?q=70,,0,,,,14.0,0.0,4.3,,508.0,21.67,-0.67,59.53,stable,flipkart|gtrends,2026-07-07,2026-07-07T17:09:43.184108,410,a91378623b3b7893,me-o|me-o meo creamy treats salmon flavor 20pc x 15g each (300g) salmon 0.3 kg wet ad,56.41,59.53,56.41,3.12,0.0,0.86,0.0,,MONITOR
B0H58K335C,"ZENIPUP Premium Dog Bed with Free Blanket for Small, Medium & Large Dogs | Soft Fur Orthopedic Washable Pet Bed with Fiber Fi",zenipup,beds_accessories,,B0H58K335C,https://www.amazon.in/ZENIPUP-Premium-Orthopedic-Washable-Mattress/dp/B0H58K335C/ref=zg_bs_g_4771390031_d_sccl_16/522-4724523-7365803?psc=1,"https://images-eu.ssl-images-amazon.com/images/I/51GLu60naLL._AC_UL300_SR300,200_.jpg",,,,"https://images-eu.ssl-images-amazon.com/images/I/51GLu60naLL._AC_UL300_SR300,200_.jpg",16.0,0,5.0,9.0,,,,,,,20.5,-2.0,59.52,stable,amazon|gtrends,2026-07-07,2026-07-07T17:09:43.170034,411,b30d27c0601a2f72,"zenipup|zenipup premium dog bed with free blanket for small, medium & large dogs | soft ",56.4,59.52,56.4,3.12,0.0,0.86,0.0,,MONITOR
B0DWLM8KYB,"Agirav Tails Cat Toys,Agile Moving Ball with Elastic Mesh Tail,Interactive Cat Toy for Indoor Cats,Motion Activated,Ultra-Fas",agirav,cat_toys,,B0DWLM8KYB,https://www.amazon.in/Agirav-Elastic-Interactive-Activated-Ultra-Fast/dp/B0DWLM8KYB/ref=zg_bs_g_4771387031_d_sccl_1/522-4724523-7365803?psc=1,"https://images-eu.ssl-images-amazon.com/images/I/31WBAa7bh5L._AC_UL300_SR300,200_.jpg",,,,"https://images-eu.ssl-images-amazon.com/images/I/31WBAa7bh5L._AC_UL300_SR300,200_.jpg",1.0,0,3.4,302.0,189.0,,,,,,4.0,-6.0,59.44,stable,amazon|gtrends,2026-07-07,2026-07-07T17:09:43.163680,412,71dca16800ec2bd2,"agirav|agirav tails cat toys,agile moving ball with elastic mesh tail,interactive cat t",67.56,59.44,67.56,1.88,0.0,0.99,0.1,LOW_RATING_PENALTY,REVIEW_MANUALLY
PTYHNMU3ZZBHCGXU,"Bhadani Interactive Play Dental Health Teething Relief 5 in 1 Rope Combo Toys Cotton Tug Toy, Fetch Toy, Tough Toy For Dog",bhadani,dog_toys,,,,,PTYHNMU3ZZBHCGXU,https://www.flipkart.com/bhadani-interactive-play-dental-health-teething-relief-5-1-rope-combo-toys-cotton-tug-toy-fetch-tough-toy-dog/p/itmdd6b3d8dd942d?pid=PTYHNMU3ZZBHCGXU&lid=LSTPTYHNMU3ZZBHCGXUYPJCQE&marketplace=FLIPKART&q=interactive+dog+toy&store=p3t&srno=s_1_8&otracker=search&fm=organic&iid=34a0c700-473e-403a-b3c5-5bb95f7b634f.PTYHNMU3ZZBHCGXU.SEARCH&ppt=None&ppn=None&ssid=ef5gxxp0xs0000001783424284222&qH=53ab0f799320af1a&ov_redirect=true&ov_redirect=true,https://rukminim2.flixcart.com/image/612/612/xif0q/pet-toy/n/n/m/5-fdgdgokl-right-traders-original-imahnhphqzunfzzj.jpeg?q=70,https://rukminim2.flixcart.com/image/612/612/xif0q/pet-toy/n/n/m/5-fdgdgokl-right-traders-original-imahnhphqzunfzzj.jpeg?q=70,,0,,,,8.0,0.0,,,265.0,3.0,0.0,59.38,stable,flipkart|gtrends,2026-07-07,2026-07-07T17:09:43.186912,413,2580c8ed2558b46f,bhadani|bhadani interactive play dental health teething relief 5 in 1 rope combo toys co,57.5,59.38,57.5,1.88,0.0,0.86,0.0,,MONITOR
STFHJNASWGGQQBHQ,Fun Zoo Toys Brown Dog Soft Toy - 24 cm,fun,dog_toys,,,,,STFHJNASWGGQQBHQ,https://www.flipkart.com/fun-zoo-toys-brown-dog-soft-toy-24-cm/p/itmd1f56db936c94?pid=STFHJNASWGGQQBHQ&lid=LSTSTFHJNASWGGQQBHQKSOMNZ&marketplace=FLIPKART&q=kong+dog+toy&store=search.flipkart.com&srno=s_1_8&otracker=search&fm=organic&iid=474ceca2-7edf-42ed-b744-bb801b6b5e42.STFHJNASWGGQQBHQ.SEARCH&ppt=None&ppn=None&ssid=dj4tyd2ftc0000001783424281567&qH=f85aed73ab1bacb4&ov_redirect=true&ov_redirect=true,https://rukminim2.flixcart.com/image/612/612/xif0q/stuffed-toy/y/i/i/brown-dog-soft-toy-24-fun-zoo-toys-original-imahkz925jdgp8dk.jpeg?q=70,https://rukminim2.flixcart.com/image/612/612/xif0q/stuffed-toy/y/i/i/brown-dog-soft-toy-24-fun-zoo-toys-original-imahkz925jdgp8dk.jpeg?q=70,,0,,,,8.0,0.0,,,342.0,3.0,0.0,59.38,stable,flipkart|gtrends,2026-07-07,2026-07-07T17:09:43.185950,414,2c943565288b4313,fun|fun zoo toys brown dog soft toy - 24 cm,57.5,59.38,57.5,1.88,0.0,0.86,0.0,,MONITOR
PHSHNADGZ2SCVHBD,"Furever Fur-Bone, Calcium Tablets for Dogs, Cats and Pets Pet Health Supplements",furever,health_wellness,,,,,PHSHNADGZ2SCVHBD,https://www.flipkart.com/furever-fur-bone-calcium-tablets-dogs-cats-pets-pet-health-supplements/p/itm48ac597565f7e?pid=PHSHNADGZ2SCVHBD&lid=LSTPHSHNADGZ2SCVHBDK20QBJ&marketplace=FLIPKART&q=dog+supplements&store=p3t%2Fea3%2F0ua&srno=s_1_8&otracker=search&fm=organic&iid=62e4164b-bda9-434c-b7cf-78c40b73a58c.PHSHNADGZ2SCVHBD.SEARCH&ppt=None&ppn=None&ssid=wrhwgc46z40000001783424320687&qH=173b9a8368e4e00d&ov_redirect=true&ov_redirect=true,https://rukminim2.flixcart.com/image/612/612/xif0q/pet-health-supplement/j/n/j/60-fur-bone-calcium-tablets-for-dogs-cats-and-pets-furever-original-imahna8azhvmq3pt.jpeg?q=70,https://rukminim2.flixcart.com/image/612/612/xif0q/pet-health-supplement/j/n/j/60-fur-bone-calcium-tablets-for-dogs-cats-and-pets-furever-original-imahna8azhvmq3pt.jpeg?q=70,,0,,,,8.0,0.0,,,252.0,0.5,0.0,59.38,stable,flipkart|gtrends,2026-07-07,2026-07-07T17:09:43.195717,415,95cd1d72698c56ea,"furever|furever fur-bone, calcium tablets for dogs, cats and pets pet health supplements",57.5,59.38,57.5,1.88,0.0,0.86,0.0,,MONITOR
B0G6DCQW6L,"Amazon Basics Pet Bed | Medium| Reversible Premium Velvet Pet Bed for Cats & Small/Medium Dogs (Pug, Beagle, French Bulldog)",amazon basics,beds_accessories,,B0G6DCQW6L,https://www.amazon.in/Amazon-Reversible-Premium-Bulldog-Durable/dp/B0G6DCQW6L/ref=zg_bs_g_4771390031_d_sccl_15/522-4724523-7365803?psc=1,"https://images-eu.ssl-images-amazon.com/images/I/61Zt5MLFRhL._AC_UL300_SR300,200_.jpg",,,,"https://images-eu.ssl-images-amazon.com/images/I/61Zt5MLFRhL._AC_UL300_SR300,200_.jpg",15.0,0,3.8,953.0,699.0,,,,,,20.5,-2.0,59.33,stable,amazon|gtrends,2026-07-07,2026-07-07T17:09:43.169968,416,f95d156341ad1d5e,amazon basics|amazon basics pet bed | medium| reversible premium velvet pet bed for cats & sma,56.83,59.33,56.83,2.5,0.0,0.86,0.0,,MONITOR
PCLHB3JJMNQXFUFG,SENAPATI Dog Collar & Leash,senapati,collars_leashes,,,,,PCLHB3JJMNQXFUFG,https://www.flipkart.com/senapati-dog-collar-leash/p/itm02a33c983aa61?pid=PCLHB3JJMNQXFUFG&lid=LSTPCLHB3JJMNQXFUFGAIVYYA&marketplace=FLIPKART&q=dog+collar&store=p3t%2Fea3%2Fb1n&srno=s_1_12&otracker=search&fm=organic&iid=en_6hLpz_MXPhzqMwJvD7Fqu7flGPdWiCbltzQZxucrjgQd7K2ciRB_6lbGeRZLehqlGvJIEiQBpb6m8Fx61BitfRVSGH5MTlcPJ9znQBgmaOCbykUNyBw1QK9OjNzdgbzO&ppt=None&ppn=None&ssid=7qp8bruvq80000001783424335453&qH=7e1db77825e65614&ov_redirect=true&ov_redirect=true,https://rukminim2.flixcart.com/image/612/612/xif0q/pet-collar-harness/9/i/a/large-harness-3pc-decorvaiz-original-imah3nmx6e9hdgep.jpeg?q=70,https://rukminim2.flixcart.com/image/612/612/xif0q/pet-collar-harness/9/i/a/large-harness-3pc-decorvaiz-original-imah3nmx6e9hdgep.jpeg?q=70,,0,,,,12.0,0.0,3.9,,129.0,5.0,-3.0,59.32,stable,flipkart|gtrends,2026-07-07,2026-07-07T17:09:43.199464,417,ffb6c78643caf48a,senapati|senapati dog collar & leash,56.82,59.32,56.82,2.5,0.0,0.86,0.0,,MONITOR
B0DMVW8YWP,FURRLOVERS Multi-Level Cat Tree with Scratching Posts and Platforms (Green - FURR-11),furrlovers,beds_accessories,,B0DMVW8YWP,https://www.amazon.in/FURRLOVERS-Multi-Level-Scratching-Posts-Platforms/dp/B0DMVW8YWP/ref=zg_bs_g_4771375031_d_sccl_16/522-4724523-7365803?psc=1,"https://images-eu.ssl-images-amazon.com/images/I/71s7Tt1B0IL._AC_UL300_SR300,200_.jpg",,,,"https://images-eu.ssl-images-amazon.com/images/I/71s7Tt1B0IL._AC_UL300_SR300,200_.jpg",15.0,0,4.3,103.0,1899.0,,,,,,20.5,-2.0,59.27,stable,amazon|gtrends,2026-07-07,2026-07-07T17:09:43.171746,418,0ef8312d7a1576bd,furrlovers|furrlovers multi-level cat tree with scratching posts and platforms (green - fur,56.15,59.27,56.15,3.12,0.0,0.86,0.0,,MONITOR
PFDE6QF9F4GA8BGF,Royal Canin Giant Puppy 1 kg Dry Young Dog Food,royal canin,dog_food,,,,,PFDE6QF9F4GA8BGF,https://www.flipkart.com/royal-canin-giant-puppy-1-kg-dry-young-dog-food/p/itm2f6487da42680?pid=PFDE6QF9F4GA8BGF&lid=LSTPFDE6QF9F4GA8BGFKF60V1&marketplace=FLIPKART&q=royal+canin+dog+food&store=p3t%2Fea3%2F8zj&srno=s_1_16&otracker=search&fm=organic&iid=b50ca4cc-10f2-4e61-9c64-b71ef01ff18f.PFDE6QF9F4GA8BGF.SEARCH&ppt=None&ppn=None&ssid=tuz9tvum340000001783424255774&qH=daddb49dcea591ec&ov_redirect=true,https://rukminim2.flixcart.com/image/312/312/jt7jhjk0/pet-food/2/g/3/3-5-dog-rc01-royal-canin-original-imafcaff72ahmydr.jpeg?q=70,https://rukminim2.flixcart.com/image/312/312/jt7jhjk0/pet-food/2/g/3/3-5-dog-rc01-royal-canin-original-imafcaff72ahmydr.jpeg?q=70,,0,,,,16.0,0.0,4.3,493.0,1000.0,18.0,-3.2,59.24,stable,flipkart|gtrends,2026-07-07,2026-07-07T17:09:43.181667,419,d86bc5b4a0ddd1bd,royal canin|royal canin giant puppy 1 kg dry young dog food,56.12,59.24,56.12,3.12,0.0,0.86,0.0,,MONITOR
STFHZG4FNGZU6FWZ,Bhambhu Store Musical Sleeping Cat Plush Soft Toy with Cushion Bed - 5 cm,bhambhu,cat_toys,,,,,STFHZG4FNGZU6FWZ,https://www.flipkart.com/bhambhu-store-musical-sleeping-cat-plush-soft-toy-cushion-bed-5-cm/p/itm018006175d334?pid=STFHZG4FNGZU6FWZ&lid=LSTSTFHZG4FNGZU6FWZGOKYBD&marketplace=FLIPKART&q=cat+toys&store=tng&srno=s_1_7&otracker=search&fm=organic&iid=578702ef-3270-4863-9036-db59e3e6d0b1.STFHZG4FNGZU6FWZ.SEARCH&ppt=None&ppn=None&ssid=aofj69zshs0000001783424286813&qH=4372de0f4359aa53&ov_redirect=true&ov_redirect=true,https://rukminim2.flixcart.com/image/612/612/xif0q/stuffed-toy/k/p/l/musical-sleeping-cat-plush-soft-toy-with-cushion-bed-5-original-imahzg4fhs8nyxty.jpeg?q=70,https://rukminim2.flixcart.com/image/612/612/xif0q/stuffed-toy/k/p/l/musical-sleeping-cat-plush-soft-toy-with-cushion-bed-5-original-imahzg4fhs8nyxty.jpeg?q=70,,0,,,,7.0,0.0,,,232.0,4.0,-6.0,59.18,stable,flipkart|gtrends,2026-07-07,2026-07-07T17:09:43.187876,420,029c54d93a795fcd,bhambhu|bhambhu store musical sleeping cat plush soft toy with cushion bed - 5 cm,57.3,59.18,57.3,1.88,0.0,0.86,0.0,,MONITOR
PTYHJJ6SFGTCN3QQ,"WAKTORO Cat Toys for Indoor Cats,Interactive Cat Toy with 2-Speed Adjustment Plastic Training Aid For Dog & Cat",waktoro,cat_toys,,,,,PTYHJJ6SFGTCN3QQ,https://www.flipkart.com/waktoro-cat-toys-indoor-cats-interactive-toy-2-speed-adjustment-plastic-training-aid-dog/p/itm48958ca4e0346?pid=PTYHJJ6SFGTCN3QQ&lid=LSTPTYHJJ6SFGTCN3QQOWIJOA&marketplace=FLIPKART&q=interactive+cat+toy&store=p3t&srno=s_1_7&otracker=search&fm=organic&iid=c7f1756f-91f9-4944-90cc-2787dea405fa.PTYHJJ6SFGTCN3QQ.SEARCH&ppt=None&ppn=None&ssid=keh8997g2o0000001783424292071&qH=6f2caafe5fdbc2f8&ov_redirect=true&ov_redirect=true,https://rukminim2.flixcart.com/image/612/612/xif0q/pet-toy/e/c/e/1-remote-control-automatic-cat-exercise-toys-waktoro-original-imahjj6sazkwhxgt.jpeg?q=70,https://rukminim2.flixcart.com/image/612/612/xif0q/pet-toy/e/c/e/1-remote-control-automatic-cat-exercise-toys-waktoro-original-imahjj6sazkwhxgt.jpeg?q=70,,0,,,,7.0,0.0,,,649.0,4.0,-6.0,59.18,stable,flipkart|gtrends,2026-07-07,2026-07-07T17:09:43.189226,421,5b0c9c610a804992,"waktoro|waktoro cat toys for indoor cats,interactive cat toy with 2-speed adjustment pla",57.3,59.18,57.3,1.88,0.0,0.86,0.0,,MONITOR
B0FRZCX7PP,Berlin's Adjustable Cat Cone for Kitten Size 3 Small Plastic E-Collar Protective Collar After Surgery Anti-Bite Lick Wound He,berlins,health_wellness,,B0FRZCX7PP,https://www.amazon.in/Berlins-Adjustable-Cat-Protective-Anti-Bite/dp/B0FRZCX7PP/ref=zg_bs_g_4771384031_d_sccl_13/522-4724523-7365803?psc=1,"https://images-eu.ssl-images-amazon.com/images/I/612OxkXbb4L._AC_UL300_SR300,200_.jpg",,,,"https://images-eu.ssl-images-amazon.com/images/I/612OxkXbb4L._AC_UL300_SR300,200_.jpg",13.0,0,3.8,27.0,189.0,,,,,,0.5,0.0,59.16,stable,amazon|gtrends,2026-07-07,2026-07-07T17:09:43.174669,422,46a3b1efd3350ebb,berlins|berlin's adjustable cat cone for kitten size 3 small plastic e-collar protective,56.66,59.16,56.66,2.5,0.0,0.86,0.0,,MONITOR
B09JP53HKQ,"Meat Up Meat and Rice Adult Dry Dog Food, Total 6 kg",meat up,dog_food,,B09JP53HKQ,https://www.amazon.in/Meat-Up-Rice-Adult-Food/dp/B09JP53HKQ/ref=zg_bs_g_4771395031_d_sccl_22/522-4724523-7365803?psc=1,"https://images-eu.ssl-images-amazon.com/images/I/71APA8WWBiL._AC_UL300_SR300,200_.jpg",,,,"https://images-eu.ssl-images-amazon.com/images/I/71APA8WWBiL._AC_UL300_SR300,200_.jpg",19.0,0,4.2,2895.0,781.0,,,,,,18.0,-3.2,59.12,stable,amazon|gtrends,2026-07-07,2026-07-07T17:09:43.160887,423,6ea4cb8e95b84277,"meat up|meat up meat and rice adult dry dog food, total 6 kg",56.0,59.12,56.0,3.12,0.0,0.85,0.0,,MONITOR
PFDE6S268GDPCKKJ,Royal Canin Instinctive 1.02 kg (12x0.09 kg) Wet Adult Cat Food,royal canin,cat_food,,,,,PFDE6S268GDPCKKJ,https://www.flipkart.com/royal-canin-instinctive-1-02-kg-12x0-09-kg-wet-adult-cat-food/p/itm625924160c9a1?pid=PFDE6S268GDPCKKJ&lid=LSTPFDE6S268GDPCKKJEJMS5C&marketplace=FLIPKART&q=royal+canin+cat+food&store=p3t%2F0mo%2Foiv&srno=s_1_15&otracker=search&fm=organic&iid=8c819297-3b7e-4c85-b19b-312f8798d713.PFDE6S268GDPCKKJ.SEARCH&ppt=None&ppn=None&ssid=htiipb2zbk0000001783424271148&qH=d9e0c635368b029a&ov_redirect=true&ov_redirect=true,https://rukminim2.flixcart.com/image/612/612/xif0q/pet-food/e/c/b/-enriched-transparent-original-imagjgvgwfk9cztb.png?q=70,https://rukminim2.flixcart.com/image/612/612/xif0q/pet-food/e/c/b/-enriched-transparent-original-imagjgvgwfk9cztb.png?q=70,,0,,,,15.0,0.0,4.5,,1266.0,21.67,-0.67,59.09,stable,flipkart|gtrends,2026-07-07,2026-07-07T17:09:43.183481,424,97f1daa8af58ede6,royal canin|royal canin instinctive 1.02 kg (12x0.09 kg) wet adult cat food,55.97,59.09,55.97,3.12,0.0,0.85,0.0,,MONITOR
PSOHNUQQGGD2YFAH,"Extick Anti-Ticks Shampoo Flea and Tick, Anti-Bacterial, Anti-dandruff Aloe Dog, Cat Shampoo",extick,grooming,,,,,PSOHNUQQGGD2YFAH,https://www.flipkart.com/extick-anti-ticks-shampoo-flea-tick-anti-bacterial-anti-dandruff-aloe-dog-cat/p/itm0c86c1763faa0?pid=PSOHNUQQGGD2YFAH&lid=LSTPSOHNUQQGGD2YFAHM5NRK2&marketplace=FLIPKART&q=cat+shampoo&store=p3t%2Fixl%2Fosh&srno=s_1_8&otracker=search&fm=organic&iid=b1ca53d0-beee-4dcd-aa21-6028d799340c.PSOHNUQQGGD2YFAH.SEARCH&ppt=None&ppn=None&ssid=y8f1ftke9s0000001783424299769&qH=c761a0a39d797bbe&ov_redirect=true&ov_redirect=true,https://rukminim2.flixcart.com/image/612/612/xif0q/pet-shampoo/6/w/b/400-anti-ticks-pet-shampoo-2x200-extick-original-imahnuqqhrg2kfnx.jpeg?q=70,https://rukminim2.flixcart.com/image/612/612/xif0q/pet-shampoo/6/w/b/400-anti-ticks-pet-shampoo-2x200-extick-original-imahnuqqhrg2kfnx.jpeg?q=70,,0,,,,8.0,0.0,,,416.0,13.5,-1.5,59.08,stable,flipkart|gtrends,2026-07-07,2026-07-07T17:09:43.191422,425,0eec20e488c39644,"extick|extick anti-ticks shampoo flea and tick, anti-bacterial, anti-dandruff aloe dog,",57.2,59.08,57.2,1.88,0.0,0.86,0.0,,MONITOR
PDEFXQUPZKH4XHMG,SECOM Dog Training Pads/Training Pee and Potty Pads with Quick Drying Surface and Absorbent Core/Suitable for Small/Large Breed Puppies /20 Count/Size: XL/L-60 cm X H- 90 cm Disposable Dog Diapers,secom,training,,,,,PDEFXQUPZKH4XHMG,https://www.flipkart.com/secom-dog-training-pads-training-pee-potty-pads-quick-drying-surface-absorbent-core-suitable-small-large-breed-puppies-20-count-size-xl-l-60-cm-x-h-90-disposable-diapers/p/itm7ca519d3f4597?pid=PDEFXQUPZKH4XHMG&lid=LSTPDEFXQUPZKH4XHMGSTCQY2&marketplace=FLIPKART&q=puppy+training+pads&store=p3t%2Fixl%2Fhmu&srno=s_1_13&otracker=search&fm=organic&iid=d60d8e75-061f-48aa-83e7-35ac61d14ce8.PDEFXQUPZKH4XHMG.SEARCH&ppt=None&ppn=None&ssid=vikbikuy8w0000001783424349196&qH=a418c91bf2bdb70b&ov_redirect=true&ov_redirect=true,https://rukminim2.flixcart.com/image/612/612/khtghow0-0/pet-diaper/r/j/u/upto-5-kg-dog-training-pads-training-pee-and-potty-pads-with-original-imafxqtq6jqqeg29.jpeg?q=70,https://rukminim2.flixcart.com/image/612/612/khtghow0-0/pet-diaper/r/j/u/upto-5-kg-dog-training-pads-training-pee-and-potty-pads-with-original-imafxqtq6jqqeg29.jpeg?q=70,,0,,,,13.0,0.0,4.1,,256.0,0.5,-2.0,59.08,stable,flipkart|gtrends,2026-07-07,2026-07-07T17:09:43.203396,426,e4303f00e764ea54,secom|secom dog training pads/training pee and potty pads with quick drying surface an,56.58,59.08,56.58,2.5,0.0,0.86,0.0,,MONITOR
CAOH77S9ZYZGTRYZ,PetJoy Cat Scratching Pad,petjoy,cat_food,,,,,CAOH77S9ZYZGTRYZ,https://www.flipkart.com/petjoy-cat-scratching-pad/p/itmf8a6738b1ee5f?pid=CAOH77S9ZYZGTRYZ&lid=LSTCAOH77S9ZYZGTRYZ5J2YRL&marketplace=FLIPKART&q=scratching+post&store=search.flipkart.com&srno=s_1_13&otracker=search&fm=organic&iid=5bc46a97-7ca5-4d96-83b8-c80373b7e6bd.CAOH77S9ZYZGTRYZ.SEARCH&ppt=None&ppn=None&ssid=w7adpjchls0000001783424294643&qH=628cefc67d4ceea5&ov_redirect=true&ov_redirect=true,https://rukminim2.flixcart.com/image/612/612/xif0q/cat-scratching-post/o/e/h/cat-scratcher-cardboard-2-in-1-reversible-scratching-pad-original-imah77s9rmsuxhdp.jpeg?q=70,https://rukminim2.flixcart.com/image/612/612/xif0q/cat-scratching-post/o/e/h/cat-scratcher-cardboard-2-in-1-reversible-scratching-pad-original-imah77s9rmsuxhdp.jpeg?q=70,,0,,,,13.0,0.0,4.0,,247.0,21.67,-0.67,59.07,stable,flipkart|gtrends,2026-07-07,2026-07-07T17:09:43.190049,427,fb3e5ca2ad90af3a,petjoy|petjoy cat scratching pad,56.57,59.07,56.57,2.5,0.0,0.86,0.0,,MONITOR
B0GP6NT8ZZ,"Amazon Basics Cat Scratch Pad | Adhesive Scratching Mat for Cats | Protects Furniture, Walls & Sofa | Cuttable Design with Fi",amazon basics,beds_accessories,,B0GP6NT8ZZ,https://www.amazon.in/Adhesive-Scratching-Protects-Furniture-Cuttable/dp/B0GP6NT8ZZ/ref=zg_bs_g_4771375031_d_sccl_21/522-4724523-7365803?psc=1,"https://images-eu.ssl-images-amazon.com/images/I/71V0rS0s67L._AC_UL300_SR300,200_.jpg",,,,"https://images-eu.ssl-images-amazon.com/images/I/71V0rS0s67L._AC_UL300_SR300,200_.jpg",19.0,0,4.7,1326.0,439.0,,,,,,20.5,-2.0,59.02,stable,amazon|gtrends,2026-07-07,2026-07-07T17:09:43.171993,428,44bf3ce0faa58bec,amazon basics|amazon basics cat scratch pad | adhesive scratching mat for cats | protects furn,55.9,59.02,55.9,3.12,0.0,0.85,0.0,,MONITOR
PFDFRP3AN97WJRWE,Purepet Meat and Rice 10 kg Dry Adult Dog Food,purepet,dog_food,,,,,PFDFRP3AN97WJRWE,https://www.flipkart.com/purepet-meat-rice-10-kg-dry-adult-dog-food/p/itm3fc6b5c07e825?pid=PFDFRP3AN97WJRWE&lid=LSTPFDFRP3AN97WJRWE93S8A4&marketplace=FLIPKART&q=dry+dog+food&store=p3t%2Fea3%2F8zj&srno=s_1_20&otracker=search&fm=organic&iid=8d9aa516-43ed-4b9d-a939-1d67a85a55c3.PFDFRP3AN97WJRWE.SEARCH&ppt=None&ppn=None&ssid=n0x8tqtwmo0000001783424253242&qH=f912ea67325edc4a&ov_redirect=true,https://rukminim2.flixcart.com/image/312/312/xif0q/pet-food/o/x/e/-original-imahn9bxg4gjsqbh.jpeg?q=70,https://rukminim2.flixcart.com/image/312/312/xif0q/pet-food/o/x/e/-original-imahn9bxg4gjsqbh.jpeg?q=70,,0,,,,20.0,0.0,4.3,9856.0,1299.0,18.0,-3.2,59.02,stable,flipkart|gtrends,2026-07-07,2026-07-07T17:09:43.181152,429,f5cfeedf51988625,purepet|purepet meat and rice 10 kg dry adult dog food,55.9,59.02,55.9,3.12,0.0,0.85,0.0,,MONITOR
B0GHYH88HG,"Emily Pets Cat Scratcher (Pack of 3) with Toys – Cardboard Scratch Pad, Feather Wand, and Plush Toy, Durable and Anti-Slip fo",emily,beds_accessories,,B0GHYH88HG,https://www.amazon.in/Emily-Pets-Cat-Scratcher-Pack/dp/B0GHYH88HG/ref=zg_bs_g_4771375031_d_sccl_14/522-4724523-7365803?psc=1,"https://images-eu.ssl-images-amazon.com/images/I/71z-DYZQ84L._AC_UL300_SR300,200_.jpg",,,,"https://images-eu.ssl-images-amazon.com/images/I/71z-DYZQ84L._AC_UL300_SR300,200_.jpg",13.0,0,4.0,4.0,187.0,,,,,,20.5,-2.0,59.0,stable,amazon|gtrends,2026-07-07,2026-07-07T17:09:43.171626,430,83aaaed737103514,"emily|emily pets cat scratcher (pack of 3) with toys – cardboard scratch pad, feather ",56.5,59.0,56.5,2.5,0.0,0.86,0.0,,MONITOR
PDEHM3YYGFKZJHVM,PAWPAYA 93469 Disposable Dog Diapers,pawpaya,training,,,,,PDEHM3YYGFKZJHVM,https://www.flipkart.com/pawpaya-93469-disposable-dog-diapers/p/itm0f3fcb43e8364?pid=PDEHM3YYGFKZJHVM&lid=LSTPDEHM3YYGFKZJHVMOPYXVV&marketplace=FLIPKART&q=puppy+training+pads&store=p3t%2Fixl%2Fhmu&srno=s_1_8&otracker=search&fm=organic&iid=d60d8e75-061f-48aa-83e7-35ac61d14ce8.PDEHM3YYGFKZJHVM.SEARCH&ppt=None&ppn=None&ssid=vikbikuy8w0000001783424349196&qH=a418c91bf2bdb70b&ov_redirect=true&ov_redirect=true,https://rukminim2.flixcart.com/image/612/612/xif0q/pet-diaper/o/o/w/4-20-kg-93469-m-1-pawpaya-original-imahm3yyzdmaqgwh.jpeg?q=70,https://rukminim2.flixcart.com/image/612/612/xif0q/pet-diaper/o/o/w/4-20-kg-93469-m-1-pawpaya-original-imahm3yyzdmaqgwh.jpeg?q=70,,0,,,,8.0,0.0,,,448.0,0.5,-2.0,58.98,stable,flipkart|gtrends,2026-07-07,2026-07-07T17:09:43.203145,431,80204b76e3abbf06,pawpaya|pawpaya 93469 disposable dog diapers,57.1,58.98,57.1,1.88,0.0,0.86,0.0,,MONITOR
PTTHNNXJWZEM9NET,"jerhigh Jerhigh Treats, Real chicken Meat , Chicken with Carrot sticks for Dogs/Pupies Carrot Dog Trea...",jerhigh,training,,,,,PTTHNNXJWZEM9NET,https://www.flipkart.com/jerhigh-treats-real-chicken-meat-carrot-sticks-dogs-pupies-dog-treat/p/itm3e2b0ba7fd781?pid=PTTHNNXJWZEM9NET&lid=LSTPTTHNNXJWZEM9NETWTUQSZ&marketplace=FLIPKART&q=dog+training+treats&store=p3t%2Fea3%2Fnva&srno=s_1_8&otracker=search&fm=organic&iid=25f5e471-619f-4ddd-b027-4bce8ed3004f.PTTHNNXJWZEM9NET.SEARCH&ppt=None&ppn=None&ssid=wov3prijog0000001783424351807&qH=a29335f69d7964db&ov_redirect=true,https://rukminim2.flixcart.com/image/312/312/xif0q/pet-treat/x/z/a/400-dog-2-jh-carrot-400-02-jerhigh-original-imahnnxfgz5hubhj.jpeg?q=70,https://rukminim2.flixcart.com/image/312/312/xif0q/pet-treat/x/z/a/400-dog-2-jh-carrot-400-02-jerhigh-original-imahnnxfgz5hubhj.jpeg?q=70,,0,,,,8.0,0.0,,,842.0,0.5,-2.0,58.98,stable,flipkart|gtrends,2026-07-07,2026-07-07T17:09:43.203890,432,8a23ceb4c6c0d17e,"jerhigh|jerhigh jerhigh treats, real chicken meat , chicken with carrot sticks for dogs/",57.1,58.98,57.1,1.88,0.0,0.86,0.0,,MONITOR
PBLHK73REQGPGR4K,shreemahantam Dog and Cat Water Dispenser Automatic Gravity Water Drinking Fountain Bowl Plastic Pet Bowl & Bottle,shreemahantam,beds_accessories,,,,,PBLHK73REQGPGR4K,https://www.flipkart.com/shreemahantam-dog-cat-water-dispenser-automatic-gravity-drinking-fountain-bowl-plastic-pet-bottle/p/itm0677fe0123f0d?pid=PBLHK73REQGPGR4K&lid=LSTPBLHK73REQGPGR4K07DV89&marketplace=FLIPKART&q=pet+water+fountain+for+dogs&store=p3t&srno=s_1_8&otracker=search&fm=organic&iid=6536bef0-c166-4646-9df7-0f1d82699e7c.PBLHK73REQGPGR4K.SEARCH&ppt=None&ppn=None&ssid=g1f863abgw0000001783424317830&qH=b2476794fa449bb7&ov_redirect=true&ov_redirect=true,https://rukminim2.flixcart.com/image/612/612/xif0q/pet-bowl-bottle/3/y/7/automatic-dog-cat-feeder-shreemahantam-3-5-original-imahk73rcsyjvhup.jpeg?q=70,https://rukminim2.flixcart.com/image/612/612/xif0q/pet-bowl-bottle/3/y/7/automatic-dog-cat-feeder-shreemahantam-3-5-original-imahk73rcsyjvhup.jpeg?q=70,,0,,,,8.0,0.0,,,350.0,20.5,-2.0,58.98,stable,flipkart|gtrends,2026-07-07,2026-07-07T17:09:43.194994,433,85eaa87f64276343,shreemahantam|shreemahantam dog and cat water dispenser automatic gravity water drinking fount,57.1,58.98,57.1,1.88,0.0,0.86,0.0,,MONITOR
PFDGYCHVNGG5JJFP,Aviean International Dog Puppy Milk Biscuit 200 Gm Milk Flavor Soft Oven Baked Biscuits Milk 0.2 kg Dr...,aviean,dog_food,,,,,PFDGYCHVNGG5JJFP,https://www.flipkart.com/aviean-international-dog-puppy-milk-biscuit-200-gm-flavor-soft-oven-baked-biscuits-0-2-kg-dry-new-born-young-adult-senior-food/p/itm66e53274e91ef?pid=PFDGYCHVNGG5JJFP&lid=LSTPFDGYCHVNGG5JJFPD0ELUF&marketplace=FLIPKART&q=puppy+food&store=p3t%2Fea3%2F8zj&srno=s_1_14&otracker=search&fm=organic&iid=bd00ce40-63e5-4628-8bfb-22760bef423a.PFDGYCHVNGG5JJFP.SEARCH&ppt=None&ppn=None&ssid=jgnht7d6n40000001783424250669&qH=1b10931195d885ee&ov_redirect=true,https://rukminim2.flixcart.com/image/312/312/xif0q/pet-food/f/d/y/0-2-dog-1-232-aviean-international-original-imahm32y8uhjahfj.jpeg?q=70,https://rukminim2.flixcart.com/image/312/312/xif0q/pet-food/f/d/y/0-2-dog-1-232-aviean-international-original-imahm32y8uhjahfj.jpeg?q=70,,0,,,,14.0,0.0,4.0,194.0,93.0,18.0,-3.2,58.95,stable,flipkart|gtrends,2026-07-07,2026-07-07T17:09:43.180551,434,243f2b555b8bbe5e,aviean|aviean international dog puppy milk biscuit 200 gm milk flavor soft oven baked b,56.45,58.95,56.45,2.5,0.0,0.86,0.0,,MONITOR
PTYHB4VT5MBFKZBX,decorvaiz dog rope toy || Cotton Chew Toy For Dog & Cat,decorvaiz,dog_toys,,,,,PTYHB4VT5MBFKZBX,https://www.flipkart.com/decorvaiz-dog-rope-toy-cotton-chew-cat/p/itm01f0f678c8afc?pid=PTYHB4VT5MBFKZBX&lid=LSTPTYHB4VT5MBFKZBXFAUEOG&marketplace=FLIPKART&q=dog+toys&store=search.flipkart.com&srno=s_1_13&otracker=search&fm=organic&iid=72b68f00-cfc5-43ef-aa2c-9fbf9afa59ca.PTYHB4VT5MBFKZBX.SEARCH&ppt=None&ppn=None&ssid=kznhsbimtc0000001783424276401&qH=656c5ee0f079e36b&ov_redirect=true&ov_redirect=true,https://rukminim2.flixcart.com/image/612/612/xif0q/pet-toy/9/k/6/6-pet-109-decorvaiz-original-imahd79cmqvg9ks3.jpeg?q=70,https://rukminim2.flixcart.com/image/612/612/xif0q/pet-toy/9/k/6/6-pet-109-decorvaiz-original-imahd79cmqvg9ks3.jpeg?q=70,,0,,,,13.0,0.0,3.9,,163.0,3.0,0.0,58.92,stable,flipkart|gtrends,2026-07-07,2026-07-07T17:09:43.184762,435,fe585fa6c39fc690,decorvaiz|decorvaiz dog rope toy || cotton chew toy for dog & cat,56.42,58.92,56.42,2.5,0.0,0.86,0.0,,MONITOR
B0C3W2NZZ6,Petroyale Cat Digestive Probiotics - Cat Prebiotics & Probiotics Supplement - Prevents Diarrhea & Improves Gut Health - Cats,petroyale,health_wellness,,B0C3W2NZZ6,https://www.amazon.in/Petroyale-Digestive-Probiotics-Enzymes-Supplement/dp/B0C3W2NZZ6/ref=zg_bs_g_4771384031_d_sccl_14/522-4724523-7365803?psc=1,"https://images-eu.ssl-images-amazon.com/images/I/81lcfYb7cZL._AC_UL300_SR300,200_.jpg",,,,"https://images-eu.ssl-images-amazon.com/images/I/81lcfYb7cZL._AC_UL300_SR300,200_.jpg",14.0,0,4.0,47.0,439.0,,,,,,0.5,0.0,58.89,stable,amazon|gtrends,2026-07-07,2026-07-07T17:09:43.174733,436,33d98dd4c42beb7e,petroyale|petroyale cat digestive probiotics - cat prebiotics & probiotics supplement - pr,56.39,58.89,56.39,2.5,0.0,0.86,0.0,,MONITOR
B0CLY2379K,"Foodie Puppies Latex Squeaky Dog Toys Combo - (Purple Elephant and Blue Duck) Animal Design, Fetch & Chew Safe Play Toy | Sui",foodie,dog_toys,,B0CLY2379K,https://www.amazon.in/Foodie-Puppies-Natural-Rubber-Squeaky/dp/B0CLY2379K/ref=zg_bs_g_4771401031_d_sccl_19/522-4724523-7365803?psc=1,"https://images-eu.ssl-images-amazon.com/images/I/71MirRTXtQL._AC_UL300_SR300,200_.jpg",,,,"https://images-eu.ssl-images-amazon.com/images/I/71MirRTXtQL._AC_UL300_SR300,200_.jpg",17.0,0,4.4,375.0,470.0,,,,,,3.0,0.0,58.88,stable,amazon|gtrends,2026-07-07,2026-07-07T17:09:43.163177,437,077390e34de6ffa9,foodie|foodie puppies latex squeaky dog toys combo - (purple elephant and blue duck) an,55.76,58.88,55.76,3.12,0.0,0.85,0.0,,MONITOR
B0BX9Z12MN,"Goofy Tails Food Buddies Sandwich Plush Dog Toy | Light Chewers | Plush Toy | Soft Dog Toys for Puppy | Crinkle, Squeaky, Sof",goofy,dog_food,,B0BX9Z12MN,https://www.amazon.in/Goofy-Tails-Buddies-Sandwich-Crinkle/dp/B0BX9Z12MN/ref=zg_bs_g_4771401031_d_sccl_18/522-4724523-7365803?psc=1,"https://images-eu.ssl-images-amazon.com/images/I/618kHJwPjEL._AC_UL300_SR300,200_.jpg",,,,"https://images-eu.ssl-images-amazon.com/images/I/618kHJwPjEL._AC_UL300_SR300,200_.jpg",16.0,0,4.4,229.0,281.0,,,,,,18.0,-3.2,58.81,stable,amazon|gtrends,2026-07-07,2026-07-07T17:09:43.163121,438,08f1eed13190fcd3,goofy|goofy tails food buddies sandwich plush dog toy | light chewers | plush toy | so,55.69,58.81,55.69,3.12,0.0,0.85,0.0,,MONITOR
PCLHEU9JPMQZMSTB,AomniStore 2Pcs Perfect Cute Print Cat Collar for Indoor & Outdoor Use Adjustable Cat Belt Dog & Cat Everyday Collar,aomnistore,collars_leashes,,,,,PCLHEU9JPMQZMSTB,https://www.flipkart.com/aomnistore-2pcs-perfect-cute-print-cat-collar-indoor-outdoor-use-adjustable-belt-dog-everyday/p/itm4ed8e4588e629?pid=PCLHEU9JPMQZMSTB&lid=LSTPCLHEU9JPMQZMSTBGC3PKA&marketplace=FLIPKART&q=cat+collar&store=p3t&srno=s_1_14&otracker=search&fm=organic&iid=97d963cc-803d-4934-929b-135709a63dac.PCLHEU9JPMQZMSTB.SEARCH&ppt=None&ppn=None&ssid=dl7gz1mpu80000001783424338174&qH=831161a82e2648a4&ov_redirect=true&ov_redirect=true,https://rukminim2.flixcart.com/image/612/612/xif0q/pet-collar-harness/e/n/7/small-2pccatcollar-aomni-store-original-imahmayvbqa9hfgj.jpeg?q=70,https://rukminim2.flixcart.com/image/612/612/xif0q/pet-collar-harness/e/n/7/small-2pccatcollar-aomni-store-original-imahmayvbqa9hfgj.jpeg?q=70,,0,,,,14.0,0.0,4.2,,115.0,5.0,-3.0,58.78,stable,flipkart|gtrends,2026-07-07,2026-07-07T17:09:43.200380,439,81d0ba60184c2610,aomnistore|aomnistore 2pcs perfect cute print cat collar for indoor & outdoor use adjustabl,55.66,58.78,55.66,3.12,0.0,0.85,0.0,,MONITOR
PCLG3XBEMVQCZTDF,Hachiko Dog Choke Chain Collar,hachiko,collars_leashes,,,,,PCLG3XBEMVQCZTDF,https://www.flipkart.com/hachiko-dog-choke-chain-collar/p/itm848fc71efe841?pid=PCLG3XBEMVQCZTDF&lid=LSTPCLG3XBEMVQCZTDFRVTTY6&marketplace=FLIPKART&q=dog+collar&store=p3t%2Fea3%2Fb1n&srno=s_1_14&otracker=search&fm=organic&iid=32c09fc5-3848-44a5-bce7-d16caa2396f9.PCLG3XBEMVQCZTDF.SEARCH&ppt=None&ppn=None&ssid=7qp8bruvq80000001783424335453&qH=7e1db77825e65614&ov_redirect=true&ov_redirect=true,https://rukminim2.flixcart.com/image/612/612/kpr8k280/pet-collar-harness/7/9/z/medium-medblkchok0-01-hachiko-original-imag3xbehpzxtrgz.jpeg?q=70,https://rukminim2.flixcart.com/image/612/612/kpr8k280/pet-collar-harness/7/9/z/medium-medblkchok0-01-hachiko-original-imag3xbehpzxtrgz.jpeg?q=70,,0,,,,14.0,0.0,4.2,,151.0,5.0,-3.0,58.78,stable,flipkart|gtrends,2026-07-07,2026-07-07T17:09:43.199515,440,c42fd2679b1063f6,hachiko|hachiko dog choke chain collar,55.66,58.78,55.66,3.12,0.0,0.85,0.0,,MONITOR
PCLHNMG3YFSEG4NZ,"PETRA Pet Glossy Collar For Small Cat , Kitten , Puppy ,Small Size dog Adjustable Dog & Cat Everyday Collar",petra,collars_leashes,,,,,PCLHNMG3YFSEG4NZ,https://www.flipkart.com/petra-pet-glossy-collar-small-cat-kitten-puppy-small-size-dog-adjustable-everyday/p/itm52e59a535b7bf?pid=PCLHNMG3YFSEG4NZ&lid=LSTPCLHNMG3YFSEG4NZY0AHED&marketplace=FLIPKART&q=cat+collar&store=p3t&srno=s_1_8&otracker=search&fm=organic&iid=97d963cc-803d-4934-929b-135709a63dac.PCLHNMG3YFSEG4NZ.SEARCH&ppt=None&ppn=None&ssid=dl7gz1mpu80000001783424338174&qH=831161a82e2648a4&ov_redirect=true&ov_redirect=true,https://rukminim2.flixcart.com/image/612/612/xif0q/pet-collar-harness/i/t/3/small-51244-petra-original-imahnmg3yt8z2zbh.jpeg?q=70,https://rukminim2.flixcart.com/image/612/612/xif0q/pet-collar-harness/i/t/3/small-51244-petra-original-imahnmg3yt8z2zbh.jpeg?q=70,,0,,,,8.0,0.0,,,117.0,5.0,-3.0,58.78,stable,flipkart|gtrends,2026-07-07,2026-07-07T17:09:43.200024,441,bef9575abccb8bd5,"petra|petra pet glossy collar for small cat , kitten , puppy ,small size dog adjustabl",56.9,58.78,56.9,1.88,0.0,0.86,0.0,,MONITOR
PLNHNY7N92UPYBXH,Patch and Marshall Dog Leash Indestructible / Chew Proof Leash for Dogs - 5ft By RSK 153 cm Dog Cord Leash,patch,collars_leashes,,,,,PLNHNY7N92UPYBXH,https://www.flipkart.com/patch-marshall-dog-leash-indestructible-chew-proof-dogs-5ft-rsk-153-cm-cord/p/itme6369fa1a4851?pid=PLNHNY7N92UPYBXH&lid=LSTPLNHNY7N92UPYBXHE98ELY&marketplace=FLIPKART&q=dog+leash&store=p3t%2Fea3%2Fpmw&srno=s_1_8&otracker=search&fm=organic&iid=b8417349-ae6c-4b7f-a2f6-0b0bd52f98fc.PLNHNY7N92UPYBXH.SEARCH&ppt=None&ppn=None&ssid=c2vsj1dnb40000001783424340877&qH=b0e743e99781d2ae&ov_redirect=true&ov_redirect=true,https://rukminim2.flixcart.com/image/612/612/xif0q/pet-leash-chain/q/e/b/dog-leash-indestructible-chew-proof-double-handle-leash-for-dogs-original-imahny7nrav2svqg.jpeg?q=70,https://rukminim2.flixcart.com/image/612/612/xif0q/pet-leash-chain/q/e/b/dog-leash-indestructible-chew-proof-double-handle-leash-for-dogs-original-imahny7nrav2svqg.jpeg?q=70,,0,,,,8.0,0.0,,,312.0,5.0,-3.0,58.78,stable,flipkart|gtrends,2026-07-07,2026-07-07T17:09:43.200921,442,b1dd79c73b3587f8,patch|patch and marshall dog leash indestructible / chew proof leash for dogs - 5ft by,56.9,58.78,56.9,1.88,0.0,0.86,0.0,,MONITOR
PCLHNDMFMA3A5SAF,Pawlife Dog Harness Dog Buckle Harness,pawlife,collars_leashes,,,,,PCLHNDMFMA3A5SAF,https://www.flipkart.com/pawlife-dog-harness-buckle/p/itm5cc735e159923?pid=PCLHNDMFMA3A5SAF&lid=LSTPCLHNDMFMA3A5SAFRT7KKJ&marketplace=FLIPKART&q=dog+harness&store=p3t%2Fea3%2Fb1n&srno=s_1_8&otracker=search&fm=organic&iid=5a4d3819-8e44-4aad-a67c-a3c7173ca7c5.PCLHNDMFMA3A5SAF.SEARCH&ppt=None&ppn=None&ssid=sckxvcab7k0000001783424343657&qH=c997f489fc4d5035&ov_redirect=true&ov_redirect=true,https://rukminim2.flixcart.com/image/612/612/xif0q/pet-collar-harness/h/x/k/45-66-cm-petha001-pawlife-original-imahndmeh54w3dwq.jpeg?q=70,https://rukminim2.flixcart.com/image/612/612/xif0q/pet-collar-harness/h/x/k/45-66-cm-petha001-pawlife-original-imahndmeh54w3dwq.jpeg?q=70,,0,,,,8.0,0.0,,,259.0,5.0,-3.0,58.78,stable,flipkart|gtrends,2026-07-07,2026-07-07T17:09:43.201721,443,c52968c058e379f3,pawlife|pawlife dog harness dog buckle harness,56.9,58.78,56.9,1.88,0.0,0.86,0.0,,MONITOR
PCLHZ6MZRU4F3GZK,pawdles Gold Finish Dog Chain Collar for Dogs| 18 Inches - Small | Dog Choke Chain Collar,pawdles,collars_leashes,,,,,PCLHZ6MZRU4F3GZK,https://www.flipkart.com/pawdles-gold-finish-dog-chain-collar-dogs-18-inches-small-choke/p/itm5954f9934b649?pid=PCLHZ6MZRU4F3GZK&lid=LSTPCLHZ6MZRU4F3GZKTXJKDG&marketplace=FLIPKART&q=dog+collar&store=p3t%2Fea3%2Fb1n&srno=s_1_8&otracker=search&fm=organic&iid=32c09fc5-3848-44a5-bce7-d16caa2396f9.PCLHZ6MZRU4F3GZK.SEARCH&ppt=None&ppn=None&ssid=7qp8bruvq80000001783424335453&qH=7e1db77825e65614&ov_redirect=true&ov_redirect=true,https://rukminim2.flixcart.com/image/612/612/xif0q/pet-collar-harness/q/f/v/small-gold-finish-dog-chain-collar-for-dogs-22-inches-medium-original-imahz6mrkchwujhg.jpeg?q=70,https://rukminim2.flixcart.com/image/612/612/xif0q/pet-collar-harness/q/f/v/small-gold-finish-dog-chain-collar-for-dogs-22-inches-medium-original-imahz6mrkchwujhg.jpeg?q=70,,0,,,,8.0,0.0,,,576.0,5.0,-3.0,58.78,stable,flipkart|gtrends,2026-07-07,2026-07-07T17:09:43.199262,444,c7e44d4711bf64eb,pawdles|pawdles gold finish dog chain collar for dogs| 18 inches - small | dog choke cha,56.9,58.78,56.9,1.88,0.0,0.86,0.0,,MONITOR
PFDHZAWGB4A6DPCV,Canine Creek Canine Creek Ultra-Premium Grain Free Chicken 6 kg (2x3 kg) Dry Adult Dog Food,canine,dog_food,,,,,PFDHZAWGB4A6DPCV,https://www.flipkart.com/canine-creek-ultra-premium-grain-free-chicken-6-kg-2x3-kg-dry-adult-dog-food/p/itm8c4914d3ac0a9?pid=PFDHZAWGB4A6DPCV&lid=LSTPFDHZAWGB4A6DPCVTV9OBK&marketplace=FLIPKART&q=dog+food&store=p3t%2Fea3%2F8zj&srno=s_1_8&otracker=search&fm=organic&iid=65ea97b5-f6ce-4efe-833e-65bb77220492.PFDHZAWGB4A6DPCV.SEARCH&ppt=None&ppn=None&ssid=lgrgkfgnxc0000001783424247932&qH=c53c2ce8b3bccaa1&ov_redirect=true,https://rukminim2.flixcart.com/image/312/312/xif0q/pet-food/k/v/v/6-dog-2-ultra-premium-adult-dry-dog-food-canine-creek-original-imahzawg2gnnyegf.jpeg?q=70,https://rukminim2.flixcart.com/image/312/312/xif0q/pet-food/k/v/v/6-dog-2-ultra-premium-adult-dry-dog-food-canine-creek-original-imahzawg2gnnyegf.jpeg?q=70,,0,,,,8.0,0.0,,,3703.0,18.0,-3.2,58.74,stable,flipkart|gtrends,2026-07-07,2026-07-07T17:09:43.179812,445,c4c16fdf9421e052,canine|canine creek canine creek ultra-premium grain free chicken 6 kg (2x3 kg) dry adu,56.86,58.74,56.86,1.88,0.0,0.86,0.0,,MONITOR
B079TTTV6Z,Drools Absolute Dog Supplement Sausages 32 Pieces Jar | Calcium Flavour | Healthy Skeletal System | Maintain Strong Teeth,drools,health_wellness,,B079TTTV6Z,https://www.amazon.in/Drools-Absolute-Calcium-Sausage-Supplement/dp/B079TTTV6Z/ref=zg_bs_g_4771397031_d_sccl_19/522-4724523-7365803?psc=1,"https://images-eu.ssl-images-amazon.com/images/I/51GKdEltXKL._AC_UL300_SR300,200_.jpg",,,,"https://images-eu.ssl-images-amazon.com/images/I/51GKdEltXKL._AC_UL300_SR300,200_.jpg",17.0,0,4.2,556.0,899.0,,,,,,0.5,0.0,58.74,stable,amazon|gtrends,2026-07-07,2026-07-07T17:09:43.173360,446,42f572ee42637643,drools|drools absolute dog supplement sausages 32 pieces jar | calcium flavour | health,55.62,58.74,55.62,3.12,0.0,0.85,0.0,,MONITOR
PFDHJZJ2YAJHNQVQ,"Drools Drools Duck with Pumpkin & Kale Gravy,(6x120g) Lamb 720 g (6x120 g) Wet Adult Dog Food",drools,dog_food,,,,,PFDHJZJ2YAJHNQVQ,https://www.flipkart.com/drools-duck-pumpkin-kale-gravy-6x120g-lamb-720-g-6x120-g-wet-adult-dog-food/p/itm2523f448a025f?pid=PFDHJZJ2YAJHNQVQ&lid=LSTPFDHJZJ2YAJHNQVQDDN1XP&marketplace=FLIPKART&q=drools+dog+food&store=p3t%2Fea3%2F8zj&srno=s_1_8&otracker=search&fm=organic&iid=f8b07989-357d-477e-8458-731b5e3795f0.PFDHJZJ2YAJHNQVQ.SEARCH&ppt=None&ppn=None&ssid=yg62mojrq80000001783424260931&qH=38ac4fbf0eca81e5&ov_redirect=true,https://rukminim2.flixcart.com/image/312/312/xif0q/pet-food/9/0/1/-original-imahk68snhgcqgum.jpeg?q=70,https://rukminim2.flixcart.com/image/312/312/xif0q/pet-food/9/0/1/-original-imahk68snhgcqgum.jpeg?q=70,,0,,,,8.0,0.0,,,220.0,18.0,-3.2,58.74,stable,flipkart|gtrends,2026-07-07,2026-07-07T17:09:43.182033,447,aa2822d593103330,"drools|drools drools duck with pumpkin & kale gravy,(6x120g) lamb 720 g (6x120 g) wet a",56.86,58.74,56.86,1.88,0.0,0.86,0.0,,MONITOR
PFDHJGUEPH7YTQMK,Drools Jerky Chicken 60 g Dry Adult Dog Food,drools,dog_food,,,,,PFDHJGUEPH7YTQMK,https://www.flipkart.com/drools-jerky-chicken-60-g-dry-adult-dog-food/p/itmad3e831b523f0?pid=PFDHJGUEPH7YTQMK&lid=LSTPFDHJGUEPH7YTQMKQIHDUG&marketplace=FLIPKART&q=dry+dog+food&store=p3t%2Fea3%2F8zj&srno=s_1_8&otracker=search&fm=organic&iid=8d9aa516-43ed-4b9d-a939-1d67a85a55c3.PFDHJGUEPH7YTQMK.SEARCH&ppt=None&ppn=None&ssid=n0x8tqtwmo0000001783424253242&qH=f912ea67325edc4a&ov_redirect=true,https://rukminim2.flixcart.com/image/312/312/xif0q/pet-food/h/i/2/-original-imahjjq3ygjpb5pn.jpeg?q=70,https://rukminim2.flixcart.com/image/312/312/xif0q/pet-food/h/i/2/-original-imahjjq3ygjpb5pn.jpeg?q=70,,0,,,,8.0,0.0,,,227.0,18.0,-3.2,58.74,stable,flipkart|gtrends,2026-07-07,2026-07-07T17:09:43.180948,448,30eee502afca682a,drools|drools jerky chicken 60 g dry adult dog food,56.86,58.74,56.86,1.88,0.0,0.86,0.0,,MONITOR
PFDHZFPVRUVGGJVF,"VJOY Chicken and Vegetable (500gmX3) Dry Puppy Dog Food Chicken, Vegetable 1 kg (3x0.33 kg) Dry Young ...",vjoy,dog_food,,,,,PFDHZFPVRUVGGJVF,https://www.flipkart.com/vjoy-chicken-vegetable-500gmx3-dry-puppy-dog-food-chicken-1-kg-3x0-33-kg-young/p/itm3cca042fc6085?pid=PFDHZFPVRUVGGJVF&lid=LSTPFDHZFPVRUVGGJVFBZCWN6&marketplace=FLIPKART&q=puppy+food&store=p3t%2Fea3%2F8zj&srno=s_1_8&otracker=search&fm=organic&iid=bd00ce40-63e5-4628-8bfb-22760bef423a.PFDHZFPVRUVGGJVF.SEARCH&ppt=None&ppn=None&ssid=jgnht7d6n40000001783424250669&qH=1b10931195d885ee&ov_redirect=true,https://rukminim2.flixcart.com/image/312/312/xif0q/pet-food/l/o/q/1-dog-3-vj500x3pup-vjoy-original-imahzfpu3zadsqqp.jpeg?q=70,https://rukminim2.flixcart.com/image/312/312/xif0q/pet-food/l/o/q/1-dog-3-vj500x3pup-vjoy-original-imahzfpu3zadsqqp.jpeg?q=70,,0,,,,8.0,0.0,,,281.0,18.0,-3.2,58.74,stable,flipkart|gtrends,2026-07-07,2026-07-07T17:09:43.180335,449,cf469d65d63fc6a2,"vjoy|vjoy chicken and vegetable (500gmx3) dry puppy dog food chicken, vegetable 1 kg ",56.86,58.74,56.86,1.88,0.0,0.86,0.0,,MONITOR
PDEGVGGVCHHFDXC7,JNONI Training Pad/Training Pee and Potty with Quick Drying Surface and Absorbent Core Disposable Dog Diapers,jnoni,training,,,,,PDEGVGGVCHHFDXC7,https://www.flipkart.com/jnoni-training-pad-training-pee-potty-quick-drying-surface-absorbent-core-disposable-dog-diapers/p/itm0bd6fdf6135ed?pid=PDEGVGGVCHHFDXC7&lid=LSTPDEGVGGVCHHFDXC7QXQTV9&marketplace=FLIPKART&q=puppy+training+pads&store=p3t%2Fixl%2Fhmu&srno=s_1_16&otracker=search&fm=organic&iid=d60d8e75-061f-48aa-83e7-35ac61d14ce8.PDEGVGGVCHHFDXC7.SEARCH&ppt=None&ppn=None&ssid=vikbikuy8w0000001783424349196&qH=a418c91bf2bdb70b&ov_redirect=true&ov_redirect=true,https://rukminim2.flixcart.com/image/612/612/kf2v3ww0/pet-diaper/z/k/x/2-5-dog-training-pads-dog-training-pads-training-pee-and-potty-original-imafvmejebas4x6s.jpeg?q=70,https://rukminim2.flixcart.com/image/612/612/kf2v3ww0/pet-diaper/z/k/x/2-5-dog-training-pads-dog-training-pads-training-pee-and-potty-original-imafvmejebas4x6s.jpeg?q=70,,0,,,,16.0,0.0,4.8,,154.0,0.5,-2.0,58.66,stable,flipkart|gtrends,2026-07-07,2026-07-07T17:09:43.203521,450,7082121047796e9a,jnoni|jnoni training pad/training pee and potty with quick drying surface and absorben,55.54,58.66,55.54,3.12,0.0,0.85,0.0,,MONITOR
PLNH6ZR7AWTBTUEY,Onlyeasy Heavy Duty Dog Leash for Large Medium Small Breed Dogs 122 cm Dog & Cat Cord Leash,onlyeasy,collars_leashes,,,,,PLNH6ZR7AWTBTUEY,https://www.flipkart.com/onlyeasy-heavy-duty-dog-leash-large-medium-small-breed-dogs-122-cm-cat-cord/p/itm311d382d7fb04?pid=PLNH6ZR7AWTBTUEY&lid=LSTPLNH6ZR7AWTBTUEYDPOWEQ&marketplace=FLIPKART&q=dog+leash&store=p3t%2Fea3%2Fpmw&srno=s_1_13&otracker=search&fm=organic&iid=b8417349-ae6c-4b7f-a2f6-0b0bd52f98fc.PLNH6ZR7AWTBTUEY.SEARCH&ppt=None&ppn=None&ssid=c2vsj1dnb40000001783424340877&qH=b0e743e99781d2ae&ov_redirect=true&ov_redirect=true,https://rukminim2.flixcart.com/image/612/612/xif0q/pet-leash-chain/w/y/x/heavy-duty-dog-leash-for-large-medium-small-breed-dogs-original-imah3z2x9zktj4su.jpeg?q=70,https://rukminim2.flixcart.com/image/612/612/xif0q/pet-leash-chain/w/y/x/heavy-duty-dog-leash-for-large-medium-small-breed-dogs-original-imah3z2x9zktj4su.jpeg?q=70,,0,,,,13.0,0.0,4.0,,155.0,5.0,-3.0,58.6,stable,flipkart|gtrends,2026-07-07,2026-07-07T17:09:43.201078,451,a257e4b13c5dd440,onlyeasy|onlyeasy heavy duty dog leash for large medium small breed dogs 122 cm dog & cat,56.1,58.6,56.1,2.5,0.0,0.86,0.0,,MONITOR
PFDHBJ6NYJDHWDGY,Me-O meo mackerel Mackerel 1.2 kg Dry Adult Cat Food,me-o,cat_food,,,,,PFDHBJ6NYJDHWDGY,https://www.flipkart.com/me-o-meo-mackerel-1-2-kg-dry-adult-cat-food/p/itm99e8c511d8e3b?pid=PFDHBJ6NYJDHWDGY&lid=LSTPFDHBJ6NYJDHWDGYE8BKSX&marketplace=FLIPKART&q=meo+cat+food&store=p3t%2F0mo%2Foiv&srno=s_1_15&otracker=search&fm=organic&iid=8a0975ac-f6d1-49ba-a9a5-4c6a973ead86.PFDHBJ6NYJDHWDGY.SEARCH&ppt=None&ppn=None&ssid=kuu7d4pgps0000001783424273731&qH=c9e60ce57aa2b156&ov_redirect=true&ov_redirect=true,https://rukminim2.flixcart.com/image/612/612/xif0q/pet-food/w/3/j/1-2-cat-1-meo-mackerel-me-o-original-imahccy6yhn5eatd.jpeg?q=70,https://rukminim2.flixcart.com/image/612/612/xif0q/pet-food/w/3/j/1-2-cat-1-meo-mackerel-me-o-original-imahccy6yhn5eatd.jpeg?q=70,,0,,,,15.0,0.0,4.3,,524.0,21.67,-0.67,58.53,stable,flipkart|gtrends,2026-07-07,2026-07-07T17:09:43.184158,452,fa43a29b8ec72bfa,me-o|me-o meo mackerel mackerel 1.2 kg dry adult cat food,55.41,58.53,55.41,3.12,0.0,0.85,0.0,,MONITOR
CAOHME5PMDEEHZMG,TailsNToys Cat Scratching Pad,tailsntoys,cat_food,,,,,CAOHME5PMDEEHZMG,https://www.flipkart.com/tailsntoys-cat-scratching-pad/p/itmf31b06b8f1512?pid=CAOHME5PMDEEHZMG&lid=LSTCAOHME5PMDEEHZMG1AGRCU&marketplace=FLIPKART&q=scratching+post&store=search.flipkart.com&srno=s_1_15&otracker=search&fm=organic&iid=5bc46a97-7ca5-4d96-83b8-c80373b7e6bd.CAOHME5PMDEEHZMG.SEARCH&ppt=None&ppn=None&ssid=w7adpjchls0000001783424294643&qH=628cefc67d4ceea5&ov_redirect=true&ov_redirect=true,https://rukminim2.flixcart.com/image/612/612/xif0q/cat-scratching-post/r/k/9/scratch-pad-for-cats-self-adhesive-cat-toy-scratching-postt-original-imahme5zy7sfgcuz.jpeg?q=70,https://rukminim2.flixcart.com/image/612/612/xif0q/cat-scratching-post/r/k/9/scratch-pad-for-cats-self-adhesive-cat-toy-scratching-postt-original-imahme5zy7sfgcuz.jpeg?q=70,,0,,,,15.0,0.0,4.3,,258.0,21.67,-0.67,58.53,stable,flipkart|gtrends,2026-07-07,2026-07-07T17:09:43.190082,453,47c45441eedd11f9,tailsntoys|tailsntoys cat scratching pad,55.41,58.53,55.41,3.12,0.0,0.85,0.0,,MONITOR
B0FP4MFXDX,"Cybersnc Cotton Breakaway Cat Collar, White Heart Shaped Pendant, Cute Kitten Cat Collar with Bell (Light Green, XS)",cybersnc,collars_leashes,,B0FP4MFXDX,https://www.amazon.in/Cybersnc-Cotton-Breakaway-Collar-Pendant/dp/B0FP4MFXDX/ref=zg_bs_g_4771379031_d_sccl_20/522-4724523-7365803?psc=1,"https://images-eu.ssl-images-amazon.com/images/I/61MLdMVZI2L._AC_UL300_SR300,200_.jpg",,,,"https://images-eu.ssl-images-amazon.com/images/I/61MLdMVZI2L._AC_UL300_SR300,200_.jpg",16.0,0,4.5,70.0,263.0,,,,,,5.0,-3.0,58.46,stable,amazon|gtrends,2026-07-07,2026-07-07T17:09:43.178755,454,dcb13c305b09c825,"cybersnc|cybersnc cotton breakaway cat collar, white heart shaped pendant, cute kitten ca",55.34,58.46,55.34,3.12,0.0,0.85,0.0,,MONITOR
B0D1C9JPMZ,"Qpets Cat Scratch Pad, Scratch Pad for Cats, Cut-to-Fit Cat Scratcher Mat Self Adhesive Pets Cat Scratcher Cardboard Mat Wal",qpets,beds_accessories,,B0D1C9JPMZ,https://www.amazon.in/Scratcher-Adhesive-Cardboard-Furniture-Protection/dp/B0D1C9JPMZ/ref=zg_bs_g_4771375031_d_sccl_15/522-4724523-7365803?psc=1,"https://images-eu.ssl-images-amazon.com/images/I/71ykBhTKDPL._AC_UL300_SR300,200_.jpg",,,,"https://images-eu.ssl-images-amazon.com/images/I/71ykBhTKDPL._AC_UL300_SR300,200_.jpg",14.0,0,3.8,141.0,399.0,,,,,,20.5,-2.0,58.43,stable,amazon|gtrends,2026-07-07,2026-07-07T17:09:43.171688,455,de8dd11fa2f9ab00,"qpets|qpets cat scratch pad, scratch pad for cats, cut-to-fit cat scratcher mat self a",55.93,58.43,55.93,2.5,0.0,0.85,0.0,,MONITOR
PFDHBGFFHPJKJEX9,Royal Canin Royal Canin MAXI ADULT 220 gm 0.22 kg Dry Adult Dog Food,royal canin,dog_food,,,,,PFDHBGFFHPJKJEX9,https://www.flipkart.com/royal-canin-maxi-adult-220-gm-0-22-kg-dry-dog-food/p/itm42efd32cf8de2?pid=PFDHBGFFHPJKJEX9&lid=LSTPFDHBGFFHPJKJEX92MLAH1&marketplace=FLIPKART&q=royal+canin+dog+food&store=p3t%2Fea3%2F8zj&srno=s_1_14&otracker=search&fm=organic&iid=b50ca4cc-10f2-4e61-9c64-b71ef01ff18f.PFDHBGFFHPJKJEX9.SEARCH&ppt=None&ppn=None&ssid=tuz9tvum340000001783424255774&qH=daddb49dcea591ec&ov_redirect=true,https://rukminim2.flixcart.com/image/312/312/xif0q/pet-food/o/g/l/0-22-dog-1-mxadult01-royal-canin-original-imahdz62gkdzvpzh.jpeg?q=70,https://rukminim2.flixcart.com/image/312/312/xif0q/pet-food/o/g/l/0-22-dog-1-mxadult01-royal-canin-original-imahdz62gkdzvpzh.jpeg?q=70,,0,,,,14.0,0.0,4.1,34.0,228.0,18.0,-3.2,58.42,stable,flipkart|gtrends,2026-07-07,2026-07-07T17:09:43.181603,456,b99ecd69e42bfab9,royal canin|royal canin royal canin maxi adult 220 gm 0.22 kg dry adult dog food,55.92,58.42,55.92,2.5,0.0,0.85,0.0,,MONITOR
PHSFGUG9EU84YHSX,Vetoquinol Health Up Multivitamin supplement for the liver functionality & level regulator For Dogs & Cats 200 Ml Pet Health Supplements,vetoquinol,health_wellness,,,,,PHSFGUG9EU84YHSX,https://www.flipkart.com/vetoquinol-health-up-multivitamin-supplement-liver-functionality-level-regulator-dogs-cats-200-ml-pet-supplements/p/itmfguhfhnwxrtdy?pid=PHSFGUG9EU84YHSX&lid=LSTPHSFGUG9EU84YHSXMNXR5E&marketplace=FLIPKART&q=dog+supplements&store=p3t%2Fea3%2F0ua&srno=s_1_15&otracker=search&fm=organic&iid=62e4164b-bda9-434c-b7cf-78c40b73a58c.PHSFGUG9EU84YHSX.SEARCH&ppt=None&ppn=None&ssid=wrhwgc46z40000001783424320687&qH=173b9a8368e4e00d&ov_redirect=true&ov_redirect=true,https://rukminim2.flixcart.com/image/612/612/jw3umq80/pet-health-supplement/h/s/x/50-health-up-multivitamin-supplement-for-the-liver-functionality-original-imafgufyquyyhzdr.jpeg?q=70,https://rukminim2.flixcart.com/image/612/612/jw3umq80/pet-health-supplement/h/s/x/50-health-up-multivitamin-supplement-for-the-liver-functionality-original-imafgufyquyyhzdr.jpeg?q=70,,0,,,,15.0,0.0,4.2,,203.0,0.5,0.0,58.38,stable,flipkart|gtrends,2026-07-07,2026-07-07T17:09:43.195917,457,8eb7188362613ae8,vetoquinol|vetoquinol health up multivitamin supplement for the liver functionality & level,55.26,58.38,55.26,3.12,0.0,0.85,0.0,,MONITOR
PCBHB4VYDYRYFBP6,decorvaiz Dog Hair Comb Brush-Dog Combing Brush- Slicker Brushes for Dog,decorvaiz,grooming,,,,,PCBHB4VYDYRYFBP6,https://www.flipkart.com/decorvaiz-dog-hair-comb-brush-dog-combing-brush-slicker-brushes/p/itmfc6c47fc27c6a?pid=PCBHB4VYDYRYFBP6&lid=LSTPCBHB4VYDYRYFBP6I5QDLW&marketplace=FLIPKART&q=dog+brush&store=p3t%2Fixl%2F770&srno=s_1_15&otracker=search&fm=organic&iid=94002573-d5e8-41b4-8dc7-3432732abc74.PCBHB4VYDYRYFBP6.SEARCH&ppt=None&ppn=None&ssid=6sp2qnbbb40000001783424302403&qH=c664f21272e7c16e&ov_redirect=true&ov_redirect=true,https://rukminim2.flixcart.com/image/612/612/xif0q/pet-comb-brush/d/x/k/medium-dog-hair-comb-brush-decorvaiz-original-imahdnxy7v2hgpv5.jpeg?q=70,https://rukminim2.flixcart.com/image/612/612/xif0q/pet-comb-brush/d/x/k/medium-dog-hair-comb-brush-decorvaiz-original-imahdnxy7v2hgpv5.jpeg?q=70,,0,,,,15.0,0.0,4.3,,135.0,13.5,-1.5,58.36,stable,flipkart|gtrends,2026-07-07,2026-07-07T17:09:43.192539,458,8963d1b612a8ba48,decorvaiz|decorvaiz dog hair comb brush-dog combing brush- slicker brushes for dog,55.24,58.36,55.24,3.12,0.0,0.85,0.0,,MONITOR
PCLGK6ZDEACTSRJP,"Buraq Reflective Cat Harness with Leash Set for Walking , Escape Proof Cat Harness & Leash",buraq,collars_leashes,,,,,PCLGK6ZDEACTSRJP,https://www.flipkart.com/buraq-reflective-cat-harness-leash-set-walking-escape-proof/p/itm5fe6c96d1b7c9?pid=PCLGK6ZDEACTSRJP&lid=LSTPCLGK6ZDEACTSRJPILJNXQ&marketplace=FLIPKART&q=cat+collar&store=p3t&srno=s_1_13&otracker=search&fm=organic&iid=97d963cc-803d-4934-929b-135709a63dac.PCLGK6ZDEACTSRJP.SEARCH&ppt=None&ppn=None&ssid=dl7gz1mpu80000001783424338174&qH=831161a82e2648a4&ov_redirect=true&ov_redirect=true,https://rukminim2.flixcart.com/image/612/612/xif0q/pet-collar-harness/a/h/q/medium-harness-set-for-cats-buraq-original-imagk6zd5dwkrfzy.jpeg?q=70,https://rukminim2.flixcart.com/image/612/612/xif0q/pet-collar-harness/a/h/q/medium-harness-set-for-cats-buraq-original-imagk6zd5dwkrfzy.jpeg?q=70,,0,,,,13.0,0.0,3.9,,154.0,5.0,-3.0,58.32,stable,flipkart|gtrends,2026-07-07,2026-07-07T17:09:43.200314,459,1a35b844d40d2e6a,"buraq|buraq reflective cat harness with leash set for walking , escape proof cat harne",55.82,58.32,55.82,2.5,0.0,0.85,0.0,,MONITOR
B0CH3LVJSC,"Dog Trust Professional Stainless Steel Scissor Tool Nail Clipper Cutter for Cat & Dog (Medium), Multicolor",dog,grooming,,B0CH3LVJSC,https://www.amazon.in/Dog-Trust-Nail-Clippers-Professional/dp/B0CH3LVJSC/ref=zg_bs_g_4771383031_d_sccl_19/522-4724523-7365803?psc=1,"https://images-eu.ssl-images-amazon.com/images/I/41caOK5Gr8L._AC_UL300_SR300,200_.jpg",,,,"https://images-eu.ssl-images-amazon.com/images/I/41caOK5Gr8L._AC_UL300_SR300,200_.jpg",15.0,0,4.1,114.0,208.0,,,,,,13.5,-1.5,58.25,stable,amazon|gtrends,2026-07-07,2026-07-07T17:09:43.168276,460,c635394a607656fa,dog|dog trust professional stainless steel scissor tool nail clipper cutter for cat ,55.75,58.25,55.75,2.5,0.0,0.85,0.0,,MONITOR
PTYHNMU322HFZHCY,Bhadani Cat Toys -Interactive Cat Feather Toy Set -Activity Cat Toys Plastic Training Aid For Cat,bhadani,cat_toys,,,,,PTYHNMU322HFZHCY,https://www.flipkart.com/bhadani-cat-toys-interactive-feather-toy-set-activity-plastic-training-aid/p/itm4acff734e70a1?pid=PTYHNMU322HFZHCY&lid=LSTPTYHNMU322HFZHCY4KGMVE&marketplace=FLIPKART&q=interactive+cat+toy&store=p3t&srno=s_1_8&otracker=search&fm=organic&iid=c7f1756f-91f9-4944-90cc-2787dea405fa.PTYHNMU322HFZHCY.SEARCH&ppt=None&ppn=None&ssid=keh8997g2o0000001783424292071&qH=6f2caafe5fdbc2f8&ov_redirect=true&ov_redirect=true,https://rukminim2.flixcart.com/image/612/612/xif0q/pet-toy/o/h/g/3-hsufhrjkgh-right-traders-original-imahnhphuabxqw9j.jpeg?q=70,https://rukminim2.flixcart.com/image/612/612/xif0q/pet-toy/o/h/g/3-hsufhrjkgh-right-traders-original-imahnhphuabxqw9j.jpeg?q=70,,0,,,,8.0,0.0,,,180.0,4.0,-6.0,58.18,stable,flipkart|gtrends,2026-07-07,2026-07-07T17:09:43.189283,461,b0c9dacf2eed717a,bhadani|bhadani cat toys -interactive cat feather toy set -activity cat toys plastic tra,56.3,58.18,56.3,1.88,0.0,0.86,0.0,,MONITOR
PTYHNVMFHYX3E2HG,"Petfun PetFun Red Hard Ball & Nylon Bone Combo for pets Nylon, Rubber Ball, Bone, Chew Toy, Fetch Toy, Rubber Toy, Squeaky Toy, Stick, Tough Toy, Tug Toy For Dog & Cat",petfun,cat_toys,,,,,PTYHNVMFHYX3E2HG,https://www.flipkart.com/petfun-red-hard-ball-nylon-bone-combo-pets-nylon-rubber-ball-bone-chew-toy-fetch-squeaky-stick-tough-tug-toy-dog-cat/p/itm455a8f88ab349?pid=PTYHNVMFHYX3E2HG&lid=LSTPTYHNVMFHYX3E2HGZAFNWN&marketplace=FLIPKART&q=chew+toy+for+dogs&store=p3t%2Fea3%2Fg4c&srno=s_1_8&otracker=search&fm=organic&iid=7bd7fbba-2d0c-49d2-998d-02c17cd33c0c.PTYHNVMFHYX3E2HG.SEARCH&ppt=None&ppn=None&ssid=epaqy8p1400000001783424279013&qH=c3109da2ecfccdb5&ov_redirect=true&ov_redirect=true,https://rukminim2.flixcart.com/image/612/612/xif0q/pet-toy/y/w/1/1-petfun-red-hard-ball-nylon-bone-combo-for-pets-pet-fun-original-imahnvhsgy9zgt2c.jpeg?q=70,https://rukminim2.flixcart.com/image/612/612/xif0q/pet-toy/y/w/1/1-petfun-red-hard-ball-nylon-bone-combo-for-pets-pet-fun-original-imahnvhsgy9zgt2c.jpeg?q=70,,0,,,,8.0,0.0,,,170.0,4.0,-6.0,58.18,stable,flipkart|gtrends,2026-07-07,2026-07-07T17:09:43.185284,462,d479618f16600c57,"petfun|petfun petfun red hard ball & nylon bone combo for pets nylon, rubber ball, bone",56.3,58.18,56.3,1.88,0.0,0.86,0.0,,MONITOR
B0B68KLNY7,"Basil Purrfect Cat Dental Sticks | Tuna & Cranberry Dental Sticks for Cats, Cat Treats | Cats Oral Hygiene & Helps Control Ha",basil,health_wellness,,B0B68KLNY7,https://www.amazon.in/Purrfect-Dental-Sticks-Cranberry-Treats/dp/B0B68KLNY7/ref=zg_bs_g_4771384031_d_sccl_15/522-4724523-7365803?psc=1,"https://images-eu.ssl-images-amazon.com/images/I/517JfhkAzWL._AC_UL300_SR300,200_.jpg",,,,"https://images-eu.ssl-images-amazon.com/images/I/517JfhkAzWL._AC_UL300_SR300,200_.jpg",15.0,0,3.8,231.0,156.0,,,,,,0.5,0.0,58.16,stable,amazon|gtrends,2026-07-07,2026-07-07T17:09:43.174812,463,736972d3c46b5b1b,"basil|basil purrfect cat dental sticks | tuna & cranberry dental sticks for cats, cat ",55.66,58.16,55.66,2.5,0.0,0.85,0.0,,MONITOR
PFDE6UG6U5QCS5JH,Royal Canin Persian Kitten 2 kg Dry New Born Cat Food,royal canin,cat_food,,,,,PFDE6UG6U5QCS5JH,https://www.flipkart.com/royal-canin-persian-kitten-2-kg-dry-new-born-cat-food/p/itm804367876c753?pid=PFDE6UG6U5QCS5JH&lid=LSTPFDE6UG6U5QCS5JHP4TYQU&marketplace=FLIPKART&q=royal+canin+cat+food&store=p3t%2F0mo%2Foiv&srno=s_1_16&otracker=search&fm=organic&iid=8c819297-3b7e-4c85-b19b-312f8798d713.PFDE6UG6U5QCS5JH.SEARCH&ppt=None&ppn=None&ssid=htiipb2zbk0000001783424271148&qH=d9e0c635368b029a&ov_redirect=true&ov_redirect=true,https://rukminim2.flixcart.com/image/612/612/xif0q/pet-food/h/9/b/-original-imagjdx82eyytcsv.jpeg?q=70,https://rukminim2.flixcart.com/image/612/612/xif0q/pet-food/h/9/b/-original-imagjdx82eyytcsv.jpeg?q=70,,0,,,,16.0,0.0,4.5,,2662.0,21.67,-0.67,58.09,stable,flipkart|gtrends,2026-07-07,2026-07-07T17:09:43.183516,464,135aef943f9fd960,royal canin|royal canin persian kitten 2 kg dry new born cat food,54.97,58.09,54.97,3.12,0.0,0.85,0.0,,MONITOR
B0CN6HPRDK,Foodie Puppies Scratching Pad with Catnip for Cats and Kittens - (Delta Scratcher) | Corrugated Cat Scratcher Cardboard for,foodie,beds_accessories,,B0CN6HPRDK,https://www.amazon.in/Foodie-Puppies-Scratching-Scratcher-Cat/dp/B0CN6HPRDK/ref=zg_bs_g_4771375031_d_sccl_19/522-4724523-7365803?psc=1,"https://images-eu.ssl-images-amazon.com/images/I/81Bgw6J0OxL._AC_UL300_SR300,200_.jpg",,,,"https://images-eu.ssl-images-amazon.com/images/I/81Bgw6J0OxL._AC_UL300_SR300,200_.jpg",17.0,0,4.4,237.0,599.0,,,,,,20.5,-2.0,58.08,stable,amazon|gtrends,2026-07-07,2026-07-07T17:09:43.171879,465,81e16798369ec2f1,foodie|foodie puppies scratching pad with catnip for cats and kittens - (delta scratche,54.96,58.08,54.96,3.12,0.0,0.85,0.0,,MONITOR
PBLGRC4YED6GBYF8,Qpets 2.0L Automatic Pet Water Fountain for Cats and Small Dog Plastic Pet Bowl,qpets,beds_accessories,,,,,PBLGRC4YED6GBYF8,https://www.flipkart.com/qpets-2-0l-automatic-pet-water-fountain-cats-small-dog-plastic-bowl/p/itm45c4d3f2ab560?pid=PBLGRC4YED6GBYF8&lid=LSTPBLGRC4YED6GBYF8HCZI1P&marketplace=FLIPKART&q=pet+water+fountain+for+dogs&store=p3t&srno=s_1_14&otracker=search&fm=organic&iid=6536bef0-c166-4646-9df7-0f1d82699e7c.PBLGRC4YED6GBYF8.SEARCH&ppt=None&ppn=None&ssid=g1f863abgw0000001783424317830&qH=b2476794fa449bb7&ov_redirect=true&ov_redirect=true,https://rukminim2.flixcart.com/image/612/612/xif0q/pet-fountain/d/t/1/50-neverland-cat-water-fountain-with-led-light-67oz-2-0l-ultra-original-imagqhtgnrghc3zh.jpeg?q=70,https://rukminim2.flixcart.com/image/612/612/xif0q/pet-fountain/d/t/1/50-neverland-cat-water-fountain-with-led-light-67oz-2-0l-ultra-original-imagqhtgnrghc3zh.jpeg?q=70,,0,,,,14.0,0.0,4.1,,1252.0,20.5,-2.0,58.08,stable,flipkart|gtrends,2026-07-07,2026-07-07T17:09:43.195287,466,252abd385d7a0edd,qpets|qpets 2.0l automatic pet water fountain for cats and small dog plastic pet bowl,55.58,58.08,55.58,2.5,0.0,0.85,0.0,,MONITOR
PTYGY3HNWFHBASXG,DogTrust Cat Interactive Colorful Feather Pet Toy Plastic Fetch Toy For Dog & Cat,dogtrust,cat_toys,,,,,PTYGY3HNWFHBASXG,https://www.flipkart.com/dogtrust-cat-interactive-colorful-feather-pet-toy-plastic-fetch-dog/p/itm1524dfad6d4aa?pid=PTYGY3HNWFHBASXG&lid=LSTPTYGY3HNWFHBASXGXT6NZ2&marketplace=FLIPKART&q=interactive+dog+toy&store=p3t&srno=s_1_13&otracker=search&fm=organic&iid=34a0c700-473e-403a-b3c5-5bb95f7b634f.PTYGY3HNWFHBASXG.SEARCH&ppt=None&ppn=None&ssid=ef5gxxp0xs0000001783424284222&qH=53ab0f799320af1a&ov_redirect=true&ov_redirect=true,https://rukminim2.flixcart.com/image/612/612/xif0q/pet-toy/g/p/m/2-feather-tumbler-cat-toy-ball-kitten-toy-2-pcs-dogtrust-original-imagy3kgfcjyugmv.jpeg?q=70,https://rukminim2.flixcart.com/image/612/612/xif0q/pet-toy/g/p/m/2-feather-tumbler-cat-toy-ball-kitten-toy-2-pcs-dogtrust-original-imagy3kgfcjyugmv.jpeg?q=70,,0,,,,13.0,0.0,4.0,,170.0,4.0,-6.0,58.0,stable,flipkart|gtrends,2026-07-07,2026-07-07T17:09:43.187256,467,9b2f04536369db2c,dogtrust|dogtrust cat interactive colorful feather pet toy plastic fetch toy for dog & ca,55.5,58.0,55.5,2.5,0.0,0.85,0.0,,MONITOR
B0CVV3DXPL,Foodie Puppies Interactive Cat Teasing Wand - (Rattle Ball Teaser) for Cats and Kittens | Wooden Teaser with Stringed Feather,foodie,cat_toys,,B0CVV3DXPL,https://www.amazon.in/Foodie-Puppies-Interactive-Cat-Teasing/dp/B0CVV3DXPL/ref=zg_bs_g_4771387031_d_sccl_20/522-4724523-7365803?psc=1,"https://images-eu.ssl-images-amazon.com/images/I/719matslUUL._AC_UL300_SR300,200_.jpg",,,,"https://images-eu.ssl-images-amazon.com/images/I/719matslUUL._AC_UL300_SR300,200_.jpg",16.0,0,4.2,331.0,150.0,,,,,,4.0,-6.0,58.0,stable,amazon|gtrends,2026-07-07,2026-07-07T17:09:43.164580,468,4f9c372ed87e9992,foodie|foodie puppies interactive cat teasing wand - (rattle ball teaser) for cats and ,54.88,58.0,54.88,3.12,0.0,0.85,0.0,,MONITOR
PTTFVGY2MWRGNS6N,JK INTERNATIONAL `3 INCH BONE FOR PETS Milk Dog Treat,jk,training,,,,,PTTFVGY2MWRGNS6N,https://www.flipkart.com/jk-international-3-inch-bone-pets-milk-dog-treat/p/itme777b39f8716b?pid=PTTFVGY2MWRGNS6N&lid=LSTPTTFVGY2MWRGNS6NWJ7OH1&marketplace=FLIPKART&q=dog+training+treats&store=p3t%2Fea3%2Fnva&srno=s_1_14&otracker=search&fm=organic&iid=25f5e471-619f-4ddd-b027-4bce8ed3004f.PTTFVGY2MWRGNS6N.SEARCH&ppt=None&ppn=None&ssid=wov3prijog0000001783424351807&qH=a29335f69d7964db&ov_redirect=true,https://rukminim2.flixcart.com/image/312/312/k4ohqq80/pet-chew/f/a/z/6-dog-rwb6i1p-sage-square-original-imafnjaqqnfxhxh8.jpeg?q=70,https://rukminim2.flixcart.com/image/312/312/k4ohqq80/pet-chew/f/a/z/6-dog-rwb6i1p-sage-square-original-imafnjaqqnfxhxh8.jpeg?q=70,,0,,,,14.0,0.0,3.9,23.0,115.0,0.5,-2.0,58.0,stable,flipkart|gtrends,2026-07-07,2026-07-07T17:09:43.204048,469,ac3afb16c860c4d0,jk|jk international `3 inch bone for pets milk dog treat,55.5,58.0,55.5,2.5,0.0,0.85,0.0,,MONITOR
B0G71VMCFQ,"PETS EMPIRE Soft Cozy Pet Hut Bed for Cats, Kittens & Puppies – Comfortable Fabric, Indoor Sleeping Bed, White & Black Stripe",pets,beds_accessories,,B0G71VMCFQ,https://www.amazon.in/PETS-EMPIRE-Soft-Kittens-Puppies/dp/B0G71VMCFQ/ref=zg_bs_g_4771375031_d_sccl_18/522-4724523-7365803?psc=1,"https://images-eu.ssl-images-amazon.com/images/I/51H8XrijmTL._AC_UL300_SR300,200_.jpg",,,,"https://images-eu.ssl-images-amazon.com/images/I/51H8XrijmTL._AC_UL300_SR300,200_.jpg",16.0,0,4.3,47.0,,,,,,,20.5,-2.0,57.95,stable,amazon|gtrends,2026-07-07,2026-07-07T17:09:43.171823,470,b33200dcb2ce5daa,"pets|pets empire soft cozy pet hut bed for cats, kittens & puppies – comfortable fabr",54.83,57.95,54.83,3.12,0.0,0.85,0.0,,MONITOR
B0BVMRR6CL,"Pil Tick & Flea Dog Shampoo 1000ml | Ditch to Itch Dog Shampoo for Pomeranian, Puppy, Rottweiler Adult, German Shepherd, Labr",pil,grooming,,B0BVMRR6CL,https://www.amazon.in/Pomeranian-Rottweiler-Shepherd-Retriever-Medicated/dp/B0BVMRR6CL/ref=zg_bs_g_4771396031_d_sccl_20/522-4724523-7365803?psc=1,"https://images-eu.ssl-images-amazon.com/images/I/61LvEw61QYL._AC_UL300_SR300,200_.jpg",,,,"https://images-eu.ssl-images-amazon.com/images/I/61LvEw61QYL._AC_UL300_SR300,200_.jpg",19.0,0,4.3,1289.0,472.0,,,,,,13.5,-1.5,57.95,stable,amazon|gtrends,2026-07-07,2026-07-07T17:09:43.166524,471,ca0d39d6190354bd,"pil|pil tick & flea dog shampoo 1000ml | ditch to itch dog shampoo for pomeranian, p",54.83,57.95,54.83,3.12,0.0,0.85,0.0,,MONITOR
B07MZ55CYV,"Newlly Adjustable Pet Kitten Cat Safety Collar Bell Buckle Neck (Red), Velvet, (Pack Of 1),27 Cm",newlly,collars_leashes,,B07MZ55CYV,https://www.amazon.in/Newlly-Textile-Adjustable-Kitten-Safety/dp/B07MZ55CYV/ref=zg_bs_g_4771379031_d_sccl_21/522-4724523-7365803?psc=1,"https://images-eu.ssl-images-amazon.com/images/I/61YFyoBVPuL._AC_UL300_SR300,200_.jpg",,,,"https://images-eu.ssl-images-amazon.com/images/I/61YFyoBVPuL._AC_UL300_SR300,200_.jpg",17.0,0,3.9,1288.0,269.0,,,,,,5.0,-3.0,57.91,stable,amazon|gtrends,2026-07-07,2026-07-07T17:09:43.178820,472,5b7655bd18945cf6,"newlly|newlly adjustable pet kitten cat safety collar bell buckle neck (red), velvet, (",55.41,57.91,55.41,2.5,0.0,0.85,0.0,,MONITOR
PSOH5YXDZZWFDK4K,"PETSWARE 5 in 1 Cat Shampoo with Conditioner for Persian Cat,Kitten & for All Cat Types Anti-fungal, Anti-itching, Flea and Tick, Conditioning, Anti-Bacterial, Anti-microbial Neem Cat Shampoo",petsware,grooming,,,,,PSOH5YXDZZWFDK4K,https://www.flipkart.com/petsware-5-1-cat-shampoo-conditioner-persian-cat-kitten-all-types-anti-fungal-anti-itching-flea-tick-conditioning-anti-bacterial-anti-microbial-neem/p/itm133093a386236?pid=PSOH5YXDZZWFDK4K&lid=LSTPSOH5YXDZZWFDK4KENYTQJ&marketplace=FLIPKART&q=cat+shampoo&store=p3t%2Fixl%2Fosh&srno=s_1_14&otracker=search&fm=organic&iid=b1ca53d0-beee-4dcd-aa21-6028d799340c.PSOH5YXDZZWFDK4K.SEARCH&ppt=None&ppn=None&ssid=y8f1ftke9s0000001783424299769&qH=c761a0a39d797bbe&ov_redirect=true&ov_redirect=true,https://rukminim2.flixcart.com/image/612/612/xif0q/pet-shampoo/s/v/k/200-cat-shampoo-neem-200ml-5-in-1-cat-shampoo-with-conditioner-original-imah7syzgrzhgzya.jpeg?q=70,https://rukminim2.flixcart.com/image/612/612/xif0q/pet-shampoo/s/v/k/200-cat-shampoo-neem-200ml-5-in-1-cat-shampoo-with-conditioner-original-imah7syzgrzhgzya.jpeg?q=70,,0,,,,14.0,0.0,4.0,,135.0,13.5,-1.5,57.9,stable,flipkart|gtrends,2026-07-07,2026-07-07T17:09:43.191861,473,6a0a988d1b9fc904,"petsware|petsware 5 in 1 cat shampoo with conditioner for persian cat,kitten & for all ca",55.4,57.9,55.4,2.5,0.0,0.85,0.0,,MONITOR
PTYHAPAA2UHG3GTX,"decorvaiz Cotton Ball, Bone, Chew Toy, Fetch Toy, Tug Toy, Treat Dispensing Toy, Tough Toy, Soft Toy, Rubber Toy For Dog",decorvaiz,dog_food,,,,,PTYHAPAA2UHG3GTX,https://www.flipkart.com/decorvaiz-cotton-ball-bone-chew-toy-fetch-tug-treat-dispensing-tough-soft-rubber-toy-dog/p/itm256ead1d80f36?pid=PTYHAPAA2UHG3GTX&lid=LSTPTYHAPAA2UHG3GTXNWM9RJ&marketplace=FLIPKART&q=chew+toy+for+dogs&store=p3t%2Fea3%2Fg4c&srno=s_1_14&otracker=search&fm=organic&iid=7bd7fbba-2d0c-49d2-998d-02c17cd33c0c.PTYHAPAA2UHG3GTX.SEARCH&ppt=None&ppn=None&ssid=epaqy8p1400000001783424279013&qH=c3109da2ecfccdb5&ov_redirect=true&ov_redirect=true,https://rukminim2.flixcart.com/image/612/612/xif0q/pet-toy/z/b/j/6-dtspckof6toys-decorvaiz-original-imahap9vtpf5khzz.jpeg?q=70,https://rukminim2.flixcart.com/image/612/612/xif0q/pet-toy/z/b/j/6-dtspckof6toys-decorvaiz-original-imahap9vtpf5khzz.jpeg?q=70,,0,,,,14.0,0.0,4.1,,157.0,18.0,-3.2,57.84,stable,flipkart|gtrends,2026-07-07,2026-07-07T17:09:43.185476,474,0908d76298cb2b63,"decorvaiz|decorvaiz cotton ball, bone, chew toy, fetch toy, tug toy, treat dispensing toy,",55.34,57.84,55.34,2.5,0.0,0.85,0.0,,MONITOR
B0BWNJRRXY,"ZEXSAZONE Summer Round Donut Pet Bed for Cats and Puppies, Dogs, Cozy and Plush, Raised Bedside Support, Both Sides Use Like",zexsazone,beds_accessories,,B0BWNJRRXY,https://www.amazon.in/ZEXSAZONE-Perfect-Indoor-Puppies-Winter/dp/B0BWNJRRXY/ref=zg_bs_g_4771390031_d_sccl_18/522-4724523-7365803?psc=1,"https://images-eu.ssl-images-amazon.com/images/I/61RPz+wyvpL._AC_UL300_SR300,200_.jpg",,,,"https://images-eu.ssl-images-amazon.com/images/I/61RPz+wyvpL._AC_UL300_SR300,200_.jpg",18.0,0,4.2,805.0,431.0,,,,,,20.5,-2.0,57.82,stable,amazon|gtrends,2026-07-07,2026-07-07T17:09:43.170163,475,392f2da3ba3fc47d,"zexsazone|zexsazone summer round donut pet bed for cats and puppies, dogs, cozy and plush,",54.7,57.82,54.7,3.12,0.0,0.85,0.0,,MONITOR
PEBGEYEUC5ZFNY23,TRANDING STYLISH Simple Mountain Sofa With Haddi For Dog And Cat S Pet Bed,tranding,beds_accessories,,,,,PEBGEYEUC5ZFNY23,https://www.flipkart.com/tranding-stylish-simple-mountain-sofa-haddi-dog-cat-s-pet-bed/p/itma23283f8d5249?pid=PEBGEYEUC5ZFNY23&lid=LSTPEBGEYEUC5ZFNY230UUE4E&marketplace=FLIPKART&q=dog+bed&store=p3t%2Fea3%2Fas7&srno=s_1_14&otracker=search&fm=organic&iid=4b128f9d-2047-4efd-8106-2db6ff0d806a.PEBGEYEUC5ZFNY23.SEARCH&ppt=None&ppn=None&ssid=1iy83aen9s0000001783424308013&qH=08aaa321caaedb70&ov_redirect=true&ov_redirect=true,https://rukminim2.flixcart.com/image/612/612/l2qhjm80/pet-bed/d/l/9/l-simple-mountain-sofa-with-haddi-for-dog-and-cat-tranding-original-imageyeu3efphnpp.jpeg?q=70,https://rukminim2.flixcart.com/image/612/612/l2qhjm80/pet-bed/d/l/9/l-simple-mountain-sofa-with-haddi-for-dog-and-cat-tranding-original-imageyeu3efphnpp.jpeg?q=70,,0,,,,14.0,0.0,4.0,,340.0,20.5,-2.0,57.8,stable,flipkart|gtrends,2026-07-07,2026-07-07T17:09:43.193628,476,f004d7731e77cc23,tranding|tranding stylish simple mountain sofa with haddi for dog and cat s pet bed,55.3,57.8,55.3,2.5,0.0,0.85,0.0,,MONITOR
PLNFTTGDPT3JHPFR,OM ZEE (MEDIUM) Collar & Chain for Pet Dog (MEDIUM) 15 cm Dog Chain Leash (Steel) 15 cm Dog Chain Leash,om,collars_leashes,,,,,PLNFTTGDPT3JHPFR,https://www.flipkart.com/om-zee-medium-collar-chain-pet-dog-15-cm-leash-steel/p/itm5cebb60e50366?pid=PLNFTTGDPT3JHPFR&lid=LSTPLNFTTGDPT3JHPFRXCB8TG&marketplace=FLIPKART&q=dog+leash&store=p3t%2Fea3%2Fpmw&srno=s_1_16&otracker=search&fm=organic&iid=b8417349-ae6c-4b7f-a2f6-0b0bd52f98fc.PLNFTTGDPT3JHPFR.SEARCH&ppt=None&ppn=None&ssid=c2vsj1dnb40000001783424340877&qH=b0e743e99781d2ae&ov_redirect=true&ov_redirect=true,https://rukminim2.flixcart.com/image/612/612/kcrzki80/pet-leash-chain/p/f/r/pet-zone-dog-chain-01-om-zee-original-imafttjqwnhfggyj.jpeg?q=70,https://rukminim2.flixcart.com/image/612/612/kcrzki80/pet-leash-chain/p/f/r/pet-zone-dog-chain-01-om-zee-original-imafttjqwnhfggyj.jpeg?q=70,,0,,,,16.0,0.0,4.5,,111.0,5.0,-3.0,57.62,stable,flipkart|gtrends,2026-07-07,2026-07-07T17:09:43.201265,477,d4e4b1f856eaca3b,om|om zee (medium) collar & chain for pet dog (medium) 15 cm dog chain leash (steel,54.5,57.62,54.5,3.12,0.0,0.85,0.0,,MONITOR
PHSGZZXAWWZFMEXB,Petroyale Urinary Tract Health Tablets For Dogs With Cranberry Extract Pet Health Supplements,petroyale,health_wellness,,,,,PHSGZZXAWWZFMEXB,https://www.flipkart.com/petroyale-urinary-tract-health-tablets-dogs-cranberry-extract-pet-supplements/p/itmd2a2a50d08421?pid=PHSGZZXAWWZFMEXB&lid=LSTPHSGZZXAWWZFMEXBOF5UVD&marketplace=FLIPKART&q=deworming+tablet+for+dogs&store=p3t%2Fcez%2Ff1s&srno=s_1_18&otracker=search&fm=organic&iid=en_qdxkKTTZbsGMLnOpP6CzmnUIqaV0HXMle_MAR9qqE2lg4zNiAER651zq9kAs-HpbZ7VZkwctnkYke9OqqBO-QDFug4Gyj1JEi1-T6HCxEyQmtbUv2cWZO-mcE_RnnQTa&ppt=None&ppn=None&ssid=n00fqm3w740000001783424332770&qH=99cf2e3fe6ca4eb0&ov_redirect=true&ov_redirect=true,https://rukminim2.flixcart.com/image/612/612/xif0q/pet-health-supplement/n/0/d/30-urinary-tract-health-tablets-for-dogs-with-cranberry-extract-original-imahm43cdgauez9g.jpeg?q=70,https://rukminim2.flixcart.com/image/612/612/xif0q/pet-health-supplement/n/0/d/30-urinary-tract-health-tablets-for-dogs-with-cranberry-extract-original-imahm43cdgauez9g.jpeg?q=70,,0,,,,18.0,0.0,5.0,,717.0,0.5,0.0,57.62,stable,flipkart|gtrends,2026-07-07,2026-07-07T17:09:43.198764,478,a3439471b9b3e479,petroyale|petroyale urinary tract health tablets for dogs with cranberry extract pet healt,54.5,57.62,54.5,3.12,0.0,0.85,0.0,,MONITOR
PCLGYDT4TGKERHK5,"ALCAZAR Dog Soft Padded Fur Harness, Adjustable (Recommanded for 15-25KG PET) Dog Standard Harness",alcazar,collars_leashes,,,,,PCLGYDT4TGKERHK5,https://www.flipkart.com/alcazar-dog-soft-padded-fur-harness-adjustable-recommanded-5-15kg-pet-standard-harness/p/itmf063bfbf8c811?pid=PCLGYDT4TGKERHK5&lid=LSTPCLGYDT4TGKERHK5WQ25EF&marketplace=FLIPKART&q=dog+harness&store=p3t%2Fea3%2Fb1n&srno=s_1_14&otracker=search&fm=organic&iid=5a4d3819-8e44-4aad-a67c-a3c7173ca7c5.PCLGYDT4TGKERHK5.SEARCH&ppt=None&ppn=None&ssid=sckxvcab7k0000001783424343657&qH=c997f489fc4d5035&ov_redirect=true&ov_redirect=true,https://rukminim2.flixcart.com/image/612/612/xif0q/pet-collar-harness/g/h/y/medium-alc-harness-leash-123-alcazar-original-imagymqngnfqy2jj.jpeg?q=70,https://rukminim2.flixcart.com/image/612/612/xif0q/pet-collar-harness/g/h/y/medium-alc-harness-leash-123-alcazar-original-imagymqngnfqy2jj.jpeg?q=70,,0,,,,14.0,0.0,4.0,,145.0,5.0,-3.0,57.6,stable,flipkart|gtrends,2026-07-07,2026-07-07T17:09:43.201863,479,1ecc4c4b57234130,"alcazar|alcazar dog soft padded fur harness, adjustable (recommanded for 15-25kg pet) do",55.1,57.6,55.1,2.5,0.0,0.85,0.0,,MONITOR
PNPHEH7RJZ7DNWJC,FURPRO Dog Nail Cutter for Dog Stainless Steel Sharp Scissor Nail Clipper,furpro,grooming,,,,,PNPHEH7RJZ7DNWJC,https://www.flipkart.com/furpro-dog-nail-cutter-stainless-steel-sharp-scissor-clipper/p/itm24aebc2f8b678?pid=PNPHEH7RJZ7DNWJC&lid=LSTPNPHEH7RJZ7DNWJC9KTMQJ&marketplace=FLIPKART&q=nail+clipper+for+dogs&store=p3t%2Fixl%2Fprc&srno=s_1_2&otracker=search&fm=organic&iid=en_U_Iv4xexa3dChr1lPPEpgz-j4mbRqegX66HOmozjZOmhpGFL8kCYGjeOYvugDLPTvu1hGwLl3eOVV2LkPVGgeqE-9ssy7_7zSinhhiLRRNw8rnWqyEwjd4PwtOD7cnwe&ppt=None&ppn=None&ssid=mjejao65og0000001783424305254&qH=48a2105fee396fcf&ov_redirect=true&ov_redirect=true,https://rukminim2.flixcart.com/image/612/612/xif0q/pet-nail-clipper/5/n/5/plnf18275-furpro-original-imahgnz9fn6ugzjf.jpeg?q=70,https://rukminim2.flixcart.com/image/612/612/xif0q/pet-nail-clipper/5/n/5/plnf18275-furpro-original-imahgnz9fn6ugzjf.jpeg?q=70,,0,,,,2.0,0.0,3.4,,268.0,13.5,-1.5,57.6,stable,flipkart|gtrends,2026-07-07,2026-07-07T17:09:43.192751,480,29d617d6b522c296,furpro|furpro dog nail cutter for dog stainless steel sharp scissor nail clipper,65.72,57.6,65.72,1.88,0.0,0.99,0.1,LOW_RATING_PENALTY,REVIEW_MANUALLY
PLNHAKZCQHZG4FYS,Petfun Night Reflective Dog Rope Leash | Durable No-Pull Training Leash for Dogs 15mm 150 cm Dog Cord Leash,petfun,collars_leashes,,,,,PLNHAKZCQHZG4FYS,https://www.flipkart.com/petfun-night-reflective-dog-rope-leash-durable-no-pull-training-dogs-15mm-150-cm-cord/p/itmb63cbc8e7f308?pid=PLNHAKZCQHZG4FYS&lid=LSTPLNHAKZCQHZG4FYSHFZHLK&marketplace=FLIPKART&q=retractable+dog+leash&store=p3t%2Fea3%2Fpmw&srno=s_1_14&otracker=search&fm=organic&iid=6b92b321-55fd-4d89-aeb1-c48b5b66fd8f.PLNHAKZCQHZG4FYS.SEARCH&ppt=None&ppn=None&ssid=4smcf9y8000000001783424346329&qH=bbc46b35e332125e&ov_redirect=true&ov_redirect=true,https://rukminim2.flixcart.com/image/612/612/xif0q/pet-leash-chain/q/m/i/pf-dog-no-pull-rope-18mm-red-petfun-original-imahakzcfuzngz98.jpeg?q=70,https://rukminim2.flixcart.com/image/612/612/xif0q/pet-leash-chain/q/m/i/pf-dog-no-pull-rope-18mm-red-petfun-original-imahakzcfuzngz98.jpeg?q=70,,0,,,,14.0,0.0,4.0,,280.0,5.0,-3.0,57.6,stable,flipkart|gtrends,2026-07-07,2026-07-07T17:09:43.202346,481,ed3e08e52fde9089,petfun|petfun night reflective dog rope leash | durable no-pull training leash for dogs,55.1,57.6,55.1,2.5,0.0,0.85,0.0,,MONITOR
B0C5RW4WQ3,"JUDEE Dematting Comb for Dog and Cat, Pet Grooming Rake and Brushes for Small, Medium Large Hair Double Sided Deshedding Tool",judee,grooming,,B0C5RW4WQ3,https://www.amazon.in/Dematting-Comb-Pet-Hair-Deshedding/dp/B0C5RW4WQ3/ref=zg_bs_g_4771396031_d_sccl_19/522-4724523-7365803?psc=1,"https://images-eu.ssl-images-amazon.com/images/I/71hNrybzE4L._AC_UL300_SR300,200_.jpg",,,,"https://images-eu.ssl-images-amazon.com/images/I/71hNrybzE4L._AC_UL300_SR300,200_.jpg",18.0,0,4.4,366.0,279.0,,,,,,13.5,-1.5,57.55,stable,amazon|gtrends,2026-07-07,2026-07-07T17:09:43.166443,482,1ca57493ee2cf66a,"judee|judee dematting comb for dog and cat, pet grooming rake and brushes for small, m",54.43,57.55,54.43,3.12,0.0,0.85,0.0,,MONITOR
PTYHDTQJPNG4GHTG,"decorvaiz decorvaiz Interactive Cat Ball Toy, New Automatic Premium Smart Self Rolling Silicone, Plastic Ball For Dog & Cat",decorvaiz,cat_toys,,,,,PTYHDTQJPNG4GHTG,https://www.flipkart.com/decorvaiz-interactive-cat-ball-toy-new-automatic-premium-smart-self-rolling-silicone-plastic-dog/p/itm15f583bf3627d?pid=PTYHDTQJPNG4GHTG&lid=LSTPTYHDTQJPNG4GHTGDSVILU&marketplace=FLIPKART&q=dog+toys&store=search.flipkart.com&srno=s_1_2&otracker=search&fm=organic&iid=en_gHzQJMae_tGFBP10eGOpYk-CyXuLcZx2YC67D8ZHQ6AXYvQwPH6CjsCVSX0cMMb_HsqDN6cZjLCbveCKwEge5ZOGKoH_FsvKt6Qrfyh3-co3H8gPsHYlOzQeVQta_bdH&ppt=None&ppn=None&ssid=kznhsbimtc0000001783424276401&qH=656c5ee0f079e36b&ov_redirect=true&ov_redirect=true,https://rukminim2.flixcart.com/image/612/612/xif0q/pet-toy/3/o/j/1-interactive-cat-ball-decorvaiz-original-imaheej9afwmurrw.jpeg?q=70,https://rukminim2.flixcart.com/image/612/612/xif0q/pet-toy/3/o/j/1-interactive-cat-ball-decorvaiz-original-imaheej9afwmurrw.jpeg?q=70,,0,,,,2.0,0.0,3.7,,149.0,4.0,-6.0,57.54,stable,flipkart|gtrends,2026-07-07,2026-07-07T17:09:43.184455,483,11b73ffbee761ecd,"decorvaiz|decorvaiz decorvaiz interactive cat ball toy, new automatic premium smart self r",65.66,57.54,65.66,1.88,0.0,0.99,0.1,LOW_RATING_PENALTY,REVIEW_MANUALLY
PFDFTN6HJ93DXJ3E,Me-O pet food for cats pack of 1 (4pcs) .06kg Salmon 0.6 kg Wet Adult Cat Food,me-o,cat_food,,,,,PFDFTN6HJ93DXJ3E,https://www.flipkart.com/me-o-pet-food-cats-pack-1-4pcs-06kg-salmon-0-6-kg-wet-adult-cat/p/itm83d29fdf3c034?pid=PFDFTN6HJ93DXJ3E&lid=LSTPFDFTN6HJ93DXJ3EZBQFVP&marketplace=FLIPKART&q=meo+cat+food&store=p3t%2F0mo%2Foiv&srno=s_1_16&otracker=search&fm=organic&iid=8a0975ac-f6d1-49ba-a9a5-4c6a973ead86.PFDFTN6HJ93DXJ3E.SEARCH&ppt=None&ppn=None&ssid=kuu7d4pgps0000001783424273731&qH=c9e60ce57aa2b156&ov_redirect=true&ov_redirect=true,https://rukminim2.flixcart.com/image/612/612/kcjexe80/pet-food/j/3/e/0-6-cat-20-me-o-original-imaftnape2nmuygz.jpeg?q=70,https://rukminim2.flixcart.com/image/612/612/kcjexe80/pet-food/j/3/e/0-6-cat-20-me-o-original-imaftnape2nmuygz.jpeg?q=70,,0,,,,16.0,0.0,4.3,,435.0,21.67,-0.67,57.53,stable,flipkart|gtrends,2026-07-07,2026-07-07T17:09:43.184210,484,7201b351057bff5a,me-o|me-o pet food for cats pack of 1 (4pcs) .06kg salmon 0.6 kg wet adult cat food,54.41,57.53,54.41,3.12,0.0,0.85,0.0,,MONITOR
PSOGF78RHPCJTHYE,"ALTRESSA flea and tick Spray Green apple Shield Treatment Spray for Dogs, Puppies, Cats with a Proprietary Ayurvedic Medicine Anti-dandruff Green apple Dog Shampoo",altressa,health_wellness,,,,,PSOGF78RHPCJTHYE,https://www.flipkart.com/altressa-flea-tick-spray-green-apple-shield-treatment-dogs-puppies-cats-proprietary-ayurvedic-medicine-anti-dandruff-dog-shampoo/p/itmf81012c234aae?pid=PSOGF78RHPCJTHYE&lid=LSTPSOGF78RHPCJTHYE8YOBUY&marketplace=FLIPKART&q=flea+tick+medicine+for+dogs&store=p3t%2Fixl%2Fosh&srno=s_1_3&otracker=search&fm=organic&iid=f1b3cde1-284f-43d5-95b4-4636db5c0b05.PSOGF78RHPCJTHYE.SEARCH&ppt=None&ppn=None&ssid=7ynyuyy6cw0000001783424326799&qH=2ddc765890887549&ov_redirect=true&ov_redirect=true,https://rukminim2.flixcart.com/image/612/612/km9ht3k0/pet-shampoo/m/z/x/250-green-apple-dry-bath-for-dogs-cats-gentle-cleansing-pack-original-imagf78rhdmxj4zt.jpeg?q=70,https://rukminim2.flixcart.com/image/612/612/km9ht3k0/pet-shampoo/m/z/x/250-green-apple-dry-bath-for-dogs-cats-gentle-cleansing-pack-original-imagf78rhdmxj4zt.jpeg?q=70,,0,,,,3.0,0.0,3.6,,143.0,0.5,0.0,57.46,stable,flipkart|gtrends,2026-07-07,2026-07-07T17:09:43.196738,485,117c1bb38f92c657,"altressa|altressa flea and tick spray green apple shield treatment spray for dogs, puppie",65.58,57.46,65.58,1.88,0.0,0.99,0.1,LOW_RATING_PENALTY,REVIEW_MANUALLY
B0D2L57FJ6,"Dog-O-Bow Cotton Blue and Red Heart Martingale Dog Collar, Durable, Comfortable & Adjustable Training Collar (Extra Large)",dog-o-bow,collars_leashes,,B0D2L57FJ6,https://www.amazon.in/Dog-Heart-Martingale-Collar-Large/dp/B0D2L57FJ6/ref=zg_bs_g_4771392031_d_sccl_18/522-4724523-7365803?psc=1,"https://images-eu.ssl-images-amazon.com/images/I/71pD1UCRcEL._AC_UL300_SR300,200_.jpg",,,,"https://images-eu.ssl-images-amazon.com/images/I/71pD1UCRcEL._AC_UL300_SR300,200_.jpg",17.0,0,4.3,186.0,585.0,,,,,,5.0,-3.0,57.42,stable,amazon|gtrends,2026-07-07,2026-07-07T17:09:43.176952,486,2bd5cf79adc928c5,"dog-o-bow|dog-o-bow cotton blue and red heart martingale dog collar, durable, comfortable ",54.3,57.42,54.3,3.12,0.0,0.85,0.0,,MONITOR
B09FQ5Q846,PSK PET MART Large Dog Rope Toys for Aggressive Chewers - Cotton Rope Dog Chew Toys for Tug of War and Training,psk,dog_toys,,B09FQ5Q846,https://www.amazon.in/PSK-PET-MART-Aggressive-Interactive/dp/B09FQ5Q846/ref=zg_bs_g_4771401031_d_sccl_21/522-4724523-7365803?psc=1,"https://images-eu.ssl-images-amazon.com/images/I/61t009wfLWL._AC_UL300_SR300,200_.jpg",,,,"https://images-eu.ssl-images-amazon.com/images/I/61t009wfLWL._AC_UL300_SR300,200_.jpg",19.0,0,4.3,758.0,198.0,,,,,,3.0,0.0,57.41,stable,amazon|gtrends,2026-07-07,2026-07-07T17:09:43.163279,487,79650e0d8f34a577,psk|psk pet mart large dog rope toys for aggressive chewers - cotton rope dog chew t,54.29,57.41,54.29,3.12,0.0,0.85,0.0,,MONITOR
B01KD7Q91I,"Arm & Hammer, Advanced Care Dental Rinse/Water Additive for Cats",arm,health_wellness,,B01KD7Q91I,https://www.amazon.in/Arm-Hammer-Advanced-Dental-Additive/dp/B01KD7Q91I/ref=zg_bs_g_4771384031_d_sccl_22/522-4724523-7365803?psc=1,"https://images-eu.ssl-images-amazon.com/images/I/61s3szSVh4L._AC_UL300_SR300,200_.jpg",,,,"https://images-eu.ssl-images-amazon.com/images/I/61s3szSVh4L._AC_UL300_SR300,200_.jpg",21.0,0,4.2,2507.0,340.0,,,,,,0.5,0.0,57.39,stable,amazon|gtrends,2026-07-07,2026-07-07T17:09:43.175189,488,8ba26177c26938a2,"arm|arm & hammer, advanced care dental rinse/water additive for cats",54.27,57.39,54.27,3.12,0.0,0.85,0.0,,MONITOR
PTYHMKUXSQ4KZGPU,"DAEEXINO Active Moving Pet Plush Toy, Smart Interactive Dog Toy Pet Bouncing Balls Plastic Soft Toy For Dog",daeexino,dog_toys,,,,,PTYHMKUXSQ4KZGPU,https://www.flipkart.com/daeexino-active-moving-pet-plush-toy-smart-interactive-dog-toy-bouncing-balls-plastic-soft/p/itmda7c94e2e0d01?pid=PTYHMKUXSQ4KZGPU&lid=LSTPTYHMKUXSQ4KZGPULRISO3&marketplace=FLIPKART&q=interactive+dog+toy&store=p3t&srno=s_1_10&otracker=search&fm=organic&iid=34a0c700-473e-403a-b3c5-5bb95f7b634f.PTYHMKUXSQ4KZGPU.SEARCH&ppt=None&ppn=None&ssid=ef5gxxp0xs0000001783424284222&qH=53ab0f799320af1a&ov_redirect=true&ov_redirect=true,https://rukminim2.flixcart.com/image/612/612/xif0q/pet-toy/v/u/b/1-interactive-pig-plush-talking-ball-for-dogs-cats-musical-original-imahg84tvmyagvhg.jpeg?q=70,https://rukminim2.flixcart.com/image/612/612/xif0q/pet-toy/v/u/b/1-interactive-pig-plush-talking-ball-for-dogs-cats-musical-original-imahg84tvmyagvhg.jpeg?q=70,,0,,,,10.0,0.0,,,774.0,3.0,0.0,57.38,stable,flipkart|gtrends,2026-07-07,2026-07-07T17:09:43.187054,489,481be18be0d76d5a,"daeexino|daeexino active moving pet plush toy, smart interactive dog toy pet bouncing bal",55.5,57.38,55.5,1.88,0.0,0.85,0.0,,MONITOR
PDEGEEUUZYJVG9DU,puppee LARGE PACK OF 30 Disposable Dog & Cat Diapers,puppee,training,,,,,PDEGEEUUZYJVG9DU,https://www.flipkart.com/puppee-large-pack-30-disposable-dog-cat-diapers/p/itme6f28fd612d12?pid=PDEGEEUUZYJVG9DU&lid=LSTPDEGEEUUZYJVG9DU8YPOYG&marketplace=FLIPKART&q=puppy+training+pads&store=p3t%2Fixl%2Fhmu&srno=s_1_17&otracker=search&fm=organic&iid=en_omjqoua815HyEyKbKGy2q_-q36HGX_wQOiVD2zwC7PDJqzOyC7KTxo7af8QLGGkQXN7604DYlUvDmjyJ7HAWOZQbtuEcDmqwg6Kxd7aa5WBaZ6CwHDZ2Utc3rB8wXWfB&ppt=None&ppn=None&ssid=vikbikuy8w0000001783424349196&qH=a418c91bf2bdb70b&ov_redirect=true&ov_redirect=true,https://rukminim2.flixcart.com/image/612/612/xif0q/pet-mat/n/f/i/l-pet-training-pads-60-x-90-cm-urine-underpad-30-count-per-original-imagsgkmxy4zvur9.jpeg?q=70,https://rukminim2.flixcart.com/image/612/612/xif0q/pet-mat/n/f/i/l-pet-training-pads-60-x-90-cm-urine-underpad-30-count-per-original-imagsgkmxy4zvur9.jpeg?q=70,,0,,,,17.0,0.0,4.7,,557.0,0.5,-2.0,57.38,stable,flipkart|gtrends,2026-07-07,2026-07-07T17:09:43.203570,490,3ddd177e72f51231,puppee|puppee large pack of 30 disposable dog & cat diapers,54.26,57.38,54.26,3.12,0.0,0.85,0.0,,MONITOR
PFDFYWJQZCJE5NVF,Royal Canin Kitten 36 4 kg Dry New Born Cat Food,royal canin,cat_food,,,,,PFDFYWJQZCJE5NVF,https://www.flipkart.com/royal-canin-kitten-36-4-kg-dry-new-born-cat-food/p/itm219da5b25fd6c?pid=PFDFYWJQZCJE5NVF&lid=LSTPFDFYWJQZCJE5NVFUXUQLP&marketplace=FLIPKART&q=royal+canin+cat+food&store=p3t%2F0mo%2Foiv&srno=s_1_17&otracker=search&fm=organic&iid=8c819297-3b7e-4c85-b19b-312f8798d713.PFDFYWJQZCJE5NVF.SEARCH&ppt=None&ppn=None&ssid=htiipb2zbk0000001783424271148&qH=d9e0c635368b029a&ov_redirect=true&ov_redirect=true,https://rukminim2.flixcart.com/image/612/612/xif0q/pet-food/n/y/n/4-cat-1-3182550702447-royal-canin-original-imahbzzc4f3ckzv8.jpeg?q=70,https://rukminim2.flixcart.com/image/612/612/xif0q/pet-food/n/y/n/4-cat-1-3182550702447-royal-canin-original-imahbzzc4f3ckzv8.jpeg?q=70,,0,,,,17.0,0.0,4.6,,3960.0,21.67,-0.67,57.37,stable,flipkart|gtrends,2026-07-07,2026-07-07T17:09:43.183550,491,0fe2e8083e3a24a3,royal canin|royal canin kitten 36 4 kg dry new born cat food,54.25,57.37,54.25,3.12,0.0,0.85,0.0,,MONITOR
PFDEGNF2R6HSWHNT,Whiskas (1+ Years) Mackerel 1.2 kg Dry Adult Cat Food,whiskas,cat_food,,,,,PFDEGNF2R6HSWHNT,https://www.flipkart.com/whiskas-1-years-mackerel-1-2-kg-dry-adult-cat-food/p/itmd73588ee2a141?pid=PFDEGNF2R6HSWHNT&lid=LSTPFDEGNF2R6HSWHNTZ2JQ8R&marketplace=FLIPKART&q=whiskas+cat+food&store=p3t%2F0mo%2Foiv&srno=s_1_17&otracker=search&fm=organic&iid=277a2e5a-7f5c-426e-9eca-9fa4eeca5d96.PFDEGNF2R6HSWHNT.SEARCH&ppt=None&ppn=None&ssid=yzr2xmfm9c0000001783424268608&qH=46a274706d720cac&ov_redirect=true&ov_redirect=true,https://rukminim2.flixcart.com/image/612/612/xif0q/pet-food/x/c/k/-enriched-transparent-original-imahkyffgzzwbny5.png?q=70,https://rukminim2.flixcart.com/image/612/612/xif0q/pet-food/x/c/k/-enriched-transparent-original-imahkyffgzzwbny5.png?q=70,,0,,,,17.0,0.0,4.6,,414.0,21.67,-0.67,57.37,stable,flipkart|gtrends,2026-07-07,2026-07-07T17:09:43.183005,492,53d77b5e3211f13a,whiskas|whiskas (1+ years) mackerel 1.2 kg dry adult cat food,54.25,57.37,54.25,3.12,0.0,0.85,0.0,,MONITOR
PLNGS5G9AAS3G4WN,SUPER CHAIN GOLD Heavy Weight Diamond Cut Heavy Duty (MEDIUM) Dog Gold Chain 160 cm Dog Chain Leash,super,collars_leashes,,,,,PLNGS5G9AAS3G4WN,https://www.flipkart.com/super-chain-gold-heavy-weight-diamond-cut-duty-medium-dog-160-cm-leash/p/itmd2e878de304a5?pid=PLNGS5G9AAS3G4WN&lid=LSTPLNGS5G9AAS3G4WNWTSFEN&marketplace=FLIPKART&q=dog+leash&store=p3t%2Fea3%2Fpmw&srno=s_1_14&otracker=search&fm=organic&iid=b8417349-ae6c-4b7f-a2f6-0b0bd52f98fc.PLNGS5G9AAS3G4WN.SEARCH&ppt=None&ppn=None&ssid=c2vsj1dnb40000001783424340877&qH=b0e743e99781d2ae&ov_redirect=true&ov_redirect=true,https://rukminim2.flixcart.com/image/612/612/xif0q/shopsy-pet-leash-chain/w/h/o/160-gchain-10no-super-chain-original-imah3ja57efgpjbe.jpeg?q=70,https://rukminim2.flixcart.com/image/612/612/xif0q/shopsy-pet-leash-chain/w/h/o/160-gchain-10no-super-chain-original-imah3ja57efgpjbe.jpeg?q=70,,0,,,,14.0,0.0,3.9,,213.0,5.0,-3.0,57.32,stable,flipkart|gtrends,2026-07-07,2026-07-07T17:09:43.201136,493,875999ed72c57a09,super|super chain gold heavy weight diamond cut heavy duty (medium) dog gold chain 160,54.82,57.32,54.82,2.5,0.0,0.85,0.0,,MONITOR
STFH39F2BZ5Z8WW4,"TTW Stuffed Soft Sleeping Cat Plush Toy With Press Simulation Sound, Animal Fur Toy - 6 cm",ttw,cat_toys,,,,,STFH39F2BZ5Z8WW4,https://www.flipkart.com/ttw-stuffed-soft-sleeping-cat-plush-toy-press-simulation-sound-animal-fur-6-cm/p/itm92928a18603e8?pid=STFH39F2BZ5Z8WW4&lid=LSTSTFH39F2BZ5Z8WW4GH2UXM&marketplace=FLIPKART&q=cat+toys&store=tng&srno=s_1_16&otracker=search&fm=organic&iid=578702ef-3270-4863-9036-db59e3e6d0b1.STFH39F2BZ5Z8WW4.SEARCH&ppt=None&ppn=None&ssid=aofj69zshs0000001783424286813&qH=4372de0f4359aa53&ov_redirect=true&ov_redirect=true,https://rukminim2.flixcart.com/image/612/612/xif0q/stuffed-toy/j/n/s/stuffed-soft-sleeping-cat-plush-toy-with-press-simulation-sound-original-imahatj8m9zsfy57.jpeg?q=70,https://rukminim2.flixcart.com/image/612/612/xif0q/stuffed-toy/j/n/s/stuffed-soft-sleeping-cat-plush-toy-with-press-simulation-sound-original-imahatj8m9zsfy57.jpeg?q=70,,0,,,,16.0,0.0,4.6,,240.0,4.0,-6.0,57.3,stable,flipkart|gtrends,2026-07-07,2026-07-07T17:09:43.188127,494,0a48b11ef5b75482,"ttw|ttw stuffed soft sleeping cat plush toy with press simulation sound, animal fur ",54.18,57.3,54.18,3.12,0.0,0.85,0.0,,MONITOR
B0DXFGR681,"Qpets Cat Scratch Pad, Scratching Pad for Cats, Wall Cat Scratcher Mat, Cuttable Adhesive Pet Scratching Mat for Wall, Cabin",qpets,beds_accessories,,B0DXFGR681,https://www.amazon.in/Scratching-Scratcher-Cuttable-Adhesive-40x100cm/dp/B0DXFGR681/ref=zg_bs_g_4771375031_d_sccl_4/522-4724523-7365803?psc=1,"https://images-eu.ssl-images-amazon.com/images/I/71YNBdyX1mL._AC_UL300_SR300,200_.jpg",,,,"https://images-eu.ssl-images-amazon.com/images/I/71YNBdyX1mL._AC_UL300_SR300,200_.jpg",4.0,0,3.5,222.0,598.0,,,,,,20.5,-2.0,57.27,stable,amazon|gtrends,2026-07-07,2026-07-07T17:09:43.171105,495,3a9cedbc72d4368d,"qpets|qpets cat scratch pad, scratching pad for cats, wall cat scratcher mat, cuttable",65.39,57.27,65.39,1.88,0.0,0.99,0.1,LOW_RATING_PENALTY,REVIEW_MANUALLY
B0CSSRPTLT,"FUKUMARU Cat Scratcher Mat, 23.6 X 15.7 Inch Natural Sisal Cat Scratch Mats, Horizontal Cat Floor Scratching Pad Rug with Sti",fukumaru,beds_accessories,,B0CSSRPTLT,https://www.amazon.in/FUKUMARU-Scratcher-Natural-Horizontal-Scratching/dp/B0CSSRPTLT/ref=zg_bs_g_4771375031_d_sccl_24/522-4724523-7365803?psc=1,"https://images-eu.ssl-images-amazon.com/images/I/71RqPxMK7lL._AC_UL300_SR300,200_.jpg",,,,"https://images-eu.ssl-images-amazon.com/images/I/71RqPxMK7lL._AC_UL300_SR300,200_.jpg",22.0,0,4.3,20715.0,895.0,,,,,,20.5,-2.0,57.26,stable,amazon|gtrends,2026-07-07,2026-07-07T17:09:43.172180,496,eba63bf10e63c938,"fukumaru|fukumaru cat scratcher mat, 23.6 x 15.7 inch natural sisal cat scratch mats, hor",54.14,57.26,54.14,3.12,0.0,0.85,0.0,,MONITOR
PSOGXPGAHQFFCHAP,"Hachiko Natural (Combo of 2) Flea and Tick Shampoo Plus Conditioner + Scrub Brush Allergy Relief, Anti-dandruff, Anti-fungal, Anti-microbial Artificial Fragrance Free Dog Shampoo",hachiko,grooming,,,,,PSOGXPGAHQFFCHAP,https://www.flipkart.com/hachiko-natural-combo-2-flea-tick-shampoo-plus-conditioner-scrub-brush-allergy-relief-anti-dandruff-anti-fungal-anti-microbial-artificial-fragrance-free-dog/p/itmb1fd7e2d3fcfe?pid=PSOGXPGAHQFFCHAP&lid=LSTPSOGXPGAHQFFCHAP0E9JN7&marketplace=FLIPKART&q=dog+shampoo&store=p3t%2Fixl%2Fosh&srno=s_1_15&otracker=search&fm=organic&iid=87e2e3b7-1bcf-4dee-85cd-caa8a4b0d5c8.PSOGXPGAHQFFCHAP.SEARCH&ppt=None&ppn=None&ssid=1pizov16ps0000001783424297200&qH=8d82257ae22a2792&ov_redirect=true&ov_redirect=true,https://rukminim2.flixcart.com/image/612/612/xif0q/pet-shampoo/g/l/y/250-dog-need-dog-flea-and-tick-scrub-shampoo-conditioner-250-ml-original-imagxqkheyccgygq.jpeg?q=70,https://rukminim2.flixcart.com/image/612/612/xif0q/pet-shampoo/g/l/y/250-dog-need-dog-flea-and-tick-scrub-shampoo-conditioner-250-ml-original-imagxqkheyccgygq.jpeg?q=70,,0,,,,15.0,0.0,4.1,,151.0,13.5,-1.5,57.18,stable,flipkart|gtrends,2026-07-07,2026-07-07T17:09:43.190934,497,99d6234d544b89ce,hachiko|hachiko natural (combo of 2) flea and tick shampoo plus conditioner + scrub brus,54.68,57.18,54.68,2.5,0.0,0.85,0.0,,MONITOR
PTYHNSFFTADZ4HYZ,decorvaiz Catnip Tumbler Toy for Cats – Interactive & Fun Playtime Jute Rubber Toy For Cat,decorvaiz,cat_toys,,,,,PTYHNSFFTADZ4HYZ,https://www.flipkart.com/decorvaiz-catnip-tumbler-toy-cats-interactive-fun-playtime-jute-rubber-cat/p/itmd4ec8d5fbe045?pid=PTYHNSFFTADZ4HYZ&lid=LSTPTYHNSFFTADZ4HYZACFJ5Q&marketplace=FLIPKART&q=interactive+cat+toy&store=p3t&srno=s_1_9&otracker=search&fm=organic&iid=c7f1756f-91f9-4944-90cc-2787dea405fa.PTYHNSFFTADZ4HYZ.SEARCH&ppt=None&ppn=None&ssid=keh8997g2o0000001783424292071&qH=6f2caafe5fdbc2f8&ov_redirect=true&ov_redirect=true,https://rukminim2.flixcart.com/image/612/612/xif0q/pet-toy/1/o/s/1-catnip-toys-for-cats-tumbler-f-18-decorvaiz-original-imahnsfffmgzznpg.jpeg?q=70,https://rukminim2.flixcart.com/image/612/612/xif0q/pet-toy/1/o/s/1-catnip-toys-for-cats-tumbler-f-18-decorvaiz-original-imahnsfffmgzznpg.jpeg?q=70,,0,,,,9.0,0.0,,,282.0,4.0,-6.0,57.18,stable,flipkart|gtrends,2026-07-07,2026-07-07T17:09:43.189348,498,98bf975470682aa7,decorvaiz|decorvaiz catnip tumbler toy for cats – interactive & fun playtime jute rubber t,55.3,57.18,55.3,1.88,0.0,0.85,0.0,,MONITOR
B0FCFQBLZY,"Inralimot Pet Hair Removal Tool, Electrostatic Pet Hair Remover,Static Removal Gloves for Pet Hair, Dog and Cat Hair Remover",inralimot,grooming,,B0FCFQBLZY,https://www.amazon.in/Inralimot-Removal-Electrostatic-Remover-Furniture/dp/B0FCFQBLZY/ref=zg_bs_g_4771383031_d_sccl_20/522-4724523-7365803?psc=1,"https://images-eu.ssl-images-amazon.com/images/I/81F1Zh8OVnL._AC_UL300_SR300,200_.jpg",,,,"https://images-eu.ssl-images-amazon.com/images/I/81F1Zh8OVnL._AC_UL300_SR300,200_.jpg",16.0,0,4.0,150.0,179.0,,,,,,13.5,-1.5,57.12,stable,amazon|gtrends,2026-07-07,2026-07-07T17:09:43.168346,499,09c5a4c226e152bd,"inralimot|inralimot pet hair removal tool, electrostatic pet hair remover,static removal g",54.62,57.12,54.62,2.5,0.0,0.85,0.0,,MONITOR
PSOGCSK8GTE7VVEH,"Zoivane Pet Ditch to Itch Shampoo Anti-Bacterial Dog Shampoo & Conditioner | 200 ML Pack Anti-itching, Anti-dandruff, Anti-fungal, Conditioning, Whitening and Color Enhancing Rose Cologne Dog Shampoo",zoivane,grooming,,,,,PSOGCSK8GTE7VVEH,https://www.flipkart.com/zoivane-pet-ditch-itch-shampoo-anti-bacterial-dog-conditioner-200-ml-pack-anti-itching-anti-dandruff-anti-fungal-conditioning-whitening-color-enhancing-rose-cologne/p/itm4260209b7169d?pid=PSOGCSK8GTE7VVEH&lid=LSTPSOGCSK8GTE7VVEHKTWJXG&marketplace=FLIPKART&q=dog+shampoo&store=p3t%2Fixl%2Fosh&srno=s_1_16&otracker=search&fm=organic&iid=87e2e3b7-1bcf-4dee-85cd-caa8a4b0d5c8.PSOGCSK8GTE7VVEH.SEARCH&ppt=None&ppn=None&ssid=1pizov16ps0000001783424297200&qH=8d82257ae22a2792&ov_redirect=true&ov_redirect=true,https://rukminim2.flixcart.com/image/612/612/xif0q/pet-shampoo/v/3/1/200-zv-dti-200ml-zoivane-original-imahexfyurcxmaax.jpeg?q=70,https://rukminim2.flixcart.com/image/612/612/xif0q/pet-shampoo/v/3/1/200-zv-dti-200ml-zoivane-original-imahexfyurcxmaax.jpeg?q=70,,0,,,,16.0,0.0,4.2,,98.0,13.5,-1.5,57.08,stable,flipkart|gtrends,2026-07-07,2026-07-07T17:09:43.191013,500,2b2f48e23da8c3a0,zoivane|zoivane pet ditch to itch shampoo anti-bacterial dog shampoo & conditioner | 200,53.96,57.08,53.96,3.12,0.0,0.84,0.0,,MONITOR
PTYGXGZSB3KEXEAZ,"YMS Interactive Cat Toy Cat Nip Silvervine Mint Cat Lickable Treat Cat Dental Toy Plastic, PP (Polypropylene) Soft Toy, Training Aid For Cat",yms,cat_food,,,,,PTYGXGZSB3KEXEAZ,https://www.flipkart.com/yms-interactive-cat-toy-nip-silvervine-mint-lickable-treat-dental-plastic-pp-polypropylene-soft-toy-training-aid/p/itmca53761fc07af?pid=PTYGXGZSB3KEXEAZ&lid=LSTPTYGXGZSB3KEXEAZ0O9CDF&marketplace=FLIPKART&q=catnip+toy&store=p3t%2F0mo%2Fgba&srno=s_1_3&otracker=search&fm=organic&iid=39e31d82-0a1a-4f12-a245-083e2fba4e25.PTYGXGZSB3KEXEAZ.SEARCH&ppt=None&ppn=None&ssid=0fjvryz3nk0000001783424289434&qH=f9b349971a41f28d&ov_redirect=true&ov_redirect=true,https://rukminim2.flixcart.com/image/612/612/xif0q/pet-toy/w/g/a/1-cat-mint-ball-yms-original-imahjxgs3rfug9jn.jpeg?q=70,https://rukminim2.flixcart.com/image/612/612/xif0q/pet-toy/w/g/a/1-cat-mint-ball-yms-original-imahjxgs3rfug9jn.jpeg?q=70,,0,,,,3.0,0.0,3.5,,127.0,21.67,-0.67,57.05,stable,flipkart|gtrends,2026-07-07,2026-07-07T17:09:43.188383,501,dd56a24cfa45e9b0,yms|yms interactive cat toy cat nip silvervine mint cat lickable treat cat dental to,65.17,57.05,65.17,1.88,0.0,0.99,0.1,LOW_RATING_PENALTY,REVIEW_MANUALLY
B0FHHS5SCB,"No Pull Cat Harness and Leash Set for Walking – Escape Proof, Soft Air Mesh, Adjustable Vest Harness for Kittens, Cats, Puppy",no,collars_leashes,,B0FHHS5SCB,https://www.amazon.in/Pull-Cat-Harness-Leash-Walking/dp/B0FHHS5SCB/ref=zg_bs_g_4771379031_d_sccl_19/522-4724523-7365803?psc=1,"https://images-eu.ssl-images-amazon.com/images/I/61p2XLxZdgL._AC_UL300_SR300,200_.jpg",,,,"https://images-eu.ssl-images-amazon.com/images/I/61p2XLxZdgL._AC_UL300_SR300,200_.jpg",15.0,0,3.9,46.0,299.0,,,,,,5.0,-3.0,57.0,stable,amazon|gtrends,2026-07-07,2026-07-07T17:09:43.178682,502,32b35e1b7921ddae,"no|no pull cat harness and leash set for walking – escape proof, soft air mesh, adj",54.5,57.0,54.5,2.5,0.0,0.85,0.0,,MONITOR
PCLHG3CSRMAF2TQH,FIPPYO dogs can use this anti-flea dogs collar safely Dog & Cat Anti-tick Collar,fippyo,training,,,,,PCLHG3CSRMAF2TQH,https://www.flipkart.com/fippyo-dogs-can-use-anti-flea-collar-safely-dog-cat-anti-tick/p/itm6a35735ec5a78?pid=PCLHG3CSRMAF2TQH&lid=LSTPCLHG3CSRMAF2TQHMIJQ2N&marketplace=FLIPKART&q=anti+bark+collar&store=search.flipkart.com&srno=s_1_10&otracker=search&fm=organic&iid=a5e41e6c-f712-4fa1-877c-d3c823b8ca75.PCLHG3CSRMAF2TQH.SEARCH&ppt=None&ppn=None&ssid=p8wimx3quo0000001783424357818&qH=f1fde8a6826f7c4a&ov_redirect=true&ov_redirect=true,https://rukminim2.flixcart.com/image/612/612/xif0q/pet-collar-harness/a/h/4/large-tick-collar-for-dogs-premium-adjustable-silicone-pet-original-imahg3csmjuhh6nh.jpeg?q=70,https://rukminim2.flixcart.com/image/612/612/xif0q/pet-collar-harness/a/h/4/large-tick-collar-for-dogs-premium-adjustable-silicone-pet-original-imahg3csmjuhh6nh.jpeg?q=70,,0,,,,10.0,0.0,,,270.0,0.5,-2.0,56.98,stable,flipkart|gtrends,2026-07-07,2026-07-07T17:09:43.205342,503,afd77ec208ac2322,fippyo|fippyo dogs can use this anti-flea dogs collar safely dog & cat anti-tick collar,55.1,56.98,55.1,1.88,0.0,0.85,0.0,,MONITOR
PHSG4DXCTDDNYU4G,Petroyale Dog Multivitamin Tablet | Pet Health Supplement | Dog Bone Builder | Dog Calcium Chew Tablets | Dog Bad Breath Medicine | Dog Growth Supplement (1 x 60 Tablets) Pack of 1 Pet Health Supplements,petroyale,health_wellness,,,,,PHSG4DXCTDDNYU4G,https://www.flipkart.com/petroyale-dog-multivitamin-tablet-pet-health-supplement-bone-builder-calcium-chew-tablets-bad-breath-medicine-growth-1-x-60-tablets-pack-1-supplements/p/itm014428f4d892c?pid=PHSG4DXCTDDNYU4G&lid=LSTPHSG4DXCTDDNYU4GKFBWRI&marketplace=FLIPKART&q=joint+supplement+for+dogs&store=p3t&srno=s_1_17&otracker=search&fm=organic&iid=en_MquQSzNXHg1tkGJg1-auVWWRmHrQdb2xWUHFDmv9kzykVfdzjLnM1zLkQEUmVOdOSX4dgevx-vtNcFCtM5IuWTFug4Gyj1JEi1-T6HCxEyQcGbY-tmr14j2ek4Q5PqY_&ppt=None&ppn=None&ssid=srm44c08ww0000001783424329919&qH=b0e4c33d635c1c86&ov_redirect=true&ov_redirect=true,https://rukminim2.flixcart.com/image/612/612/xif0q/pet-health-supplement/g/u/a/50-dog-multivitamin-tablet-pet-health-supplement-dog-bone-original-imahm434z6jms9mt.jpeg?q=70,https://rukminim2.flixcart.com/image/612/612/xif0q/pet-health-supplement/g/u/a/50-dog-multivitamin-tablet-pet-health-supplement-dog-bone-original-imahm434z6jms9mt.jpeg?q=70,,0,,,,17.0,0.0,4.4,,487.0,0.5,0.0,56.94,stable,flipkart|gtrends,2026-07-07,2026-07-07T17:09:43.198325,504,54e06223d6c2c545,petroyale|petroyale dog multivitamin tablet | pet health supplement | dog bone builder | d,53.82,56.94,53.82,3.12,0.0,0.84,0.0,,MONITOR
PSOG4FRDF6HEXETH,"Dr Venture Anti-tick and Flea Neem Dog Shampoo 200 ml + Anti-Tick and Flea Spray for All Breeds Like Dogs, Cats and Puppies Kills & Repels Fleas, Ticks and Lice Enriched with Neem and Aloevera 200 ml Anti-fungal, Flea and Tick, Anti-microbial, Allergy Relief, Whitening and Color Enhancing, Anti-itching neem Dog Shampoo",dr,health_wellness,,,,,PSOG4FRDF6HEXETH,https://www.flipkart.com/venture-anti-tick-flea-neem-dog-shampoo-200-ml-spray-all-breeds-like-dogs-cats-puppies-kills-repels-fleas-ticks-lice-enriched-aloevera-anti-fungal-tick-anti-microbial-allergy-relief-whitening-color-enhancing-anti-itching/p/itm0e7bd1e31742a?pid=PSOG4FRDF6HEXETH&lid=LSTPSOG4FRDF6HEXETH0NY6TE&marketplace=FLIPKART&q=flea+tick+medicine+for+dogs&store=p3t%2Fixl%2Fosh&srno=s_1_15&otracker=search&fm=organic&iid=f1b3cde1-284f-43d5-95b4-4636db5c0b05.PSOG4FRDF6HEXETH.SEARCH&ppt=None&ppn=None&ssid=7ynyuyy6cw0000001783424326799&qH=2ddc765890887549&ov_redirect=true&ov_redirect=true,https://rukminim2.flixcart.com/image/612/612/xif0q/pet-shampoo/k/c/l/400-anti-tick-and-flea-neem-dog-shampoo-200-ml-anti-tick-and-original-imah4egcyrhjrh9p.jpeg?q=70,https://rukminim2.flixcart.com/image/612/612/xif0q/pet-shampoo/k/c/l/400-anti-tick-and-flea-neem-dog-shampoo-200-ml-anti-tick-and-original-imah4egcyrhjrh9p.jpeg?q=70,,0,,,,15.0,0.0,3.9,,240.0,0.5,0.0,56.92,stable,flipkart|gtrends,2026-07-07,2026-07-07T17:09:43.197519,505,84307550eee835c3,dr|dr venture anti-tick and flea neem dog shampoo 200 ml + anti-tick and flea spray,54.42,56.92,54.42,2.5,0.0,0.85,0.0,,MONITOR
B0DT1CG6WS,"Foodie Puppies Interactive Dog Squeaky Plush Toy - (Blue Swan) | Durable Crinkle Papered, Cotton Stuffed Chew Toy for Teethin",foodie,dog_toys,,B0DT1CG6WS,https://www.amazon.in/Foodie-Puppies-Interactive-Plush-Toy/dp/B0DT1CG6WS/ref=zg_bs_g_4771401031_d_sccl_20/522-4724523-7365803?psc=1,"https://images-eu.ssl-images-amazon.com/images/I/71v28+inJWL._AC_UL300_SR300,200_.jpg",,,,"https://images-eu.ssl-images-amazon.com/images/I/71v28+inJWL._AC_UL300_SR300,200_.jpg",18.0,0,4.4,96.0,280.0,,,,,,3.0,0.0,56.92,stable,amazon|gtrends,2026-07-07,2026-07-07T17:09:43.163227,506,10a57bed93bf9431,foodie|foodie puppies interactive dog squeaky plush toy - (blue swan) | durable crinkle,53.8,56.92,53.8,3.12,0.0,0.84,0.0,,MONITOR
PSOHKH5KBZXMH7ZD,"Raytails Dog Shampoo for Odor & Hair Fall Control Deep Cleaning Gentle Coat Care Conditioning, Anti-itching pH Balanced, Mild Dog Shampoo",raytails,grooming,,,,,PSOHKH5KBZXMH7ZD,https://www.flipkart.com/raytails-dog-shampoo-odor-hair-fall-control-deep-cleaning-gentle-coat-care-conditioning-anti-itching-ph-balanced-mild/p/itm2c67b1ae044e5?pid=PSOHKH5KBZXMH7ZD&lid=LSTPSOHKH5KBZXMH7ZDP9IAF9&marketplace=FLIPKART&q=dog+shampoo&store=p3t%2Fixl%2Fosh&srno=s_1_17&otracker=search&fm=organic&iid=en_PCO_vuFEqDWxkeLAWrBOw8DlINgysNP5cKHjpH9dFYdE-4MFUxPmLQ1sXLmDCYao-8Qz2o2TFlxJq4XtjUM9YMYj_K5QewkFO68adAoCSzUaGAjUKakFkY8pXiyuh2pv&ppt=None&ppn=None&ssid=1pizov16ps0000001783424297200&qH=8d82257ae22a2792&ov_redirect=true&ov_redirect=true,https://rukminim2.flixcart.com/image/612/612/xif0q/pet-shampoo/i/u/u/300-rt-ds-300-raytails-original-imahmhzwbtekdnhu.jpeg?q=70,https://rukminim2.flixcart.com/image/612/612/xif0q/pet-shampoo/i/u/u/300-rt-ds-300-raytails-original-imahmhzwbtekdnhu.jpeg?q=70,,0,,,,17.0,0.0,4.5,,221.0,13.5,-1.5,56.92,stable,flipkart|gtrends,2026-07-07,2026-07-07T17:09:43.191078,507,4bbed9dcdbb49cdd,raytails|raytails dog shampoo for odor & hair fall control deep cleaning gentle coat care,53.8,56.92,53.8,3.12,0.0,0.84,0.0,,MONITOR
B075PHPK27,Purepet Adult Dry Dog Food 20kg | Chicken & Vegetable Flavour | Promotes Health & Vitality | Balanced Nutrition | Supports Di,purepet,dog_food,,B075PHPK27,https://www.amazon.in/Purepet-Adult-Food-Chicken-Vegetable/dp/B075PHPK27/ref=zg_bs_g_4771395031_d_sccl_24/522-4724523-7365803?psc=1,"https://images-eu.ssl-images-amazon.com/images/I/61AvtB-QFYL._AC_UL300_SR300,200_.jpg",,,,"https://images-eu.ssl-images-amazon.com/images/I/61AvtB-QFYL._AC_UL300_SR300,200_.jpg",21.0,0,4.1,6883.0,2213.0,,,,,,18.0,-3.2,56.84,stable,amazon|gtrends,2026-07-07,2026-07-07T17:09:43.160992,508,f596740b15b7332c,purepet|purepet adult dry dog food 20kg | chicken & vegetable flavour | promotes health ,54.34,56.84,54.34,2.5,0.0,0.85,0.0,,MONITOR
B0CGJ7W9ZJ,"Bakson Veterinary Derm Aid Pet Skin Drop for Animals 30ML | Dogs & Cats Skin Infection Treatment & Allergy Relief | Itching,",bakson,health_wellness,,B0CGJ7W9ZJ,https://www.amazon.in/Bakson-Veterinary-Derm-Aid-Drops/dp/B0CGJ7W9ZJ/ref=zg_bs_g_4771397031_d_sccl_21/522-4724523-7365803?psc=1,"https://images-eu.ssl-images-amazon.com/images/I/81ys3VQjLeL._AC_UL300_SR300,200_.jpg",,,,"https://images-eu.ssl-images-amazon.com/images/I/81ys3VQjLeL._AC_UL300_SR300,200_.jpg",19.0,0,4.2,596.0,208.0,,,,,,0.5,0.0,56.82,stable,amazon|gtrends,2026-07-07,2026-07-07T17:09:43.173494,509,c26f8ffde8cb093d,bakson|bakson veterinary derm aid pet skin drop for animals 30ml | dogs & cats skin inf,53.7,56.82,53.7,3.12,0.0,0.84,0.0,,MONITOR
PFDGYYW9RWNT9R8P,Drools Real Chicken 1.2 kg Dry Young Cat Food,drools,cat_food,,,,,PFDGYYW9RWNT9R8P,https://www.flipkart.com/drools-real-chicken-1-2-kg-dry-young-cat-food/p/itm9e00ab65b5592?pid=PFDGYYW9RWNT9R8P&lid=LSTPFDGYYW9RWNT9R8PBFR3JN&marketplace=FLIPKART&q=kitten+food&store=p3t%2F0mo%2Foiv&srno=s_1_17&otracker=search&fm=organic&iid=en_KjiqfUV3hF8xnTClTEm8vFZzXJngCDWsP3EOIseRvImCgoKcdolwPSvZNcGx8gcXIl7giXRbeypMlQZoDneyF6VUDfZEd5EnhnrWRSbOToDR_da4e2BzFey0c3jdJfa-&ppt=None&ppn=None&ssid=htm787lr280000001783424266045&qH=8a534960bbeaf1fe&ov_redirect=true&ov_redirect=true,https://rukminim2.flixcart.com/image/612/612/xif0q/pet-food/m/n/3/-original-imahnzzh2nhbjv7n.jpeg?q=70,https://rukminim2.flixcart.com/image/612/612/xif0q/pet-food/m/n/3/-original-imahnzzh2nhbjv7n.jpeg?q=70,,0,,,,17.0,0.0,4.4,,319.0,21.67,-0.67,56.81,stable,flipkart|gtrends,2026-07-07,2026-07-07T17:09:43.182698,510,be7bd7f917166cac,drools|drools real chicken 1.2 kg dry young cat food,53.69,56.81,53.69,3.12,0.0,0.84,0.0,,MONITOR
PFDGYYW9A8PPKBWC,Drools Tuna and Salmon 1.2 kg Dry Adult Cat Food,drools,cat_food,,,,,PFDGYYW9A8PPKBWC,https://www.flipkart.com/drools-tuna-salmon-1-2-kg-dry-adult-cat-food/p/itmc2e2ea5b5d552?pid=PFDGYYW9A8PPKBWC&lid=LSTPFDGYYW9A8PPKBWCF6IT50&marketplace=FLIPKART&q=cat+food&store=p3t%2F0mo%2Foiv&srno=s_1_17&otracker=search&fm=organic&iid=en_Vge6mZDrTjkrX7UGOtYXtzZ4dz_KwUIPXcAXP_UJCKQcK_PqcagkpYGqFYvkbWNu77gud4j5xWDB8tfaRT3rETmJwVCIOqQWuRhWENtDIW7GD1B6it65MfAi5PYCl_r1&ppt=None&ppn=None&ssid=072jdsvxlc0000001783424263463&qH=1f38ae66827779c2&ov_redirect=true&ov_redirect=true,https://rukminim2.flixcart.com/image/612/612/xif0q/pet-food/j/7/w/1-2-cat-1-9950959-drools-original-imagy2nwyupzhxzz.jpeg?q=70,https://rukminim2.flixcart.com/image/612/612/xif0q/pet-food/j/7/w/1-2-cat-1-9950959-drools-original-imagy2nwyupzhxzz.jpeg?q=70,,0,,,,17.0,0.0,4.4,,327.0,21.67,-0.67,56.81,stable,flipkart|gtrends,2026-07-07,2026-07-07T17:09:43.182429,511,a2bc34487123928e,drools|drools tuna and salmon 1.2 kg dry adult cat food,53.69,56.81,53.69,3.12,0.0,0.84,0.0,,MONITOR
PFDFGDBGCDUEJS2R,Me-O Adult Cat Food - Tuna 3 kg Dry Adult Cat Food,me-o,cat_food,,,,,PFDFGDBGCDUEJS2R,https://www.flipkart.com/me-o-adult-cat-food-tuna-3-kg-dry/p/itm6b34c4b79875b?pid=PFDFGDBGCDUEJS2R&lid=LSTPFDFGDBGCDUEJS2RMGDYGB&marketplace=FLIPKART&q=meo+cat+food&store=p3t%2F0mo%2Foiv&srno=s_1_17&otracker=search&fm=organic&iid=8a0975ac-f6d1-49ba-a9a5-4c6a973ead86.PFDFGDBGCDUEJS2R.SEARCH&ppt=None&ppn=None&ssid=kuu7d4pgps0000001783424273731&qH=c9e60ce57aa2b156&ov_redirect=true&ov_redirect=true,https://rukminim2.flixcart.com/image/612/612/jvgzl3k0/pet-food/s/2/r/3-cat-3kg-cf-tuna-me-o-original-imafg8uywdsxtqrn.jpeg?q=70,https://rukminim2.flixcart.com/image/612/612/jvgzl3k0/pet-food/s/2/r/3-cat-3kg-cf-tuna-me-o-original-imafg8uywdsxtqrn.jpeg?q=70,,0,,,,17.0,0.0,4.4,,1561.0,21.67,-0.67,56.81,stable,flipkart|gtrends,2026-07-07,2026-07-07T17:09:43.184250,512,f39257f41c5efc0c,me-o|me-o adult cat food - tuna 3 kg dry adult cat food,53.69,56.81,53.69,3.12,0.0,0.84,0.0,,MONITOR
PEBHKWQGKPVZ6PJX,Paitsco Foldable Pet Home for Cats & Small Pets L Pet Bed,paitsco,beds_accessories,,,,,PEBHKWQGKPVZ6PJX,https://www.flipkart.com/paitsco-foldable-pet-home-cats-small-pets-l-bed/p/itmb4516cdab656d?pid=PEBHKWQGKPVZ6PJX&lid=LSTPEBHKWQGKPVZ6PJXKKGQ7U&marketplace=FLIPKART&q=cat+bed&store=search.flipkart.com&srno=s_1_15&otracker=search&fm=organic&iid=2feb8fb4-78e7-458c-bacb-4647a070ac7d.PEBHKWQGKPVZ6PJX.SEARCH&ppt=None&ppn=None&ssid=uq8xefjfcg0000001783424311869&qH=0434bf5b1b52fdd8&ov_redirect=true&ov_redirect=true,https://rukminim2.flixcart.com/image/612/612/xif0q/pet-bed/a/x/m/s-foldable-pet-home-for-cats-small-pets-paitsco-original-imahhndcqrkzghmf.jpeg?q=70,https://rukminim2.flixcart.com/image/612/612/xif0q/pet-bed/a/x/m/s-foldable-pet-home-for-cats-small-pets-paitsco-original-imahhndcqrkzghmf.jpeg?q=70,,0,,,,15.0,0.0,4.0,,1423.0,20.5,-2.0,56.8,stable,flipkart|gtrends,2026-07-07,2026-07-07T17:09:43.194008,513,4d8749d8433238e9,paitsco|paitsco foldable pet home for cats & small pets l pet bed,54.3,56.8,54.3,2.5,0.0,0.85,0.0,,MONITOR
B09H4VJN6Y,"Agirav Dog Rope Toys + Chew Toys, Combo Pack of 7 (Color May Vary)",agirav,dog_toys,,B09H4VJN6Y,https://www.amazon.in/Puppy-Spike-Cotton-Combo-Color/dp/B09H4VJN6Y/ref=zg_bs_g_4771401031_d_sccl_23/522-4724523-7365803?psc=1,"https://images-eu.ssl-images-amazon.com/images/I/71EwM691FXL._AC_UL300_SR300,200_.jpg",,,,"https://images-eu.ssl-images-amazon.com/images/I/71EwM691FXL._AC_UL300_SR300,200_.jpg",21.0,0,4.3,1701.0,239.0,,,,,,3.0,0.0,56.78,stable,amazon|gtrends,2026-07-07,2026-07-07T17:09:43.163388,514,d8b45ccdb7f458ce,"agirav|agirav dog rope toys + chew toys, combo pack of 7 (color may vary)",53.66,56.78,53.66,3.12,0.0,0.84,0.0,,MONITOR
B0G64NS3X5,"2 Pack Black Catnip Wall Massage Corner Brush for Long & Short Fur Cats and Kittens,C-at Self Groomer Scratcher, Soft Comb Ca",2,grooming,,B0G64NS3X5,https://www.amazon.in/Massage-Kittens-Groomer-Scratcher-Mounted/dp/B0G64NS3X5/ref=zg_bs_g_4771383031_d_sccl_22/522-4724523-7365803?psc=1,"https://images-eu.ssl-images-amazon.com/images/I/71rmchiNs1L._AC_UL300_SR300,200_.jpg",,,,"https://images-eu.ssl-images-amazon.com/images/I/71rmchiNs1L._AC_UL300_SR300,200_.jpg",18.0,0,4.7,5.0,274.0,,,,,,13.5,-1.5,56.7,stable,amazon|gtrends,2026-07-07,2026-07-07T17:09:43.168487,515,448b788d93f98c41,2|2 pack black catnip wall massage corner brush for long & short fur cats and kitt,53.58,56.7,53.58,3.12,0.0,0.84,0.0,,MONITOR
B0DMLYWBX2,Doggo Bite Premium Reflective Dog Vest Harness| Soft Breathable| Padded Handle| Adjustable Straps & Dual Lock Buckle| No-Chok,doggo,collars_leashes,,B0DMLYWBX2,https://www.amazon.in/Reflective-Breathable-Adjustable-No-Choke-Leash-22mm/dp/B0DMLYWBX2/ref=zg_bs_g_4771392031_d_sccl_17/522-4724523-7365803?psc=1,"https://images-eu.ssl-images-amazon.com/images/I/61PJSqSWn7L._AC_UL300_SR300,200_.jpg",,,,"https://images-eu.ssl-images-amazon.com/images/I/61PJSqSWn7L._AC_UL300_SR300,200_.jpg",16.0,0,3.9,186.0,1424.0,,,,,,5.0,-3.0,56.68,stable,amazon|gtrends,2026-07-07,2026-07-07T17:09:43.176888,516,4160635a73686757,doggo|doggo bite premium reflective dog vest harness| soft breathable| padded handle| ,54.18,56.68,54.18,2.5,0.0,0.85,0.0,,MONITOR
PFDHGY873DFBXHTG,Royal Canin Royal Canin Fit 32 Adult Dry Cat Food - 1 kg Chicken 1 kg Dry Adult Cat Food,royal canin,cat_food,,,,,PFDHGY873DFBXHTG,https://www.flipkart.com/royal-canin-fit-32-adult-dry-cat-food-1-kg-chicken/p/itm152ad26a47fcb?pid=PFDHGY873DFBXHTG&lid=LSTPFDHGY873DFBXHTGT5VT7T&marketplace=FLIPKART&q=royal+canin+cat+food&store=p3t%2F0mo%2Foiv&srno=s_1_18&otracker=search&fm=organic&iid=8c819297-3b7e-4c85-b19b-312f8798d713.PFDHGY873DFBXHTG.SEARCH&ppt=None&ppn=None&ssid=htiipb2zbk0000001783424271148&qH=d9e0c635368b029a&ov_redirect=true&ov_redirect=true,https://rukminim2.flixcart.com/image/612/612/xif0q/pet-food/2/m/u/1-cat-1-otrfo17196-royal-canin-original-imahgy87crwsnc69.jpeg?q=70,https://rukminim2.flixcart.com/image/612/612/xif0q/pet-food/2/m/u/1-cat-1-otrfo17196-royal-canin-original-imahgy87crwsnc69.jpeg?q=70,,0,,,,18.0,0.0,4.7,,984.0,21.67,-0.67,56.65,stable,flipkart|gtrends,2026-07-07,2026-07-07T17:09:43.183595,517,5bc871487f11275d,royal canin|royal canin royal canin fit 32 adult dry cat food - 1 kg chicken 1 kg dry adult ,53.53,56.65,53.53,3.12,0.0,0.84,0.0,,MONITOR
B0FHFRPVJR,"Petology Dog Leash 4FT Long, 1cm Thick Reflective Heavy Duty Rope with Anti-Slip Padded Handle for Small Dogs",petology,collars_leashes,,B0FHFRPVJR,https://www.amazon.in/Petology-Reflective-Anti-Slip-Padded-Handle/dp/B0FHFRPVJR/ref=zg_bs_g_4771392031_d_sccl_20/522-4724523-7365803?psc=1,"https://images-eu.ssl-images-amazon.com/images/I/716PfHm0gxL._AC_UL300_SR300,200_.jpg",,,,"https://images-eu.ssl-images-amazon.com/images/I/716PfHm0gxL._AC_UL300_SR300,200_.jpg",18.0,0,4.1,744.0,175.0,,,,,,5.0,-3.0,56.61,stable,amazon|gtrends,2026-07-07,2026-07-07T17:09:43.177012,518,16cbf8c73a99f71a,"petology|petology dog leash 4ft long, 1cm thick reflective heavy duty rope with anti-slip",54.11,56.61,54.11,2.5,0.0,0.85,0.0,,MONITOR
PLNFY7BGZEA4MZZZ,"MEDBOTICS Durable Rope Training Leash for Small Dogs, with Strong Hook Size- 6mm 120 cm Dog Cord Leash",medbotics,collars_leashes,,,,,PLNFY7BGZEA4MZZZ,https://www.flipkart.com/medbotics-durable-rope-training-leash-small-dogs-strong-hook-size-6mm-120-cm-dog-cord/p/itmabd35bb6b0b5f?pid=PLNFY7BGZEA4MZZZ&lid=LSTPLNFY7BGZEA4MZZZPSOBT6&marketplace=FLIPKART&q=retractable+dog+leash&store=p3t%2Fea3%2Fpmw&srno=s_1_15&otracker=search&fm=organic&iid=6b92b321-55fd-4d89-aeb1-c48b5b66fd8f.PLNFY7BGZEA4MZZZ.SEARCH&ppt=None&ppn=None&ssid=4smcf9y8000000001783424346329&qH=bbc46b35e332125e&ov_redirect=true&ov_redirect=true,https://rukminim2.flixcart.com/image/612/612/kiew3gw0-0/pet-leash-chain/o/n/h/durable-rope-training-leash-for-small-dogs-with-strong-hook-size-original-imafy7bggzkhjyn6.jpeg?q=70,https://rukminim2.flixcart.com/image/612/612/kiew3gw0-0/pet-leash-chain/o/n/h/durable-rope-training-leash-for-small-dogs-with-strong-hook-size-original-imafy7bggzkhjyn6.jpeg?q=70,,0,,,,15.0,0.0,4.0,,129.0,5.0,-3.0,56.6,stable,flipkart|gtrends,2026-07-07,2026-07-07T17:09:43.202403,519,e5a80de325033ed7,"medbotics|medbotics durable rope training leash for small dogs, with strong hook size- 6mm",54.1,56.6,54.1,2.5,0.0,0.85,0.0,,MONITOR
B0CN38G41Z,Drools Dry Dog Food All Life Stages 3kg | 100% Vegetarian Flavour | Supports Digestive Health | Strong Bones & Teeth | Boosts,drools,dog_food,,B0CN38G41Z,https://www.amazon.in/Drools-Food-Lifestages-100-Vegetable/dp/B0CN38G41Z/ref=zg_bs_g_4771395031_d_sccl_23/522-4724523-7365803?psc=1,"https://images-eu.ssl-images-amazon.com/images/I/71tQN3ZhOdL._AC_UL300_SR300,200_.jpg",,,,"https://images-eu.ssl-images-amazon.com/images/I/71tQN3ZhOdL._AC_UL300_SR300,200_.jpg",20.0,0,4.4,1049.0,637.0,,,,,,18.0,-3.2,56.54,stable,amazon|gtrends,2026-07-07,2026-07-07T17:09:43.160947,520,4f6494cb33ee9003,drools|drools dry dog food all life stages 3kg | 100% vegetarian flavour | supports dig,53.42,56.54,53.42,3.12,0.0,0.84,0.0,,MONITOR
PFDHAPHQTGSHMJSH,Drools Drools Puppy Dry Dog Food Chicken and Egg 400gm Chicken 0.5 kg Dry New Born Dog Food,drools,dog_food,,,,,PFDHAPHQTGSHMJSH,https://www.flipkart.com/drools-puppy-dry-dog-food-chicken-egg-400gm-0-5-kg-new-born/p/itm63b8d2d2ba7fb?pid=PFDHAPHQTGSHMJSH&lid=LSTPFDHAPHQTGSHMJSHF8HG9X&marketplace=FLIPKART&q=puppy+food&store=p3t%2Fea3%2F8zj&srno=s_1_15&otracker=search&fm=organic&iid=bd00ce40-63e5-4628-8bfb-22760bef423a.PFDHAPHQTGSHMJSH.SEARCH&ppt=None&ppn=None&ssid=jgnht7d6n40000001783424250669&qH=1b10931195d885ee&ov_redirect=true,https://rukminim2.flixcart.com/image/312/312/xif0q/pet-food/0/d/c/0-5-dog-1-1-drools-original-imahamtr8ftcysjq.jpeg?q=70,https://rukminim2.flixcart.com/image/312/312/xif0q/pet-food/0/d/c/0-5-dog-1-1-drools-original-imahamtr8ftcysjq.jpeg?q=70,,0,,,,15.0,0.0,3.8,28.0,168.0,18.0,-3.2,56.53,stable,flipkart|gtrends,2026-07-07,2026-07-07T17:09:43.180593,521,c6cc381a51f4d566,drools|drools drools puppy dry dog food chicken and egg 400gm chicken 0.5 kg dry new bo,54.03,56.53,54.03,2.5,0.0,0.85,0.0,,MONITOR
SHIH77RGMCBUZTZJ,"CARMOD Multi Colour Sleeping Dog Toy Decorative Showpiece - 10 cm (Fabric, Multicolor) Decorative Showpiece - 10 cm",carmod,dog_toys,,,,,SHIH77RGMCBUZTZJ,https://www.flipkart.com/carmod-multi-colour-sleeping-dog-toy-decorative-showpiece-10-cm-fabric-multicolor/p/itm08933c571db0f?pid=SHIH77RGMCBUZTZJ&lid=LSTSHIH77RGMCBUZTZJBQMUAV&marketplace=FLIPKART&q=kong+dog+toy&store=search.flipkart.com&srno=s_1_11&otracker=search&fm=organic&iid=474ceca2-7edf-42ed-b744-bb801b6b5e42.SHIH77RGMCBUZTZJ.SEARCH&ppt=None&ppn=None&ssid=dj4tyd2ftc0000001783424281567&qH=f85aed73ab1bacb4&ov_redirect=true&ov_redirect=true,https://rukminim2.flixcart.com/image/612/612/xif0q/showpiece-figurine/n/w/v/26-26-multi-colour-cute-sleeping-dog-sleeping-dog-for-car-original-imah77rgymusubkt.jpeg?q=70,https://rukminim2.flixcart.com/image/612/612/xif0q/showpiece-figurine/n/w/v/26-26-multi-colour-cute-sleeping-dog-sleeping-dog-for-car-original-imah77rgymusubkt.jpeg?q=70,,0,,,,11.0,0.0,,,787.0,3.0,0.0,56.38,stable,flipkart|gtrends,2026-07-07,2026-07-07T17:09:43.186055,522,0956616749f739f7,"carmod|carmod multi colour sleeping dog toy decorative showpiece - 10 cm (fabric, multi",54.5,56.38,54.5,1.88,0.0,0.85,0.0,,MONITOR
PCLG4NZHQFSG9TXB,Buraq Cat Harness Full Body With Leash Set - For Walking | Escape Proof Cat Buckle Harness,buraq,collars_leashes,,,,,PCLG4NZHQFSG9TXB,https://www.flipkart.com/buraq-cat-harness-full-body-leash-set-walking-escape-proof-buckle/p/itmce16cbf26759f?pid=PCLG4NZHQFSG9TXB&lid=LSTPCLG4NZHQFSG9TXBRVIK1A&marketplace=FLIPKART&q=cat+collar&store=p3t&srno=s_1_15&otracker=search&fm=organic&iid=97d963cc-803d-4934-929b-135709a63dac.PCLG4NZHQFSG9TXB.SEARCH&ppt=None&ppn=None&ssid=dl7gz1mpu80000001783424338174&qH=831161a82e2648a4&ov_redirect=true&ov_redirect=true,https://rukminim2.flixcart.com/image/612/612/xif0q/pet-collar-harness/l/0/d/medium-nylon-leash-with-full-body-harness-set-for-cats-original-imah3ga5cvzjrmjf.jpeg?q=70,https://rukminim2.flixcart.com/image/612/612/xif0q/pet-collar-harness/l/0/d/medium-nylon-leash-with-full-body-harness-set-for-cats-original-imah3ga5cvzjrmjf.jpeg?q=70,,0,,,,15.0,0.0,3.9,,93.0,5.0,-3.0,56.32,stable,flipkart|gtrends,2026-07-07,2026-07-07T17:09:43.200436,523,fa08a6e5e5646845,buraq|buraq cat harness full body with leash set - for walking | escape proof cat buck,53.82,56.32,53.82,2.5,0.0,0.84,0.0,,MONITOR
B002G0MSZ2,"Royal Canin Maxi Puppy Food, Dry Food, Supports Immune System & digestive health, Provides Long growth, moderate energy, 4 Kg",royal canin,dog_food,,B002G0MSZ2,https://www.amazon.in/Supports-Immune-digestive-Provides-moderate/dp/B002G0MSZ2/ref=zg_bs_g_4771395031_d_sccl_26/522-4724523-7365803?psc=1,"https://images-eu.ssl-images-amazon.com/images/I/612MYUWBWtL._AC_UL300_SR300,200_.jpg",,,,"https://images-eu.ssl-images-amazon.com/images/I/612MYUWBWtL._AC_UL300_SR300,200_.jpg",23.0,0,4.4,7306.0,3555.0,,,,,,18.0,-3.2,56.3,stable,amazon|gtrends,2026-07-07,2026-07-07T17:09:43.161091,524,d9305e280c8d786d,"royal canin|royal canin maxi puppy food, dry food, supports immune system & digestive health",53.18,56.3,53.18,3.12,0.0,0.84,0.0,,MONITOR
POUGQP9N6BBKMZUE,THE DDS STORE 3.LTR.Cat Water Bowl Dispenser Automatic Water Fountain Plastic,,beds_accessories,,,,,POUGQP9N6BBKMZUE,https://www.flipkart.com/dds-store-3-ltr-cat-water-bowl-dispenser-automatic-fountain-plastic/p/itm995519d528489?pid=POUGQP9N6BBKMZUE&lid=LSTPOUGQP9N6BBKMZUE4IRBAW&marketplace=FLIPKART&q=pet+water+fountain+for+dogs&store=p3t&srno=s_1_17&otracker=search&fm=organic&iid=6536bef0-c166-4646-9df7-0f1d82699e7c.POUGQP9N6BBKMZUE.SEARCH&ppt=None&ppn=None&ssid=g1f863abgw0000001783424317830&qH=b2476794fa449bb7&ov_redirect=true&ov_redirect=true,https://rukminim2.flixcart.com/image/612/612/xif0q/pet-fountain/e/0/u/1-3-ltr-cat-water-bowl-dispenser-automatic-water-fountain-original-imagqsg5fadzehz7.jpeg?q=70,https://rukminim2.flixcart.com/image/612/612/xif0q/pet-fountain/e/0/u/1-3-ltr-cat-water-bowl-dispenser-automatic-water-fountain-original-imagqsg5fadzehz7.jpeg?q=70,,0,,,,17.0,0.0,4.3,,1678.0,20.5,-2.0,56.26,stable,flipkart|gtrends,2026-07-07,2026-07-07T17:09:43.195406,525,1d8c0e94e8d3f99d,|the dds store 3.ltr.cat water bowl dispenser automatic water fountain plastic,53.14,56.26,53.14,3.12,0.0,0.84,0.0,,MONITOR
B0DJMR286Z,"Dog Trust Extra Large Cat Scratcher Cardboard, Scratch Pad with Cat Scratcher Box, Reversible Cardboard Refill Pad",dog,beds_accessories,,B0DJMR286Z,https://www.amazon.in/Dog-Trust-Cat-Scratcher-Reversible/dp/B0DJMR286Z/ref=zg_bs_g_4771375031_d_sccl_20/522-4724523-7365803?psc=1,"https://images-eu.ssl-images-amazon.com/images/I/51S79BT+vXL._AC_UL300_SR300,200_.jpg",,,,"https://images-eu.ssl-images-amazon.com/images/I/51S79BT+vXL._AC_UL300_SR300,200_.jpg",18.0,0,4.4,48.0,540.0,,,,,,20.5,-2.0,56.23,stable,amazon|gtrends,2026-07-07,2026-07-07T17:09:43.171935,526,e716b6d7cf64e43a,"dog|dog trust extra large cat scratcher cardboard, scratch pad with cat scratcher bo",53.11,56.23,53.11,3.12,0.0,0.84,0.0,,MONITOR
B0FBN8YCFQ,PetFunda Fresh Mint Dental Spray for Dogs & Cats| Enriched with Mint & Clove Extract | Reduces Plaque & Tarter | Paraben-Free,petfunda,health_wellness,,B0FBN8YCFQ,https://www.amazon.in/PetFunda-Enriched-Extract-Reduces-Paraben-Free/dp/B0FBN8YCFQ/ref=zg_bs_g_4771384031_d_sccl_16/522-4724523-7365803?psc=1,"https://images-eu.ssl-images-amazon.com/images/I/51ivvybk--L._AC_UL300_SR300,200_.jpg",,,,"https://images-eu.ssl-images-amazon.com/images/I/51ivvybk--L._AC_UL300_SR300,200_.jpg",16.0,0,3.8,33.0,279.0,,,,,,0.5,0.0,56.21,stable,amazon|gtrends,2026-07-07,2026-07-07T17:09:43.174882,527,76fd84508693c0be,petfunda|petfunda fresh mint dental spray for dogs & cats| enriched with mint & clove ext,53.71,56.21,53.71,2.5,0.0,0.84,0.0,,MONITOR
PTYHYF4RGANJSM7B,Pet Guard Interactive Cat Wand and Cat Feather Toys with Bells For Indoor Cat toys Plastic Fetch Toy For Dog & Cat,,cat_toys,,,,,PTYHYF4RGANJSM7B,https://www.flipkart.com/pet-guard-interactive-cat-wand-feather-toys-bells-indoor-plastic-fetch-toy-dog/p/itm95e37a6e1937a?pid=PTYHYF4RGANJSM7B&lid=LSTPTYHYF4RGANJSM7BCZB6Z8&marketplace=FLIPKART&q=interactive+dog+toy&store=p3t&srno=s_1_16&otracker=search&fm=organic&iid=34a0c700-473e-403a-b3c5-5bb95f7b634f.PTYHYF4RGANJSM7B.SEARCH&ppt=None&ppn=None&ssid=ef5gxxp0xs0000001783424284222&qH=53ab0f799320af1a&ov_redirect=true&ov_redirect=true,https://rukminim2.flixcart.com/image/612/612/xif0q/pet-toy/d/r/8/1-na-pet-guard-original-imahyf4rz2pg7kgp.jpeg?q=70,https://rukminim2.flixcart.com/image/612/612/xif0q/pet-toy/d/r/8/1-na-pet-guard-original-imahyf4rz2pg7kgp.jpeg?q=70,,0,,,,16.0,0.0,4.2,,180.0,4.0,-6.0,56.18,stable,flipkart|gtrends,2026-07-07,2026-07-07T17:09:43.187429,528,1bba2504b559452e,|pet guard interactive cat wand and cat feather toys with bells for indoor cat to,53.06,56.18,53.06,3.12,0.0,0.84,0.0,,MONITOR
B0CVMYW12F,"KIKA Pets Personalized Dog Harness|Dog Harness For Shih Tzu With Name|Customized Dog Vest Harness,Small Size (For 5-12 Kg Dog",kika,collars_leashes,,B0CVMYW12F,https://www.amazon.in/KIKA-Personalized-Dog-Harness-Customized/dp/B0CVMYW12F/ref=zg_bs_g_4771392031_d_sccl_21/522-4724523-7365803?psc=1,"https://images-eu.ssl-images-amazon.com/images/I/71Nj+GB1zsL._AC_UL300_SR300,200_.jpg",,,,"https://images-eu.ssl-images-amazon.com/images/I/71Nj+GB1zsL._AC_UL300_SR300,200_.jpg",19.0,0,4.3,444.0,840.0,,,,,,5.0,-3.0,56.17,stable,amazon|gtrends,2026-07-07,2026-07-07T17:09:43.177082,529,337fec1cd2b97a41,kika|kika pets personalized dog harness|dog harness for shih tzu with name|customized,53.05,56.17,53.05,3.12,0.0,0.84,0.0,,MONITOR
PNPH3G9WB7YY5NGC,Berlin's Dog Cats Scissor Nail Clipper,berlins,grooming,,,,,PNPH3G9WB7YY5NGC,https://www.flipkart.com/berlin-s-dog-cats-scissor-nail-clipper/p/itme0cd7afc0b5b4?pid=PNPH3G9WB7YY5NGC&lid=LSTPNPH3G9WB7YY5NGCO4JW36&marketplace=FLIPKART&q=nail+clipper+for+dogs&store=p3t%2Fixl%2Fprc&srno=s_1_11&otracker=search&fm=organic&iid=en_U_Iv4xexa3dChr1lPPEpgz-j4mbRqegX66HOmozjZOnRkeBVatabReihg5-tBANLNnkBZz5ErPS60AxBcnY4TYl15QdzE04e1niXaAwjCcy-6qRm7_8ArFL4aqkDKJ_I&ppt=None&ppn=None&ssid=mjejao65og0000001783424305254&qH=48a2105fee396fcf&ov_redirect=true&ov_redirect=true,https://rukminim2.flixcart.com/image/612/612/xif0q/pet-nail-clipper/w/w/u/dog-nail-cutter-filer-petsilk-original-imahfa8zewdzvyhy.jpeg?q=70,https://rukminim2.flixcart.com/image/612/612/xif0q/pet-nail-clipper/w/w/u/dog-nail-cutter-filer-petsilk-original-imahfa8zewdzvyhy.jpeg?q=70,,0,,,,11.0,0.0,,,148.0,13.5,-1.5,56.08,stable,flipkart|gtrends,2026-07-07,2026-07-07T17:09:43.193021,530,3c7ba11c995a4f9a,berlins|berlin's dog cats scissor nail clipper,54.2,56.08,54.2,1.88,0.0,0.85,0.0,,MONITOR
PSOHZDNADTPXFZEW,"KickAt 5 in 1 Cat Shampoo - Safe & Mild Complete Care for All Cats Conditioning, Anti-microbial, Anti-fungal, Anti-dandruff, Allergy Relief Lavender Cat Shampoo",kickat,grooming,,,,,PSOHZDNADTPXFZEW,https://www.flipkart.com/kickat-5-1-cat-shampoo-safe-mild-complete-care-all-cats-conditioning-anti-microbial-anti-fungal-anti-dandruff-allergy-relief-lavender/p/itm92cd519b22d1e?pid=PSOHZDNADTPXFZEW&lid=LSTPSOHZDNADTPXFZEWDXE3KV&marketplace=FLIPKART&q=cat+shampoo&store=p3t%2Fixl%2Fosh&srno=s_1_11&otracker=search&fm=organic&iid=en_hCZHPrfJCXxQxDtilKnrzPCMnwfGF29_oWC7sFi61NgBI6ZkRCVo1SN3VLHd2T610pwctLozsHmF7j6PYpVUMpISohxPOMHKZiPJy6JQATetwvFb6eCDAyeoTaq99UQj&ppt=None&ppn=None&ssid=y8f1ftke9s0000001783424299769&qH=c761a0a39d797bbe&ov_redirect=true&ov_redirect=true,https://rukminim2.flixcart.com/image/612/612/xif0q/pet-shampoo/n/f/4/200-5-in-1-cat-200ml-kickat-original-imahzdmgusspbyfz.jpeg?q=70,https://rukminim2.flixcart.com/image/612/612/xif0q/pet-shampoo/n/f/4/200-5-in-1-cat-200ml-kickat-original-imahzdmgusspbyfz.jpeg?q=70,,0,,,,11.0,0.0,,,130.0,13.5,-1.5,56.08,stable,flipkart|gtrends,2026-07-07,2026-07-07T17:09:43.191589,531,b17839571eb5d477,"kickat|kickat 5 in 1 cat shampoo - safe & mild complete care for all cats conditioning,",54.2,56.08,54.2,1.88,0.0,0.85,0.0,,MONITOR
PTTHMBF5E4NFPECM,Drools Sticks Chicken Liver Dog Treat,drools,training,,,,,PTTHMBF5E4NFPECM,https://www.flipkart.com/drools-sticks-chicken-liver-dog-treat/p/itm9f6691aa838f9?pid=PTTHMBF5E4NFPECM&lid=LSTPTTHMBF5E4NFPECMQPVSBL&marketplace=FLIPKART&q=dog+training+treats&store=p3t%2Fea3%2Fnva&srno=s_1_11&otracker=search&fm=organic&iid=en_NRsyrqAtCGc4_jtLG5PLX4gyl43FAUuJtvosuCk66QU4qyICu2F7iTK9hhHyisxcr0pZmIJpgsTwcYfqNzWglHXLxfF2E0hXZ6d_Qr2S8-RMBgtxK0_g1j0VYLGmvQkl&ppt=None&ppn=None&ssid=wov3prijog0000001783424351807&qH=a29335f69d7964db&ov_redirect=true,https://rukminim2.flixcart.com/image/312/312/xif0q/pet-treat/i/n/3/-original-imahmdyqe9nz4w9u.jpeg?q=70,https://rukminim2.flixcart.com/image/312/312/xif0q/pet-treat/i/n/3/-original-imahmdyqe9nz4w9u.jpeg?q=70,,0,,,,11.0,0.0,,,169.0,0.5,-2.0,55.98,stable,flipkart|gtrends,2026-07-07,2026-07-07T17:09:43.203978,532,36fd855dc0f46689,drools|drools sticks chicken liver dog treat,54.1,55.98,54.1,1.88,0.0,0.85,0.0,,MONITOR
PTYG7DG4WFNDKDBX,Emily Pets Clicker for Dogs (Pack of 4) Plastic Training Aid For Dog & Cat,emily,training,,,,,PTYG7DG4WFNDKDBX,https://www.flipkart.com/emily-pets-clicker-dogs-pack-4-plastic-training-aid-dog-cat/p/itmbe8c3bed890b9?pid=PTYG7DG4WFNDKDBX&lid=LSTPTYG7DG4WFNDKDBXWT3ALH&marketplace=FLIPKART&q=clicker+dog+training&store=p3t%2Fea3%2Fg4c&srno=s_1_11&otracker=search&fm=organic&iid=fbb02aa1-aabd-4b0d-9e72-e506e20115f2.PTYG7DG4WFNDKDBX.SEARCH&ppt=None&ppn=None&ssid=k2z16a13j40000001783424354631&qH=b0c60dc4bffa7e54&ov_redirect=true&ov_redirect=true,https://rukminim2.flixcart.com/image/612/612/l4ln8nk0/pet-toy/x/h/e/1-dog-clickers-with-black-wrist-bands-2-4x1-8-inches-colorful-original-imagfgg7xvpxfnvy.jpeg?q=70,https://rukminim2.flixcart.com/image/612/612/l4ln8nk0/pet-toy/x/h/e/1-dog-clickers-with-black-wrist-bands-2-4x1-8-inches-colorful-original-imagfgg7xvpxfnvy.jpeg?q=70,,0,,,,11.0,0.0,,,748.0,0.5,-2.0,55.98,stable,flipkart|gtrends,2026-07-07,2026-07-07T17:09:43.204497,533,2866b1de4cb570e3,emily|emily pets clicker for dogs (pack of 4) plastic training aid for dog & cat,54.1,55.98,54.1,1.88,0.0,0.85,0.0,,MONITOR
POUHJSPC2YMWN33H,Furry Life Cat Water Fountain Super Silent Pet Water Fountain - Deep Turquoise,furry,beds_accessories,,,,,POUHJSPC2YMWN33H,https://www.flipkart.com/furry-life-cat-water-fountain-super-silent-pet-deep-turquoise/p/itme078ac78dc3e1?pid=POUHJSPC2YMWN33H&lid=LSTPOUHJSPC2YMWN33HD9BREE&marketplace=FLIPKART&q=pet+water+fountain+for+dogs&store=p3t&srno=s_1_11&otracker=search&fm=organic&iid=en_MBD2zyoevwF6C_QuQd6KXoQ73oKxefXMxjng9MnTxOlz-KYaX_XuT1w2e04MaX4UgVugvbk8Jm78fyuNQXu6wsLjCmgjoLZyAG2zICApyb4aJOSrWH2jAcRUDs33CI01&ppt=None&ppn=None&ssid=g1f863abgw0000001783424317830&qH=b2476794fa449bb7&ov_redirect=true&ov_redirect=true,https://rukminim2.flixcart.com/image/612/612/xif0q/pet-fountain/o/s/s/5-cat-water-fountain-super-silent-pet-water-fountain-deep-original-imahjspcw2kcsynz.jpeg?q=70,https://rukminim2.flixcart.com/image/612/612/xif0q/pet-fountain/o/s/s/5-cat-water-fountain-super-silent-pet-water-fountain-deep-original-imahjspcw2kcsynz.jpeg?q=70,,0,,,,11.0,0.0,,,1584.0,20.5,-2.0,55.98,stable,flipkart|gtrends,2026-07-07,2026-07-07T17:09:43.195169,534,93d0398f474c505b,furry|furry life cat water fountain super silent pet water fountain - deep turquoise,54.1,55.98,54.1,1.88,0.0,0.85,0.0,,MONITOR
PCLHZTWCG2XDBVJM,wagmart Wagmart Reflective Nylon Dog Collar Adjustable Black with Quick Release Buckle Dog Everyday Collar,wagmart,training,,,,,PCLHZTWCG2XDBVJM,https://www.flipkart.com/wagmart-reflective-nylon-dog-collar-adjustable-black-quick-release-buckle-everyday/p/itm7ebce23a929ca?pid=PCLHZTWCG2XDBVJM&lid=LSTPCLHZTWCG2XDBVJM7VXDIK&marketplace=FLIPKART&q=anti+bark+collar&store=search.flipkart.com&srno=s_1_11&otracker=search&fm=organic&iid=en_9pYVfEVMOHvKr1gPSl8VOCEejdh4sqL7CdSEfvV4_xHXZm3buv3Tc2cSl1wd-qy79epbHEfjSE3Y8uC0tQwOxjLFJR9rR7-WXOkuL3A8YTTC0sK_kE4VrfF-uCqTyhdi&ppt=None&ppn=None&ssid=p8wimx3quo0000001783424357818&qH=f1fde8a6826f7c4a&ov_redirect=true&ov_redirect=true,https://rukminim2.flixcart.com/image/612/612/xif0q/pet-collar-harness/2/w/w/medium-titan-reflective-dog-collar-black-wagmart-original-imahztwcukdstpye.jpeg?q=70,https://rukminim2.flixcart.com/image/612/612/xif0q/pet-collar-harness/2/w/w/medium-titan-reflective-dog-collar-black-wagmart-original-imahztwcukdstpye.jpeg?q=70,,0,,,,11.0,0.0,,,225.0,0.5,-2.0,55.98,stable,flipkart|gtrends,2026-07-07,2026-07-07T17:09:43.205398,535,eefd4ef02f951be6,wagmart|wagmart wagmart reflective nylon dog collar adjustable black with quick release ,54.1,55.98,54.1,1.88,0.0,0.85,0.0,,MONITOR
PLNGMR3UMYJZG8MB,WAGGY TAILS Soft Nylon Dog Training Lead 0.7 Inch 10 Ft Long Leash for Dogs 304 cm Dog Strap Leash,waggy,collars_leashes,,,,,PLNGMR3UMYJZG8MB,https://www.flipkart.com/waggy-tails-soft-nylon-dog-training-lead-0-7-inch-10-ft-long-leash-dogs-304-cm-strap/p/itm4526e70894038?pid=PLNGMR3UMYJZG8MB&lid=LSTPLNGMR3UMYJZG8MBVULROG&marketplace=FLIPKART&q=retractable+dog+leash&store=p3t%2Fea3%2Fpmw&srno=s_1_16&otracker=search&fm=organic&iid=6b92b321-55fd-4d89-aeb1-c48b5b66fd8f.PLNGMR3UMYJZG8MB.SEARCH&ppt=None&ppn=None&ssid=4smcf9y8000000001783424346329&qH=bbc46b35e332125e&ov_redirect=true&ov_redirect=true,https://rukminim2.flixcart.com/image/612/612/xif0q/pet-leash-chain/y/j/j/nylon-dog-leash-with-extra-strong-brass-snap-hook-for-dogs-large-original-imah4zhu3gxdvyuv.jpeg?q=70,https://rukminim2.flixcart.com/image/612/612/xif0q/pet-leash-chain/y/j/j/nylon-dog-leash-with-extra-strong-brass-snap-hook-for-dogs-large-original-imah4zhu3gxdvyuv.jpeg?q=70,,0,,,,16.0,0.0,4.1,,170.0,5.0,-3.0,55.88,stable,flipkart|gtrends,2026-07-07,2026-07-07T17:09:43.202463,536,93265212bddf2df5,waggy|waggy tails soft nylon dog training lead 0.7 inch 10 ft long leash for dogs 304 ,53.38,55.88,53.38,2.5,0.0,0.84,0.0,,MONITOR
PCLHHFFDBAKHH4FU,WoofyPlanet Pet Nylon Adjustable Reflective Padded Radium Neck Collars – Pack of 2 Dog Everyday Collar,woofyplanet,collars_leashes,,,,,PCLHHFFDBAKHH4FU,https://www.flipkart.com/woofyplanet-pet-nylon-adjustable-reflective-padded-radium-neck-collars-pack-2-dog-everyday-collar/p/itm518caafcd59ee?pid=PCLHHFFDBAKHH4FU&lid=LSTPCLHHFFDBAKHH4FUAUMSYJ&marketplace=FLIPKART&q=dog+collar&store=p3t%2Fea3%2Fb1n&srno=s_1_16&otracker=search&fm=organic&iid=32c09fc5-3848-44a5-bce7-d16caa2396f9.PCLHHFFDBAKHH4FU.SEARCH&ppt=None&ppn=None&ssid=7qp8bruvq80000001783424335453&qH=7e1db77825e65614&ov_redirect=true&ov_redirect=true,https://rukminim2.flixcart.com/image/612/612/xif0q/pet-collar-harness/m/s/a/medium-wp-r-dog-collar-woofyplanet-original-imahnkefm2ggkw8z.jpeg?q=70,https://rukminim2.flixcart.com/image/612/612/xif0q/pet-collar-harness/m/s/a/medium-wp-r-dog-collar-woofyplanet-original-imahnkefm2ggkw8z.jpeg?q=70,,0,,,,16.0,0.0,4.1,,143.0,5.0,-3.0,55.88,stable,flipkart|gtrends,2026-07-07,2026-07-07T17:09:43.199596,537,7630ba21db156878,woofyplanet|woofyplanet pet nylon adjustable reflective padded radium neck collars – pack of,53.38,55.88,53.38,2.5,0.0,0.84,0.0,,MONITOR
PFDEQYHB9HF3RKHB,Chip Chops Chicken Sausages Chicken 0.21 kg (3x0.07 kg) Dry Young Dog Food,chip,dog_food,,,,,PFDEQYHB9HF3RKHB,https://www.flipkart.com/chip-chops-chicken-sausages-0-21-kg-3x0-07-kg-dry-young-dog-food/p/itm08add42f5c91c?pid=PFDEQYHB9HF3RKHB&lid=LSTPFDEQYHB9HF3RKHBUFTESK&marketplace=FLIPKART&q=dog+food&store=p3t%2Fea3%2F8zj&srno=s_1_20&otracker=search&fm=organic&iid=65ea97b5-f6ce-4efe-833e-65bb77220492.PFDEQYHB9HF3RKHB.SEARCH&ppt=None&ppn=None&ssid=lgrgkfgnxc0000001783424247932&qH=c53c2ce8b3bccaa1&ov_redirect=true,https://rukminim2.flixcart.com/image/312/312/jc5458w0/pet-food/k/h/b/70-dog-cc1203-chip-chops-original-imaeu9vy7meajwvf.jpeg?q=70,https://rukminim2.flixcart.com/image/312/312/jc5458w0/pet-food/k/h/b/70-dog-cc1203-chip-chops-original-imaeu9vy7meajwvf.jpeg?q=70,,0,,,,20.0,0.0,4.5,523.0,526.0,18.0,-3.2,55.87,stable,flipkart|gtrends,2026-07-07,2026-07-07T17:09:43.180163,538,bbb2a99a36aa0c72,chip|chip chops chicken sausages chicken 0.21 kg (3x0.07 kg) dry young dog food,52.75,55.87,52.75,3.12,0.0,0.84,0.0,,MONITOR
PFDGYYW9F9RYKP8Q,Drools Real Chicken 3 kg Dry Adult Cat Food,drools,cat_food,,,,,PFDGYYW9F9RYKP8Q,https://www.flipkart.com/drools-real-chicken-3-kg-dry-adult-cat-food/p/itm1039f1e4ad4f2?pid=PFDGYYW9F9RYKP8Q&lid=LSTPFDGYYW9F9RYKP8QMWMWB9&marketplace=FLIPKART&q=cat+food&store=p3t%2F0mo%2Foiv&srno=s_1_18&otracker=search&fm=organic&iid=en_Vge6mZDrTjkrX7UGOtYXtzZ4dz_KwUIPXcAXP_UJCKRkFcflnOa16Dyi3TPG-QnR8k2nzM86t8ZAPWYQ8KC60xQzIPiIZnLgSKStPX9t7qTGD1B6it65MfAi5PYCl_r1&ppt=None&ppn=None&ssid=072jdsvxlc0000001783424263463&qH=1f38ae66827779c2&ov_redirect=true&ov_redirect=true,https://rukminim2.flixcart.com/image/612/612/xif0q/pet-food/o/0/r/3-cat-1-9950967-drools-original-imagy2nuuvam5ffz.jpeg?q=70,https://rukminim2.flixcart.com/image/612/612/xif0q/pet-food/o/0/r/3-cat-1-9950967-drools-original-imagy2nuuvam5ffz.jpeg?q=70,,0,,,,18.0,0.0,4.4,,808.0,21.67,-0.67,55.81,stable,flipkart|gtrends,2026-07-07,2026-07-07T17:09:43.182463,539,b47e876693c0d753,drools|drools real chicken 3 kg dry adult cat food,52.69,55.81,52.69,3.12,0.0,0.84,0.0,,MONITOR
PCLGRT6F6MMJ75TC,Buraq Cat Collar Set of 4 | Nylon | Bell | Adjustable | Breakaway Safe| All Cat Breeds Cat Break Away Collar,buraq,collars_leashes,,,,,PCLGRT6F6MMJ75TC,https://www.flipkart.com/buraq-cat-collar-set-4-nylon-bell-adjustable-breakaway-safe-all-breeds-break-away/p/itm9d0fe689c04fc?pid=PCLGRT6F6MMJ75TC&lid=LSTPCLGRT6F6MMJ75TCGUWLCD&marketplace=FLIPKART&q=cat+collar&store=p3t&srno=s_1_17&otracker=search&fm=organic&iid=en_uijc9Bi5n3Dl9T-2slMJU4lI_nrzDjpQIgub2MXjcKgtHRSBR9Lt8BYgsZcFxOPlimUu_Q2fUbX1zVnJoqaudaenHugaCy8ltNwSgg7luo5AqUGekuY6S8n4rPMkyDKa&ppt=None&ppn=None&ssid=dl7gz1mpu80000001783424338174&qH=831161a82e2648a4&ov_redirect=true&ov_redirect=true,https://rukminim2.flixcart.com/image/612/612/xif0q/pet-collar-harness/k/l/b/medium-4-plain-collar-buraq-original-imahhj4w7fhgdk44.jpeg?q=70,https://rukminim2.flixcart.com/image/612/612/xif0q/pet-collar-harness/k/l/b/medium-4-plain-collar-buraq-original-imahhj4w7fhgdk44.jpeg?q=70,,0,,,,17.0,0.0,4.2,,146.0,5.0,-3.0,55.78,stable,flipkart|gtrends,2026-07-07,2026-07-07T17:09:43.200502,540,5c11e2aa95d2abd9,buraq|buraq cat collar set of 4 | nylon | bell | adjustable | breakaway safe| all cat ,52.66,55.78,52.66,3.12,0.0,0.84,0.0,,MONITOR
PCLEPXCUGZ69UB6J,DOODA Flea & Tick Collar 60cm | Unique Formula for Quick & Long-Lasting Protection | Dog Anti-tick Collar,dooda,training,,,,,PCLEPXCUGZ69UB6J,https://www.flipkart.com/dooda-flea-tick-collar-60cm-unique-formula-quick-long-lasting-protection-dog-anti-tick/p/itmepxcug3a6pkkm?pid=PCLEPXCUGZ69UB6J&lid=LSTPCLEPXCUGZ69UB6JKVURMW&marketplace=FLIPKART&q=anti+bark+collar&store=search.flipkart.com&srno=s_1_4&otracker=search&fm=organic&iid=a5e41e6c-f712-4fa1-877c-d3c823b8ca75.PCLEPXCUGZ69UB6J.SEARCH&ppt=None&ppn=None&ssid=p8wimx3quo0000001783424357818&qH=f1fde8a6826f7c4a&ov_redirect=true&ov_redirect=true,https://rukminim2.flixcart.com/image/612/612/pet-collar-harness/b/6/j/519016-dooda-original-imaepuxfpdjdthtb.jpeg?q=70,https://rukminim2.flixcart.com/image/612/612/pet-collar-harness/b/6/j/519016-dooda-original-imaepuxfpdjdthtb.jpeg?q=70,,0,,,,4.0,0.0,3.5,,327.0,0.5,-2.0,55.78,stable,flipkart|gtrends,2026-07-07,2026-07-07T17:09:43.205057,541,ee150bb63dbc7930,dooda|dooda flea & tick collar 60cm | unique formula for quick & long-lasting protecti,63.9,55.78,63.9,1.88,0.0,0.99,0.1,LOW_RATING_PENALTY,REVIEW_MANUALLY
PCLHZSTCHH4ZFMHM,Pethub cat harness Cat Buckle Harness,pethub,collars_leashes,,,,,PCLHZSTCHH4ZFMHM,https://www.flipkart.com/pethub-cat-harness-buckle/p/itme7415b0d61c29?pid=PCLHZSTCHH4ZFMHM&lid=LSTPCLHZSTCHH4ZFMHM63MOL1&marketplace=FLIPKART&q=cat+collar&store=p3t&srno=s_1_11&otracker=search&fm=organic&iid=en_uijc9Bi5n3Dl9T-2slMJU4lI_nrzDjpQIgub2MXjcKjnB91kOAB4ewXlNCX3PwGomWW22ko6ZEQmwkkEMBGhZm4czRJgDdUTaFYkEo34wu6asryb_0xGZ9CurSNqmvxT&ppt=None&ppn=None&ssid=dl7gz1mpu80000001783424338174&qH=831161a82e2648a4&ov_redirect=true&ov_redirect=true,https://rukminim2.flixcart.com/image/612/612/xif0q/pet-collar-harness/x/u/2/extra-small-cat-harness-pethub-original-imahzstbch5jjfze.jpeg?q=70,https://rukminim2.flixcart.com/image/612/612/xif0q/pet-collar-harness/x/u/2/extra-small-cat-harness-pethub-original-imahzstbch5jjfze.jpeg?q=70,,0,,,,11.0,0.0,,,148.0,5.0,-3.0,55.78,stable,flipkart|gtrends,2026-07-07,2026-07-07T17:09:43.200194,542,1c4f9270063e1926,pethub|pethub cat harness cat buckle harness,53.9,55.78,53.9,1.88,0.0,0.84,0.0,,MONITOR
B0GWFDSDB8,"CottonCat Cat Harness with Leash – Escape Proof, Adjustable Soft Mesh Vest for Cats, Breathable Lightweight Kitten Harness wi",cottoncat,collars_leashes,,B0GWFDSDB8,https://www.amazon.in/CottonCat-Cat-Harness-Leash-Lightweight/dp/B0GWFDSDB8/ref=zg_bs_g_4771379031_d_sccl_22/522-4724523-7365803?psc=1,"https://images-eu.ssl-images-amazon.com/images/I/81c9XZjpblL._AC_UL300_SR300,200_.jpg",,,,"https://images-eu.ssl-images-amazon.com/images/I/81c9XZjpblL._AC_UL300_SR300,200_.jpg",18.0,0,4.5,2.0,349.0,,,,,,5.0,-3.0,55.76,stable,amazon|gtrends,2026-07-07,2026-07-07T17:09:43.178911,543,201a85d002fb61f5,"cottoncat|cottoncat cat harness with leash – escape proof, adjustable soft mesh vest for c",52.64,55.76,52.64,3.12,0.0,0.84,0.0,,MONITOR
PFDFJMWGFFGBYGWK,skyec Pup Start Weaning Diet Above 15 Days for All Breeds Puppy Food Vanilla 0.055 kg Dry New Born Dog...,skyec,dog_food,,,,,PFDFJMWGFFGBYGWK,https://www.flipkart.com/skyec-pup-start-weaning-diet-above-15-days-all-breeds-puppy-food-vanilla-0-055-kg-dry-new-born-dog/p/itma2a896cd4c8b9?pid=PFDFJMWGFFGBYGWK&lid=LSTPFDFJMWGFFGBYGWKREWJGN&marketplace=FLIPKART&q=puppy+food&store=p3t%2Fea3%2F8zj&srno=s_1_20&otracker=search&fm=organic&iid=bd00ce40-63e5-4628-8bfb-22760bef423a.PFDFJMWGFFGBYGWK.SEARCH&ppt=None&ppn=None&ssid=jgnht7d6n40000001783424250669&qH=1b10931195d885ee&ov_redirect=true,https://rukminim2.flixcart.com/image/312/312/jzog9e80/pet-food/g/w/k/300-dog-55-skyec-original-imafjhbgeky98ykf.jpeg?q=70,https://rukminim2.flixcart.com/image/312/312/jzog9e80/pet-food/g/w/k/300-dog-55-skyec-original-imafjhbgeky98ykf.jpeg?q=70,,0,,,,20.0,0.0,4.3,749.0,319.0,18.0,-3.2,55.76,stable,flipkart|gtrends,2026-07-07,2026-07-07T17:09:43.180850,544,fe631cec12f0bf6e,skyec|skyec pup start weaning diet above 15 days for all breeds puppy food vanilla 0.0,52.64,55.76,52.64,3.12,0.0,0.84,0.0,,MONITOR
B0GXB2XY9D,"Venky's VentriPro Kitten Feed Supplement, Enriched with Omega 3 & 6 Fatty Acids, 200 g",venkys,health_wellness,,B0GXB2XY9D,https://www.amazon.in/Venkys-VentriPro-Kitten-Supplement-Enriched/dp/B0GXB2XY9D/ref=zg_bs_g_4771384031_d_sccl_5/522-4724523-7365803?psc=1,"https://images-eu.ssl-images-amazon.com/images/I/31TKlmhbrGL._AC_UL300_SR300,200_.jpg",,,,"https://images-eu.ssl-images-amazon.com/images/I/31TKlmhbrGL._AC_UL300_SR300,200_.jpg",5.0,0,3.6,7.0,349.0,,,,,,0.5,0.0,55.72,stable,amazon|gtrends,2026-07-07,2026-07-07T17:09:43.174163,545,4ffd3147b5888403,"venkys|venky's ventripro kitten feed supplement, enriched with omega 3 & 6 fatty acids,",63.84,55.72,63.84,1.88,0.0,0.99,0.1,LOW_RATING_PENALTY,REVIEW_MANUALLY
PFDGXCDKWFSK7GQ3,Aviean International Dog 1.4 Kg Puppy Biscuits (0.7) Kg 2 Pack With 700Gm Free Pack Of 2 Chicken 2 kg ...,aviean,dog_food,,,,,PFDGXCDKWFSK7GQ3,https://www.flipkart.com/aviean-international-dog-1-4-kg-puppy-biscuits-0-7-2-pack-700gm-free-chicken-2x1-kg-dry-senior-adult-young-new-born-food/p/itmb58b77a8974c3?pid=PFDGXCDKWFSK7GQ3&lid=LSTPFDGXCDKWFSK7GQ3NEJI1J&marketplace=FLIPKART&q=puppy+food&store=p3t%2Fea3%2F8zj&srno=s_1_18&otracker=search&fm=organic&iid=en_42EwgwMC1g4fxHycuIDf_dSEkgHLTM7uFA9YirQyWazlzB8hHLhzKDIgREAzlsRJwRd5t5BduEXU-7e7JjgPsMGBuinmYc42u0Yt78MM4C5DlD1KbEBq99Er5wwsxgAh&ppt=None&ppn=None&ssid=jgnht7d6n40000001783424250669&qH=1b10931195d885ee&ov_redirect=true,https://rukminim2.flixcart.com/image/312/312/xif0q/pet-food/z/6/b/1-4-dog-2-mark-23-aviean-international-original-imahkdyajtreyfuh.jpeg?q=70,https://rukminim2.flixcart.com/image/312/312/xif0q/pet-food/z/6/b/1-4-dog-2-mark-23-aviean-international-original-imahkdyajtreyfuh.jpeg?q=70,,0,,,,18.0,0.0,3.9,569.0,147.0,18.0,-3.2,55.67,stable,flipkart|gtrends,2026-07-07,2026-07-07T17:09:43.180737,546,edd0232064044ac5,aviean|aviean international dog 1.4 kg puppy biscuits (0.7) kg 2 pack with 700gm free p,53.17,55.67,53.17,2.5,0.0,0.84,0.0,,MONITOR
B0D6F56W1G,"CWAWZ Dog Beds for Large Dogs, Orthopedic Dog Bed with Cooling Gel Memory Foam, Waterproof Large Dog Bed with Removable Washa",cwawz,beds_accessories,,B0D6F56W1G,https://www.amazon.in/CWAWZ-Orthopedic-Waterproof-Removable-Washable/dp/B0D6F56W1G/ref=zg_bs_g_4771390031_d_sccl_26/522-4724523-7365803?psc=1,"https://images-eu.ssl-images-amazon.com/images/I/71hSmLEHQvL._AC_UL300_SR300,200_.jpg",,,,"https://images-eu.ssl-images-amazon.com/images/I/71hSmLEHQvL._AC_UL300_SR300,200_.jpg",24.0,0,4.5,3402.0,2299.0,,,,,,20.5,-2.0,55.65,stable,amazon|gtrends,2026-07-07,2026-07-07T17:09:43.170576,547,05cd8e90d2386c04,"cwawz|cwawz dog beds for large dogs, orthopedic dog bed with cooling gel memory foam, ",52.53,55.65,52.53,3.12,0.0,0.84,0.0,,MONITOR
PSOHMZFUGMGUGY8S,Dr Pet Medicated Anti Tick Flea Dog Shampoo 100ml Liquid Pet Care Deep Clean Skin Care Flea and Tick Herbal Natural Dog Shampoo,dr,health_wellness,,,,,PSOHMZFUGMGUGY8S,https://www.flipkart.com/pet-medicated-anti-tick-flea-dog-shampoo-100ml-liquid-care-deep-clean-skin-herbal-natural/p/itm6c28b8a4fc82a?pid=PSOHMZFUGMGUGY8S&lid=LSTPSOHMZFUGMGUGY8SGIB4YQ&marketplace=FLIPKART&q=flea+tick+medicine+for+dogs&store=p3t%2Fixl%2Fosh&srno=s_1_20&otracker=search&fm=organic&iid=f1b3cde1-284f-43d5-95b4-4636db5c0b05.PSOHMZFUGMGUGY8S.SEARCH&ppt=None&ppn=None&ssid=7ynyuyy6cw0000001783424326799&qH=2ddc765890887549&ov_redirect=true&ov_redirect=true,https://rukminim2.flixcart.com/image/612/612/xif0q/pet-shampoo/k/e/m/100-dog-liquid-smpo-100ml-flipcap-dr-pet-original-imahmzfuhuyrxwrz.jpeg?q=70,https://rukminim2.flixcart.com/image/612/612/xif0q/pet-shampoo/k/e/m/100-dog-liquid-smpo-100ml-flipcap-dr-pet-original-imahmzfuhuyrxwrz.jpeg?q=70,,0,,,,20.0,0.0,5.0,,182.0,0.5,0.0,55.62,stable,flipkart|gtrends,2026-07-07,2026-07-07T17:09:43.197788,548,1e608df9c19eb6f6,dr|dr pet medicated anti tick flea dog shampoo 100ml liquid pet care deep clean ski,52.5,55.62,52.5,3.12,0.0,0.84,0.0,,MONITOR
B0FMYP96F5,"Emily Pets Pet Nail Clippers for Dogs & Cats – Razor-Sharp Blades, Anti-Slip Grip, Burr-Free Claw Trimmer – Safe & Easy Groom",emily,grooming,,B0FMYP96F5,https://www.amazon.in/Emily-Pets-Nail-Clippers-Dogs/dp/B0FMYP96F5/ref=zg_bs_g_4771383031_d_sccl_24/522-4724523-7365803?psc=1,"https://images-eu.ssl-images-amazon.com/images/I/61DAI2i30yL._AC_UL300_SR300,200_.jpg",,,,"https://images-eu.ssl-images-amazon.com/images/I/61DAI2i30yL._AC_UL300_SR300,200_.jpg",20.0,0,5.0,5.0,129.0,,,,,,13.5,-1.5,55.54,stable,amazon|gtrends,2026-07-07,2026-07-07T17:09:43.168640,549,31fc3a2314272064,"emily|emily pets pet nail clippers for dogs & cats – razor-sharp blades, anti-slip gri",52.42,55.54,52.42,3.12,0.0,0.84,0.0,,MONITOR
PTTGDKPHGWRAYBZD,DOGGIE Biscuits In Chicken Flavour 1 Pack 450G Chicken Dog Treat,doggie,training,,,,,PTTGDKPHGWRAYBZD,https://www.flipkart.com/doggie-biscuits-chicken-flavour-1-pack-450g-dog-treat/p/itm94878e869d322?pid=PTTGDKPHGWRAYBZD&lid=LSTPTTGDKPHGWRAYBZDC8N9SC&marketplace=FLIPKART&q=dog+training+treats&store=p3t%2Fea3%2Fnva&srno=s_1_19&otracker=search&fm=organic&iid=25f5e471-619f-4ddd-b027-4bce8ed3004f.PTTGDKPHGWRAYBZD.SEARCH&ppt=None&ppn=None&ssid=wov3prijog0000001783424351807&qH=a29335f69d7964db&ov_redirect=true,https://rukminim2.flixcart.com/image/312/312/xif0q/pet-treat/x/z/j/0-45-dog-1-dog-biscuits-in-chicken-flavour-doggie-original-imahm32zv7yasyyz.jpeg?q=70,https://rukminim2.flixcart.com/image/312/312/xif0q/pet-treat/x/z/j/0-45-dog-1-dog-biscuits-in-chicken-flavour-doggie-original-imahm32zv7yasyyz.jpeg?q=70,,0,,,,19.0,0.0,4.0,675.0,109.0,0.5,-2.0,55.4,stable,flipkart|gtrends,2026-07-07,2026-07-07T17:09:43.204186,550,b220e782dbf52290,doggie|doggie biscuits in chicken flavour 1 pack 450g chicken dog treat,52.9,55.4,52.9,2.5,0.0,0.84,0.0,,MONITOR
PTYHZY2BZVDCGHYB,"Pethub Star rubber dog toy Rubber Chew Toy, Rubber Toy For Dog & Cat",pethub,dog_toys,,,,,PTYHZY2BZVDCGHYB,https://www.flipkart.com/pethub-star-rubber-dog-toy-chew-toy-cat/p/itm31f1042609cf6?pid=PTYHZY2BZVDCGHYB&lid=LSTPTYHZY2BZVDCGHYBR4PLVU&marketplace=FLIPKART&q=chew+toy+for+dogs&store=p3t%2Fea3%2Fg4c&srno=s_1_12&otracker=search&fm=organic&iid=en_E5RUJs_g0T94-KiqHUivcw4JJj8KZE69-F90ql2oVj-FUeiOmuCgUQCFM5YvgZadUlVsEQlvNbat8PV5PDAG8XGqe-5byBfJ-wCTrCfKP_13-XqkmLqggt_WSKSoXKEh&ppt=None&ppn=None&ssid=epaqy8p1400000001783424279013&qH=c3109da2ecfccdb5&ov_redirect=true&ov_redirect=true,https://rukminim2.flixcart.com/image/612/612/xif0q/pet-toy/5/1/m/1-star-shape-squeaky-toy-pet-hub-original-imahzyymxnxu9php.jpeg?q=70,https://rukminim2.flixcart.com/image/612/612/xif0q/pet-toy/5/1/m/1-star-shape-squeaky-toy-pet-hub-original-imahzyymxnxu9php.jpeg?q=70,,0,,,,12.0,0.0,,,73.0,3.0,0.0,55.38,stable,flipkart|gtrends,2026-07-07,2026-07-07T17:09:43.185427,551,a1c011ed78c3a91e,"pethub|pethub star rubber dog toy rubber chew toy, rubber toy for dog & cat",53.5,55.38,53.5,1.88,0.0,0.84,0.0,,MONITOR
PSOGZWGGMH7GFH58,"ROMSAY Deep Nourishing Aloevera 200ML + Tick & Flea Neem Shampoo 200ML + Pet Brush Allergy Relief, Anti-dandruff, Anti-fungal, Anti-itching, Flea and Tick, Hypoallergenic Neem, Alovera Dog Shampoo",romsay,health_wellness,,,,,PSOGZWGGMH7GFH58,https://www.flipkart.com/romsay-deep-nourishing-aloevera-200ml-tick-flea-neem-shampoo-pet-brush-allergy-relief-anti-dandruff-anti-fungal-anti-itching-tick-hypoallergenic-neem-alovera-dog/p/itm4f8292fd01b50?pid=PSOGZWGGMH7GFH58&lid=LSTPSOGZWGGMH7GFH58OL8NBP&marketplace=FLIPKART&q=flea+tick+medicine+for+dogs&store=p3t%2Fixl%2Fosh&srno=s_1_18&otracker=search&fm=organic&iid=f1b3cde1-284f-43d5-95b4-4636db5c0b05.PSOGZWGGMH7GFH58.SEARCH&ppt=None&ppn=None&ssid=7ynyuyy6cw0000001783424326799&qH=2ddc765890887549&ov_redirect=true&ov_redirect=true,https://rukminim2.flixcart.com/image/612/612/xif0q/pet-shampoo/9/c/o/400-hh11458-romsay-original-imahyuy9g2ghsrqk.jpeg?q=70,https://rukminim2.flixcart.com/image/612/612/xif0q/pet-shampoo/9/c/o/400-hh11458-romsay-original-imahyuy9g2ghsrqk.jpeg?q=70,,0,,,,18.0,0.0,4.2,,162.0,0.5,0.0,55.38,stable,flipkart|gtrends,2026-07-07,2026-07-07T17:09:43.197667,552,94d42a2b39a5558f,romsay|romsay deep nourishing aloevera 200ml + tick & flea neem shampoo 200ml + pet bru,52.26,55.38,52.26,3.12,0.0,0.84,0.0,,MONITOR
B0GXPQD2KC,"Chompz Taurine Supplement for Cats | 50g Powder | Supports Heart, Vision & Immunity | Unflavoured & Pure | Mixes into Any Mea",chompz,health_wellness,,B0GXPQD2KC,https://www.amazon.in/Chompz-Supplement-Supports-Immunity-Unflavoured/dp/B0GXPQD2KC/ref=zg_bs_g_4771384031_d_sccl_20/522-4724523-7365803?psc=1,"https://images-eu.ssl-images-amazon.com/images/I/613ynsuFjlL._AC_UL300_SR300,200_.jpg",,,,"https://images-eu.ssl-images-amazon.com/images/I/613ynsuFjlL._AC_UL300_SR300,200_.jpg",19.0,0,4.5,2.0,499.0,,,,,,0.5,0.0,55.36,stable,amazon|gtrends,2026-07-07,2026-07-07T17:09:43.175067,553,8e541b52dedf7915,"chompz|chompz taurine supplement for cats | 50g powder | supports heart, vision & immun",52.24,55.36,52.24,3.12,0.0,0.84,0.0,,MONITOR
MTYFCYNHY6PFVTQE,Kashti New toy Battery Operated Jumping and Barking Dog (Puppy)(color may be vary),kashti,dog_toys,,,,,MTYFCYNHY6PFVTQE,https://www.flipkart.com/kashti-new-toy-battery-operated-jumping-barking-dog-puppy-color-may-vary/p/itmfcyvt5gzp69wq?pid=MTYFCYNHY6PFVTQE&lid=LSTMTYFCYNHY6PFVTQEJND08L&marketplace=FLIPKART&q=kong+dog+toy&store=search.flipkart.com&srno=s_1_4&otracker=search&fm=organic&iid=474ceca2-7edf-42ed-b744-bb801b6b5e42.MTYFCYNHY6PFVTQE.SEARCH&ppt=None&ppn=None&ssid=dj4tyd2ftc0000001783424281567&qH=f85aed73ab1bacb4&ov_redirect=true&ov_redirect=true,https://rukminim2.flixcart.com/image/612/612/jpvihzk0/musical-toy/t/q/e/new-toy-battery-operated-jumping-and-barking-dog-puppy-color-may-original-imafbpkkrhajg29p.jpeg?q=70,https://rukminim2.flixcart.com/image/612/612/jpvihzk0/musical-toy/t/q/e/new-toy-battery-operated-jumping-and-barking-dog-puppy-color-may-original-imafbpkkrhajg29p.jpeg?q=70,,0,,,,4.0,0.0,3.2,,577.0,3.0,0.0,55.34,stable,flipkart|gtrends,2026-07-07,2026-07-07T17:09:43.185782,554,38c086fd3b1febd6,kashti|kashti new toy battery operated jumping and barking dog (puppy)(color may be var,63.46,55.34,63.46,1.88,0.0,0.99,0.1,LOW_RATING_PENALTY,REVIEW_MANUALLY
PDEGY7MZ4WTTTRVQ,Multani Di Hatti Dog Training Pads/Size: XL/60 x 90 cm/30 Count/Training Pee and Potty Pads with Quick Drying Surface and Absorbent Core/Suitable for Small/Large Breed Puppies Dog Diapers Disposable Dog Diapers,multani,training,,,,,PDEGY7MZ4WTTTRVQ,https://www.flipkart.com/multani-di-hatti-dog-training-pads-size-xl-60-x-90-cm-30-count-training-pee-potty-pads-quick-drying-surface-absorbent-core-suitable-small-large-breed-puppies-diapers-disposable/p/itmd3839ceefa8ce?pid=PDEGY7MZ4WTTTRVQ&lid=LSTPDEGY7MZ4WTTTRVQMVKTRP&marketplace=FLIPKART&q=puppy+training+pads&store=p3t%2Fixl%2Fhmu&srno=s_1_5&otracker=search&fm=organic&iid=d60d8e75-061f-48aa-83e7-35ac61d14ce8.PDEGY7MZ4WTTTRVQ.SEARCH&ppt=None&ppn=None&ssid=vikbikuy8w0000001783424349196&qH=a418c91bf2bdb70b&ov_redirect=true&ov_redirect=true,https://rukminim2.flixcart.com/image/612/612/kkr72q80/pet-diaper/w/5/d/360-training-pads-super-absorbent-water-proof-non-slippery-original-imagyyhjezqguy63.jpeg?q=70,https://rukminim2.flixcart.com/image/612/612/kkr72q80/pet-diaper/w/5/d/360-training-pads-super-absorbent-water-proof-non-slippery-original-imagyyhjezqguy63.jpeg?q=70,,0,,,,5.0,0.0,3.7,,512.0,0.5,-2.0,55.34,stable,flipkart|gtrends,2026-07-07,2026-07-07T17:09:43.203044,555,c2800c124df7aa45,multani|multani di hatti dog training pads/size: xl/60 x 90 cm/30 count/training pee and,63.46,55.34,63.46,1.88,0.0,0.99,0.1,LOW_RATING_PENALTY,REVIEW_MANUALLY
PLNH3HHZXNNNHX4X,"SKOG Retractable Dog Leash, 5M 360°Tangle- Nylon Tape Dog Chain 500 cm Dog Chain Leash",skog,collars_leashes,,,,,PLNH3HHZXNNNHX4X,https://www.flipkart.com/skog-retractable-dog-leash-5m-360tangle-nylon-tape-chain-500-cm-leash/p/itm9d7d09c87e064?pid=PLNH3HHZXNNNHX4X&lid=LSTPLNH3HHZXNNNHX4XIYJT4N&marketplace=FLIPKART&q=retractable+dog+leash&store=p3t%2Fea3%2Fpmw&srno=s_1_4&otracker=search&fm=organic&iid=6b92b321-55fd-4d89-aeb1-c48b5b66fd8f.PLNH3HHZXNNNHX4X.SEARCH&ppt=None&ppn=None&ssid=4smcf9y8000000001783424346329&qH=bbc46b35e332125e&ov_redirect=true&ov_redirect=true,https://rukminim2.flixcart.com/image/612/612/xif0q/shopsy-pet-leash-chain/x/9/1/500-retractable-dog-leash-5m-quick-lock-nylon-tape-dog-chain-original-imah3hjeggsyh6bh.jpeg?q=70,https://rukminim2.flixcart.com/image/612/612/xif0q/shopsy-pet-leash-chain/x/9/1/500-retractable-dog-leash-5m-quick-lock-nylon-tape-dog-chain-original-imah3hjeggsyh6bh.jpeg?q=70,,0,,,,4.0,0.0,3.4,,260.0,5.0,-3.0,55.3,stable,flipkart|gtrends,2026-07-07,2026-07-07T17:09:43.201987,556,a654ed116143847c,"skog|skog retractable dog leash, 5m 360°tangle- nylon tape dog chain 500 cm dog chain",63.42,55.3,63.42,1.88,0.0,0.99,0.1,LOW_RATING_PENALTY,REVIEW_MANUALLY
B09K5VJ7S1,"Pedigree Adult & Puppy Dry Dog Food, 100% Vegetarian, 2.8 kg, Contains 37 Essential Nutrients, 100% Complete & Balanced Food",pedigree,dog_food,,B09K5VJ7S1,https://www.amazon.in/Pedigree-Complete-Balanced-Puppy-Vegetarian/dp/B09K5VJ7S1/ref=zg_bs_g_4771395031_d_sccl_25/522-4724523-7365803?psc=1,"https://images-eu.ssl-images-amazon.com/images/I/71M1b3Oh15L._AC_UL300_SR300,200_.jpg",,,,"https://images-eu.ssl-images-amazon.com/images/I/71M1b3Oh15L._AC_UL300_SR300,200_.jpg",22.0,0,4.4,1587.0,740.0,,,,,,18.0,-3.2,55.28,stable,amazon|gtrends,2026-07-07,2026-07-07T17:09:43.161047,557,d3fbfa837c47fcb6,"pedigree|pedigree adult & puppy dry dog food, 100% vegetarian, 2.8 kg, contains 37 essent",52.16,55.28,52.16,3.12,0.0,0.84,0.0,,MONITOR
PTTG69HSUKKMJP7G,Dogsee Chew Puffies|100% Natural Himalayan Vegetarian Cheese Dog Treat,himalaya,training,,,,,PTTG69HSUKKMJP7G,https://www.flipkart.com/dogsee-chew-puffies-100-natural-himalayan-vegetarian-cheese-dog-treat/p/itm1171768eeec9a?pid=PTTG69HSUKKMJP7G&lid=LSTPTTG69HSUKKMJP7GTUO7ZA&marketplace=FLIPKART&q=dog+training+treats&store=p3t%2Fea3%2Fnva&srno=s_1_18&otracker=search&fm=organic&iid=en_NRsyrqAtCGc4_jtLG5PLX4gyl43FAUuJtvosuCk66QUkS5ii1maRu23huQKtp_FCKH_BMyjom5INglLd4HwmX3lcQNzZR51uixkr3kSBk0ilM2TORqvASF-FH_Rogwnc&ppt=None&ppn=None&ssid=wov3prijog0000001783424351807&qH=a29335f69d7964db&ov_redirect=true,https://rukminim2.flixcart.com/image/312/312/xif0q/shopsy-pet-treat/3/s/i/70-puffies-cheese-dog-treat-dog-1-dogsee-chew-original-imaggkpe3sjthvdc.jpeg?q=70,https://rukminim2.flixcart.com/image/312/312/xif0q/shopsy-pet-treat/3/s/i/70-puffies-cheese-dog-treat-dog-1-dogsee-chew-original-imaggkpe3sjthvdc.jpeg?q=70,,0,,,,18.0,0.0,4.1,137.0,127.0,0.5,-2.0,55.25,stable,flipkart|gtrends,2026-07-07,2026-07-07T17:09:43.204148,558,ab5396f0b629429d,himalaya|dogsee chew puffies|100% natural himalayan vegetarian cheese dog treat,52.75,55.25,52.75,2.5,0.0,0.84,0.0,,MONITOR
PFDE6QF93EZKNMYG,Me-O Tuna Tuna 3 kg Cat Food,me-o,cat_food,,,,,PFDE6QF93EZKNMYG,https://www.flipkart.com/me-o-tuna-3-kg-cat-food/p/itmfa69d15ab4255?pid=PFDE6QF93EZKNMYG&lid=LSTPFDE6QF93EZKNMYGOWCH1Y&marketplace=FLIPKART&q=meo+cat+food&store=p3t%2F0mo%2Foiv&srno=s_1_18&otracker=search&fm=organic&iid=8a0975ac-f6d1-49ba-a9a5-4c6a973ead86.PFDE6QF93EZKNMYG.SEARCH&ppt=None&ppn=None&ssid=kuu7d4pgps0000001783424273731&qH=c9e60ce57aa2b156&ov_redirect=true&ov_redirect=true,https://rukminim2.flixcart.com/image/612/612/xif0q/pet-food/2/p/v/-original-imagjgvgzpndjgth.jpeg?q=70,https://rukminim2.flixcart.com/image/612/612/xif0q/pet-food/2/p/v/-original-imagjgvgzpndjgth.jpeg?q=70,,0,,,,18.0,0.0,4.2,,1480.0,21.67,-0.67,55.25,stable,flipkart|gtrends,2026-07-07,2026-07-07T17:09:43.184283,559,637f6c790632f07f,me-o|me-o tuna tuna 3 kg cat food,52.13,55.25,52.13,3.12,0.0,0.84,0.0,,MONITOR
B0DKP3KX86,PET360 Omega 3+6+9 for Dogs | Blend of Salmon & Flax Seed Oils with Fur & Coat Protectives | Reduced Shedding | Shiny Coat,pet360,health_wellness,,B0DKP3KX86,https://www.amazon.in/PET360-Protectives-Shedding-Nutritional-Supplement/dp/B0DKP3KX86/ref=zg_bs_g_4771397031_d_sccl_22/522-4724523-7365803?psc=1,"https://images-eu.ssl-images-amazon.com/images/I/71A3t6JkQbL._AC_UL300_SR300,200_.jpg",,,,"https://images-eu.ssl-images-amazon.com/images/I/71A3t6JkQbL._AC_UL300_SR300,200_.jpg",20.0,0,4.2,334.0,361.0,,,,,,0.5,0.0,55.21,stable,amazon|gtrends,2026-07-07,2026-07-07T17:09:43.173569,560,aa30ffc4d2a8cf11,pet360|pet360 omega 3+6+9 for dogs | blend of salmon & flax seed oils with fur & coat p,52.09,55.21,52.09,3.12,0.0,0.84,0.0,,MONITOR
STFHNFF5GMQH8NVP,TTW White Cat Soft Toys - Cat In Basket Mini Kitten Doll With Realistic Meow Sounds - 6 cm,me-o,cat_toys,,,,,STFHNFF5GMQH8NVP,https://www.flipkart.com/ttw-white-cat-soft-toys-basket-mini-kitten-doll-realistic-meow-sounds-6-cm/p/itm141b21910efe7?pid=STFHNFF5GMQH8NVP&lid=LSTSTFHNFF5GMQH8NVPCMVCLA&marketplace=FLIPKART&q=cat+toys&store=tng&srno=s_1_11&otracker=search&fm=organic&iid=578702ef-3270-4863-9036-db59e3e6d0b1.STFHNFF5GMQH8NVP.SEARCH&ppt=None&ppn=None&ssid=aofj69zshs0000001783424286813&qH=4372de0f4359aa53&ov_redirect=true&ov_redirect=true,https://rukminim2.flixcart.com/image/612/612/xif0q/stuffed-toy/2/f/s/white-cat-soft-toys-cat-in-basket-mini-kitten-doll-with-original-imahnff5hqe8hyhn.jpeg?q=70,https://rukminim2.flixcart.com/image/612/612/xif0q/stuffed-toy/2/f/s/white-cat-soft-toys-cat-in-basket-mini-kitten-doll-with-original-imahnff5hqe8hyhn.jpeg?q=70,,0,,,,11.0,0.0,,,369.0,4.0,-6.0,55.18,stable,flipkart|gtrends,2026-07-07,2026-07-07T17:09:43.188035,561,bba2e561e4986d0a,me-o|ttw white cat soft toys - cat in basket mini kitten doll with realistic meow sou,53.3,55.18,53.3,1.88,0.0,0.84,0.0,,MONITOR
PTYHMF3VAJFCNTG4,"Vixora decorvaiz Ball for Cats & Dogs Silicone Chew Toy, Ball For Dog & Cat",vixora,cat_toys,,,,,PTYHMF3VAJFCNTG4,https://www.flipkart.com/vixora-decorvaiz-ball-cats-dogs-silicone-chew-toy-dog-cat/p/itmfe33ba55e1c47?pid=PTYHMF3VAJFCNTG4&lid=LSTPTYHMF3VAJFCNTG4NFZGKU&marketplace=FLIPKART&q=dog+toys&store=search.flipkart.com&srno=s_1_17&otracker=search&fm=organic&iid=en_gHzQJMae_tGFBP10eGOpYk-CyXuLcZx2YC67D8ZHQ6DsKsNLayYnqMb4lt4PtfkhsnwLiHrvWO_K_E1xImUhgT44dPU4PYxCy405l-8TugIiu2dC9Gh40ooIRhlc1jIx&ppt=None&ppn=None&ssid=kznhsbimtc0000001783424276401&qH=656c5ee0f079e36b&ov_redirect=true&ov_redirect=true,https://rukminim2.flixcart.com/image/612/612/xif0q/pet-toy/5/b/s/1-kittens-cats-toys-for-big-cats-tails-smart-ball-interactive-original-imah92bqzfzuekkz.jpeg?q=70,https://rukminim2.flixcart.com/image/612/612/xif0q/pet-toy/5/b/s/1-kittens-cats-toys-for-big-cats-tails-smart-ball-interactive-original-imah92bqzfzuekkz.jpeg?q=70,,0,,,,17.0,0.0,4.2,,212.0,4.0,-6.0,55.18,stable,flipkart|gtrends,2026-07-07,2026-07-07T17:09:43.184934,562,1a5878c4e9c5a26f,"vixora|vixora decorvaiz ball for cats & dogs silicone chew toy, ball for dog & cat",52.06,55.18,52.06,3.12,0.0,0.84,0.0,,MONITOR
PLNH6FDC8YHKMJKU,"JANCOM Walking Leash, 3M-15KG, Non-Slip Retractable Dog Leash Anti-Rust Rotating Hook 300 cm Dog & Cat Cord Leash",jancom,collars_leashes,,,,,PLNH6FDC8YHKMJKU,https://www.flipkart.com/jancom-walking-leash-3m-15kg-non-slip-retractable-dog-leash-anti-rust-rotating-hook-300-cm-cat-cord/p/itm5c8b7f0c63278?pid=PLNH6FDC8YHKMJKU&lid=LSTPLNH6FDC8YHKMJKUSKQHID&marketplace=FLIPKART&q=retractable+dog+leash&store=p3t%2Fea3%2Fpmw&srno=s_1_5&otracker=search&fm=organic&iid=6b92b321-55fd-4d89-aeb1-c48b5b66fd8f.PLNH6FDC8YHKMJKU.SEARCH&ppt=None&ppn=None&ssid=4smcf9y8000000001783424346329&qH=bbc46b35e332125e&ov_redirect=true&ov_redirect=true,https://rukminim2.flixcart.com/image/612/612/xif0q/pet-leash-chain/h/k/8/dl-30-jancom-original-imah6fdcptsfvgus.jpeg?q=70,https://rukminim2.flixcart.com/image/612/612/xif0q/pet-leash-chain/h/k/8/dl-30-jancom-original-imah6fdcptsfvgus.jpeg?q=70,,0,,,,5.0,0.0,3.7,,265.0,5.0,-3.0,55.14,stable,flipkart|gtrends,2026-07-07,2026-07-07T17:09:43.202050,563,2838df2bed2cdf10,"jancom|jancom walking leash, 3m-15kg, non-slip retractable dog leash anti-rust rotating",63.26,55.14,63.26,1.88,0.0,0.99,0.1,LOW_RATING_PENALTY,REVIEW_MANUALLY
PFDE6S26KGNFJFE7,Royal Canin Hair & Skin Care Adult Gravy 1.02 kg (12x0.09 kg) Wet Adult Cat Food,royal canin,cat_food,,,,,PFDE6S26KGNFJFE7,https://www.flipkart.com/royal-canin-hair-skin-care-adult-gravy-1-02-kg-12x0-09-kg-wet-cat-food/p/itmdbbc9e0f4311b?pid=PFDE6S26KGNFJFE7&lid=LSTPFDE6S26KGNFJFE7G5G4LA&marketplace=FLIPKART&q=royal+canin+cat+food&store=p3t%2F0mo%2Foiv&srno=s_1_19&otracker=search&fm=organic&iid=8c819297-3b7e-4c85-b19b-312f8798d713.PFDE6S26KGNFJFE7.SEARCH&ppt=None&ppn=None&ssid=htiipb2zbk0000001783424271148&qH=d9e0c635368b029a&ov_redirect=true&ov_redirect=true,https://rukminim2.flixcart.com/image/612/612/xif0q/pet-food/e/5/f/1-02-cat-12-9003579308707-royal-canin-original-imagzwfbsagxxsjg.jpeg?q=70,https://rukminim2.flixcart.com/image/612/612/xif0q/pet-food/e/5/f/1-02-cat-12-9003579308707-royal-canin-original-imagzwfbsagxxsjg.jpeg?q=70,,0,,,,19.0,0.0,4.5,,1434.0,21.67,-0.67,55.09,stable,flipkart|gtrends,2026-07-07,2026-07-07T17:09:43.183639,564,fe2b597877b00d8f,royal canin|royal canin hair & skin care adult gravy 1.02 kg (12x0.09 kg) wet adult cat food,51.97,55.09,51.97,3.12,0.0,0.83,0.0,,MONITOR
PSOHZFJDGHHZNZBH,"KickAt Tear-Free & Sulfate-Free Kitten Shampoo - Fresh Cucumber & Soft Milk Notes Conditioning, Allergy Relief, Anti-dandruff, Itch Relief COCO Cat Shampoo",kickat,grooming,,,,,PSOHZFJDGHHZNZBH,https://www.flipkart.com/kickat-tear-free-sulfate-free-kitten-shampoo-fresh-cucumber-soft-milk-notes-conditioning-allergy-relief-anti-dandruff-itch-relief-coco-cat/p/itm8697d64ab00bb?pid=PSOHZFJDGHHZNZBH&lid=LSTPSOHZFJDGHHZNZBH8TUH6X&marketplace=FLIPKART&q=cat+shampoo&store=p3t%2Fixl%2Fosh&srno=s_1_12&otracker=search&fm=organic&iid=en_hCZHPrfJCXxQxDtilKnrzPCMnwfGF29_oWC7sFi61NgRHV7JKioOSci1FK62A3uhnOhSaE0W3WIZeKdUtSN5NpISohxPOMHKZiPJy6JQATetwvFb6eCDAyeoTaq99UQj&ppt=None&ppn=None&ssid=y8f1ftke9s0000001783424299769&qH=c761a0a39d797bbe&ov_redirect=true&ov_redirect=true,https://rukminim2.flixcart.com/image/612/612/xif0q/pet-shampoo/2/h/f/200-kitten-shampoo-cat-200ml-kickat-original-imahzfjdbjzqayzt.jpeg?q=70,https://rukminim2.flixcart.com/image/612/612/xif0q/pet-shampoo/2/h/f/200-kitten-shampoo-cat-200ml-kickat-original-imahzfjdbjzqayzt.jpeg?q=70,,0,,,,12.0,0.0,,,130.0,13.5,-1.5,55.08,stable,flipkart|gtrends,2026-07-07,2026-07-07T17:09:43.191661,565,e2723ad119563f05,kickat|kickat tear-free & sulfate-free kitten shampoo - fresh cucumber & soft milk note,53.2,55.08,53.2,1.88,0.0,0.84,0.0,,MONITOR
PCLHM4G7P24UVZHV,Pawxie Dog Standard Harness,pawxie,collars_leashes,,,,,PCLHM4G7P24UVZHV,https://www.flipkart.com/pawxie-dog-standard-harness/p/itmcab46f47938f6?pid=PCLHM4G7P24UVZHV&lid=LSTPCLHM4G7P24UVZHVKYGYOV&marketplace=FLIPKART&q=dog+harness&store=p3t%2Fea3%2Fb1n&srno=s_1_18&otracker=search&fm=organic&iid=en_rkj1bJkHAH3RMK1ir1ZvYsaeeN04IQ9hS1LEn75zpE13jHRG-0FvgL-vWR_iDvlbigaBRQwG5AuK3UMWF33rylOFvvzoc1s8s6qJVQyUEXtYp1BeZzK0TEgVTwnbsCNO&ppt=None&ppn=None&ssid=sckxvcab7k0000001783424343657&qH=c997f489fc4d5035&ov_redirect=true&ov_redirect=true,https://rukminim2.flixcart.com/image/612/612/xif0q/pet-collar-harness/w/a/j/medium-pxie0014b-pawxie-original-imahm4g7swjzxc2t.jpeg?q=70,https://rukminim2.flixcart.com/image/612/612/xif0q/pet-collar-harness/w/a/j/medium-pxie0014b-pawxie-original-imahm4g7swjzxc2t.jpeg?q=70,,0,,,,18.0,0.0,4.3,,608.0,5.0,-3.0,55.06,stable,flipkart|gtrends,2026-07-07,2026-07-07T17:09:43.201894,566,4dbe53b463ab8516,pawxie|pawxie dog standard harness,51.94,55.06,51.94,3.12,0.0,0.83,0.0,,MONITOR
PTYG7DGZGSYSXD52,Emily Pets Dog training Clicker (Pack 2) with starp. Plastic Training Aid For Dog & Cat,emily,training,,,,,PTYG7DGZGSYSXD52,https://www.flipkart.com/emily-pets-dog-training-clicker-pack-2-starp-plastic-aid-cat/p/itmda3c15a76d0ff?pid=PTYG7DGZGSYSXD52&lid=LSTPTYG7DGZGSYSXD52TIL2SB&marketplace=FLIPKART&q=clicker+dog+training&store=p3t%2Fea3%2Fg4c&srno=s_1_12&otracker=search&fm=organic&iid=fbb02aa1-aabd-4b0d-9e72-e506e20115f2.PTYG7DGZGSYSXD52.SEARCH&ppt=None&ppn=None&ssid=k2z16a13j40000001783424354631&qH=b0c60dc4bffa7e54&ov_redirect=true&ov_redirect=true,https://rukminim2.flixcart.com/image/612/612/ku79vgw0/pet-toy/b/x/y/dog-training-clicker-with-wrist-strap-oyefly-durable-lightweight-original-imag7dgzendmz5vz.jpeg?q=70,https://rukminim2.flixcart.com/image/612/612/ku79vgw0/pet-toy/b/x/y/dog-training-clicker-with-wrist-strap-oyefly-durable-lightweight-original-imag7dgzendmz5vz.jpeg?q=70,,0,,,,12.0,0.0,,,367.0,0.5,-2.0,54.98,stable,flipkart|gtrends,2026-07-07,2026-07-07T17:09:43.204554,567,e40816928ef44e59,emily|emily pets dog training clicker (pack 2) with starp. plastic training aid for do,53.1,54.98,53.1,1.88,0.0,0.84,0.0,,MONITOR
PCLHZC3YQDKZCHSG,Pawxie Tactical Dog Collar with Leash Soft Handle –Adjustable Military Style Dog Collar & Leash,pawxie,training,,,,,PCLHZC3YQDKZCHSG,https://www.flipkart.com/pawxie-tactical-dog-collar-leash-soft-handle-adjustable-military-style/p/itmefc51b0ebe53d?pid=PCLHZC3YQDKZCHSG&lid=LSTPCLHZC3YQDKZCHSGQQEP0J&marketplace=FLIPKART&q=anti+bark+collar&store=search.flipkart.com&srno=s_1_12&otracker=search&fm=organic&iid=en_9pYVfEVMOHvKr1gPSl8VOCEejdh4sqL7CdSEfvV4_xH58Zj4H2NXwfh4wWeAMPoYlYmnNlkNKirPa4NNpeUhn1OFvvzoc1s8s6qJVQyUEXvC0sK_kE4VrfF-uCqTyhdi&ppt=None&ppn=None&ssid=p8wimx3quo0000001783424357818&qH=f1fde8a6826f7c4a&ov_redirect=true&ov_redirect=true,https://rukminim2.flixcart.com/image/612/612/xif0q/pet-collar-harness/g/v/m/large-tactical-dog-coller-metal-buckle-with-tatron-leash-for-original-imahzcy97hkhxzc3.jpeg?q=70,https://rukminim2.flixcart.com/image/612/612/xif0q/pet-collar-harness/g/v/m/large-tactical-dog-coller-metal-buckle-with-tatron-leash-for-original-imahzcy97hkhxzc3.jpeg?q=70,,0,,,,12.0,0.0,,,858.0,0.5,-2.0,54.98,stable,flipkart|gtrends,2026-07-07,2026-07-07T17:09:43.205467,568,e8ddd658d91f78f1,pawxie|pawxie tactical dog collar with leash soft handle –adjustable military style dog,53.1,54.98,53.1,1.88,0.0,0.84,0.0,,MONITOR
PHSGYUKEC6HNG9DJ,Vetoquinol Samolac Pro Dog and Cat Cereal for weaning puppies and cats Pet Health Supplements,vetoquinol,health_wellness,,,,,PHSGYUKEC6HNG9DJ,https://www.flipkart.com/vetoquinol-samolac-pro-dog-cat-cereal-weaning-puppies-cats-pet-health-supplements/p/itm123ad8d7a703e?pid=PHSGYUKEC6HNG9DJ&lid=LSTPHSGYUKEC6HNG9DJ6BQUXF&marketplace=FLIPKART&q=cat+supplements&store=p3t&srno=s_1_19&otracker=search&fm=organic&iid=61aa2c0e-2a83-439a-93a1-cc41c1109675.PHSGYUKEC6HNG9DJ.SEARCH&ppt=None&ppn=None&ssid=ffcjbt28yo0000001783424323762&qH=58da44c7ca993adc&ov_redirect=true&ov_redirect=true,https://rukminim2.flixcart.com/image/612/612/xif0q/pet-health-supplement/m/6/u/400-samolac-pro-dog-and-cat-cereal-for-weaning-puppies-and-cats-original-imahmv6cjzygndwx.jpeg?q=70,https://rukminim2.flixcart.com/image/612/612/xif0q/pet-health-supplement/m/6/u/400-samolac-pro-dog-and-cat-cereal-for-weaning-puppies-and-cats-original-imahmv6cjzygndwx.jpeg?q=70,,0,,,,19.0,0.0,4.4,,395.0,0.5,0.0,54.94,stable,flipkart|gtrends,2026-07-07,2026-07-07T17:09:43.196551,569,78b0156ac7ada6cf,vetoquinol|vetoquinol samolac pro dog and cat cereal for weaning puppies and cats pet healt,51.82,54.94,51.82,3.12,0.0,0.83,0.0,,MONITOR
PHSGYHHJCK23ZQEK,"Virbac CANITONE Jr. growth-enhancing supplement for young ones For Dogs (Pack of 3,250 ML) Pet Health Supplements",virbac,health_wellness,,,,,PHSGYHHJCK23ZQEK,https://www.flipkart.com/virbac-canitone-jr-growth-enhancing-supplement-young-ones-dogs-pack-3-250-ml-pet-health-supplements/p/itmfb668a408ef99?pid=PHSGYHHJCK23ZQEK&lid=LSTPHSGYHHJCK23ZQEKWW8OFY&marketplace=FLIPKART&q=dog+supplements&store=p3t%2Fea3%2F0ua&srno=s_1_19&otracker=search&fm=organic&iid=62e4164b-bda9-434c-b7cf-78c40b73a58c.PHSGYHHJCK23ZQEK.SEARCH&ppt=None&ppn=None&ssid=wrhwgc46z40000001783424320687&qH=173b9a8368e4e00d&ov_redirect=true&ov_redirect=true,https://rukminim2.flixcart.com/image/612/612/kmds4nk0/pet-health-supplement/d/a/t/250-canitone-jr-growth-enhancing-supplement-for-young-ones-for-original-imagfaptnqy7cmum.jpeg?q=70,https://rukminim2.flixcart.com/image/612/612/kmds4nk0/pet-health-supplement/d/a/t/250-canitone-jr-growth-enhancing-supplement-for-young-ones-for-original-imagfaptnqy7cmum.jpeg?q=70,,0,,,,19.0,0.0,4.4,,612.0,0.5,0.0,54.94,stable,flipkart|gtrends,2026-07-07,2026-07-07T17:09:43.196120,570,e5c6430c56a27fb7,virbac|virbac canitone jr. growth-enhancing supplement for young ones for dogs (pack of,51.82,54.94,51.82,3.12,0.0,0.83,0.0,,MONITOR
PTYHG7X8PXJUDUZA,"Pet Guard Wall Mounted Egg Shaped All Natural Rotating Catnip Lick Balls Cat Treat Toy Plastic, Wool Chew Toy For Cat",,cat_food,,,,,PTYHG7X8PXJUDUZA,https://www.flipkart.com/pet-guard-wall-mounted-egg-shaped-all-natural-rotating-catnip-lick-balls-cat-treat-toy-plastic-wool-chew/p/itmbf3f75fa14fae?pid=PTYHG7X8PXJUDUZA&lid=LSTPTYHG7X8PXJUDUZAZQRQHB&marketplace=FLIPKART&q=catnip+toy&store=p3t%2F0mo%2Fgba&srno=s_1_20&otracker=search&fm=organic&iid=39e31d82-0a1a-4f12-a245-083e2fba4e25.PTYHG7X8PXJUDUZA.SEARCH&ppt=None&ppn=None&ssid=0fjvryz3nk0000001783424289434&qH=f9b349971a41f28d&ov_redirect=true&ov_redirect=true,https://rukminim2.flixcart.com/image/612/612/xif0q/pet-toy/t/g/c/1-spring-catnip-pet-guard-original-imahg7x8udneh33y.jpeg?q=70,https://rukminim2.flixcart.com/image/612/612/xif0q/pet-toy/t/g/c/1-spring-catnip-pet-guard-original-imahg7x8udneh33y.jpeg?q=70,,0,,,,20.0,0.0,4.8,,194.0,21.67,-0.67,54.93,stable,flipkart|gtrends,2026-07-07,2026-07-07T17:09:43.189043,571,8c46b024cb2820f6,|pet guard wall mounted egg shaped all natural rotating catnip lick balls cat tre,51.81,54.93,51.81,3.12,0.0,0.83,0.0,,MONITOR
B000WFDTSI,"Trixie Dog Toothpaste with Mint, Oral Care,100g",trixie,health_wellness,,B000WFDTSI,https://www.amazon.in/Trixie-Dog-Toothpaste-Mint-100g/dp/B000WFDTSI/ref=zg_bs_g_4771397031_d_sccl_29/522-4724523-7365803?psc=1,"https://images-eu.ssl-images-amazon.com/images/I/61Kr1-evHfL._AC_UL300_SR300,200_.jpg",,,,"https://images-eu.ssl-images-amazon.com/images/I/61Kr1-evHfL._AC_UL300_SR300,200_.jpg",24.0,0,4.2,3057.0,216.0,,,,,,0.5,0.0,54.91,stable,amazon|gtrends,2026-07-07,2026-07-07T17:09:43.173799,572,07940a514eb42d36,"trixie|trixie dog toothpaste with mint, oral care,100g",51.79,54.91,51.79,3.12,0.0,0.83,0.0,,MONITOR
B0CGJJ16CH,"Bakson Veterinary V61 Blood Purifier Drops 30ML | Homeopathic Blood Cleanser for Pets, Dogs & Cats | Supports Clear Skin, All",me-o,health_wellness,,B0CGJJ16CH,https://www.amazon.in/Bakson-Veterinary-Blood-Purifed-Drops/dp/B0CGJJ16CH/ref=zg_bs_g_4771384031_d_sccl_18/522-4724523-7365803?psc=1,"https://images-eu.ssl-images-amazon.com/images/I/71jZ8iyF1eL._AC_UL300_SR300,200_.jpg",,,,"https://images-eu.ssl-images-amazon.com/images/I/71jZ8iyF1eL._AC_UL300_SR300,200_.jpg",18.0,0,4.1,17.0,150.0,,,,,,0.5,0.0,54.89,stable,amazon|gtrends,2026-07-07,2026-07-07T17:09:43.175003,573,676ad9a43bc07636,me-o|bakson veterinary v61 blood purifier drops 30ml | homeopathic blood cleanser for,52.39,54.89,52.39,2.5,0.0,0.84,0.0,,MONITOR
PLNHZQHYVDMDMH6K,wagmart Wagmart Heavy Duty Retractable Dog Leash Lock Pet Walking Lead 300cm 500 cm Dog & Cat Strap Leash,wagmart,collars_leashes,,,,,PLNHZQHYVDMDMH6K,https://www.flipkart.com/wagmart-heavy-duty-retractable-dog-leash-lock-pet-walking-lead-300cm-500-cm-cat-strap/p/itm542c875825331?pid=PLNHZQHYVDMDMH6K&lid=LSTPLNHZQHYVDMDMH6KANW9BN&marketplace=FLIPKART&q=retractable+dog+leash&store=p3t%2Fea3%2Fpmw&srno=s_1_12&otracker=search&fm=organic&iid=en_3EweRagYPR3DtACMobRBYQqK0iJtHCDxNYux26EZwPIafXX3rQlSuGAtPquOtfvIGOsvpY_fGripC44Oa3TD2zLFJR9rR7-WXOkuL3A8YTRFYqLIpEQ_2LggkUIwmnlI&ppt=None&ppn=None&ssid=4smcf9y8000000001783424346329&qH=bbc46b35e332125e&ov_redirect=true&ov_redirect=true,https://rukminim2.flixcart.com/image/612/612/xif0q/pet-leash-chain/8/v/o/retractable-pet-leash-5-meter-wagmart-original-imahzqhy2gz2m5mz.jpeg?q=70,https://rukminim2.flixcart.com/image/612/612/xif0q/pet-leash-chain/8/v/o/retractable-pet-leash-5-meter-wagmart-original-imahzqhy2gz2m5mz.jpeg?q=70,,0,,,,12.0,0.0,,,450.0,5.0,-3.0,54.78,stable,flipkart|gtrends,2026-07-07,2026-07-07T17:09:43.201326,574,ed7f187682bf6409,wagmart|wagmart wagmart heavy duty retractable dog leash lock pet walking lead 300cm 500,52.9,54.78,52.9,1.88,0.0,0.84,0.0,,MONITOR
B0DWS7CWYS,Amazon Basics Soft Pet Kennel (Large) | Pet Habitat - Multi-Color Printed | Dog | 60L x 60Wx 62H Centimeters,amazon basics,beds_accessories,,B0DWS7CWYS,https://www.amazon.in/Amazon-Basics-Kennel-Large-Habitat/dp/B0DWS7CWYS/ref=zg_bs_g_4771390031_d_sccl_22/522-4724523-7365803?psc=1,"https://images-eu.ssl-images-amazon.com/images/I/712opkC2lXL._AC_UL300_SR300,200_.jpg",,,,"https://images-eu.ssl-images-amazon.com/images/I/712opkC2lXL._AC_UL300_SR300,200_.jpg",22.0,0,4.2,1436.0,1399.0,,,,,,20.5,-2.0,54.77,stable,amazon|gtrends,2026-07-07,2026-07-07T17:09:43.170429,575,0e94e7ab573eaaf9,amazon basics|amazon basics soft pet kennel (large) | pet habitat - multi-color printed | dog ,51.65,54.77,51.65,3.12,0.0,0.83,0.0,,MONITOR
PFDF7QA7AYZZYHHZ,Royal Canin Shih Tzu 1.5 kg Dry Young Dog Food,royal canin,dog_food,,,,,PFDF7QA7AYZZYHHZ,https://www.flipkart.com/royal-canin-shih-tzu-1-5-kg-dry-young-dog-food/p/itmcaf3d2c23b21e?pid=PFDF7QA7AYZZYHHZ&lid=LSTPFDF7QA7AYZZYHHZFJIABX&marketplace=FLIPKART&q=royal+canin+dog+food&store=p3t%2Fea3%2F8zj&srno=s_1_20&otracker=search&fm=organic&iid=b50ca4cc-10f2-4e61-9c64-b71ef01ff18f.PFDF7QA7AYZZYHHZ.SEARCH&ppt=None&ppn=None&ssid=tuz9tvum340000001783424255774&qH=daddb49dcea591ec&ov_redirect=true,https://rukminim2.flixcart.com/image/312/312/xif0q/pet-food/u/r/m/1-5-dog-1-3182550722605-royal-canin-original-imah4dd9xsyuwekt.jpeg?q=70,https://rukminim2.flixcart.com/image/312/312/xif0q/pet-food/u/r/m/1-5-dog-1-3182550722605-royal-canin-original-imah4dd9xsyuwekt.jpeg?q=70,,0,,,,20.0,0.0,4.5,139.0,1879.0,18.0,-3.2,54.76,stable,flipkart|gtrends,2026-07-07,2026-07-07T17:09:43.181775,576,2bee726961e0ec0d,royal canin|royal canin shih tzu 1.5 kg dry young dog food,51.64,54.76,51.64,3.12,0.0,0.83,0.0,,MONITOR
PTTH4D8CVKXZMVG5,Chip Chops Sushi Rolls dog Meaty Treat - 70 gm Chicken Dog Treat,chip,training,,,,,PTTH4D8CVKXZMVG5,https://www.flipkart.com/chip-chops-sushi-rolls-dog-meaty-treat-70-gm-chicken/p/itm99be01ff02c42?pid=PTTH4D8CVKXZMVG5&lid=LSTPTTH4D8CVKXZMVG5WOEZXM&marketplace=FLIPKART&q=dog+training+treats&store=p3t%2Fea3%2Fnva&srno=s_1_20&otracker=search&fm=organic&iid=25f5e471-619f-4ddd-b027-4bce8ed3004f.PTTH4D8CVKXZMVG5.SEARCH&ppt=None&ppn=None&ssid=wov3prijog0000001783424351807&qH=a29335f69d7964db&ov_redirect=true,https://rukminim2.flixcart.com/image/312/312/xif0q/pet-treat/l/l/4/0-07-dog-1-otrfo2280-chip-chops-original-imah4d8cacfjfjbh.jpeg?q=70,https://rukminim2.flixcart.com/image/312/312/xif0q/pet-treat/l/l/4/0-07-dog-1-otrfo2280-chip-chops-original-imah4d8cacfjfjbh.jpeg?q=70,,0,,,,20.0,0.0,4.6,33.0,193.0,0.5,-2.0,54.67,stable,flipkart|gtrends,2026-07-07,2026-07-07T17:09:43.204223,577,6664e2f7bad7eb70,chip|chip chops sushi rolls dog meaty treat - 70 gm chicken dog treat,51.55,54.67,51.55,3.12,0.0,0.83,0.0,,MONITOR
PFDH46ZTTHHTDAND,Royal Canin Medium Adult Meat Granule Dry Dog Food Meat 1 kg Dry Adult Dog Food,royal canin,dog_food,,,,,PFDH46ZTTHHTDAND,https://www.flipkart.com/royal-canin-medium-adult-meat-granule-dry-dog-food-1-kg/p/itm8c9e26466fd06?pid=PFDH46ZTTHHTDAND&lid=LSTPFDH46ZTTHHTDAND1CKQ6F&marketplace=FLIPKART&q=royal+canin+dog+food&store=p3t%2Fea3%2F8zj&srno=s_1_19&otracker=search&fm=organic&iid=b50ca4cc-10f2-4e61-9c64-b71ef01ff18f.PFDH46ZTTHHTDAND.SEARCH&ppt=None&ppn=None&ssid=tuz9tvum340000001783424255774&qH=daddb49dcea591ec&ov_redirect=true,https://rukminim2.flixcart.com/image/312/312/xif0q/pet-food/r/y/z/1-dog-1-otrfo1856-royal-canin-original-imah46ztffvujpgs.jpeg?q=70,https://rukminim2.flixcart.com/image/312/312/xif0q/pet-food/r/y/z/1-dog-1-otrfo1856-royal-canin-original-imah46ztffvujpgs.jpeg?q=70,,0,,,,19.0,0.0,4.4,11.0,1009.0,18.0,-3.2,54.63,stable,flipkart|gtrends,2026-07-07,2026-07-07T17:09:43.181743,578,f27386d8b06f2eda,royal canin|royal canin medium adult meat granule dry dog food meat 1 kg dry adult dog food,51.51,54.63,51.51,3.12,0.0,0.83,0.0,,MONITOR
PFDHHHXH4RHGCCCH,"PetStar Salmon , Kitten Salmon 1 kg Dry Young Cat Food",petstar,cat_food,,,,,PFDHHHXH4RHGCCCH,https://www.flipkart.com/petstar-salmon-kitten-1-kg-dry-young-cat-food/p/itm5c34a48b6a3cb?pid=PFDHHHXH4RHGCCCH&lid=LSTPFDHHHXH4RHGCCCHWTR0GH&marketplace=FLIPKART&q=kitten+food&store=p3t%2F0mo%2Foiv&srno=s_1_6&otracker=search&fm=organic&iid=en_KjiqfUV3hF8xnTClTEm8vFZzXJngCDWsP3EOIseRvInlnfHiR8t4hanBUls4CESSAe1SGFT85J2F_Y-HZobRn70CcLEcODaR0c-gF79pCFqHsIXLtXAzA2Zax8ahN0KT&ppt=None&ppn=None&ssid=htm787lr280000001783424266045&qH=8a534960bbeaf1fe&ov_redirect=true&ov_redirect=true,https://rukminim2.flixcart.com/image/612/612/xif0q/pet-food/7/g/n/1-cat-1-salmon-kitten-1000-gram-petstar-original-imahhhxhxgmn9zsb.jpeg?q=70,https://rukminim2.flixcart.com/image/612/612/xif0q/pet-food/7/g/n/1-cat-1-salmon-kitten-1000-gram-petstar-original-imahhhxhxgmn9zsb.jpeg?q=70,,0,,,,6.0,0.0,3.7,,319.0,21.67,-0.67,54.61,stable,flipkart|gtrends,2026-07-07,2026-07-07T17:09:43.182583,579,5f05af81cc812b59,"petstar|petstar salmon , kitten salmon 1 kg dry young cat food",62.73,54.61,62.73,1.88,0.0,0.99,0.1,LOW_RATING_PENALTY,REVIEW_MANUALLY
B0FP2CFJY9,"Aeenioy Cat Toys, Hanging Spring Toys for Cats, Interactive Cat Playing Toy with Feathers and Crinkle Paper, Kitten Toys for",aeenioy,cat_toys,,B0FP2CFJY9,https://www.amazon.in/Aeenioy-Hanging-Interactive-Playing-Feathers/dp/B0FP2CFJY9/ref=zg_bs_g_4771387031_d_sccl_21/522-4724523-7365803?psc=1,"https://images-eu.ssl-images-amazon.com/images/I/61DcyU9AsFL._AC_UL300_SR300,200_.jpg",,,,"https://images-eu.ssl-images-amazon.com/images/I/61DcyU9AsFL._AC_UL300_SR300,200_.jpg",17.0,0,4.0,34.0,299.0,,,,,,4.0,-6.0,54.58,stable,amazon|gtrends,2026-07-07,2026-07-07T17:09:43.164642,580,f491518641b7c519,"aeenioy|aeenioy cat toys, hanging spring toys for cats, interactive cat playing toy with",52.08,54.58,52.08,2.5,0.0,0.84,0.0,,MONITOR
PTYHFXVVVBFMHHWF,"PetJoy Dog Toy Rainbow Rubber, Ball Toy for Dogs, Dog Fetch Ball, Chewing Ball, Medium, Rubber Fetch Toy, Soft Toy, Chew Toy For Dog",petjoy,dog_toys,,,,,PTYHFXVVVBFMHHWF,https://www.flipkart.com/petjoy-dog-toy-rainbow-rubber-ball-dogs-fetch-ball-chewing-medium-rubber-toy-soft-chew/p/itm0063a50c04aba?pid=PTYHFXVVVBFMHHWF&lid=LSTPTYHFXVVVBFMHHWFMCK763&marketplace=FLIPKART&q=chew+toy+for+dogs&store=p3t%2Fea3%2Fg4c&srno=s_1_18&otracker=search&fm=organic&iid=en_E5RUJs_g0T94-KiqHUivcw4JJj8KZE69-F90ql2oVj9QA-eLBSjkbErY2Q9W0bS_qPlb8TrtstnKwhEYx3MkDbh2PnvHM3eyZHWSkkIk5-N3-XqkmLqggt_WSKSoXKEh&ppt=None&ppn=None&ssid=epaqy8p1400000001783424279013&qH=c3109da2ecfccdb5&ov_redirect=true&ov_redirect=true,https://rukminim2.flixcart.com/image/612/612/xif0q/pet-toy/2/z/9/1-pet-ball-toy-petjoy-original-imahg74zefzu7mgr.jpeg?q=70,https://rukminim2.flixcart.com/image/612/612/xif0q/pet-toy/2/z/9/1-pet-ball-toy-petjoy-original-imahg74zefzu7mgr.jpeg?q=70,,0,,,,18.0,0.0,4.1,,170.0,3.0,0.0,54.48,stable,flipkart|gtrends,2026-07-07,2026-07-07T17:09:43.185607,581,764ee5004e658dd7,"petjoy|petjoy dog toy rainbow rubber, ball toy for dogs, dog fetch ball, chewing ball, ",51.98,54.48,51.98,2.5,0.0,0.83,0.0,,MONITOR
B0CK6ZVYT2,"Agirav Professional Animal Nail Cutter Clipper Trimmer Filer (Large) for Small, Medium and Large Dogs, Puppies, Cats and Kitt",agirav,grooming,,B0CK6ZVYT2,https://www.amazon.in/Agirav-Professional-Clipper-Trimmer-Grooming/dp/B0CK6ZVYT2/ref=zg_bs_g_4771396031_d_sccl_23/522-4724523-7365803?psc=1,"https://images-eu.ssl-images-amazon.com/images/I/61oJ7Q+BOaL._AC_UL300_SR300,200_.jpg",,,,"https://images-eu.ssl-images-amazon.com/images/I/61oJ7Q+BOaL._AC_UL300_SR300,200_.jpg",21.0,0,4.1,1029.0,169.0,,,,,,13.5,-1.5,54.39,stable,amazon|gtrends,2026-07-07,2026-07-07T17:09:43.166643,582,438dee759a97e898,"agirav|agirav professional animal nail cutter clipper trimmer filer (large) for small, ",51.89,54.39,51.89,2.5,0.0,0.83,0.0,,MONITOR
PHSGJZZ5V4ZYHRHQ,PETHEEDS Bone and Joint Chewable Tablets with Lucious Chicken Flavored for Dog/Cat Pet Health Supplements,petheeds,health_wellness,,,,,PHSGJZZ5V4ZYHRHQ,https://www.flipkart.com/petheeds-bone-joint-chewable-tablets-lucious-chicken-flavored-dog-cat-pet-health-supplements/p/itm2f3f84c881be2?pid=PHSGJZZ5V4ZYHRHQ&lid=LSTPHSGJZZ5V4ZYHRHQEW3ORD&marketplace=FLIPKART&q=joint+supplement+for+dogs&store=p3t&srno=s_1_19&otracker=search&fm=organic&iid=249225c6-231a-4d9b-a19d-6ab5cf30ee59.PHSGJZZ5V4ZYHRHQ.SEARCH&ppt=None&ppn=None&ssid=srm44c08ww0000001783424329919&qH=b0e4c33d635c1c86&ov_redirect=true&ov_redirect=true,https://rukminim2.flixcart.com/image/612/612/xif0q/pet-health-supplement/g/f/u/60-bone-and-joint-chewable-tablets-with-lucious-chicken-flavored-original-imahj8xfgkcmbmfz.jpeg?q=70,https://rukminim2.flixcart.com/image/612/612/xif0q/pet-health-supplement/g/f/u/60-bone-and-joint-chewable-tablets-with-lucious-chicken-flavored-original-imahj8xfgkcmbmfz.jpeg?q=70,,0,,,,19.0,0.0,4.2,,524.0,0.5,0.0,54.38,stable,flipkart|gtrends,2026-07-07,2026-07-07T17:09:43.198389,583,6ea40afdb70a2650,petheeds|petheeds bone and joint chewable tablets with lucious chicken flavored for dog/c,51.26,54.38,51.26,3.12,0.0,0.83,0.0,,MONITOR
PDPGZNRW5PQRYFHS,VETENEX Catch Worm Pet - Herbal Dewormer For Puppy and Cats - 30 ML Pet Dewormer,vetenex,health_wellness,,,,,PDPGZNRW5PQRYFHS,https://www.flipkart.com/vetenex-catch-worm-pet-herbal-dewormer-puppy-cats-30-ml/p/itm9018e570beee1?pid=PDPGZNRW5PQRYFHS&lid=LSTPDPGZNRW5PQRYFHSBAHIJX&marketplace=FLIPKART&q=deworming+tablet+for+dogs&store=p3t%2Fcez%2Ff1s&spotlightTagId=default_TrendingId_p3t%2Fcez%2Ff1s&srno=s_1_19&otracker=search&fm=organic&iid=101f3f01-1c8d-4ad6-8f20-6229cec84ed6.PDPGZNRW5PQRYFHS.SEARCH&ppt=None&ppn=None&ssid=n00fqm3w740000001783424332770&qH=99cf2e3fe6ca4eb0&ov_redirect=true&ov_redirect=true,https://rukminim2.flixcart.com/image/612/612/xif0q/pet-dewormer/y/f/l/30-catch-worm-pet-herbal-dewormer-for-puppy-and-cats-30-ml-original-imagznrwtbywrzms.jpeg?q=70,https://rukminim2.flixcart.com/image/612/612/xif0q/pet-dewormer/y/f/l/30-catch-worm-pet-herbal-dewormer-for-puppy-and-cats-30-ml-original-imagznrwtbywrzms.jpeg?q=70,,0,,,,19.0,0.0,4.2,,127.0,0.5,0.0,54.38,stable,flipkart|gtrends,2026-07-07,2026-07-07T17:09:43.198824,584,9f7910d6fa52c725,vetenex|vetenex catch worm pet - herbal dewormer for puppy and cats - 30 ml pet dewormer,51.26,54.38,51.26,3.12,0.0,0.83,0.0,,MONITOR
PTYHMCY3TXZZHQFN,"nutrapet The Lop Eared Donkey Polyester, Jute Plush Toy, Squeaky Toy For Dog",nutrapet,dog_toys,,,,,PTYHMCY3TXZZHQFN,https://www.flipkart.com/nutrapet-lop-eared-donkey-polyester-jute-plush-toy-squeaky-toy-dog/p/itm349213473e6f4?pid=PTYHMCY3TXZZHQFN&lid=LSTPTYHMCY3TXZZHQFNJKJ9NB&marketplace=FLIPKART&q=kong+dog+toy&store=search.flipkart.com&srno=s_1_13&otracker=search&fm=organic&iid=474ceca2-7edf-42ed-b744-bb801b6b5e42.PTYHMCY3TXZZHQFN.SEARCH&ppt=None&ppn=None&ssid=dj4tyd2ftc0000001783424281567&qH=f85aed73ab1bacb4&ov_redirect=true&ov_redirect=true,https://rukminim2.flixcart.com/image/612/612/xif0q/pet-toy/c/8/x/1-otrnf9955-nutrapet-original-imahmcy2baaj3r45.jpeg?q=70,https://rukminim2.flixcart.com/image/612/612/xif0q/pet-toy/c/8/x/1-otrnf9955-nutrapet-original-imahmcy2baaj3r45.jpeg?q=70,,0,,,,13.0,0.0,,,808.0,3.0,0.0,54.38,stable,flipkart|gtrends,2026-07-07,2026-07-07T17:09:43.186134,585,b631b28370154d2c,"nutrapet|nutrapet the lop eared donkey polyester, jute plush toy, squeaky toy for dog",52.5,54.38,52.5,1.88,0.0,0.84,0.0,,MONITOR
PFDE6S26TDDUC75Y,Royal Canin Sterilised 1.02 kg (12x0.09 kg) Wet Adult Cat Food,royal canin,cat_food,,,,,PFDE6S26TDDUC75Y,https://www.flipkart.com/royal-canin-sterilised-1-02-kg-12x0-09-kg-wet-adult-cat-food/p/itm533a3ffc048cf?pid=PFDE6S26TDDUC75Y&lid=LSTPFDE6S26TDDUC75YTSWAZZ&marketplace=FLIPKART&q=royal+canin+cat+food&store=p3t%2F0mo%2Foiv&srno=s_1_20&otracker=search&fm=organic&iid=8c819297-3b7e-4c85-b19b-312f8798d713.PFDE6S26TDDUC75Y.SEARCH&ppt=None&ppn=None&ssid=htiipb2zbk0000001783424271148&qH=d9e0c635368b029a&ov_redirect=true&ov_redirect=true,https://rukminim2.flixcart.com/image/612/612/xif0q/pet-food/t/j/t/-original-imagjcu94avazeck.jpeg?q=70,https://rukminim2.flixcart.com/image/612/612/xif0q/pet-food/t/j/t/-original-imagjcu94avazeck.jpeg?q=70,,0,,,,20.0,0.0,4.6,,1266.0,21.67,-0.67,54.37,stable,flipkart|gtrends,2026-07-07,2026-07-07T17:09:43.183676,586,f5768d803f34e7a7,royal canin|royal canin sterilised 1.02 kg (12x0.09 kg) wet adult cat food,51.25,54.37,51.25,3.12,0.0,0.83,0.0,,MONITOR
PFDGWYRJQHGRFF3Z,Whiskas Tasty Mix (1+ Years) Sea Food 980 g (14x70 g) Wet Adult Cat Food,whiskas,cat_food,,,,,PFDGWYRJQHGRFF3Z,https://www.flipkart.com/whiskas-tasty-mix-1-years-sea-food-980-g-14x70-g-wet-adult-cat/p/itm66d5e04b254e9?pid=PFDGWYRJQHGRFF3Z&lid=LSTPFDGWYRJQHGRFF3Z7JMQXU&marketplace=FLIPKART&q=whiskas+cat+food&store=p3t%2F0mo%2Foiv&srno=s_1_20&otracker=search&fm=organic&iid=277a2e5a-7f5c-426e-9eca-9fa4eeca5d96.PFDGWYRJQHGRFF3Z.SEARCH&ppt=None&ppn=None&ssid=yzr2xmfm9c0000001783424268608&qH=46a274706d720cac&ov_redirect=true&ov_redirect=true,https://rukminim2.flixcart.com/image/612/612/xif0q/pet-food/t/i/x/-original-imahgb2z7az9x6zp.jpeg?q=70,https://rukminim2.flixcart.com/image/612/612/xif0q/pet-food/t/i/x/-original-imahgb2z7az9x6zp.jpeg?q=70,,0,,,,20.0,0.0,4.6,,630.0,21.67,-0.67,54.37,stable,flipkart|gtrends,2026-07-07,2026-07-07T17:09:43.183047,587,62d7755bcbd16cfe,whiskas|whiskas tasty mix (1+ years) sea food 980 g (14x70 g) wet adult cat food,51.25,54.37,51.25,3.12,0.0,0.83,0.0,,MONITOR
B0BLNYPHB6,"LitVibes Paw Cat Collar With Bell,Kitten And Small Dogs Soft Adjustable Collar,Safe,Breakaway For Cats And Puppies-Red,?14 cm",litvibes,collars_leashes,,B0BLNYPHB6,https://www.amazon.in/Litvibes-Collar-Adjustable-Breakaway-Puppies/dp/B0BLNYPHB6/ref=zg_bs_g_4771379031_d_sccl_24/522-4724523-7365803?psc=1,"https://images-eu.ssl-images-amazon.com/images/I/41xg2kiwPEL._AC_UL300_SR300,200_.jpg",,,,"https://images-eu.ssl-images-amazon.com/images/I/41xg2kiwPEL._AC_UL300_SR300,200_.jpg",20.0,0,4.2,237.0,165.0,,,,,,5.0,-3.0,54.32,stable,amazon|gtrends,2026-07-07,2026-07-07T17:09:43.179034,588,eeeca6c53f532fdd,"litvibes|litvibes paw cat collar with bell,kitten and small dogs soft adjustable collar,s",51.2,54.32,51.2,3.12,0.0,0.83,0.0,,MONITOR
B07BWXP7CV,"Pedigree Adult Dry Dog Food, Chicken, Egg & Rice, 3 kg, Contains 37 Essential Nutrients, 100% Complete & Balanced Food for Ad",pedigree,dog_food,,B07BWXP7CV,https://www.amazon.in/Pedigree-Adult-Protein-Variant-Chicken/dp/B07BWXP7CV/ref=zg_bs_g_4771395031_d_sccl_28/522-4724523-7365803?psc=1,"https://images-eu.ssl-images-amazon.com/images/I/71URClZOkQL._AC_UL300_SR300,200_.jpg",,,,"https://images-eu.ssl-images-amazon.com/images/I/71URClZOkQL._AC_UL300_SR300,200_.jpg",25.0,0,4.4,7541.0,711.0,,,,,,18.0,-3.2,54.3,stable,amazon|gtrends,2026-07-07,2026-07-07T17:09:43.161200,589,13a06c91569dc12a,"pedigree|pedigree adult dry dog food, chicken, egg & rice, 3 kg, contains 37 essential nu",51.18,54.3,51.18,3.12,0.0,0.83,0.0,,MONITOR
PFDE6QF9J5GZSZQB,Me-O Sea Sea Food 3 kg Cat Food,me-o,cat_food,,,,,PFDE6QF9J5GZSZQB,https://www.flipkart.com/me-o-sea-food-3-kg-cat/p/itm1a2edb737d859?pid=PFDE6QF9J5GZSZQB&lid=LSTPFDE6QF9J5GZSZQBOIJLEI&marketplace=FLIPKART&q=meo+cat+food&store=p3t%2F0mo%2Foiv&srno=s_1_19&otracker=search&fm=organic&iid=8a0975ac-f6d1-49ba-a9a5-4c6a973ead86.PFDE6QF9J5GZSZQB.SEARCH&ppt=None&ppn=None&ssid=kuu7d4pgps0000001783424273731&qH=c9e60ce57aa2b156&ov_redirect=true&ov_redirect=true,https://rukminim2.flixcart.com/image/612/612/xif0q/pet-food/x/n/x/-original-imagjgvgchctegh3.jpeg?q=70,https://rukminim2.flixcart.com/image/612/612/xif0q/pet-food/x/n/x/-original-imagjgvgchctegh3.jpeg?q=70,,0,,,,19.0,0.0,4.2,,1684.0,21.67,-0.67,54.25,stable,flipkart|gtrends,2026-07-07,2026-07-07T17:09:43.184316,590,cd78fa87149a8998,me-o|me-o sea sea food 3 kg cat food,51.13,54.25,51.13,3.12,0.0,0.83,0.0,,MONITOR
PTYGJHNCHVBGDHYW,Rvpaws Cat sisal ball interactive training balls bite resistant catnip for cat & kitten Jute Ball For Cat,rvpaws,cat_toys,,,,,PTYGJHNCHVBGDHYW,https://www.flipkart.com/rvpaws-cat-sisal-ball-interactive-training-balls-bite-resistant-catnip-kitten-jute/p/itm97ae5d5e55694?pid=PTYGJHNCHVBGDHYW&lid=LSTPTYGJHNCHVBGDHYWA5FVT6&marketplace=FLIPKART&q=catnip+toy&store=p3t%2F0mo%2Fgba&srno=s_1_12&otracker=search&fm=organic&iid=39e31d82-0a1a-4f12-a245-083e2fba4e25.PTYGJHNCHVBGDHYW.SEARCH&ppt=None&ppn=None&ssid=0fjvryz3nk0000001783424289434&qH=f9b349971a41f28d&ov_redirect=true&ov_redirect=true,https://rukminim2.flixcart.com/image/612/612/kz3118w0/pet-toy/x/h/f/1-dt-pet-119-dogtrust-original-imagb6fpw9hhqkcm.jpeg?q=70,https://rukminim2.flixcart.com/image/612/612/kz3118w0/pet-toy/x/h/f/1-dt-pet-119-dogtrust-original-imagb6fpw9hhqkcm.jpeg?q=70,,0,,,,12.0,0.0,,,150.0,4.0,-6.0,54.18,stable,flipkart|gtrends,2026-07-07,2026-07-07T17:09:43.188634,591,31f62a3d08d97f46,rvpaws|rvpaws cat sisal ball interactive training balls bite resistant catnip for cat &,52.3,54.18,52.3,1.88,0.0,0.84,0.0,,MONITOR
B0CNZVK8N5,Foodie Puppies 2in1 Combo of Latex Squeaky Sound Chew Toy - (Blue Bull and Claw Ball) for Small Dogs & Puppies | Interactive,foodie,dog_toys,,B0CNZVK8N5,https://www.amazon.in/Foodie-Puppies-Combo-Ball-Elephant/dp/B0CNZVK8N5/ref=zg_bs_g_4771401031_d_sccl_24/522-4724523-7365803?psc=1,"https://images-eu.ssl-images-amazon.com/images/I/61JVAZtRPCL._AC_UL300_SR300,200_.jpg",,,,"https://images-eu.ssl-images-amazon.com/images/I/61JVAZtRPCL._AC_UL300_SR300,200_.jpg",22.0,0,4.4,484.0,370.0,,,,,,3.0,0.0,54.14,stable,amazon|gtrends,2026-07-07,2026-07-07T17:09:43.163465,592,df77a31dd3c327c8,foodie|foodie puppies 2in1 combo of latex squeaky sound chew toy - (blue bull and claw ,51.02,54.14,51.02,3.12,0.0,0.83,0.0,,MONITOR
B0CG1T8J5B,Foodie Puppies Dog Bath Brush Body Scrubber Shampoo Dispenser Tick Remover - (Silicone Dispenser Brush) for Shower Bathing an,foodie,grooming,,B0CG1T8J5B,https://www.amazon.in/Foodie-Puppies-Brush-Scrubber-Dispenser/dp/B0CG1T8J5B/ref=zg_bs_g_4771396031_d_sccl_22/522-4724523-7365803?psc=1,"https://images-eu.ssl-images-amazon.com/images/I/61f3dfO3naL._AC_UL300_SR300,200_.jpg",,,,"https://images-eu.ssl-images-amazon.com/images/I/61f3dfO3naL._AC_UL300_SR300,200_.jpg",20.0,0,3.9,630.0,111.0,,,,,,13.5,-1.5,54.13,stable,amazon|gtrends,2026-07-07,2026-07-07T17:09:43.166584,593,ad394f883cee64c0,foodie|foodie puppies dog bath brush body scrubber shampoo dispenser tick remover - (si,51.63,54.13,51.63,2.5,0.0,0.83,0.0,,MONITOR
PTYH79HKQAFUX2UK,Pet Guard Cat Toys -Interactive Cat Feather Toy Set -Activity Cat Toys Plastic Training Aid For Cat,,cat_toys,,,,,PTYH79HKQAFUX2UK,https://www.flipkart.com/pet-guard-cat-toys-interactive-feather-toy-set-activity-plastic-training-aid/p/itm280c3b6714c2c?pid=PTYH79HKQAFUX2UK&lid=LSTPTYH79HKQAFUX2UKFOZZD1&marketplace=FLIPKART&q=interactive+cat+toy&store=p3t&srno=s_1_19&otracker=search&fm=organic&iid=c7f1756f-91f9-4944-90cc-2787dea405fa.PTYH79HKQAFUX2UK.SEARCH&ppt=None&ppn=None&ssid=keh8997g2o0000001783424292071&qH=6f2caafe5fdbc2f8&ov_redirect=true&ov_redirect=true,https://rukminim2.flixcart.com/image/612/612/xif0q/pet-toy/8/w/d/1-vvfbdbf-pet-guard-original-imah79hkvmjbj8az.jpeg?q=70,https://rukminim2.flixcart.com/image/612/612/xif0q/pet-toy/8/w/d/1-vvfbdbf-pet-guard-original-imah79hkvmjbj8az.jpeg?q=70,,0,,,,19.0,0.0,4.5,,161.0,4.0,-6.0,54.02,stable,flipkart|gtrends,2026-07-07,2026-07-07T17:09:43.189795,594,eaf490ed4dd4adb6,|pet guard cat toys -interactive cat feather toy set -activity cat toys plastic t,50.9,54.02,50.9,3.12,0.0,0.83,0.0,,MONITOR
B07G3GVBVF,"AmazonBasics Cat Tree with Platform, Grey ,1 Piece,X-Large",amazon basics,beds_accessories,,B07G3GVBVF,https://www.amazon.in/amazon-basics-Platform-Piece-X-Large/dp/B07G3GVBVF/ref=zg_bs_g_4771375031_d_sccl_25/522-4724523-7365803?psc=1,"https://images-eu.ssl-images-amazon.com/images/I/71ggmM4GxkS._AC_UL300_SR300,200_.jpg",,,,"https://images-eu.ssl-images-amazon.com/images/I/71ggmM4GxkS._AC_UL300_SR300,200_.jpg",23.0,0,4.0,2705.0,2849.0,,,,,,20.5,-2.0,54.0,stable,amazon|gtrends,2026-07-07,2026-07-07T17:09:43.172230,595,5b45b3e921d675d9,"amazon basics|amazonbasics cat tree with platform, grey ,1 piece,x-large",51.5,54.0,51.5,2.5,0.0,0.83,0.0,,MONITOR
PCLHGZQF2VD6J27T,Petbabas Dog Anti-stress Collar,petbabas,training,,,,,PCLHGZQF2VD6J27T,https://www.flipkart.com/petbabas-dog-anti-stress-collar/p/itmf41b1173133b4?pid=PCLHGZQF2VD6J27T&lid=LSTPCLHGZQF2VD6J27TFQN2AA&marketplace=FLIPKART&q=anti+bark+collar&store=search.flipkart.com&srno=s_1_13&otracker=search&fm=organic&iid=a5e41e6c-f712-4fa1-877c-d3c823b8ca75.PCLHGZQF2VD6J27T.SEARCH&ppt=None&ppn=None&ssid=p8wimx3quo0000001783424357818&qH=f1fde8a6826f7c4a&ov_redirect=true&ov_redirect=true,https://rukminim2.flixcart.com/image/612/612/xif0q/pet-collar-harness/q/2/x/large-6-petbabas-original-imahgzqf9anzdvbr.jpeg?q=70,https://rukminim2.flixcart.com/image/612/612/xif0q/pet-collar-harness/q/2/x/large-6-petbabas-original-imahgzqf9anzdvbr.jpeg?q=70,,0,,,,13.0,0.0,,,243.0,0.5,-2.0,53.98,stable,flipkart|gtrends,2026-07-07,2026-07-07T17:09:43.205502,596,abdad19b2be7b570,petbabas|petbabas dog anti-stress collar,52.1,53.98,52.1,1.88,0.0,0.84,0.0,,MONITOR
PFDHGCPCWNPFYRRM,"TAILWAGZ 900gm Delicious Milk And Veg Puppy Biscuits Healthy Treats Rich In Milk, Vegetable 0.9 kg (2x...",tailwagz,dog_food,,,,,PFDHGCPCWNPFYRRM,https://www.flipkart.com/tailwagz-900gm-delicious-milk-veg-puppy-biscuits-healthy-treats-rich-milk-vegetable-0-9-kg-2x0-45-kg-dry-new-born-adult-senior-young-dog-food/p/itmaf39ec87cc876?pid=PFDHGCPCWNPFYRRM&lid=LSTPFDHGCPCWNPFYRRMYPKMAQ&marketplace=FLIPKART&q=puppy+food&store=p3t%2Fea3%2F8zj&srno=s_1_19&otracker=search&fm=organic&iid=bd00ce40-63e5-4628-8bfb-22760bef423a.PFDHGCPCWNPFYRRM.SEARCH&ppt=None&ppn=None&ssid=jgnht7d6n40000001783424250669&qH=1b10931195d885ee&ov_redirect=true,https://rukminim2.flixcart.com/image/312/312/xif0q/pet-food/b/h/p/1-4-dog-1-veg-and-milk-dog-treat-ideal-for-all-breads-tailwagz-original-imahgsbcghkud4hy.jpeg?q=70,https://rukminim2.flixcart.com/image/312/312/xif0q/pet-food/b/h/p/1-4-dog-1-veg-and-milk-dog-treat-ideal-for-all-breads-tailwagz-original-imahgsbcghkud4hy.jpeg?q=70,,0,,,,19.0,0.0,4.1,117.0,146.0,18.0,-3.2,53.92,stable,flipkart|gtrends,2026-07-07,2026-07-07T17:09:43.180804,597,915c5feb2f96897a,tailwagz|tailwagz 900gm delicious milk and veg puppy biscuits healthy treats rich in milk,51.42,53.92,51.42,2.5,0.0,0.83,0.0,,MONITOR
PCLHGB5T4KZGGUYS,"Pawxie No Pull Tactical Dog Harness, Adjustable Size For 25-40KG Pet Dog Harness & Leash",pawxie,collars_leashes,,,,,PCLHGB5T4KZGGUYS,https://www.flipkart.com/pawxie-no-pull-tactical-dog-harness-adjustable-size-25-40kg-pet-harness-leash/p/itm3402d022259fc?pid=PCLHGB5T4KZGGUYS&lid=LSTPCLHGB5T4KZGGUYSME2PPA&marketplace=FLIPKART&q=dog+leash&store=p3t%2Fea3%2Fpmw&srno=s_1_18&otracker=search&fm=organic&iid=en_OKxDfikeA80ux8kpWkJ7YFWv_8bLyKuB-h6wuO874rnbLwPmG4910DCEjyLaFCYT4ibMv71-UiLUZt-aD0syJtKYmF4J2SOUITq8x7FQx1aUHXbcAgTWzVPN8MswEze2&ppt=None&ppn=None&ssid=c2vsj1dnb40000001783424340877&qH=b0e743e99781d2ae&ov_redirect=true&ov_redirect=true,https://rukminim2.flixcart.com/image/612/612/xif0q/pet-collar-harness/m/e/n/medium-tactical-dog-harness-with-leash-pawxie-original-imahhwkfm7btfsw9.jpeg?q=70,https://rukminim2.flixcart.com/image/612/612/xif0q/pet-collar-harness/m/e/n/medium-tactical-dog-harness-with-leash-pawxie-original-imahhwkfm7btfsw9.jpeg?q=70,,0,,,,18.0,0.0,4.1,,1910.0,5.0,-3.0,53.88,stable,flipkart|gtrends,2026-07-07,2026-07-07T17:09:43.201381,598,ac035cc0777e005c,"pawxie|pawxie no pull tactical dog harness, adjustable size for 25-40kg pet dog harness",51.38,53.88,51.38,2.5,0.0,0.83,0.0,,MONITOR
B0F2N4XTCX,"Amazon Basics Retractable Dog Leash | 5 Meter | for Large Dogs Up to 50 Kg | Heavy Duty Leash for Pets | Strong Nylon Tape,",amazon basics,collars_leashes,,B0F2N4XTCX,https://www.amazon.in/Amazon-Basics-Retractable-Anti-Slip-One-Click/dp/B0F2N4XTCX/ref=zg_bs_g_4771392031_d_sccl_22/522-4724523-7365803?psc=1,"https://images-eu.ssl-images-amazon.com/images/I/61iDQqE1kGL._AC_UL300_SR300,200_.jpg",,,,"https://images-eu.ssl-images-amazon.com/images/I/61iDQqE1kGL._AC_UL300_SR300,200_.jpg",20.0,0,4.2,93.0,659.0,,,,,,5.0,-3.0,53.74,stable,amazon|gtrends,2026-07-07,2026-07-07T17:09:43.177151,599,685f58d5166d70fd,amazon basics|amazon basics retractable dog leash | 5 meter | for large dogs up to 50 kg | hea,50.62,53.74,50.62,3.12,0.0,0.83,0.0,,MONITOR
B0GLNYGXRV,"Kapiance Rolings Toy, Interactives Toy Electric 360° Smart Automatic Rollings Pet Balls Interactives Rollings for Cat and Dog",kapiance,cat_toys,,B0GLNYGXRV,https://www.amazon.in/Kapiance-Toy-Interactives-Automatic-Pet/dp/B0GLNYGXRV/ref=zg_bs_g_4771387031_d_sccl_25/522-4724523-7365803?psc=1,"https://images-eu.ssl-images-amazon.com/images/I/61kY9EygIdL._AC_UL300_SR300,200_.jpg",,,,"https://images-eu.ssl-images-amazon.com/images/I/61kY9EygIdL._AC_UL300_SR300,200_.jpg",21.0,0,5.0,6.0,205.0,,,,,,4.0,-6.0,53.66,stable,amazon|gtrends,2026-07-07,2026-07-07T17:09:43.164904,600,54bf2e870ac37022,"kapiance|kapiance rolings toy, interactives toy electric 360° smart automatic rollings pe",50.54,53.66,50.54,3.12,0.0,0.83,0.0,,MONITOR
PCBFF8KVB5GGGJXY,"Smarty COMB DOG & CAT Basic Comb for Dog, Cat",smarty,grooming,,,,,PCBFF8KVB5GGGJXY,https://www.flipkart.com/smarty-comb-dog-cat-basic-dog/p/itmff8npfyehcghs?pid=PCBFF8KVB5GGGJXY&lid=LSTPCBFF8KVB5GGGJXYA2DEWM&marketplace=FLIPKART&q=dog+brush&store=p3t%2Fixl%2F770&srno=s_1_20&otracker=search&fm=organic&iid=94002573-d5e8-41b4-8dc7-3432732abc74.PCBFF8KVB5GGGJXY.SEARCH&ppt=None&ppn=None&ssid=6sp2qnbbb40000001783424302403&qH=c664f21272e7c16e&ov_redirect=true&ov_redirect=true,https://rukminim2.flixcart.com/image/612/612/xif0q/pet-comb-brush/k/r/x/medium-rr-00123-smarty-original-imahmqwzzacytz8f.jpeg?q=70,https://rukminim2.flixcart.com/image/612/612/xif0q/pet-comb-brush/k/r/x/medium-rr-00123-smarty-original-imahmqwzzacytz8f.jpeg?q=70,,0,,,,20.0,0.0,4.4,,84.0,13.5,-1.5,53.64,stable,flipkart|gtrends,2026-07-07,2026-07-07T17:09:43.192639,601,07c4f1984c21d68d,"smarty|smarty comb dog & cat basic comb for dog, cat",50.52,53.64,50.52,3.12,0.0,0.83,0.0,,MONITOR
PCCG9HZZ8QGZGUWS,DogTrust Bell Cat Collar Charm,dogtrust,collars_leashes,,,,,PCCG9HZZ8QGZGUWS,https://www.flipkart.com/dogtrust-bell-cat-collar-charm/p/itm2eae01a50f1e4?pid=PCCG9HZZ8QGZGUWS&lid=LSTPCCG9HZZ8QGZGUWS3TTCY8&marketplace=FLIPKART&q=cat+collar&store=p3t&srno=s_1_18&otracker=search&fm=organic&iid=en_uijc9Bi5n3Dl9T-2slMJU4lI_nrzDjpQIgub2MXjcKgIZmJNy0_nnZe_ykCMUqx92PtGS3q7KFTWb_b9IRmN7qI9Z9LuNBMUAOZdZ7wNS_masryb_0xGZ9CurSNqmvxT&ppt=None&ppn=None&ssid=dl7gz1mpu80000001783424338174&qH=831161a82e2648a4&ov_redirect=true&ov_redirect=true,https://rukminim2.flixcart.com/image/612/612/kx25ksw0/pet-collar-charm/2/k/a/cat-collars-set-of-2-breakaway-with-bell-and-bow-kitten-and-original-imag9hzzvzxdyzns.jpeg?q=70,https://rukminim2.flixcart.com/image/612/612/kx25ksw0/pet-collar-charm/2/k/a/cat-collars-set-of-2-breakaway-with-bell-and-bow-kitten-and-original-imag9hzzvzxdyzns.jpeg?q=70,,0,,,,18.0,0.0,4.0,,167.0,5.0,-3.0,53.6,stable,flipkart|gtrends,2026-07-07,2026-07-07T17:09:43.200537,602,4ee7d9098cd5ecc2,dogtrust|dogtrust bell cat collar charm,51.1,53.6,51.1,2.5,0.0,0.83,0.0,,MONITOR
PCLGHAF6VQFYGY8F,SENAPATI Dog Collar & Chain,senapati,collars_leashes,,,,,PCLGHAF6VQFYGY8F,https://www.flipkart.com/senapati-dog-collar-chain/p/itm1b55624589abd?pid=PCLGHAF6VQFYGY8F&lid=LSTPCLGHAF6VQFYGY8FNJF8RZ&marketplace=FLIPKART&q=dog+collar&store=p3t%2Fea3%2Fb1n&srno=s_1_18&otracker=search&fm=organic&iid=en_6hLpz_MXPhzqMwJvD7Fqu7flGPdWiCbltzQZxucrjgRCV-33mC7HI7ZOQBD8SrLUrM2PDB5wAB0Xkl4ldUnneRVSGH5MTlcPJ9znQBgmaOCbykUNyBw1QK9OjNzdgbzO&ppt=None&ppn=None&ssid=7qp8bruvq80000001783424335453&qH=7e1db77825e65614&ov_redirect=true&ov_redirect=true,https://rukminim2.flixcart.com/image/612/612/xif0q/pet-collar-harness/4/h/z/medium-combo-chain-and-belt-collar-senapati-original-imaghaf6mbzdwm4f.jpeg?q=70,https://rukminim2.flixcart.com/image/612/612/xif0q/pet-collar-harness/4/h/z/medium-combo-chain-and-belt-collar-senapati-original-imaghaf6mbzdwm4f.jpeg?q=70,,0,,,,18.0,0.0,4.0,,143.0,5.0,-3.0,53.6,stable,flipkart|gtrends,2026-07-07,2026-07-07T17:09:43.199682,603,d5dc0d4b6790f1c2,senapati|senapati dog collar & chain,51.1,53.6,51.1,2.5,0.0,0.83,0.0,,MONITOR
STFHHD3ZMMU3YTZZ,CHIKLY Cat Plush Toy with Press Simulation Sound - 8 cm,chikly,cat_toys,,,,,STFHHD3ZMMU3YTZZ,https://www.flipkart.com/chikly-cat-plush-toy-press-simulation-sound-8-cm/p/itm5f008132062bf?pid=STFHHD3ZMMU3YTZZ&lid=LSTSTFHHD3ZMMU3YTZZ5B69SI&marketplace=FLIPKART&q=cat+toys&store=tng&srno=s_1_20&otracker=search&fm=organic&iid=578702ef-3270-4863-9036-db59e3e6d0b1.STFHHD3ZMMU3YTZZ.SEARCH&ppt=None&ppn=None&ssid=aofj69zshs0000001783424286813&qH=4372de0f4359aa53&ov_redirect=true&ov_redirect=true,https://rukminim2.flixcart.com/image/612/612/xif0q/stuffed-toy/w/s/p/sleeping-cat-stuffed-animal-fur-soft-toys-with-sound-for-kids-25-original-imah7ed8t5vgmsfv.jpeg?q=70,https://rukminim2.flixcart.com/image/612/612/xif0q/stuffed-toy/w/s/p/sleeping-cat-stuffed-animal-fur-soft-toys-with-sound-for-kids-25-original-imah7ed8t5vgmsfv.jpeg?q=70,,0,,,,20.0,0.0,4.7,,329.0,4.0,-6.0,53.58,stable,flipkart|gtrends,2026-07-07,2026-07-07T17:09:43.188204,604,727d33d464c4b071,chikly|chikly cat plush toy with press simulation sound - 8 cm,50.46,53.58,50.46,3.12,0.0,0.83,0.0,,MONITOR
PTYHNSFEZHDUY9CD,"decorvaiz Toys for Medium Puppies Dogs Toy Combo | Multicolor | Foam Ball Cotton Ball, Fetch Toy, Chew Toy, Tug Toy, Rubber Toy, Squeaky Toy For Dog",decorvaiz,dog_toys,,,,,PTYHNSFEZHDUY9CD,https://www.flipkart.com/decorvaiz-toys-medium-puppies-dogs-toy-combo-multicolor-foam-ball-cotton-ball-fetch-toy-chew-tug-rubber-squeaky-dog/p/itmbbec914accb82?pid=PTYHNSFEZHDUY9CD&lid=LSTPTYHNSFEZHDUY9CDQAIXJF&marketplace=FLIPKART&q=dog+toys&store=search.flipkart.com&srno=s_1_14&otracker=search&fm=organic&iid=72b68f00-cfc5-43ef-aa2c-9fbf9afa59ca.PTYHNSFEZHDUY9CD.SEARCH&ppt=None&ppn=None&ssid=kznhsbimtc0000001783424276401&qH=656c5ee0f079e36b&ov_redirect=true&ov_redirect=true,https://rukminim2.flixcart.com/image/612/612/xif0q/pet-toy/y/q/l/5-combo-toys0285-f-246-decorvaiz-original-imahnsfe3tmfbk5b.jpeg?q=70,https://rukminim2.flixcart.com/image/612/612/xif0q/pet-toy/y/q/l/5-combo-toys0285-f-246-decorvaiz-original-imahnsfe3tmfbk5b.jpeg?q=70,,0,,,,14.0,0.0,,,175.0,3.0,0.0,53.38,stable,flipkart|gtrends,2026-07-07,2026-07-07T17:09:43.184823,605,992e1992bf519919,decorvaiz|decorvaiz toys for medium puppies dogs toy combo | multicolor | foam ball cotton,51.5,53.38,51.5,1.88,0.0,0.83,0.0,,MONITOR
B07ZS1PF3N,"HANK Deshedding Brush for Dogs & Cats | 6mm Stainless Steel Pet Grooming Tool | Dog Hair Remover Brush for Short, Medium & Lo",hank,grooming,,B07ZS1PF3N,https://www.amazon.in/HANK-Grooming-Brush-Deshedding-Effectively-Shedding/dp/B07ZS1PF3N/ref=zg_bs_g_4771396031_d_sccl_28/522-4724523-7365803?psc=1,"https://images-eu.ssl-images-amazon.com/images/I/61HXCWRsTIL._AC_UL300_SR300,200_.jpg",,,,"https://images-eu.ssl-images-amazon.com/images/I/61HXCWRsTIL._AC_UL300_SR300,200_.jpg",25.0,0,4.2,2670.0,699.0,,,,,,13.5,-1.5,53.25,stable,amazon|gtrends,2026-07-07,2026-07-07T17:09:43.167006,606,ffb016efff3e0fc6,hank|hank deshedding brush for dogs & cats | 6mm stainless steel pet grooming tool | ,50.13,53.25,50.13,3.12,0.0,0.83,0.0,,MONITOR
PTYHNS752XZ63YFC,Emily Pets Cat Stick Toy with Bell & Plush | Interactive Kitten Wand (Color May Vary) Wooden Stick For Cat,emily,cat_toys,,,,,PTYHNS752XZ63YFC,https://www.flipkart.com/emily-pets-cat-stick-toy-bell-plush-interactive-kitten-wand-color-may-vary-wooden/p/itmb0017909aee96?pid=PTYHNS752XZ63YFC&lid=LSTPTYHNS752XZ63YFC7UBD6V&marketplace=FLIPKART&q=interactive+cat+toy&store=p3t&srno=s_1_13&otracker=search&fm=organic&iid=c7f1756f-91f9-4944-90cc-2787dea405fa.PTYHNS752XZ63YFC.SEARCH&ppt=None&ppn=None&ssid=keh8997g2o0000001783424292071&qH=6f2caafe5fdbc2f8&ov_redirect=true&ov_redirect=true,https://rukminim2.flixcart.com/image/612/612/xif0q/pet-toy/h/e/4/1-ctstk-002-emily-pets-original-imahns6w7yhwzfud.jpeg?q=70,https://rukminim2.flixcart.com/image/612/612/xif0q/pet-toy/h/e/4/1-ctstk-002-emily-pets-original-imahns6w7yhwzfud.jpeg?q=70,,0,,,,13.0,0.0,,,153.0,4.0,-6.0,53.18,stable,flipkart|gtrends,2026-07-07,2026-07-07T17:09:43.189523,607,99d1b86f13dc3cbe,emily|emily pets cat stick toy with bell & plush | interactive kitten wand (color may ,51.3,53.18,51.3,1.88,0.0,0.83,0.0,,MONITOR
B0GY99F8TT,Sunkizzrs Silvervine Stick 3-Pcs (Φ1 x 21cm) with Sisal Rope & Gall Fruit & Raffia Palm —Matatabi Stick for Cat Teeth Cleani,sunkizzrs,cat_food,,B0GY99F8TT,https://www.amazon.in/Sunkizzrs%C2%AE-Silvervine-Stick-Matatabi-Interactive/dp/B0GY99F8TT/ref=zg_bs_g_4771387031_d_sccl_24/522-4724523-7365803?psc=1,"https://images-eu.ssl-images-amazon.com/images/I/71xvtqzz68L._AC_UL300_SR300,200_.jpg",,,,"https://images-eu.ssl-images-amazon.com/images/I/71xvtqzz68L._AC_UL300_SR300,200_.jpg",20.0,0,4.0,125.0,299.0,,,,,,21.67,-0.67,53.18,stable,amazon|gtrends,2026-07-07,2026-07-07T17:09:43.164847,608,238baa1cab14589e,sunkizzrs|sunkizzrs silvervine stick 3-pcs (φ1 x 21cm) with sisal rope & gall fruit & raff,50.68,53.18,50.68,2.5,0.0,0.83,0.0,,MONITOR
B0F3HZQFX1,HIK FASHION Interactive Electric Automatic Rolling Moving Rechargeable Self Play Stimulation Toy for Cats and Small Dogs - Sm,hik,dog_toys,,B0F3HZQFX1,https://www.amazon.in/HIK-FASHION-Interactive-Rechargeable-Stimulation/dp/B0F3HZQFX1/ref=zg_bs_g_4771401031_d_sccl_10/522-4724523-7365803?psc=1,"https://images-eu.ssl-images-amazon.com/images/I/61SUqplD0UL._AC_UL300_SR300,200_.jpg",,,,"https://images-eu.ssl-images-amazon.com/images/I/61SUqplD0UL._AC_UL300_SR300,200_.jpg",9.0,0,3.7,195.0,128.0,,,,,,3.0,0.0,53.14,stable,amazon|gtrends,2026-07-07,2026-07-07T17:09:43.162749,609,a20685ef2526d997,hik|hik fashion interactive electric automatic rolling moving rechargeable self play,61.26,53.14,61.26,1.88,0.0,0.98,0.1,LOW_RATING_PENALTY,REVIEW_MANUALLY
PSOHCH8RSHHDMJXQ,"PETSWARE Cat Body Wash,5 in 1 Cat Shampoo+Conditioner for Persian Cats Hypoallergenic, Conditioning, Anti-fungal, Allergy Relief, Anti-parasitic Green Apple Cat Shampoo",petsware,grooming,,,,,PSOHCH8RSHHDMJXQ,https://www.flipkart.com/petsware-cat-body-wash-5-1-shampoo-conditioner-persian-cats-hypoallergenic-conditioning-anti-fungal-allergy-relief-anti-parasitic-green-apple-shampoo/p/itm550edf480ee55?pid=PSOHCH8RSHHDMJXQ&lid=LSTPSOHCH8RSHHDMJXQBGJWAE&marketplace=FLIPKART&q=cat+shampoo&store=p3t%2Fixl%2Fosh&srno=s_1_20&otracker=search&fm=organic&iid=b1ca53d0-beee-4dcd-aa21-6028d799340c.PSOHCH8RSHHDMJXQ.SEARCH&ppt=None&ppn=None&ssid=y8f1ftke9s0000001783424299769&qH=c761a0a39d797bbe&ov_redirect=true&ov_redirect=true,https://rukminim2.flixcart.com/image/612/612/xif0q/pet-shampoo/m/x/y/200-pet-body-wash-5-in-1-cat-shampoo-and-conditioner-deep-original-imahch8rthw5skda.jpeg?q=70,https://rukminim2.flixcart.com/image/612/612/xif0q/pet-shampoo/m/x/y/200-pet-body-wash-5-in-1-cat-shampoo-and-conditioner-deep-original-imahch8rthw5skda.jpeg?q=70,,0,,,,20.0,0.0,4.2,,135.0,13.5,-1.5,53.08,stable,flipkart|gtrends,2026-07-07,2026-07-07T17:09:43.191981,610,2f2e9baee89d89d8,"petsware|petsware cat body wash,5 in 1 cat shampoo+conditioner for persian cats hypoaller",49.96,53.08,49.96,3.12,0.0,0.82,0.0,,MONITOR
PEBHKMNX6C3A5GDM,Paitsco Luxury Soft Plush Fur Pet Bed for Dogs & Cats Pet Sofa Bed Comfort Sleeping S Pet Bed,paitsco,beds_accessories,,,,,PEBHKMNX6C3A5GDM,https://www.flipkart.com/paitsco-luxury-soft-plush-fur-pet-bed-dogs-cats-sofa-comfort-sleeping-s/p/itm08317a2a08807?pid=PEBHKMNX6C3A5GDM&lid=LSTPEBHKMNX6C3A5GDMM3HPWB&marketplace=FLIPKART&q=dog+bed&store=p3t%2Fea3%2Fas7&srno=s_1_19&otracker=search&fm=organic&iid=4b128f9d-2047-4efd-8106-2db6ff0d806a.PEBHKMNX6C3A5GDM.SEARCH&ppt=None&ppn=None&ssid=1iy83aen9s0000001783424308013&qH=08aaa321caaedb70&ov_redirect=true&ov_redirect=true,https://rukminim2.flixcart.com/image/612/612/xif0q/pet-bed/1/h/q/s-luxury-soft-plush-fur-pet-bed-for-dogs-cats-pet-sofa-bed-original-imahkmntvbufczz8.jpeg?q=70,https://rukminim2.flixcart.com/image/612/612/xif0q/pet-bed/1/h/q/s-luxury-soft-plush-fur-pet-bed-for-dogs-cats-pet-sofa-bed-original-imahkmntvbufczz8.jpeg?q=70,,0,,,,19.0,0.0,4.1,,322.0,20.5,-2.0,53.08,stable,flipkart|gtrends,2026-07-07,2026-07-07T17:09:43.193735,611,96d2ac088d21c006,paitsco|paitsco luxury soft plush fur pet bed for dogs & cats pet sofa bed comfort sleep,50.58,53.08,50.58,2.5,0.0,0.83,0.0,,MONITOR
B0G48NG41R,"Wuuff&Meow GimCat Premium Cat Multi-Vitamin Paste with 13 Vitamins, Oils, Zinc, Biotin, L-Carnitine for Immunity Support, Ski",me-o,health_wellness,,B0G48NG41R,https://www.amazon.in/Wuuff-Meow-Multi-Vitamin-Vitamins-L-Carnitine/dp/B0G48NG41R/ref=zg_bs_g_4771384031_d_sccl_23/522-4724523-7365803?psc=1,"https://images-eu.ssl-images-amazon.com/images/I/71YuSM-bvmL._AC_UL300_SR300,200_.jpg",,,,"https://images-eu.ssl-images-amazon.com/images/I/71YuSM-bvmL._AC_UL300_SR300,200_.jpg",22.0,0,4.7,9.0,846.0,,,,,,0.5,0.0,53.08,stable,amazon|gtrends,2026-07-07,2026-07-07T17:09:43.175252,612,b57d88b2c1fb5ce0,"me-o|wuuff&meow gimcat premium cat multi-vitamin paste with 13 vitamins, oils, zinc, ",49.96,53.08,49.96,3.12,0.0,0.82,0.0,,MONITOR
PEBHGJFCMFYFJJTG,Zexsazone Pumpkin Pet House Bed | Soft Plush Cat Cave & Small Dog Bed Shih Tzu & Small Dog S Pet Bed,zexsazone,beds_accessories,,,,,PEBHGJFCMFYFJJTG,https://www.flipkart.com/zexsazone-pumpkin-pet-house-bed-soft-plush-cat-cave-small-dog-shih-tzu-s/p/itm6f56bb3e3de98?pid=PEBHGJFCMFYFJJTG&lid=LSTPEBHGJFCMFYFJJTGJCSGBJ&marketplace=FLIPKART&q=cat+bed&store=search.flipkart.com&srno=s_1_19&otracker=search&fm=organic&iid=2feb8fb4-78e7-458c-bacb-4647a070ac7d.PEBHGJFCMFYFJJTG.SEARCH&ppt=None&ppn=None&ssid=uq8xefjfcg0000001783424311869&qH=0434bf5b1b52fdd8&ov_redirect=true&ov_redirect=true,https://rukminim2.flixcart.com/image/612/612/xif0q/pet-bed/s/e/a/s-pumpkin-pet-house-bed-soft-plush-cat-cave-small-dog-bed-shih-original-imahjky6agguhtky.jpeg?q=70,https://rukminim2.flixcart.com/image/612/612/xif0q/pet-bed/s/e/a/s-pumpkin-pet-house-bed-soft-plush-cat-cave-small-dog-bed-shih-original-imahjky6agguhtky.jpeg?q=70,,0,,,,19.0,0.0,4.1,,1393.0,20.5,-2.0,53.08,stable,flipkart|gtrends,2026-07-07,2026-07-07T17:09:43.194197,613,b95d8492fc1ec7d4,zexsazone|zexsazone pumpkin pet house bed | soft plush cat cave & small dog bed shih tzu &,50.58,53.08,50.58,2.5,0.0,0.83,0.0,,MONITOR
PLNGYHZSVUZA2XAH,dubidu DBD2401 180 cm Dog Chain Leash,dubidu,collars_leashes,,,,,PLNGYHZSVUZA2XAH,https://www.flipkart.com/dubidu-dbd2401-180-cm-dog-chain-leash/p/itmee6c8f0f61498?pid=PLNGYHZSVUZA2XAH&lid=LSTPLNGYHZSVUZA2XAHQ0INFP&marketplace=FLIPKART&q=dog+leash&store=p3t%2Fea3%2Fpmw&srno=s_1_20&otracker=search&fm=organic&iid=b8417349-ae6c-4b7f-a2f6-0b0bd52f98fc.PLNGYHZSVUZA2XAH.SEARCH&ppt=None&ppn=None&ssid=c2vsj1dnb40000001783424340877&qH=b0e743e99781d2ae&ov_redirect=true&ov_redirect=true,https://rukminim2.flixcart.com/image/612/612/xif0q/pet-leash-chain/e/k/u/dbd2401-dubidu-original-imagyhzse8hzqwct.jpeg?q=70,https://rukminim2.flixcart.com/image/612/612/xif0q/pet-leash-chain/e/k/u/dbd2401-dubidu-original-imagyhzse8hzqwct.jpeg?q=70,,0,,,,20.0,0.0,4.3,,320.0,5.0,-3.0,53.06,stable,flipkart|gtrends,2026-07-07,2026-07-07T17:09:43.201473,614,1aeb6c7c8ca9dcbe,dubidu|dubidu dbd2401 180 cm dog chain leash,49.94,53.06,49.94,3.12,0.0,0.82,0.0,,MONITOR
PCLFAPPSU8MKRGNV,PET HUB Dog Collar & Leash,,training,,,,,PCLFAPPSU8MKRGNV,https://www.flipkart.com/pet-hub-dog-collar-leash/p/itmfapsysmvgaw62?pid=PCLFAPPSU8MKRGNV&lid=LSTPCLFAPPSU8MKRGNVMFK2CN&marketplace=FLIPKART&q=anti+bark+collar&store=search.flipkart.com&srno=s_1_20&otracker=search&fm=organic&iid=a5e41e6c-f712-4fa1-877c-d3c823b8ca75.PCLFAPPSU8MKRGNV.SEARCH&ppt=None&ppn=None&ssid=p8wimx3quo0000001783424357818&qH=f1fde8a6826f7c4a&ov_redirect=true&ov_redirect=true,https://rukminim2.flixcart.com/image/612/612/joacvww0/pet-collar-harness/g/n/v/dlh6216721-pet-hub-original-imafarfk54nx8ugz.jpeg?q=70,https://rukminim2.flixcart.com/image/612/612/joacvww0/pet-collar-harness/g/n/v/dlh6216721-pet-hub-original-imafarfk54nx8ugz.jpeg?q=70,,0,,,,20.0,0.0,4.2,,197.0,0.5,-2.0,52.98,stable,flipkart|gtrends,2026-07-07,2026-07-07T17:09:43.205728,615,f892a5a6fc2b6363,|pet hub dog collar & leash,49.86,52.98,49.86,3.12,0.0,0.82,0.0,,MONITOR
PTYGFMADFR3VFJFD,Ratixes Pet Training Clicker with Wrist Strap and Strap Hook for Dog/Cat Plastic Training Aid For Dog & Cat,ratixes,training,,,,,PTYGFMADFR3VFJFD,https://www.flipkart.com/ratixes-pet-training-clicker-wrist-strap-hook-dog-cat-plastic-aid-dog-cat/p/itm7d7241cb8ab7f?pid=PTYGFMADFR3VFJFD&lid=LSTPTYGFMADFR3VFJFDJQJZ9A&marketplace=FLIPKART&q=clicker+dog+training&store=p3t%2Fea3%2Fg4c&srno=s_1_14&otracker=search&fm=organic&iid=fbb02aa1-aabd-4b0d-9e72-e506e20115f2.PTYGFMADFR3VFJFD.SEARCH&ppt=None&ppn=None&ssid=k2z16a13j40000001783424354631&qH=b0c60dc4bffa7e54&ov_redirect=true&ov_redirect=true,https://rukminim2.flixcart.com/image/612/612/l4ssfww0/shopsy-pet-toy/n/g/1/1-3-pcs-dog-clicker-dog-training-clicker-i-click-clicker-with-original-imagfma33mhhmhnm.jpeg?q=70,https://rukminim2.flixcart.com/image/612/612/l4ssfww0/shopsy-pet-toy/n/g/1/1-3-pcs-dog-clicker-dog-training-clicker-i-click-clicker-with-original-imagfma33mhhmhnm.jpeg?q=70,,0,,,,14.0,0.0,,,146.0,0.5,-2.0,52.98,stable,flipkart|gtrends,2026-07-07,2026-07-07T17:09:43.204687,616,02b4873c2e606638,ratixes|ratixes pet training clicker with wrist strap and strap hook for dog/cat plastic,51.1,52.98,51.1,1.88,0.0,0.83,0.0,,MONITOR
B0DJVWJHHJ,"BuddyCheer Dog Teeth Cleaning Wipes, Pet Dental Finger Wipes for Dogs, No-Rinse Finger Toothbrush Wipes to Reduce Plaque & Ta",buddycheer,health_wellness,,B0DJVWJHHJ,https://www.amazon.in/BuddyCheer-Wipes-Dental-Dogs-Cats/dp/B0DJVWJHHJ/ref=zg_bs_g_4771384031_d_sccl_21/522-4724523-7365803?psc=1,"https://images-eu.ssl-images-amazon.com/images/I/71XE9FMiSsL._AC_UL300_SR300,200_.jpg",,,,"https://images-eu.ssl-images-amazon.com/images/I/71XE9FMiSsL._AC_UL300_SR300,200_.jpg",20.0,0,4.0,42.0,239.0,,,,,,0.5,0.0,52.85,stable,amazon|gtrends,2026-07-07,2026-07-07T17:09:43.175139,617,ffa8066bcdb6b66c,"buddycheer|buddycheer dog teeth cleaning wipes, pet dental finger wipes for dogs, no-rinse ",50.35,52.85,50.35,2.5,0.0,0.83,0.0,,MONITOR
B09D2ZC8FJ,"Himalaya Erina Puppy Shampoo & Conditioner | 200 ml | Gentle 2-in-1 Cleansing & Conditioning for Puppies – with Oats, Reetha",himalaya,grooming,,B09D2ZC8FJ,https://www.amazon.in/Pampered-Petz-Himalaya-Shampoo-Conditioner/dp/B09D2ZC8FJ/ref=zg_bs_g_4771396031_d_sccl_26/522-4724523-7365803?psc=1,"https://images-eu.ssl-images-amazon.com/images/I/51h1RfHfvuL._AC_UL300_SR300,200_.jpg",,,,"https://images-eu.ssl-images-amazon.com/images/I/51h1RfHfvuL._AC_UL300_SR300,200_.jpg",23.0,0,4.2,761.0,250.0,,,,,,13.5,-1.5,52.84,stable,amazon|gtrends,2026-07-07,2026-07-07T17:09:43.166791,618,b165c36b51605ad9,himalaya|himalaya erina puppy shampoo & conditioner | 200 ml | gentle 2-in-1 cleansing & ,49.72,52.84,49.72,3.12,0.0,0.82,0.0,,MONITOR
B09QY8TSWS,"Qpets Cat Cone Collar Comfy & Soft Stuffed PP Cotton Adjustable Size Machine Washable, After Surgery for Anti-Licking Dog E",qpets,collars_leashes,,B09QY8TSWS,https://www.amazon.in/Stuffed-Adjustable-Washable-Anti-Licking-Recovery/dp/B09QY8TSWS/ref=zg_bs_g_4771379031_d_sccl_25/522-4724523-7365803?psc=1,"https://images-eu.ssl-images-amazon.com/images/I/61cSo4LVGVL._AC_UL300_SR300,200_.jpg",,,,"https://images-eu.ssl-images-amazon.com/images/I/61cSo4LVGVL._AC_UL300_SR300,200_.jpg",21.0,0,4.1,384.0,494.0,,,,,,5.0,-3.0,52.84,stable,amazon|gtrends,2026-07-07,2026-07-07T17:09:43.179099,619,1fdba39a7cca8cbd,qpets|qpets cat cone collar comfy & soft stuffed pp cotton adjustable size machine was,50.34,52.84,50.34,2.5,0.0,0.83,0.0,,MONITOR
PBLGT3TWBDFV9GPJ,Pet Guard Automatic Dog Water Feeder Gravity Dog Water Dispenser Pet Water Fountain Plastic Pet Bowl & Bottle,,beds_accessories,,,,,PBLGT3TWBDFV9GPJ,https://www.flipkart.com/pet-guard-automatic-dog-water-feeder-gravity-dispenser-fountain-plastic-bowl-bottle/p/itm50dec4f9ccd66?pid=PBLGT3TWBDFV9GPJ&lid=LSTPBLGT3TWBDFV9GPJES8Y1I&marketplace=FLIPKART&q=pet+water+fountain+for+dogs&store=p3t&srno=s_1_19&otracker=search&fm=organic&iid=6536bef0-c166-4646-9df7-0f1d82699e7c.PBLGT3TWBDFV9GPJ.SEARCH&ppt=None&ppn=None&ssid=g1f863abgw0000001783424317830&qH=b2476794fa449bb7&ov_redirect=true&ov_redirect=true,https://rukminim2.flixcart.com/image/612/612/xif0q/pet-bowl-bottle/h/v/u/puppy-water-bottle-1-pet-guard-500-original-imagt3tw7yznysna.jpeg?q=70,https://rukminim2.flixcart.com/image/612/612/xif0q/pet-bowl-bottle/h/v/u/puppy-water-bottle-1-pet-guard-500-original-imagt3tw7yznysna.jpeg?q=70,,0,,,,19.0,0.0,4.0,,239.0,20.5,-2.0,52.8,stable,flipkart|gtrends,2026-07-07,2026-07-07T17:09:43.195495,620,2102726625ff68c8,|pet guard automatic dog water feeder gravity dog water dispenser pet water fount,50.3,52.8,50.3,2.5,0.0,0.83,0.0,,MONITOR
B0FQCJTDVV,Wudyhub Cat Tree Indoor Climbing Activity Tower with Scratching Posts | Cat-37-Brown | 40x30x80 cm,wudyhub,beds_accessories,,B0FQCJTDVV,https://www.amazon.in/Wudyhub-Climbing-Activity-Scratching-Cat-02-Grey/dp/B0FQCJTDVV/ref=zg_bs_g_4771375031_d_sccl_23/522-4724523-7365803?psc=1,"https://images-eu.ssl-images-amazon.com/images/I/61SJmOOJUGL._AC_UL300_SR300,200_.jpg",,,,"https://images-eu.ssl-images-amazon.com/images/I/61SJmOOJUGL._AC_UL300_SR300,200_.jpg",21.0,0,4.2,64.0,,,,,,,20.5,-2.0,52.78,stable,amazon|gtrends,2026-07-07,2026-07-07T17:09:43.172116,621,20601c3c35a795f7,wudyhub|wudyhub cat tree indoor climbing activity tower with scratching posts | cat-37-b,49.66,52.78,49.66,3.12,0.0,0.82,0.0,,MONITOR
B09QYYYVMR,RvPaws Combo Nylon Dog Belt - 1 Inch Collar with Heavy Dog Chain 63 Inch Lengthy Dog Collar Chain Adjustable (Collar Neck Siz,rvpaws,collars_leashes,,B09QYYYVMR,https://www.amazon.in/RvPaws-Combo-Collar-Lengthy-Golden/dp/B09QYYYVMR/ref=zg_bs_g_4771392031_d_sccl_26/522-4724523-7365803?psc=1,"https://images-eu.ssl-images-amazon.com/images/I/81xyT8NBEdL._AC_UL300_SR300,200_.jpg",,,,"https://images-eu.ssl-images-amazon.com/images/I/81xyT8NBEdL._AC_UL300_SR300,200_.jpg",23.0,0,4.1,1397.0,284.0,,,,,,5.0,-3.0,52.62,stable,amazon|gtrends,2026-07-07,2026-07-07T17:09:43.177346,622,9d455d5757b266b5,rvpaws|rvpaws combo nylon dog belt - 1 inch collar with heavy dog chain 63 inch lengthy,50.12,52.62,50.12,2.5,0.0,0.83,0.0,,MONITOR
B0DX6Z4MRD,"MDM HUB Interactive Cat Ball Toy with Rope Tail, Smart Rolling Ball for Indoor Cats and Dogs (Multicolor)",mdm,cat_toys,,B0DX6Z4MRD,https://www.amazon.in/MDM-HUB-Interactive-Rolling-Multicolor/dp/B0DX6Z4MRD/ref=zg_bs_g_4771387031_d_sccl_23/522-4724523-7365803?psc=1,"https://images-eu.ssl-images-amazon.com/images/I/61MuKq3GQCL._AC_UL300_SR300,200_.jpg",,,,"https://images-eu.ssl-images-amazon.com/images/I/61MuKq3GQCL._AC_UL300_SR300,200_.jpg",19.0,0,3.8,121.0,129.0,,,,,,4.0,-6.0,52.54,stable,amazon|gtrends,2026-07-07,2026-07-07T17:09:43.164755,623,a08ca9da60adb1bd,"mdm|mdm hub interactive cat ball toy with rope tail, smart rolling ball for indoor c",50.04,52.54,50.04,2.5,0.0,0.83,0.0,,MONITOR
B0FDKQQG1Y,UNIQUE PET COLLECTION Polyester Pet Bed Dog And Cat Gaddi Soft And Cozy Pet Pillow For All Seasons For Indoor And Outdoor Use,unique,beds_accessories,,B0FDKQQG1Y,https://www.amazon.in/UNIQUE-PET-COLLECTION-Polyester-Washable/dp/B0FDKQQG1Y/ref=zg_bs_g_4771390031_d_sccl_25/522-4724523-7365803?psc=1,"https://images-eu.ssl-images-amazon.com/images/I/61Y5fPafF+L._AC_UL300_SR300,200_.jpg",,,,"https://images-eu.ssl-images-amazon.com/images/I/61Y5fPafF+L._AC_UL300_SR300,200_.jpg",23.0,0,5.0,7.0,,,,,,,20.5,-2.0,52.48,stable,amazon|gtrends,2026-07-07,2026-07-07T17:09:43.170500,624,90a5421129555574,unique|unique pet collection polyester pet bed dog and cat gaddi soft and cozy pet pill,49.36,52.48,49.36,3.12,0.0,0.82,0.0,,MONITOR
B0FVT5YCRN,"Berlin's Cat Harness with Leash for Outdoor, Walking, Escape Proof, Air Mesh Fabric, Easy Control, Adjustable & Durable Cat L",berlins,collars_leashes,,B0FVT5YCRN,https://www.amazon.in/Berlins-Cat-Harness-Adjustable-Black-Printed/dp/B0FVT5YCRN/ref=zg_bs_g_4771379031_d_sccl_9/522-4724523-7365803?psc=1,"https://images-eu.ssl-images-amazon.com/images/I/514fUBQhlYL._AC_UL300_SR300,200_.jpg",,,,"https://images-eu.ssl-images-amazon.com/images/I/514fUBQhlYL._AC_UL300_SR300,200_.jpg",9.0,0,3.7,169.0,275.0,,,,,,5.0,-3.0,52.44,stable,amazon|gtrends,2026-07-07,2026-07-07T17:09:43.178230,625,116510e6416eaf3f,"berlins|berlin's cat harness with leash for outdoor, walking, escape proof, air mesh fab",60.56,52.44,60.56,1.88,0.0,0.98,0.1,LOW_RATING_PENALTY,REVIEW_MANUALLY
B078RL114X,PETS EMPIRE Cat Scratcher Cardboard (Curved Shape),pets,beds_accessories,,B078RL114X,https://www.amazon.in/Pets-Empire-Scratcher-Curved-Wave/dp/B078RL114X/ref=zg_bs_g_4771375031_d_sccl_9/522-4724523-7365803?psc=1,"https://images-eu.ssl-images-amazon.com/images/I/81C0HLGvsHL._AC_UL300_SR300,200_.jpg",,,,"https://images-eu.ssl-images-amazon.com/images/I/81C0HLGvsHL._AC_UL300_SR300,200_.jpg",8.0,0,3.3,148.0,233.0,,,,,,20.5,-2.0,52.44,stable,amazon|gtrends,2026-07-07,2026-07-07T17:09:43.171324,626,e4559662a87dbc8e,pets|pets empire cat scratcher cardboard (curved shape),60.56,52.44,60.56,1.88,0.0,0.98,0.1,LOW_RATING_PENALTY,REVIEW_MANUALLY
PTYHNSFEGTGYAYU7,decorvaiz Cotton Chew Toy For Dog,decorvaiz,dog_toys,,,,,PTYHNSFEGTGYAYU7,https://www.flipkart.com/decorvaiz-cotton-chew-toy-dog/p/itm73d61738922aa?pid=PTYHNSFEGTGYAYU7&lid=LSTPTYHNSFEGTGYAYU7BFFQZC&marketplace=FLIPKART&q=dog+toys&store=search.flipkart.com&srno=s_1_15&otracker=search&fm=organic&iid=72b68f00-cfc5-43ef-aa2c-9fbf9afa59ca.PTYHNSFEGTGYAYU7.SEARCH&ppt=None&ppn=None&ssid=kznhsbimtc0000001783424276401&qH=656c5ee0f079e36b&ov_redirect=true&ov_redirect=true,https://rukminim2.flixcart.com/image/612/612/xif0q/pet-toy/g/q/v/3-toys-for-pets-f-12-ghalibb-original-imahmu4gtmnhux8g.jpeg?q=70,https://rukminim2.flixcart.com/image/612/612/xif0q/pet-toy/g/q/v/3-toys-for-pets-f-12-ghalibb-original-imahmu4gtmnhux8g.jpeg?q=70,,0,,,,15.0,0.0,,,106.0,3.0,0.0,52.38,stable,flipkart|gtrends,2026-07-07,2026-07-07T17:09:43.184856,627,d5ef61a3b62dab3a,decorvaiz|decorvaiz cotton chew toy for dog,50.5,52.38,50.5,1.88,0.0,0.83,0.0,,MONITOR
B0F91FJBGB,"Absolut Pet Dog Supplements Probiotic, Hip & Joint, Skin & Coat Chews for Gut Health, Reduced Shedding & Improved Mobility wi",absolut,health_wellness,,B0F91FJBGB,https://www.amazon.in/Supplements-Probiotic-Shedding-Improved-Glucosamine/dp/B0F91FJBGB/ref=zg_bs_g_4771397031_d_sccl_24/522-4724523-7365803?psc=1,"https://images-eu.ssl-images-amazon.com/images/I/611gbnaeL8L._AC_UL300_SR300,200_.jpg",,,,"https://images-eu.ssl-images-amazon.com/images/I/611gbnaeL8L._AC_UL300_SR300,200_.jpg",21.0,0,4.1,77.0,1499.0,,,,,,0.5,0.0,52.36,stable,amazon|gtrends,2026-07-07,2026-07-07T17:09:43.173631,628,2717d8af29735046,"absolut|absolut pet dog supplements probiotic, hip & joint, skin & coat chews for gut he",49.86,52.36,49.86,2.5,0.0,0.82,0.0,,MONITOR
B0FNML66D9,"Electrostatic Pet Hair Remover Glove for Dogs & Cats – Reusable Fur Remover Brush for Furniture, Clothes, Sofas, Car Seats &",electrostatic,grooming,,B0FNML66D9,https://www.amazon.in/Electrostatic-Hair-Remover-Glove-Dogs/dp/B0FNML66D9/ref=zg_bs_g_4771396031_d_sccl_25/522-4724523-7365803?psc=1,"https://images-eu.ssl-images-amazon.com/images/I/81lTyN-nG3L._AC_UL300_SR300,200_.jpg",,,,"https://images-eu.ssl-images-amazon.com/images/I/81lTyN-nG3L._AC_UL300_SR300,200_.jpg",22.0,0,4.3,93.0,312.0,,,,,,13.5,-1.5,52.32,stable,amazon|gtrends,2026-07-07,2026-07-07T17:09:43.166717,629,3eeeb0a347767459,electrostatic|electrostatic pet hair remover glove for dogs & cats – reusable fur remover brus,49.2,52.32,49.2,3.12,0.0,0.82,0.0,,MONITOR
B0CLZT4DTZ,"Agirav Dog Toy Set - Tail, Chew, Puppy Teething, Rope, Squeaky Toys for Small to Medium Dogs (Pack of 6)",agirav,dog_toys,,B0CLZT4DTZ,https://www.amazon.in/Agirav-Puppy-Teething-Medium-Squeaky/dp/B0CLZT4DTZ/ref=zg_bs_g_4771401031_d_sccl_25/522-4724523-7365803?psc=1,"https://images-eu.ssl-images-amazon.com/images/I/71pMlUwe9aL._AC_UL300_SR300,200_.jpg",,,,"https://images-eu.ssl-images-amazon.com/images/I/71pMlUwe9aL._AC_UL300_SR300,200_.jpg",23.0,0,4.2,371.0,239.0,,,,,,3.0,0.0,52.31,stable,amazon|gtrends,2026-07-07,2026-07-07T17:09:43.163515,630,964b7005bf421c3e,"agirav|agirav dog toy set - tail, chew, puppy teething, rope, squeaky toys for small to",49.19,52.31,49.19,3.12,0.0,0.82,0.0,,MONITOR
B01MG758NL,"ENJOY PET Dog Clippers Cat Shaver, Professional Hair Grooming Clippers Detachable Blades Cordless Rechargeable, Pet Clipper K",enjoy,grooming,,B01MG758NL,https://www.amazon.in/Clippers-Professional-Grooming-Detachable-Rechargeable/dp/B01MG758NL/ref=zg_bs_g_4771383031_d_sccl_30/522-4724523-7365803?psc=1,"https://images-eu.ssl-images-amazon.com/images/I/712lEO2TvHL._AC_UL300_SR300,200_.jpg",,,,"https://images-eu.ssl-images-amazon.com/images/I/712lEO2TvHL._AC_UL300_SR300,200_.jpg",25.0,0,3.9,3224.0,839.16,,,,,,13.5,-1.5,52.3,stable,amazon|gtrends,2026-07-07,2026-07-07T17:09:43.168992,631,a4b47980ca02766a,"enjoy|enjoy pet dog clippers cat shaver, professional hair grooming clippers detachabl",49.8,52.3,49.8,2.5,0.0,0.82,0.0,,MONITOR
B0CVV7CGRD,Pooch Harbor Calciur Calcium Syrup for Adult Dogs & Young Puppies - 200 ML (Pack of 03),pooch,health_wellness,,B0CVV7CGRD,https://www.amazon.in/Calciur-Calcium-Syrup-Adult-Puppies/dp/B0CVV7CGRD/ref=zg_bs_g_4771397031_d_sccl_28/522-4724523-7365803?psc=1,"https://images-eu.ssl-images-amazon.com/images/I/61TOpRdknDL._AC_UL300_SR300,200_.jpg",,,,"https://images-eu.ssl-images-amazon.com/images/I/61TOpRdknDL._AC_UL300_SR300,200_.jpg",23.0,0,4.3,257.0,516.0,,,,,,0.5,0.0,52.26,stable,amazon|gtrends,2026-07-07,2026-07-07T17:09:43.173755,632,ee283f815a82d654,pooch|pooch harbor calciur calcium syrup for adult dogs & young puppies - 200 ml (pack,49.14,52.26,49.14,3.12,0.0,0.82,0.0,,MONITOR
STFHZG3H693FYMKG,Bhambhu Store Cute Persian Cat Plush Toy Showpiece - 10 cm,bhambhu,cat_toys,,,,,STFHZG3H693FYMKG,https://www.flipkart.com/bhambhu-store-cute-persian-cat-plush-toy-showpiece-10-cm/p/itm3cc539bcb2a81?pid=STFHZG3H693FYMKG&lid=LSTSTFHZG3H693FYMKG0WFOVE&marketplace=FLIPKART&q=cat+toys&store=tng&srno=s_1_14&otracker=search&fm=organic&iid=578702ef-3270-4863-9036-db59e3e6d0b1.STFHZG3H693FYMKG.SEARCH&ppt=None&ppn=None&ssid=aofj69zshs0000001783424286813&qH=4372de0f4359aa53&ov_redirect=true&ov_redirect=true,https://rukminim2.flixcart.com/image/612/612/xif0q/stuffed-toy/c/2/4/cute-persian-cat-plush-toy-showpiece-10-0-bhambhu-store-original-imahzg3hfvzy7gvk.jpeg?q=70,https://rukminim2.flixcart.com/image/612/612/xif0q/stuffed-toy/c/2/4/cute-persian-cat-plush-toy-showpiece-10-0-bhambhu-store-original-imahzg3hfvzy7gvk.jpeg?q=70,,0,,,,14.0,0.0,,,205.0,4.0,-6.0,52.18,stable,flipkart|gtrends,2026-07-07,2026-07-07T17:09:43.188076,633,0877e27b72015648,bhambhu|bhambhu store cute persian cat plush toy showpiece - 10 cm,50.3,52.18,50.3,1.88,0.0,0.83,0.0,,MONITOR
PTYHNS74GFMENTBK,Emily Pets Interactive Cat Wand Toy with Plush & Bell for Kittens (Color May Vary) Wooden Stick For Cat,emily,cat_toys,,,,,PTYHNS74GFMENTBK,https://www.flipkart.com/emily-pets-interactive-cat-wand-toy-plush-bell-kittens-color-may-vary-wooden-stick/p/itmba0f4326858c4?pid=PTYHNS74GFMENTBK&lid=LSTPTYHNS74GFMENTBKBRVMBV&marketplace=FLIPKART&q=interactive+cat+toy&store=p3t&srno=s_1_14&otracker=search&fm=organic&iid=c7f1756f-91f9-4944-90cc-2787dea405fa.PTYHNS74GFMENTBK.SEARCH&ppt=None&ppn=None&ssid=keh8997g2o0000001783424292071&qH=6f2caafe5fdbc2f8&ov_redirect=true&ov_redirect=true,https://rukminim2.flixcart.com/image/612/612/xif0q/pet-toy/e/j/w/1-ctstk-004-emily-pets-original-imahns6wxc52h9pg.jpeg?q=70,https://rukminim2.flixcart.com/image/612/612/xif0q/pet-toy/e/j/w/1-ctstk-004-emily-pets-original-imahns6wxc52h9pg.jpeg?q=70,,0,,,,14.0,0.0,,,144.0,4.0,-6.0,52.18,stable,flipkart|gtrends,2026-07-07,2026-07-07T17:09:43.189582,634,85b1e04df3d1c616,emily|emily pets interactive cat wand toy with plush & bell for kittens (color may var,50.3,52.18,50.3,1.88,0.0,0.83,0.0,,MONITOR
PTYHHBF9FHZDZD4R,Petsoft Interactive Cat Toy with Rolling Ball & Spring Mouse Plastic Fetch Toy For Dog & Cat,petsoft,cat_toys,,,,,PTYHHBF9FHZDZD4R,https://www.flipkart.com/petsoft-interactive-cat-toy-rolling-ball-spring-mouse-plastic-fetch-dog/p/itm7543796e37d29?pid=PTYHHBF9FHZDZD4R&lid=LSTPTYHHBF9FHZDZD4RYRGG9D&marketplace=FLIPKART&q=interactive+dog+toy&store=p3t&srno=s_1_14&otracker=search&fm=organic&iid=34a0c700-473e-403a-b3c5-5bb95f7b634f.PTYHHBF9FHZDZD4R.SEARCH&ppt=None&ppn=None&ssid=ef5gxxp0xs0000001783424284222&qH=53ab0f799320af1a&ov_redirect=true&ov_redirect=true,https://rukminim2.flixcart.com/image/612/612/xif0q/pet-toy/4/w/s/1-interactive-cat-toy-with-rolling-ball-spring-mouse-petsoft-original-imahhbf7bnxaqcd9.jpeg?q=70,https://rukminim2.flixcart.com/image/612/612/xif0q/pet-toy/4/w/s/1-interactive-cat-toy-with-rolling-ball-spring-mouse-petsoft-original-imahhbf7bnxaqcd9.jpeg?q=70,,0,,,,14.0,0.0,,,250.0,4.0,-6.0,52.18,stable,flipkart|gtrends,2026-07-07,2026-07-07T17:09:43.187310,635,10c3d4c2a75d292a,petsoft|petsoft interactive cat toy with rolling ball & spring mouse plastic fetch toy f,50.3,52.18,50.3,1.88,0.0,0.83,0.0,,MONITOR
B00197NBMC,"Royal Canin Maxi Adult Dog Food, Dry Food, Supports Digestive Health & Optimal Health, Provides Bone & Joint Support, 4 Kg",royal canin,dog_food,,B00197NBMC,https://www.amazon.in/Supports-Digestive-Optimal-Provides-Support/dp/B00197NBMC/ref=zg_bs_g_4771395031_d_sccl_29/522-4724523-7365803?psc=1,"https://images-eu.ssl-images-amazon.com/images/I/61vi8Q36mBL._AC_UL300_SR300,200_.jpg",,,,"https://images-eu.ssl-images-amazon.com/images/I/61vi8Q36mBL._AC_UL300_SR300,200_.jpg",26.0,0,4.3,2506.0,3177.0,,,,,,18.0,-3.2,52.03,stable,amazon|gtrends,2026-07-07,2026-07-07T17:09:43.161246,636,6b2d62e1b431cdfe,"royal canin|royal canin maxi adult dog food, dry food, supports digestive health & optimal h",48.91,52.03,48.91,3.12,0.0,0.82,0.0,,MONITOR
PTYHM8AZGUNENKAY,PETTLEPOP Clicker with Coil Wrist Strap Plastic Training Aid For Dog,pettlepop,training,,,,,PTYHM8AZGUNENKAY,https://www.flipkart.com/pettlepop-clicker-coil-wrist-strap-plastic-training-aid-dog/p/itm63777566b6299?pid=PTYHM8AZGUNENKAY&lid=LSTPTYHM8AZGUNENKAYUQ51PB&marketplace=FLIPKART&q=clicker+dog+training&store=p3t%2Fea3%2Fg4c&srno=s_1_15&otracker=search&fm=organic&iid=fbb02aa1-aabd-4b0d-9e72-e506e20115f2.PTYHM8AZGUNENKAY.SEARCH&ppt=None&ppn=None&ssid=k2z16a13j40000001783424354631&qH=b0c60dc4bffa7e54&ov_redirect=true&ov_redirect=true,https://rukminim2.flixcart.com/image/612/612/xif0q/pet-toy/a/r/y/1-dog-training-clicker-pettlepop-original-imahm8azmmdkuwsp.jpeg?q=70,https://rukminim2.flixcart.com/image/612/612/xif0q/pet-toy/a/r/y/1-dog-training-clicker-pettlepop-original-imahm8azmmdkuwsp.jpeg?q=70,,0,,,,15.0,0.0,,,167.0,0.5,-2.0,51.98,stable,flipkart|gtrends,2026-07-07,2026-07-07T17:09:43.204732,637,61f78fa11f3bc526,pettlepop|pettlepop clicker with coil wrist strap plastic training aid for dog,50.1,51.98,50.1,1.88,0.0,0.83,0.0,,MONITOR
PCLHK73Y3WPDFDRV,ZIGLY Lifestyle Tropical Drift Adjustable Dog Dog Everyday Collar,zigly,training,,,,,PCLHK73Y3WPDFDRV,https://www.flipkart.com/zigly-lifestyle-tropical-drift-adjustable-dog-everyday-collar/p/itmfc55b849dcd90?pid=PCLHK73Y3WPDFDRV&lid=LSTPCLHK73Y3WPDFDRV6HCNCK&marketplace=FLIPKART&q=anti+bark+collar&store=search.flipkart.com&srno=s_1_15&otracker=search&fm=organic&iid=a5e41e6c-f712-4fa1-877c-d3c823b8ca75.PCLHK73Y3WPDFDRV.SEARCH&ppt=None&ppn=None&ssid=p8wimx3quo0000001783424357818&qH=f1fde8a6826f7c4a&ov_redirect=true&ov_redirect=true,https://rukminim2.flixcart.com/image/612/612/xif0q/pet-collar-harness/f/u/r/small-plnf20831-zigly-original-imahk73yuatxhk5k.jpeg?q=70,https://rukminim2.flixcart.com/image/612/612/xif0q/pet-collar-harness/f/u/r/small-plnf20831-zigly-original-imahk73yuatxhk5k.jpeg?q=70,,0,,,,15.0,0.0,,,506.0,0.5,-2.0,51.98,stable,flipkart|gtrends,2026-07-07,2026-07-07T17:09:43.205547,638,1223cea36eddf437,zigly|zigly lifestyle tropical drift adjustable dog dog everyday collar,50.1,51.98,50.1,1.88,0.0,0.83,0.0,,MONITOR
POUH9KYPYSQHJ7XF,maycreate Cat Water Fountain LED Light Large Ultra-Silent High,maycreate,beds_accessories,,,,,POUH9KYPYSQHJ7XF,https://www.flipkart.com/maycreate-cat-water-fountain-led-light-large-ultra-silent-high/p/itma12449ac850e8?pid=POUH9KYPYSQHJ7XF&lid=LSTPOUH9KYPYSQHJ7XFQWIXWF&marketplace=FLIPKART&q=pet+water+fountain+for+dogs&store=p3t&srno=s_1_15&otracker=search&fm=organic&iid=6536bef0-c166-4646-9df7-0f1d82699e7c.POUH9KYPYSQHJ7XF.SEARCH&ppt=None&ppn=None&ssid=g1f863abgw0000001783424317830&qH=b2476794fa449bb7&ov_redirect=true&ov_redirect=true,https://rukminim2.flixcart.com/image/612/612/xif0q/pet-bowl-bottle/w/i/0/2-2l-cat-water-fountain-auto-pet-water-fountain-for-cats-with-original-imahf6mk7vckwx7d.jpeg?q=70,https://rukminim2.flixcart.com/image/612/612/xif0q/pet-bowl-bottle/w/i/0/2-2l-cat-water-fountain-auto-pet-water-fountain-for-cats-with-original-imahf6mk7vckwx7d.jpeg?q=70,,0,,,,15.0,0.0,,,1697.0,20.5,-2.0,51.98,stable,flipkart|gtrends,2026-07-07,2026-07-07T17:09:43.195336,639,bfa68d8f5fce5bb9,maycreate|maycreate cat water fountain led light large ultra-silent high,50.1,51.98,50.1,1.88,0.0,0.83,0.0,,MONITOR
B091YT4SWR,Petroyale 2-in-1 Shampoo + Conditioner for Cats - Anti-Tick & Flea - Dandruff Control - Itch Relief - Cat Shampoo with Coconu,petroyale,grooming,,B091YT4SWR,https://www.amazon.in/Royale-Shampoo-Conditioner-Persian-Dandruff/dp/B091YT4SWR/ref=zg_bs_g_4771383031_d_sccl_28/522-4724523-7365803?psc=1,"https://images-eu.ssl-images-amazon.com/images/I/71xU1pxlqcL._AC_UL300_SR300,200_.jpg",,,,"https://images-eu.ssl-images-amazon.com/images/I/71xU1pxlqcL._AC_UL300_SR300,200_.jpg",23.0,0,4.3,193.0,328.0,,,,,,13.5,-1.5,51.75,stable,amazon|gtrends,2026-07-07,2026-07-07T17:09:43.168848,640,f5ff78967d4ab7da,petroyale|petroyale 2-in-1 shampoo + conditioner for cats - anti-tick & flea - dandruff co,48.63,51.75,48.63,3.12,0.0,0.82,0.0,,MONITOR
B089CVGV56,"Sage Square Adjustable Strap Muzzle - Ensure Pet Safety & Comfort, Prevent Biting - Perfect for Medium-Sized Dogs, Ideal for",sage,collars_leashes,,B089CVGV56,https://www.amazon.in/Sage-Square-Adjustable-Safety-Muzzle/dp/B089CVGV56/ref=zg_bs_g_4771392031_d_sccl_14/522-4724523-7365803?psc=1,"https://images-eu.ssl-images-amazon.com/images/I/617d+dhlEGS._AC_UL300_SR300,200_.jpg",,,,"https://images-eu.ssl-images-amazon.com/images/I/617d+dhlEGS._AC_UL300_SR300,200_.jpg",13.0,0,3.4,2877.0,166.0,,,,,,5.0,-3.0,51.66,stable,amazon|gtrends,2026-07-07,2026-07-07T17:09:43.176691,641,829a78cfad599a96,"sage|sage square adjustable strap muzzle - ensure pet safety & comfort, prevent bitin",59.78,51.66,59.78,1.88,0.0,0.97,0.1,LOW_RATING_PENALTY,REVIEW_MANUALLY
PDPHJK6U4CBVNPVM,Breedo Dog Worm-Away Pet - Liquid Herbal Dewormer For Puppy and Cats - 30 ML Pet Dewormer,breedo,health_wellness,,,,,PDPHJK6U4CBVNPVM,https://www.flipkart.com/breedo-dog-worm-away-pet-liquid-herbal-dewormer-puppy-cats-30-ml/p/itmaaac0b375e6c6?pid=PDPHJK6U4CBVNPVM&lid=LSTPDPHJK6U4CBVNPVMVNNH5A&marketplace=FLIPKART&q=deworming+tablet+for+dogs&store=p3t%2Fcez%2Ff1s&srno=s_1_20&otracker=search&fm=organic&iid=101f3f01-1c8d-4ad6-8f20-6229cec84ed6.PDPHJK6U4CBVNPVM.SEARCH&ppt=None&ppn=None&ssid=n00fqm3w740000001783424332770&qH=99cf2e3fe6ca4eb0&ov_redirect=true&ov_redirect=true,https://rukminim2.flixcart.com/image/612/612/xif0q/pet-dewormer/m/r/0/30-dog-worm-away-pet-liquid-herbal-dewormer-for-puppy-and-cats-original-imahjk6udhrtakcd.jpeg?q=70,https://rukminim2.flixcart.com/image/612/612/xif0q/pet-dewormer/m/r/0/30-dog-worm-away-pet-liquid-herbal-dewormer-for-puppy-and-cats-original-imahjk6udhrtakcd.jpeg?q=70,,0,,,,20.0,0.0,3.8,,153.0,0.5,0.0,51.64,stable,flipkart|gtrends,2026-07-07,2026-07-07T17:09:43.198887,642,b45d0dedcde35706,breedo|breedo dog worm-away pet - liquid herbal dewormer for puppy and cats - 30 ml pet,49.14,51.64,49.14,2.5,0.0,0.82,0.0,,MONITOR
PFDHHHGGNAQRJ5QK,Breedo Salmon Flavour Kitten Dry Cat Food | Contains 41 Essential Nutrients-400gm Salmon 0.4 kg Dry Young Cat Food,breedo,cat_food,,,,,PFDHHHGGNAQRJ5QK,https://www.flipkart.com/breedo-pack-2-salmon-flavour-kitten-dry-cat-food-400gm-400gm-tuna-0-8-kg-2x0-4-kg-young-food/p/itm2fc525685350c?pid=PFDHHHGGNAQRJ5QK&lid=LSTPFDHHHGGNAQRJ5QKYNCGC2&marketplace=FLIPKART&q=kitten+food&store=p3t%2F0mo%2Foiv&srno=s_1_9&otracker=search&fm=organic&iid=81b000e9-9804-4c1d-aa50-455e3f95f0c4.PFDHHHGGNAQRJ5QK.SEARCH&ppt=None&ppn=None&ssid=htm787lr280000001783424266045&qH=8a534960bbeaf1fe&ov_redirect=true&ov_redirect=true,https://rukminim2.flixcart.com/image/612/612/xif0q/pet-food/s/m/l/0-8-cat-1-buy-1-get-1-free-salmon-flavour-kitten-dry-cat-food-0-original-imahh6zmxfxbp2dd.jpeg?q=70,https://rukminim2.flixcart.com/image/612/612/xif0q/pet-food/s/m/l/0-8-cat-1-buy-1-get-1-free-salmon-flavour-kitten-dry-cat-food-0-original-imahh6zmxfxbp2dd.jpeg?q=70,,0,,,,9.0,0.0,3.7,,249.0,21.67,-0.67,51.61,stable,flipkart|gtrends,2026-07-07,2026-07-07T17:09:43.182633,643,e5d61693e02768a8,breedo|breedo salmon flavour kitten dry cat food | contains 41 essential nutrients-400g,59.73,51.61,59.73,1.88,0.0,0.97,0.1,LOW_RATING_PENALTY,REVIEW_MANUALLY
B00C37XFNC,"Palamountains My Beau for Cats – Omega 3 & 6, Essential Vitamins – Enhances Skin, Coat, Immunity, Digestion & Reduces Fur Bal",palamountains,health_wellness,,B00C37XFNC,https://www.amazon.in/Palamountains-Beau-Cats-Essential-Absorption/dp/B00C37XFNC/ref=zg_bs_g_4771384031_d_sccl_25/522-4724523-7365803?psc=1,"https://images-eu.ssl-images-amazon.com/images/I/712KhaHLHGL._AC_UL300_SR300,200_.jpg",,,,"https://images-eu.ssl-images-amazon.com/images/I/712KhaHLHGL._AC_UL300_SR300,200_.jpg",24.0,0,4.3,346.0,1300.0,,,,,,0.5,0.0,51.52,stable,amazon|gtrends,2026-07-07,2026-07-07T17:09:43.175414,644,fd86169d9daf8e2b,"palamountains|palamountains my beau for cats – omega 3 & 6, essential vitamins – enhances skin",48.4,51.52,48.4,3.12,0.0,0.82,0.0,,MONITOR
PHSHNKGRGZFPDKSF,"Doctapet Nutriply Daily Wellness for Dogs & Cats, Multivitamins And Energy Boost Pet Health Supplements",doctapet,health_wellness,,,,,PHSHNKGRGZFPDKSF,https://www.flipkart.com/doctapet-nutriply-daily-wellness-dogs-cats-multivitamins-energy-boost-pet-health-supplements/p/itmb9ca3bb15c135?pid=PHSHNKGRGZFPDKSF&lid=LSTPHSHNKGRGZFPDKSFQVUU6V&marketplace=FLIPKART&q=cat+supplements&store=p3t&srno=s_1_16&otracker=search&fm=organic&iid=61aa2c0e-2a83-439a-93a1-cc41c1109675.PHSHNKGRGZFPDKSF.SEARCH&ppt=None&ppn=None&ssid=ffcjbt28yo0000001783424323762&qH=58da44c7ca993adc&ov_redirect=true&ov_redirect=true,https://rukminim2.flixcart.com/image/612/612/xif0q/pet-health-supplement/u/n/i/20-nutriply-doctapet-original-imahnkgrzuynhxrh.jpeg?q=70,https://rukminim2.flixcart.com/image/612/612/xif0q/pet-health-supplement/u/n/i/20-nutriply-doctapet-original-imahnkgrzuynhxrh.jpeg?q=70,,0,,,,16.0,0.0,,,305.0,0.5,0.0,51.38,stable,flipkart|gtrends,2026-07-07,2026-07-07T17:09:43.196432,645,179455a38e3376ed,"doctapet|doctapet nutriply daily wellness for dogs & cats, multivitamins and energy boost",49.5,51.38,49.5,1.88,0.0,0.82,0.0,,MONITOR
PTYHNSFE4PVXZHGJ,decorvaiz Plastic Chew Toy For Dog,decorvaiz,dog_toys,,,,,PTYHNSFE4PVXZHGJ,https://www.flipkart.com/decorvaiz-plastic-chew-toy-dog/p/itm79f792869aa78?pid=PTYHNSFE4PVXZHGJ&lid=LSTPTYHNSFE4PVXZHGJKPCFY3&marketplace=FLIPKART&q=dog+toys&store=search.flipkart.com&srno=s_1_16&otracker=search&fm=organic&iid=72b68f00-cfc5-43ef-aa2c-9fbf9afa59ca.PTYHNSFE4PVXZHGJ.SEARCH&ppt=None&ppn=None&ssid=kznhsbimtc0000001783424276401&qH=656c5ee0f079e36b&ov_redirect=true&ov_redirect=true,https://rukminim2.flixcart.com/image/612/612/xif0q/pet-toy/i/7/a/2-toys-for-pets-f-7-ghalibb-original-imahmu4gkwnm3p7a.jpeg?q=70,https://rukminim2.flixcart.com/image/612/612/xif0q/pet-toy/i/7/a/2-toys-for-pets-f-7-ghalibb-original-imahmu4gkwnm3p7a.jpeg?q=70,,0,,,,16.0,0.0,,,139.0,3.0,0.0,51.38,stable,flipkart|gtrends,2026-07-07,2026-07-07T17:09:43.184887,646,55eab211fcb50b13,decorvaiz|decorvaiz plastic chew toy for dog,49.5,51.38,49.5,1.88,0.0,0.82,0.0,,MONITOR
B0FJS1JGFC,"2-Pack Pet Hair Remover Gloves - Reusable Grooming Gloves for Dogs & Cats, Static Electricity Fur Removal Mitts for Furniture",2-pack,grooming,,B0FJS1JGFC,https://www.amazon.in/2-Pack-Pet-Hair-Remover-Gloves/dp/B0FJS1JGFC/ref=zg_bs_g_4771383031_d_sccl_29/522-4724523-7365803?psc=1,"https://images-eu.ssl-images-amazon.com/images/I/81XLEf4nobL._AC_UL300_SR300,200_.jpg",,,,"https://images-eu.ssl-images-amazon.com/images/I/81XLEf4nobL._AC_UL300_SR300,200_.jpg",24.0,0,4.2,511.0,179.0,,,,,,13.5,-1.5,51.34,stable,amazon|gtrends,2026-07-07,2026-07-07T17:09:43.168920,647,48b5ecbf572a4d48,"2-pack|2-pack pet hair remover gloves - reusable grooming gloves for dogs & cats, stati",48.22,51.34,48.22,3.12,0.0,0.82,0.0,,MONITOR
PCLHMGTJJ5AGEFYN,ARIMA Reflective Collar and leash with premium quality bell Dog & Cat Collar & Leash,arima,collars_leashes,,,,,PCLHMGTJJ5AGEFYN,https://www.flipkart.com/arima-reflective-collar-leash-premium-quality-bell-dog-cat/p/itm4e3e1a089d504?pid=PCLHMGTJJ5AGEFYN&lid=LSTPCLHMGTJJ5AGEFYN6EDHLQ&marketplace=FLIPKART&q=cat+collar&store=p3t&srno=s_1_20&otracker=search&fm=organic&iid=97d963cc-803d-4934-929b-135709a63dac.PCLHMGTJJ5AGEFYN.SEARCH&ppt=None&ppn=None&ssid=dl7gz1mpu80000001783424338174&qH=831161a82e2648a4&ov_redirect=true&ov_redirect=true,https://rukminim2.flixcart.com/image/612/612/xif0q/pet-collar-harness/2/c/u/extra-small-reflector-set-xs-arima-original-imahmgtjympg54zf.jpeg?q=70,https://rukminim2.flixcart.com/image/612/612/xif0q/pet-collar-harness/2/c/u/extra-small-reflector-set-xs-arima-original-imahmgtjympg54zf.jpeg?q=70,,0,,,,20.0,0.0,3.9,,113.0,5.0,-3.0,51.32,stable,flipkart|gtrends,2026-07-07,2026-07-07T17:09:43.200648,648,7ebfab9a5c009339,arima|arima reflective collar and leash with premium quality bell dog & cat collar & l,48.82,51.32,48.82,2.5,0.0,0.82,0.0,,MONITOR
PTYHHBFUWA5W7FWP,"Petsoft Catnip Shuttlelock Mint Balls feather Lick Treat, Natural Teeth Cleaning Toy Earthenware Treat Dispensing Toy For Cat",petsoft,cat_food,,,,,PTYHHBFUWA5W7FWP,https://www.flipkart.com/petsoft-catnip-shuttlelock-mint-balls-feather-lick-treat-natural-teeth-cleaning-toy-earthenware-treat-dispensing-cat/p/itmb85e8d56cf59c?pid=PTYHHBFUWA5W7FWP&lid=LSTPTYHHBFUWA5W7FWPEETTUZ&marketplace=FLIPKART&q=catnip+toy&store=p3t%2F0mo%2Fgba&srno=s_1_16&otracker=search&fm=organic&iid=39e31d82-0a1a-4f12-a245-083e2fba4e25.PTYHHBFUWA5W7FWP.SEARCH&ppt=None&ppn=None&ssid=0fjvryz3nk0000001783424289434&qH=f9b349971a41f28d&ov_redirect=true&ov_redirect=true,https://rukminim2.flixcart.com/image/612/612/xif0q/pet-toy/u/n/k/1-pf-catnip-ball-with-feather-toy-01-petsoft-original-imahhbftvwhypqfe.jpeg?q=70,https://rukminim2.flixcart.com/image/612/612/xif0q/pet-toy/u/n/k/1-pf-catnip-ball-with-feather-toy-01-petsoft-original-imahhbftvwhypqfe.jpeg?q=70,,0,,,,16.0,0.0,,,152.0,21.67,-0.67,51.25,stable,flipkart|gtrends,2026-07-07,2026-07-07T17:09:43.188834,649,fd2310b0977209cc,"petsoft|petsoft catnip shuttlelock mint balls feather lick treat, natural teeth cleaning",49.37,51.25,49.37,1.88,0.0,0.82,0.0,,MONITOR
PEBHGBGXMZZHTDMK,"HAVEN STYLISH Luxury Simple Sofas , Beds For Dog And Cat S Pet Bed",haven,beds_accessories,,,,,PEBHGBGXMZZHTDMK,https://www.flipkart.com/haven-stylish-luxury-simple-sofas-beds-dog-cat-s-pet-bed/p/itm9a39ef63b87a0?pid=PEBHGBGXMZZHTDMK&lid=LSTPEBHGBGXMZZHTDMKFBCYLR&marketplace=FLIPKART&q=dog+bed&store=p3t%2Fea3%2Fas7&spotlightTagId=default_TrendingId_p3t%2Fea3%2Fas7&srno=s_1_20&otracker=search&fm=organic&iid=4b128f9d-2047-4efd-8106-2db6ff0d806a.PEBHGBGXMZZHTDMK.SEARCH&ppt=None&ppn=None&ssid=1iy83aen9s0000001783424308013&qH=08aaa321caaedb70&ov_redirect=true&ov_redirect=true,https://rukminim2.flixcart.com/image/612/612/xif0q/pet-bed/k/m/u/s-luxury-simple-sofas-beds-for-dog-and-cat-haven-stylish-original-imahgbgxg9fyvvwc.jpeg?q=70,https://rukminim2.flixcart.com/image/612/612/xif0q/pet-bed/k/m/u/s-luxury-simple-sofas-beds-for-dog-and-cat-haven-stylish-original-imahgbgxg9fyvvwc.jpeg?q=70,,0,,,,20.0,0.0,3.8,,358.0,20.5,-2.0,51.24,stable,flipkart|gtrends,2026-07-07,2026-07-07T17:09:43.193785,650,4aa7cb92e7b39a29,"haven|haven stylish luxury simple sofas , beds for dog and cat s pet bed",48.74,51.24,48.74,2.5,0.0,0.82,0.0,,MONITOR
PTYHNS75BFDDQYDA,Emily Pets Cat Teaser Toy with Bell & Plush | Interactive Kitten Wand (Color May Vary) Wooden Stick For Cat,emily,cat_toys,,,,,PTYHNS75BFDDQYDA,https://www.flipkart.com/emily-pets-cat-teaser-toy-bell-plush-interactive-kitten-wand-color-may-vary-wooden-stick/p/itm271aab8b2b5e2?pid=PTYHNS75BFDDQYDA&lid=LSTPTYHNS75BFDDQYDAENC44J&marketplace=FLIPKART&q=interactive+cat+toy&store=p3t&srno=s_1_15&otracker=search&fm=organic&iid=c7f1756f-91f9-4944-90cc-2787dea405fa.PTYHNS75BFDDQYDA.SEARCH&ppt=None&ppn=None&ssid=keh8997g2o0000001783424292071&qH=6f2caafe5fdbc2f8&ov_redirect=true&ov_redirect=true,https://rukminim2.flixcart.com/image/612/612/xif0q/pet-toy/e/g/w/1-ctstk-001-emily-pets-original-imahns7yry4rxbaj.jpeg?q=70,https://rukminim2.flixcart.com/image/612/612/xif0q/pet-toy/e/g/w/1-ctstk-001-emily-pets-original-imahns7yry4rxbaj.jpeg?q=70,,0,,,,15.0,0.0,,,153.0,4.0,-6.0,51.18,stable,flipkart|gtrends,2026-07-07,2026-07-07T17:09:43.189641,651,c2434a3dde54f158,emily|emily pets cat teaser toy with bell & plush | interactive kitten wand (color may,49.3,51.18,49.3,1.88,0.0,0.82,0.0,,MONITOR
PTYHM6PFYMACPFVW,"Wagster Interactive Cat Toy Ball Rolling Rope Toy for Cats Dogs Pet Play Fun Ball Silicone, Plastic Ball For Dog & Cat",wagster,cat_toys,,,,,PTYHM6PFYMACPFVW,https://www.flipkart.com/wagster-interactive-cat-toy-ball-rolling-rope-cats-dogs-pet-play-fun-silicone-plastic-dog/p/itm9375c35bb3e32?pid=PTYHM6PFYMACPFVW&lid=LSTPTYHM6PFYMACPFVW4LRWX4&marketplace=FLIPKART&q=interactive+dog+toy&store=p3t&srno=s_1_15&otracker=search&fm=organic&iid=34a0c700-473e-403a-b3c5-5bb95f7b634f.PTYHM6PFYMACPFVW.SEARCH&ppt=None&ppn=None&ssid=ef5gxxp0xs0000001783424284222&qH=53ab0f799320af1a&ov_redirect=true&ov_redirect=true,https://rukminim2.flixcart.com/image/612/612/xif0q/pet-toy/d/u/f/1-interactive-cat-and-dog-ball-vrtrend-original-imahjm8tqhvxtjpq.jpeg?q=70,https://rukminim2.flixcart.com/image/612/612/xif0q/pet-toy/d/u/f/1-interactive-cat-and-dog-ball-vrtrend-original-imahjm8tqhvxtjpq.jpeg?q=70,,0,,,,15.0,0.0,,,287.0,4.0,-6.0,51.18,stable,flipkart|gtrends,2026-07-07,2026-07-07T17:09:43.187369,652,c3baec32d90deace,wagster|wagster interactive cat toy ball rolling rope toy for cats dogs pet play fun bal,49.3,51.18,49.3,1.88,0.0,0.82,0.0,,MONITOR
PTYH5F9KGXZMAPU6,"fofos FOFOS Spring Tube Cat Toy 3Pk Rubber Training Aid, Chew Toy For Cat",fofos,cat_toys,,,,,PTYH5F9KGXZMAPU6,https://www.flipkart.com/fofos-spring-tube-cat-toy-3pk-rubber-training-aid-chew/p/itmee27cf3cbee11?pid=PTYH5F9KGXZMAPU6&lid=LSTPTYH5F9KGXZMAPU6GEUBWY&marketplace=FLIPKART&q=catnip+toy&store=p3t%2F0mo%2Fgba&srno=s_1_15&otracker=search&fm=organic&iid=39e31d82-0a1a-4f12-a245-083e2fba4e25.PTYH5F9KGXZMAPU6.SEARCH&ppt=None&ppn=None&ssid=0fjvryz3nk0000001783424289434&qH=f9b349971a41f28d&ov_redirect=true&ov_redirect=true,https://rukminim2.flixcart.com/image/612/612/xif0q/pet-toy/h/t/a/1-otrnf15008-fofos-original-imah5f9kfwzyfsmf.jpeg?q=70,https://rukminim2.flixcart.com/image/612/612/xif0q/pet-toy/h/t/a/1-otrnf15008-fofos-original-imah5f9kfwzyfsmf.jpeg?q=70,,0,,,,15.0,0.0,,,139.0,4.0,-6.0,51.18,stable,flipkart|gtrends,2026-07-07,2026-07-07T17:09:43.188738,653,b5a9aaffa46347e2,"fofos|fofos fofos spring tube cat toy 3pk rubber training aid, chew toy for cat",49.3,51.18,49.3,1.88,0.0,0.82,0.0,,MONITOR
PTTHNZWGWZGHHQRQ,Dr. Pets Banana Oats Dog Biscuits Pure Oven Baked Dog Treats Food Oats Dog Treat,dr,training,,,,,PTTHNZWGWZGHHQRQ,https://www.flipkart.com/dr-pets-banana-oats-dog-biscuits-pure-oven-baked-treats-food-treat/p/itm10d085735df1f?pid=PTTHNZWGWZGHHQRQ&lid=LSTPTTHNZWGWZGHHQRQNH4CIF&marketplace=FLIPKART&q=dog+training+treats&store=p3t%2Fea3%2Fnva&srno=s_1_16&otracker=search&fm=organic&iid=25f5e471-619f-4ddd-b027-4bce8ed3004f.PTTHNZWGWZGHHQRQ.SEARCH&ppt=None&ppn=None&ssid=wov3prijog0000001783424351807&qH=a29335f69d7964db&ov_redirect=true,https://rukminim2.flixcart.com/image/312/312/xif0q/pet-treat/q/t/y/4-5-dog-5-bstk-bna-oats-900gm-5-dr-pets-original-imahnzwgnfzyzb9g.jpeg?q=70,https://rukminim2.flixcart.com/image/312/312/xif0q/pet-treat/q/t/y/4-5-dog-5-bstk-bna-oats-900gm-5-dr-pets-original-imahnzwgnfzyzb9g.jpeg?q=70,,0,,,,16.0,0.0,,,795.0,0.5,-2.0,50.98,stable,flipkart|gtrends,2026-07-07,2026-07-07T17:09:43.204086,654,0ad72e2d04631e38,dr|dr. pets banana oats dog biscuits pure oven baked dog treats food oats dog treat,49.1,50.98,49.1,1.88,0.0,0.82,0.0,,MONITOR
PECGT5V3KCENCS9P,"Emily Pets Heavy Duty Dog Travel Flight Crate , Cage for Pet 23.5"" Long, 15-20 lb Grey, Black Airline Pet Carrier",emily,beds_accessories,,,,,PECGT5V3KCENCS9P,https://www.flipkart.com/emily-pets-heavy-duty-dog-travel-flight-crate-cage-pet-23-5-long-15-20-lb-grey-black-airline-carrier/p/itmc0c45220cd1d2?pid=PECGT5V3KCENCS9P&lid=LSTPECGT5V3KCENCS9PU2VQJI&marketplace=FLIPKART&q=dog+crate&store=search.flipkart.com&srno=s_1_16&otracker=search&fm=organic&iid=4747a1f7-bb53-44a0-8802-41467b35937c.PECGT5V3KCENCS9P.SEARCH&ppt=None&ppn=None&ssid=tj3vfu42e80000001783424314794&qH=de7c627fb64ada71&ov_redirect=true&ov_redirect=true,https://rukminim2.flixcart.com/image/612/612/xif0q/pet-carrier/b/q/z/heavy-duty-dog-travel-flight-crate-cage-for-pet27-5-long-20-25-original-imagt5vyhtw9xns9.jpeg?q=70,https://rukminim2.flixcart.com/image/612/612/xif0q/pet-carrier/b/q/z/heavy-duty-dog-travel-flight-crate-cage-for-pet27-5-long-20-25-original-imagt5vyhtw9xns9.jpeg?q=70,,0,,,,16.0,0.0,,,7084.0,20.5,-2.0,50.98,stable,flipkart|gtrends,2026-07-07,2026-07-07T17:09:43.194710,655,2c5d427883d1562f,"emily|emily pets heavy duty dog travel flight crate , cage for pet 23.5"" long, 15-20 l",49.1,50.98,49.1,1.88,0.0,0.82,0.0,,MONITOR
B0CD7BW9HM,"Trixie Cat Grass Seeds with Plastic Planter for Kittens and All Cats, Soft, Vitamin-Rich, Easy Grow, Nutritious & Natural, Su",trixie,health_wellness,,B0CD7BW9HM,https://www.amazon.in/Planter-Vitamin-Rich-Nutritious-Supports-Digestion/dp/B0CD7BW9HM/ref=zg_bs_g_4771384031_d_sccl_10/522-4724523-7365803?psc=1,"https://images-eu.ssl-images-amazon.com/images/I/71B9qEG-T+L._AC_UL300_SR300,200_.jpg",,,,"https://images-eu.ssl-images-amazon.com/images/I/71B9qEG-T+L._AC_UL300_SR300,200_.jpg",10.0,0,3.4,108.0,337.5,,,,,,0.5,0.0,50.94,stable,amazon|gtrends,2026-07-07,2026-07-07T17:09:43.174480,656,c3732a5e8a3dafb4,"trixie|trixie cat grass seeds with plastic planter for kittens and all cats, soft, vita",59.06,50.94,59.06,1.88,0.0,0.97,0.1,LOW_RATING_PENALTY,REVIEW_MANUALLY
B0D2ZRRPHF,"Qpets Floral Cat Collar, Cute Color Flower Cat Collar With Bell, Embroidery Handmade Sakura Charm Adjustable Quick Release Sm",qpets,collars_leashes,,B0D2ZRRPHF,https://www.amazon.in/Qpets%C2%AE-Embroidery-Handmade-Adjustable-Release/dp/B0D2ZRRPHF/ref=zg_bs_g_4771379031_d_sccl_27/522-4724523-7365803?psc=1,"https://images-eu.ssl-images-amazon.com/images/I/61UFOQl559L._AC_UL300_SR300,200_.jpg",,,,"https://images-eu.ssl-images-amazon.com/images/I/61UFOQl559L._AC_UL300_SR300,200_.jpg",23.0,0,4.3,53.0,259.0,,,,,,5.0,-3.0,50.79,stable,amazon|gtrends,2026-07-07,2026-07-07T17:09:43.179244,657,c602daed66607355,"qpets|qpets floral cat collar, cute color flower cat collar with bell, embroidery hand",47.67,50.79,47.67,3.12,0.0,0.81,0.0,,MONITOR
B0F5446LN6,Meat Up Adult Wet Dog Food (8 x 70g) 560g + 560g (Free) 1120g| Real Chicken in Gravy | Healthy Digestion | Promotes Health &,meat up,dog_food,,B0F5446LN6,https://www.amazon.in/Meat-Up-Chicken-Chunks-Pouches/dp/B0F5446LN6/ref=zg_bs_g_4771395031_d_sccl_27/522-4724523-7365803?psc=1,"https://images-eu.ssl-images-amazon.com/images/I/71D3y4SAyWL._AC_UL300_SR300,200_.jpg",,,,"https://images-eu.ssl-images-amazon.com/images/I/71D3y4SAyWL._AC_UL300_SR300,200_.jpg",24.0,0,4.3,302.0,294.0,,,,,,18.0,-3.2,50.76,stable,amazon|gtrends,2026-07-07,2026-07-07T17:09:43.161145,658,5ca51acf774ebc75,meat up|meat up adult wet dog food (8 x 70g) 560g + 560g (free) 1120g| real chicken in g,47.64,50.76,47.64,3.12,0.0,0.81,0.0,,MONITOR
PFDHZGZZCGMJGR3K,"Barkybite Barkybite Premium Biscuits For All Breeds Of Dog & Puppy | Chicken, Meat 4.9 kg (5x0.98 kg) ...",barkybite,dog_food,,,,,PFDHZGZZCGMJGR3K,https://www.flipkart.com/barkybite-premium-biscuits-all-breeds-dog-puppy-chicken-meat-4-9-kg-5x0-98-kg-dry-life-stages-food/p/itm0cb63e38093da?pid=PFDHZGZZCGMJGR3K&lid=LSTPFDHZGZZCGMJGR3KRKVGZR&marketplace=FLIPKART&q=puppy+food&store=p3t%2Fea3%2F8zj&srno=s_1_16&otracker=search&fm=organic&iid=bd00ce40-63e5-4628-8bfb-22760bef423a.PFDHZGZZCGMJGR3K.SEARCH&ppt=None&ppn=None&ssid=jgnht7d6n40000001783424250669&qH=1b10931195d885ee&ov_redirect=true,https://rukminim2.flixcart.com/image/312/312/xif0q/pet-food/n/o/j/4-900-dog-puppy-5-1kg-x-5-barkybite-original-imahzgzzqpxg4skx.jpeg?q=70,https://rukminim2.flixcart.com/image/312/312/xif0q/pet-food/n/o/j/4-900-dog-puppy-5-1kg-x-5-barkybite-original-imahzgzzqpxg4skx.jpeg?q=70,,0,,,,16.0,0.0,,,692.0,18.0,-3.2,50.74,stable,flipkart|gtrends,2026-07-07,2026-07-07T17:09:43.180664,659,fd4f9d11733a328a,"barkybite|barkybite barkybite premium biscuits for all breeds of dog & puppy | chicken, me",48.86,50.74,48.86,1.88,0.0,0.82,0.0,,MONITOR
STFH9ZHMGAJYATW7,Vikausha Enterprises Dog Soft Toys_04 - 33 cm,vikausha,dog_food,,,,,STFH9ZHMGAJYATW7,https://www.flipkart.com/vikausha-enterprises-dog-soft-toys-04-33-cm/p/itmae9466b75b365?pid=STFH9ZHMGAJYATW7&lid=LSTSTFH9ZHMGAJYATW7C7ZREQ&marketplace=FLIPKART&q=kong+dog+toy&store=search.flipkart.com&srno=s_1_16&otracker=search&fm=organic&iid=474ceca2-7edf-42ed-b744-bb801b6b5e42.STFH9ZHMGAJYATW7.SEARCH&ppt=None&ppn=None&ssid=dj4tyd2ftc0000001783424281567&qH=f85aed73ab1bacb4&ov_redirect=true&ov_redirect=true,https://rukminim2.flixcart.com/image/612/612/xif0q/stuffed-toy/b/2/w/dog-soft-toys-04-33-vikausha-enterprises-original-imah9zhhwyxgff8d.jpeg?q=70,https://rukminim2.flixcart.com/image/612/612/xif0q/stuffed-toy/b/2/w/dog-soft-toys-04-33-vikausha-enterprises-original-imah9zhhwyxgff8d.jpeg?q=70,,0,,,,16.0,0.0,,,261.0,18.0,-3.2,50.74,stable,flipkart|gtrends,2026-07-07,2026-07-07T17:09:43.186198,660,393bb7a0a2b7a6bf,vikausha|vikausha enterprises dog soft toys_04 - 33 cm,48.86,50.74,48.86,1.88,0.0,0.82,0.0,,MONITOR
B0CY9L768J,"Agirav Dog Combo Pack of Harness, Neck Collar Belt and Rope Set (Black, Medium, Waterproof, Rope Size 1.5M-2M) (Black)",agirav,collars_leashes,,B0CY9L768J,https://www.amazon.in/Agirav-Harness-Collar-Waterproof-1-5M-2M/dp/B0CY9L768J/ref=zg_bs_g_4771392031_d_sccl_24/522-4724523-7365803?psc=1,"https://images-eu.ssl-images-amazon.com/images/I/71smvN5z9eL._AC_UL300_SR300,200_.jpg",,,,"https://images-eu.ssl-images-amazon.com/images/I/71smvN5z9eL._AC_UL300_SR300,200_.jpg",22.0,0,4.1,60.0,169.0,,,,,,5.0,-3.0,50.65,stable,amazon|gtrends,2026-07-07,2026-07-07T17:09:43.177278,661,8a8b46f626c0fbea,"agirav|agirav dog combo pack of harness, neck collar belt and rope set (black, medium, ",48.15,50.65,48.15,2.5,0.0,0.82,0.0,,MONITOR
CAOHHY6BGMZUNG7J,Scroll Store Cat Scratching Pad,scroll,cat_food,,,,,CAOHHY6BGMZUNG7J,https://www.flipkart.com/scroll-store-cat-scratching-pad/p/itm03cc680873701?pid=CAOHHY6BGMZUNG7J&lid=LSTCAOHHY6BGMZUNG7JDBODP4&marketplace=FLIPKART&q=scratching+post&store=search.flipkart.com&srno=s_1_8&otracker=search&fm=organic&iid=5bc46a97-7ca5-4d96-83b8-c80373b7e6bd.CAOHHY6BGMZUNG7J.SEARCH&ppt=None&ppn=None&ssid=w7adpjchls0000001783424294643&qH=628cefc67d4ceea5&ov_redirect=true&ov_redirect=true,https://rukminim2.flixcart.com/image/612/612/xif0q/cat-scratching-post/m/v/j/ss540-scroll-store-6-original-imahhy6bqq2g9wue.jpeg?q=70,https://rukminim2.flixcart.com/image/612/612/xif0q/cat-scratching-post/m/v/j/ss540-scroll-store-6-original-imahhy6bqq2g9wue.jpeg?q=70,,0,,,,8.0,0.0,3.0,,225.0,21.67,-0.67,50.65,stable,flipkart|gtrends,2026-07-07,2026-07-07T17:09:43.189982,662,a581a9ff48a4215e,scroll|scroll store cat scratching pad,58.77,50.65,58.77,1.88,0.0,0.97,0.1,LOW_RATING_PENALTY,REVIEW_MANUALLY
PTYHGBSPQGZ75QSC,"Paw N Pet Interactive Pet Rotation Toy Ball For Cat & Dog, Automatic Cat Dancing ball Silicone Ball For Dog & Cat",paw,cat_toys,,,,,PTYHGBSPQGZ75QSC,https://www.flipkart.com/paw-n-pet-interactive-rotation-toy-ball-cat-dog-automatic-dancing-silicone-dog/p/itmf2e72a6ffa287?pid=PTYHGBSPQGZ75QSC&lid=LSTPTYHGBSPQGZ75QSC4SEEXQ&marketplace=FLIPKART&q=interactive+dog+toy&store=p3t&srno=s_1_7&otracker=search&fm=organic&iid=34a0c700-473e-403a-b3c5-5bb95f7b634f.PTYHGBSPQGZ75QSC.SEARCH&ppt=None&ppn=None&ssid=ef5gxxp0xs0000001783424284222&qH=53ab0f799320af1a&ov_redirect=true&ov_redirect=true,https://rukminim2.flixcart.com/image/612/612/xif0q/pet-toy/o/x/o/1-interactive-pet-rotation-toy-ball-for-cat-dog-cat-dancing-ball-original-imahgbspjtmvfx6k.jpeg?q=70,https://rukminim2.flixcart.com/image/612/612/xif0q/pet-toy/o/x/o/1-interactive-pet-rotation-toy-ball-for-cat-dog-cat-dancing-ball-original-imahgbspjtmvfx6k.jpeg?q=70,,0,,,,7.0,0.0,3.0,,175.0,4.0,-6.0,50.58,stable,flipkart|gtrends,2026-07-07,2026-07-07T17:09:43.186854,663,23b09fe8d071b580,"paw|paw n pet interactive pet rotation toy ball for cat & dog, automatic cat dancing",58.7,50.58,58.7,1.88,0.0,0.97,0.1,LOW_RATING_PENALTY,REVIEW_MANUALLY
B0DK5SR5QK,"PAWPRO HANDMADE Cat Nylon Collar With Customisable Name & Icon Tag, Bell, Adjustable Buckle, 15-30 Cm (Orange)",pawpro,collars_leashes,,B0DK5SR5QK,https://www.amazon.in/PAWPRO-HANDMADE-Collar-Customisable-Adjustable/dp/B0DK5SR5QK/ref=zg_bs_g_4771379031_d_sccl_28/522-4724523-7365803?psc=1,"https://images-eu.ssl-images-amazon.com/images/I/51GF25YO1jL._AC_UL300_SR300,200_.jpg",,,,"https://images-eu.ssl-images-amazon.com/images/I/51GF25YO1jL._AC_UL300_SR300,200_.jpg",24.0,0,4.2,289.0,189.0,,,,,,5.0,-3.0,50.48,stable,amazon|gtrends,2026-07-07,2026-07-07T17:09:43.179306,664,16a9960e5d468f13,"pawpro|pawpro handmade cat nylon collar with customisable name & icon tag, bell, adjust",47.36,50.48,47.36,3.12,0.0,0.81,0.0,,MONITOR
B08978YWDQ,"Goofy Tails Dog Toys, Veggie Series Carrot Squeaky Chew Toys for Dogs & Puppies, Squeaky Toys for Dogs, Small & Medium Breeds",goofy,dog_toys,,B08978YWDQ,https://www.amazon.in/Goofy-Tails-Veggie-Bites-Carrot-Squeaky/dp/B08978YWDQ/ref=zg_bs_g_4771401031_d_sccl_27/522-4724523-7365803?psc=1,"https://images-eu.ssl-images-amazon.com/images/I/61WXO+uqjyL._AC_UL300_SR300,200_.jpg",,,,"https://images-eu.ssl-images-amazon.com/images/I/61WXO+uqjyL._AC_UL300_SR300,200_.jpg",25.0,0,4.2,411.0,233.0,,,,,,3.0,0.0,50.41,stable,amazon|gtrends,2026-07-07,2026-07-07T17:09:43.163568,665,78c5049d24d6f9c6,"goofy|goofy tails dog toys, veggie series carrot squeaky chew toys for dogs & puppies,",47.29,50.41,47.29,3.12,0.0,0.81,0.0,,MONITOR
PCLHFXY4PZ5KAPUG,AQUABUCKET dog neck collar is easy to apply and provides continuous protection Dog & Cat Anti-tick Collar,aquabucket,training,,,,,PCLHFXY4PZ5KAPUG,https://www.flipkart.com/aquabucket-dog-neck-collar-easy-apply-provides-continuous-protection-cat-anti-tick/p/itm649413e14ec9f?pid=PCLHFXY4PZ5KAPUG&lid=LSTPCLHFXY4PZ5KAPUG8TYO5X&marketplace=FLIPKART&q=anti+bark+collar&store=search.flipkart.com&srno=s_1_8&otracker=search&fm=organic&iid=a5e41e6c-f712-4fa1-877c-d3c823b8ca75.PCLHFXY4PZ5KAPUG.SEARCH&ppt=None&ppn=None&ssid=p8wimx3quo0000001783424357818&qH=f1fde8a6826f7c4a&ov_redirect=true&ov_redirect=true,https://rukminim2.flixcart.com/image/612/612/xif0q/pet-collar-harness/y/m/x/large-ticks-and-fleas-remover-for-dogs-adjustable-dog-collar-for-original-imahfxy4nrgzkgfg.jpeg?q=70,https://rukminim2.flixcart.com/image/612/612/xif0q/pet-collar-harness/y/m/x/large-ticks-and-fleas-remover-for-dogs-adjustable-dog-collar-for-original-imahfxy4nrgzkgfg.jpeg?q=70,,0,,,,8.0,0.0,3.0,,243.0,0.5,-2.0,50.38,stable,flipkart|gtrends,2026-07-07,2026-07-07T17:09:43.205255,666,940797ecaadb3a8b,aquabucket|aquabucket dog neck collar is easy to apply and provides continuous protection d,58.5,50.38,58.5,1.88,0.0,0.97,0.1,LOW_RATING_PENALTY,REVIEW_MANUALLY
PTYHZT8B6R5YM7SG,"Cozy Kiddos multicolor Dog and Puppy Toy Washable Cotton Pack of 12 Cotton Ball, Bone, Chew Toy, Rubber Toy, Soft Toy, Tough Toy, Tug Toy, Training Aid For Dog & Cat",cozy,dog_toys,,,,,PTYHZT8B6R5YM7SG,https://www.flipkart.com/cozy-kiddos-multicolor-dog-puppy-toy-washable-cotton-pack-12-ball-bone-chew-toy-rubber-soft-tough-tug-training-aid-cat/p/itma4678f26173da?pid=PTYHZT8B6R5YM7SG&lid=LSTPTYHZT8B6R5YM7SGZJLAWO&marketplace=FLIPKART&q=chew+toy+for+dogs&store=p3t%2Fea3%2Fg4c&srno=s_1_17&otracker=search&fm=organic&iid=en_E5RUJs_g0T94-KiqHUivcw4JJj8KZE69-F90ql2oVj8edxG5p13cRQRuECrGyHpfKFad23yypZFLM3NuFccMCG570X1ekMAj_h0lT43Hc2x3-XqkmLqggt_WSKSoXKEh&ppt=None&ppn=None&ssid=epaqy8p1400000001783424279013&qH=c3109da2ecfccdb5&ov_redirect=true&ov_redirect=true,https://rukminim2.flixcart.com/image/612/612/xif0q/pet-toy/n/5/3/12-5268-cozy-kiddos-original-imahzt8bufytjhpy.jpeg?q=70,https://rukminim2.flixcart.com/image/612/612/xif0q/pet-toy/n/5/3/12-5268-cozy-kiddos-original-imahzt8bufytjhpy.jpeg?q=70,,0,,,,17.0,0.0,,,270.0,3.0,0.0,50.38,stable,flipkart|gtrends,2026-07-07,2026-07-07T17:09:43.185547,667,c2252b3bd0baa3f9,"cozy|cozy kiddos multicolor dog and puppy toy washable cotton pack of 12 cotton ball,",48.5,50.38,48.5,1.88,0.0,0.82,0.0,,MONITOR
PTYHHUJ32G2W5UDY,PETSNPLAY Plastic Treat Dispensing Toy For Dog & Cat,petsnplay,cat_food,,,,,PTYHHUJ32G2W5UDY,https://www.flipkart.com/petsnplay-plastic-treat-dispensing-toy-dog-cat/p/itmb972172828fe1?pid=PTYHHUJ32G2W5UDY&lid=LSTPTYHHUJ32G2W5UDYEZBV1R&marketplace=FLIPKART&q=interactive+cat+toy&store=p3t&srno=s_1_17&otracker=search&fm=organic&iid=en_O1C8HtB0IjQQ-oR1jQZaPrgaEMfbbv6oDiGohR0hI7v_KP7N546RJeNwGC_0WqCq1tuC2p_9OG2m1LdaazeaZcNRzeymU8DAWAGjQumijkmOM6mm7wTBsCCcbxDyn13Z&ppt=None&ppn=None&ssid=keh8997g2o0000001783424292071&qH=6f2caafe5fdbc2f8&ov_redirect=true&ov_redirect=true,https://rukminim2.flixcart.com/image/612/612/xif0q/pet-toy/g/c/4/1-tumblrfethr17-petsnplay-original-imahhuj3wfmgavgz.jpeg?q=70,https://rukminim2.flixcart.com/image/612/612/xif0q/pet-toy/g/c/4/1-tumblrfethr17-petsnplay-original-imahhuj3wfmgavgz.jpeg?q=70,,0,,,,17.0,0.0,,,285.0,21.67,-0.67,50.25,stable,flipkart|gtrends,2026-07-07,2026-07-07T17:09:43.189737,668,3f99e882885d8699,petsnplay|petsnplay plastic treat dispensing toy for dog & cat,48.37,50.25,48.37,1.88,0.0,0.82,0.0,,MONITOR
PTYHNS75SHHKDRV9,Emily Pets Cat Teaser Wand Toy with Plush & Bell for Cats & Kittens (Color May Vary) Wooden Stick For Cat,emily,cat_toys,,,,,PTYHNS75SHHKDRV9,https://www.flipkart.com/emily-pets-cat-teaser-wand-toy-plush-bell-cats-kittens-color-may-vary-wooden-stick/p/itmc75b31f887c04?pid=PTYHNS75SHHKDRV9&lid=LSTPTYHNS75SHHKDRV9GLOB8A&marketplace=FLIPKART&q=interactive+cat+toy&store=p3t&srno=s_1_16&otracker=search&fm=organic&iid=c7f1756f-91f9-4944-90cc-2787dea405fa.PTYHNS75SHHKDRV9.SEARCH&ppt=None&ppn=None&ssid=keh8997g2o0000001783424292071&qH=6f2caafe5fdbc2f8&ov_redirect=true&ov_redirect=true,https://rukminim2.flixcart.com/image/612/612/xif0q/pet-toy/t/o/3/1-ctstk-006-emily-pets-original-imahns7yfgcbh7em.jpeg?q=70,https://rukminim2.flixcart.com/image/612/612/xif0q/pet-toy/t/o/3/1-ctstk-006-emily-pets-original-imahns7yfgcbh7em.jpeg?q=70,,0,,,,16.0,0.0,,,153.0,4.0,-6.0,50.18,stable,flipkart|gtrends,2026-07-07,2026-07-07T17:09:43.189698,669,42145f4dfc73d00d,emily|emily pets cat teaser wand toy with plush & bell for cats & kittens (color may v,48.3,50.18,48.3,1.88,0.0,0.82,0.0,,MONITOR
B0F5MPP1S7,"WUFSIE Dog Bed Large 70x100cm | Reversible Premium Velvet Black & Grey Pet Bed | Soft, Washable & Durable Bed for Dog and Cat",wufsie,beds_accessories,,B0F5MPP1S7,https://www.amazon.in/WUFSIE-Rectangular-Reversible-Large-Size/dp/B0F5MPP1S7/ref=zg_bs_g_4771390031_d_sccl_11/522-4724523-7365803?psc=1,"https://images-eu.ssl-images-amazon.com/images/I/71QhzyGvkjL._AC_UL300_SR300,200_.jpg",,,,"https://images-eu.ssl-images-amazon.com/images/I/71QhzyGvkjL._AC_UL300_SR300,200_.jpg",11.0,0,3.6,114.0,1029.0,,,,,,20.5,-2.0,50.13,stable,amazon|gtrends,2026-07-07,2026-07-07T17:09:43.169707,670,507536f30133243a,wufsie|wufsie dog bed large 70x100cm | reversible premium velvet black & grey pet bed |,58.25,50.13,58.25,1.88,0.0,0.97,0.1,LOW_RATING_PENALTY,REVIEW_MANUALLY
PSOHZ7QRCAFN8FTZ,"KickAt Flea and Tick Neem & Aloevera Cat, Dog Shampoo",kickat,grooming,,,,,PSOHZ7QRCAFN8FTZ,https://www.flipkart.com/kickat-flea-tick-neem-aloevera-cat-dog-shampoo/p/itma66cce96f2d9e?pid=PSOHZ7QRCAFN8FTZ&lid=LSTPSOHZ7QRCAFN8FTZFPYGMU&marketplace=FLIPKART&q=cat+shampoo&store=p3t%2Fixl%2Fosh&srno=s_1_17&otracker=search&fm=organic&iid=en_hCZHPrfJCXxQxDtilKnrzPCMnwfGF29_oWC7sFi61NgTaJDhZKkYaJdKFrvRtHrVRpu9f1Hv_cpLMjf_ffL-BZISohxPOMHKZiPJy6JQATetwvFb6eCDAyeoTaq99UQj&ppt=None&ppn=None&ssid=y8f1ftke9s0000001783424299769&qH=c761a0a39d797bbe&ov_redirect=true&ov_redirect=true,https://rukminim2.flixcart.com/image/612/612/xif0q/pet-shampoo/i/n/9/200-ka-dcs-tf200-kickat-original-imahz7qrcsys6w34.jpeg?q=70,https://rukminim2.flixcart.com/image/612/612/xif0q/pet-shampoo/i/n/9/200-ka-dcs-tf200-kickat-original-imahz7qrcsys6w34.jpeg?q=70,,0,,,,17.0,0.0,,,130.0,13.5,-1.5,50.08,stable,flipkart|gtrends,2026-07-07,2026-07-07T17:09:43.191902,671,ee10bdc1e19cdea7,"kickat|kickat flea and tick neem & aloevera cat, dog shampoo",48.2,50.08,48.2,1.88,0.0,0.82,0.0,,MONITOR
POUHJRM6NGR2BCZ4,Buraq Automatic 2.2L Cat Water Fountain with LED| Ultra Quiet|4-Stage Filtration | USB,buraq,beds_accessories,,,,,POUHJRM6NGR2BCZ4,https://www.flipkart.com/buraq-automatic-2-2l-cat-water-fountain-led-ultra-quiet-4-stage-filtration-usb/p/itmced61c2977937?pid=POUHJRM6NGR2BCZ4&lid=LSTPOUHJRM6NGR2BCZ400WVXQ&marketplace=FLIPKART&q=pet+water+fountain+for+dogs&store=p3t&srno=s_1_10&otracker=search&fm=organic&iid=6536bef0-c166-4646-9df7-0f1d82699e7c.POUHJRM6NGR2BCZ4.SEARCH&ppt=None&ppn=None&ssid=g1f863abgw0000001783424317830&qH=b2476794fa449bb7&ov_redirect=true&ov_redirect=true,https://rukminim2.flixcart.com/image/612/612/xif0q/pet-fountain/z/h/j/10-automatic-2-2l-cat-water-fountain-with-led-ultra-quiet-4-original-imahher53u8zezrn.jpeg?q=70,https://rukminim2.flixcart.com/image/612/612/xif0q/pet-fountain/z/h/j/10-automatic-2-2l-cat-water-fountain-with-led-ultra-quiet-4-original-imahher53u8zezrn.jpeg?q=70,,0,,,,10.0,0.0,3.6,,838.0,20.5,-2.0,50.06,stable,flipkart|gtrends,2026-07-07,2026-07-07T17:09:43.195113,672,cc0858c22c335f19,buraq|buraq automatic 2.2l cat water fountain with led| ultra quiet|4-stage filtration,58.18,50.06,58.18,1.88,0.0,0.97,0.1,LOW_RATING_PENALTY,REVIEW_MANUALLY
PEBHZWHNQPA2MVNH,"Prmanchi Premium Oval Shaped Faux Fur Calming Pet Bed Cushion for Dogs and Cats, Fluffy S Pet Bed",prmanchi,beds_accessories,,,,,PEBHZWHNQPA2MVNH,https://www.flipkart.com/prmanchi-premium-oval-shaped-faux-fur-calming-pet-bed-cushion-dogs-cats-fluffy-s/p/itm3706399abd6a1?pid=PEBHZWHNQPA2MVNH&lid=LSTPEBHZWHNQPA2MVNH4W29KG&marketplace=FLIPKART&q=cat+bed&store=search.flipkart.com&srno=s_1_17&otracker=search&fm=organic&iid=en_HFLgcwQlYSdSR3RTgjxhnXQJsGvu8JWim9SqJzA4qbre_kl6mlINzOEsf_YreE0Z8rdv818jIUdD7VbawhZgLDGfArrXUvH5cNoD551Ox_YEw6--d9mzm-sMCY6JklOk&ppt=None&ppn=None&ssid=uq8xefjfcg0000001783424311869&qH=0434bf5b1b52fdd8&ov_redirect=true&ov_redirect=true,https://rukminim2.flixcart.com/image/612/612/xif0q/pet-bed/8/n/m/s-premium-oval-shaped-faux-fur-calming-pet-bed-cushion-for-dogs-original-imahzwhmfggz7wfe.jpeg?q=70,https://rukminim2.flixcart.com/image/612/612/xif0q/pet-bed/8/n/m/s-premium-oval-shaped-faux-fur-calming-pet-bed-cushion-for-dogs-original-imahzwhmfggz7wfe.jpeg?q=70,,0,,,,17.0,0.0,,,268.0,20.5,-2.0,49.98,stable,flipkart|gtrends,2026-07-07,2026-07-07T17:09:43.194114,673,d716e4f3af0a0420,"prmanchi|prmanchi premium oval shaped faux fur calming pet bed cushion for dogs and cats,",48.1,49.98,48.1,1.88,0.0,0.82,0.0,,MONITOR
PCLHZRZNTB4YWESM,"SniffyHub Puppy Collar & Leash Set, Soft Nylon, Adjustable with Bell Dog Collar & Leash",sniffyhub,training,,,,,PCLHZRZNTB4YWESM,https://www.flipkart.com/sniffyhub-puppy-collar-leash-set-soft-nylon-adjustable-bell-dog/p/itm8f31f991a8aef?pid=PCLHZRZNTB4YWESM&lid=LSTPCLHZRZNTB4YWESMV657WY&marketplace=FLIPKART&q=anti+bark+collar&store=search.flipkart.com&srno=s_1_17&otracker=search&fm=organic&iid=en_9pYVfEVMOHvKr1gPSl8VOCEejdh4sqL7CdSEfvV4_xE6VQKJ6EVE5gvj7DqHWNSFyv_qxh2QVEF3nYs-h_xkovkgN6RV26y20b65qTGVihvC0sK_kE4VrfF-uCqTyhdi&ppt=None&ppn=None&ssid=p8wimx3quo0000001783424357818&qH=f1fde8a6826f7c4a&ov_redirect=true&ov_redirect=true,https://rukminim2.flixcart.com/image/612/612/xif0q/pet-collar-harness/e/y/m/small-dog-clr-lsh-red-ppy-set-sniffyhub-original-imahzuypj43h7xcy.jpeg?q=70,https://rukminim2.flixcart.com/image/612/612/xif0q/pet-collar-harness/e/y/m/small-dog-clr-lsh-red-ppy-set-sniffyhub-original-imahzuypj43h7xcy.jpeg?q=70,,0,,,,17.0,0.0,,,180.0,0.5,-2.0,49.98,stable,flipkart|gtrends,2026-07-07,2026-07-07T17:09:43.205635,674,95cadb100c98f0cf,"sniffyhub|sniffyhub puppy collar & leash set, soft nylon, adjustable with bell dog collar ",48.1,49.98,48.1,1.88,0.0,0.82,0.0,,MONITOR
PTYGXGZCRX8WZG9V,"YMS Cat Toy Organic Avocado Cat Toy Cat Nip Silver vine Mint Cat Lickable Treat Cat Plastic, PP (Polypropylene) Soft Toy, Training Aid For Cat",yms,cat_food,,,,,PTYGXGZCRX8WZG9V,https://www.flipkart.com/yms-cat-toy-organic-avocado-nip-silver-vine-mint-lickable-treat-plastic-pp-polypropylene-soft-toy-training-aid/p/itmb7cb559c6cd55?pid=PTYGXGZCRX8WZG9V&lid=LSTPTYGXGZCRX8WZG9VLYEP2W&marketplace=FLIPKART&q=catnip+toy&store=p3t%2F0mo%2Fgba&srno=s_1_9&otracker=search&fm=organic&iid=39e31d82-0a1a-4f12-a245-083e2fba4e25.PTYGXGZCRX8WZG9V.SEARCH&ppt=None&ppn=None&ssid=0fjvryz3nk0000001783424289434&qH=f9b349971a41f28d&ov_redirect=true&ov_redirect=true,https://rukminim2.flixcart.com/image/612/612/xif0q/pet-toy/w/3/a/1-cat-toy-organic-avocado-yms-original-imagxgjh3hmkyxn7.jpeg?q=70,https://rukminim2.flixcart.com/image/612/612/xif0q/pet-toy/w/3/a/1-cat-toy-organic-avocado-yms-original-imagxgjh3hmkyxn7.jpeg?q=70,,0,,,,9.0,0.0,3.1,,122.0,21.67,-0.67,49.93,stable,flipkart|gtrends,2026-07-07,2026-07-07T17:09:43.188544,675,86e66132b5b4cb98,yms|yms cat toy organic avocado cat toy cat nip silver vine mint cat lickable treat ,58.05,49.93,58.05,1.88,0.0,0.97,0.1,LOW_RATING_PENALTY,REVIEW_MANUALLY
PFDF7QA7BBTHMGZ2,Royal Canin Maxi Dermacomfort 3 kg Dry Adult Dog Food,royal canin,dog_food,,,,,PFDF7QA7BBTHMGZ2,https://www.flipkart.com/royal-canin-maxi-dermacomfort-3-kg-dry-adult-dog-food/p/itmc91032c7a0092?pid=PFDF7QA7BBTHMGZ2&lid=LSTPFDF7QA7BBTHMGZ2CGULEB&marketplace=FLIPKART&q=royal+canin+dog+food&store=p3t%2Fea3%2F8zj&srno=s_1_10&otracker=search&fm=organic&iid=b50ca4cc-10f2-4e61-9c64-b71ef01ff18f.PFDF7QA7BBTHMGZ2.SEARCH&ppt=None&ppn=None&ssid=tuz9tvum340000001783424255774&qH=daddb49dcea591ec&ov_redirect=true,https://rukminim2.flixcart.com/image/312/312/jnnhua80/pet-food/g/z/2/3-dog-3182550773850-royal-canin-original-imafaatskvjc5d9q.jpeg?q=70,https://rukminim2.flixcart.com/image/312/312/jnnhua80/pet-food/g/z/2/3-dog-3182550773850-royal-canin-original-imafaatskvjc5d9q.jpeg?q=70,,0,,,,10.0,0.0,3.5,8.0,3539.0,18.0,-3.2,49.82,stable,flipkart|gtrends,2026-07-07,2026-07-07T17:09:43.181470,676,b66b28872a7102bf,royal canin|royal canin maxi dermacomfort 3 kg dry adult dog food,57.94,49.82,57.94,1.88,0.0,0.96,0.1,LOW_RATING_PENALTY,REVIEW_MANUALLY
PLNHZPPMXZ9EDUVK,wagmart Wagmart Heavy Duty Reflective Rope Dog Leash Padded Handle Training Lead 121 cm Dog Cord Leash,wagmart,collars_leashes,,,,,PLNHZPPMXZ9EDUVK,https://www.flipkart.com/wagmart-heavy-duty-reflective-rope-dog-leash-padded-handle-training-lead-121-cm-cord/p/itmd33ab34f08e3f?pid=PLNHZPPMXZ9EDUVK&lid=LSTPLNHZPPMXZ9EDUVKF0WERZ&marketplace=FLIPKART&q=retractable+dog+leash&store=p3t%2Fea3%2Fpmw&srno=s_1_17&otracker=search&fm=organic&iid=en_3EweRagYPR3DtACMobRBYQqK0iJtHCDxNYux26EZwPJ1zeSNheml3gLz2O9L4WQECEmw7Nuzvy0cOea8QOBBbDLFJR9rR7-WXOkuL3A8YTRFYqLIpEQ_2LggkUIwmnlI&ppt=None&ppn=None&ssid=4smcf9y8000000001783424346329&qH=bbc46b35e332125e&ov_redirect=true&ov_redirect=true,https://rukminim2.flixcart.com/image/612/612/xif0q/pet-leash-chain/s/v/p/pmvt013-praanavmart-original-imahguhhyzpufvfm.jpeg?q=70,https://rukminim2.flixcart.com/image/612/612/xif0q/pet-leash-chain/s/v/p/pmvt013-praanavmart-original-imahguhhyzpufvfm.jpeg?q=70,,0,,,,17.0,0.0,,,358.0,5.0,-3.0,49.78,stable,flipkart|gtrends,2026-07-07,2026-07-07T17:09:43.202520,677,4338569d21628b2c,wagmart|wagmart wagmart heavy duty reflective rope dog leash padded handle training lead,47.9,49.78,47.9,1.88,0.0,0.81,0.0,,MONITOR
SHIH2ZFC5Y9UR4JR,"ATUT Dog showpiece, for Home Decor in Big size, Decorative Showpiece - 9 cm",atut,dog_food,,,,,SHIH2ZFC5Y9UR4JR,https://www.flipkart.com/atut-dog-showpiece-home-decor-big-size-decorative-showpiece-9-cm/p/itm605d071114671?pid=SHIH2ZFC5Y9UR4JR&lid=LSTSHIH2ZFC5Y9UR4JRFITAVP&marketplace=FLIPKART&q=kong+dog+toy&store=search.flipkart.com&srno=s_1_17&otracker=search&fm=organic&iid=474ceca2-7edf-42ed-b744-bb801b6b5e42.SHIH2ZFC5Y9UR4JR.SEARCH&ppt=None&ppn=None&ssid=dj4tyd2ftc0000001783424281567&qH=f85aed73ab1bacb4&ov_redirect=true&ov_redirect=true,https://rukminim2.flixcart.com/image/612/612/xif0q/showpiece-figurine/n/6/n/20-8-dgg006-atut-9-original-imah2zfcagykunyz.jpeg?q=70,https://rukminim2.flixcart.com/image/612/612/xif0q/showpiece-figurine/n/6/n/20-8-dgg006-atut-9-original-imah2zfcagykunyz.jpeg?q=70,,0,,,,17.0,0.0,,,233.0,18.0,-3.2,49.74,stable,flipkart|gtrends,2026-07-07,2026-07-07T17:09:43.186254,678,7536c417dc71812a,"atut|atut dog showpiece, for home decor in big size, decorative showpiece - 9 cm",47.86,49.74,47.86,1.88,0.0,0.81,0.0,,MONITOR
B0FHH3MY6Z,"Kipenzi Cat Kicker Plush Toy Set for Cats & Kittens | Soft, Colorful & Lightweight Toys with Catnip fillable Pocket | Non-Squ",kipenzi,cat_toys,,B0FHH3MY6Z,https://www.amazon.in/Kipenzi-Colorful-Lightweight-fillable-Non-Squeaky/dp/B0FHH3MY6Z/ref=zg_bs_g_4771387031_d_sccl_26/522-4724523-7365803?psc=1,"https://images-eu.ssl-images-amazon.com/images/I/61DWAhYIplL._AC_UL300_SR300,200_.jpg",,,,"https://images-eu.ssl-images-amazon.com/images/I/61DWAhYIplL._AC_UL300_SR300,200_.jpg",22.0,0,4.1,18.0,376.0,,,,,,4.0,-6.0,49.7,stable,amazon|gtrends,2026-07-07,2026-07-07T17:09:43.164966,679,3407d3c09e888d71,"kipenzi|kipenzi cat kicker plush toy set for cats & kittens | soft, colorful & lightweig",47.2,49.7,47.2,2.5,0.0,0.81,0.0,,MONITOR
B0G2C64MK9,"Zigly Lifestyle Golden Hour Snooze Nest Pet Mat for Dogs & Cats | Ultra-Soft NS Butter Polyester | Water-Repellent, Anti-Skid",zigly,beds_accessories,,B0G2C64MK9,https://www.amazon.in/Zigly-Lifestyle-Golden-Washable-Anti-Skid/dp/B0G2C64MK9/ref=zg_bs_g_4771390031_d_sccl_28/522-4724523-7365803?psc=1,"https://images-eu.ssl-images-amazon.com/images/I/61D2VQ6PzkL._AC_UL300_SR300,200_.jpg",,,,"https://images-eu.ssl-images-amazon.com/images/I/61D2VQ6PzkL._AC_UL300_SR300,200_.jpg",26.0,0,5.0,15.0,999.0,,,,,,20.5,-2.0,49.61,stable,amazon|gtrends,2026-07-07,2026-07-07T17:09:43.170718,680,f027a89834b0909b,zigly|zigly lifestyle golden hour snooze nest pet mat for dogs & cats | ultra-soft ns ,46.49,49.61,46.49,3.12,0.0,0.81,0.0,,MONITOR
B0B6RFQ7BB,"Foodie Puppies Natural Latex Rubber Squeaky Chew Toy - (Purple Elephant, 12cm), Suitable for Puppy, X-Small to Small Dogs | D",foodie,dog_toys,,B0B6RFQ7BB,https://www.amazon.in/Foodie-Puppies-Squeaky-Toy-Separation/dp/B0B6RFQ7BB/ref=zg_bs_g_4771401031_d_sccl_30/522-4724523-7365803?psc=1,"https://images-eu.ssl-images-amazon.com/images/I/618k2QpZjeL._AC_UL300_SR300,200_.jpg",,,,"https://images-eu.ssl-images-amazon.com/images/I/618k2QpZjeL._AC_UL300_SR300,200_.jpg",27.0,0,4.2,1037.0,249.0,,,,,,3.0,0.0,49.6,stable,amazon|gtrends,2026-07-07,2026-07-07T17:09:43.163620,681,905350d31d15010c,"foodie|foodie puppies natural latex rubber squeaky chew toy - (purple elephant, 12cm), ",46.48,49.6,46.48,3.12,0.0,0.81,0.0,,MONITOR
B0CL9H59FJ,"Moe Puppy Natural Paw Balm for Dogs & Cats | Lick Safe Paw Balm for Cracked & Dry Paws and Nose | Heals, Repairs & Moisturize",moe,grooming,,B0CL9H59FJ,https://www.amazon.in/Moe-Moisturising-enriched-Vitamin-Moisturises/dp/B0CL9H59FJ/ref=zg_bs_g_4771396031_d_sccl_30/522-4724523-7365803?psc=1,"https://images-eu.ssl-images-amazon.com/images/I/419LsHmiyvL._AC_UL300_SR300,200_.jpg",,,,"https://images-eu.ssl-images-amazon.com/images/I/419LsHmiyvL._AC_UL300_SR300,200_.jpg",26.0,0,4.4,383.0,267.0,,,,,,13.5,-1.5,49.6,stable,amazon|gtrends,2026-07-07,2026-07-07T17:09:43.167125,682,3c9f38d21f2a392d,moe|moe puppy natural paw balm for dogs & cats | lick safe paw balm for cracked & dr,46.48,49.6,46.48,3.12,0.0,0.81,0.0,,MONITOR
B07P621LMH,PSK PET MART Dog Chain Silver Grind No.8 Heavy Weight Dogs Leash Heavy Duty Dog Chain with Heavy Hook (L - 60 Inch) for Large,psk,collars_leashes,,B07P621LMH,https://www.amazon.in/PSK-Chain-Silver-Grind-No-8/dp/B07P621LMH/ref=zg_bs_g_4771392031_d_sccl_29/522-4724523-7365803?psc=1,"https://images-eu.ssl-images-amazon.com/images/I/71Z8zCU95-L._AC_UL300_SR300,200_.jpg",,,,"https://images-eu.ssl-images-amazon.com/images/I/71Z8zCU95-L._AC_UL300_SR300,200_.jpg",26.0,0,4.0,1572.0,229.0,,,,,,5.0,-3.0,49.56,stable,amazon|gtrends,2026-07-07,2026-07-07T17:09:43.177564,683,c318cdb58483410c,psk|psk pet mart dog chain silver grind no.8 heavy weight dogs leash heavy duty dog ,47.06,49.56,47.06,2.5,0.0,0.81,0.0,,MONITOR
PTYHZT8YMKB8MUKE,"Cozy Kiddos YOUHAVEDEAL multicolor Medium to Large dogs Cotton Chew Toy, Fetch Toy, Soft Toy For Dog & Cat",cozy,dog_toys,,,,,PTYHZT8YMKB8MUKE,https://www.flipkart.com/cozy-kiddos-youhavedeal-multicolor-medium-large-dogs-cotton-chew-toy-fetch-soft-toy-dog-cat/p/itm08410c3f87aed?pid=PTYHZT8YMKB8MUKE&lid=LSTPTYHZT8YMKB8MUKEPJBLEB&marketplace=FLIPKART&q=dog+toys&store=search.flipkart.com&srno=s_1_18&otracker=search&fm=organic&iid=en_gHzQJMae_tGFBP10eGOpYk-CyXuLcZx2YC67D8ZHQ6C5QO0iXOspYXSPwENxh9TGGba0zooCcfMRumjM7L3Z3jI41Cp7c_9rJAx14G9WPcYiu2dC9Gh40ooIRhlc1jIx&ppt=None&ppn=None&ssid=kznhsbimtc0000001783424276401&qH=656c5ee0f079e36b&ov_redirect=true&ov_redirect=true,https://rukminim2.flixcart.com/image/612/612/xif0q/pet-toy/f/z/4/4-0210-cozy-kiddos-original-imahzt8yhcrhgqzs.jpeg?q=70,https://rukminim2.flixcart.com/image/612/612/xif0q/pet-toy/f/z/4/4-0210-cozy-kiddos-original-imahzt8yhcrhgqzs.jpeg?q=70,,0,,,,18.0,0.0,,,175.0,3.0,0.0,49.38,stable,flipkart|gtrends,2026-07-07,2026-07-07T17:09:43.184987,684,50d4fb29220be625,"cozy|cozy kiddos youhavedeal multicolor medium to large dogs cotton chew toy, fetch t",47.5,49.38,47.5,1.88,0.0,0.81,0.0,,MONITOR
PTYHE3EMUUPGBZSZ,"DogTrust Plush Dog Toys with Interactive Squeaky, Durable Chew for Long Animals (1Pcs) Wool Plush Toy For Dog & Cat",dogtrust,dog_toys,,,,,PTYHE3EMUUPGBZSZ,https://www.flipkart.com/dogtrust-plush-dog-toys-interactive-squeaky-durable-chew-long-animals-1pcs-wool-toy-cat/p/itmd9b7950ff432b?pid=PTYHE3EMUUPGBZSZ&lid=LSTPTYHE3EMUUPGBZSZNIMF2L&marketplace=FLIPKART&q=kong+dog+toy&store=search.flipkart.com&srno=s_1_18&otracker=search&fm=organic&iid=474ceca2-7edf-42ed-b744-bb801b6b5e42.PTYHE3EMUUPGBZSZ.SEARCH&ppt=None&ppn=None&ssid=dj4tyd2ftc0000001783424281567&qH=f85aed73ab1bacb4&ov_redirect=true&ov_redirect=true,https://rukminim2.flixcart.com/image/612/612/xif0q/pet-toy/i/r/s/1-plush-toy-squirrel-dogtrust-original-imahe3emhxjjysgd.jpeg?q=70,https://rukminim2.flixcart.com/image/612/612/xif0q/pet-toy/i/r/s/1-plush-toy-squirrel-dogtrust-original-imahe3emhxjjysgd.jpeg?q=70,,0,,,,18.0,0.0,,,595.0,3.0,0.0,49.38,stable,flipkart|gtrends,2026-07-07,2026-07-07T17:09:43.186348,685,b075fe1278f0f7ba,"dogtrust|dogtrust plush dog toys with interactive squeaky, durable chew for long animals ",47.5,49.38,47.5,1.88,0.0,0.81,0.0,,MONITOR
B0GZ86M78L,"Cuddly Beans Dog Harness with Leash | No Pull Adjustable Pet Harness for Dogs | Comfortable, Breathable & Reflective | Heavy",cuddly,collars_leashes,,B0GZ86M78L,https://www.amazon.in/Cuddly-Beans-Adjustable-Comfortable-Breathable/dp/B0GZ86M78L/ref=zg_bs_g_4771392031_d_sccl_27/522-4724523-7365803?psc=1,"https://images-eu.ssl-images-amazon.com/images/I/61BnCyQjdDL._AC_UL300_SR300,200_.jpg",,,,"https://images-eu.ssl-images-amazon.com/images/I/61BnCyQjdDL._AC_UL300_SR300,200_.jpg",24.0,0,4.2,35.0,999.0,,,,,,5.0,-3.0,49.37,stable,amazon|gtrends,2026-07-07,2026-07-07T17:09:43.177411,686,7095a61b20cc2778,cuddly|cuddly beans dog harness with leash | no pull adjustable pet harness for dogs | ,46.25,49.37,46.25,3.12,0.0,0.81,0.0,,MONITOR
PTYHHBF7AE6BYF6H,Petsoft Cat Pocky Catnip Mint Treats Toy For kittens Earthenware Treat Dispensing Toy For Cat,petsoft,cat_food,,,,,PTYHHBF7AE6BYF6H,https://www.flipkart.com/petsoft-cat-pocky-catnip-mint-treats-toy-kittens-earthenware-treat-dispensing/p/itmf228e881b9691?pid=PTYHHBF7AE6BYF6H&lid=LSTPTYHHBF7AE6BYF6H0XHE0H&marketplace=FLIPKART&q=catnip+toy&store=p3t%2F0mo%2Fgba&srno=s_1_18&otracker=search&fm=organic&iid=39e31d82-0a1a-4f12-a245-083e2fba4e25.PTYHHBF7AE6BYF6H.SEARCH&ppt=None&ppn=None&ssid=0fjvryz3nk0000001783424289434&qH=f9b349971a41f28d&ov_redirect=true&ov_redirect=true,https://rukminim2.flixcart.com/image/612/612/xif0q/pet-toy/p/k/z/1-pf-catnip-mint-roll-toy-01-petsoft-original-imahhbf7k7ncazkb.jpeg?q=70,https://rukminim2.flixcart.com/image/612/612/xif0q/pet-toy/p/k/z/1-pf-catnip-mint-roll-toy-01-petsoft-original-imahhbf7k7ncazkb.jpeg?q=70,,0,,,,18.0,0.0,,,150.0,21.67,-0.67,49.25,stable,flipkart|gtrends,2026-07-07,2026-07-07T17:09:43.188942,687,967537369b5f1635,petsoft|petsoft cat pocky catnip mint treats toy for kittens earthenware treat dispensin,47.37,49.25,47.37,1.88,0.0,0.81,0.0,,MONITOR
PTYHHBFAPYYWYXAW,Petsoft Catnip Mint Treats Balls Toy Earthenware Ball For Dog & Cat,petsoft,cat_toys,,,,,PTYHHBFAPYYWYXAW,https://www.flipkart.com/petsoft-catnip-mint-treats-balls-toy-earthenware-ball-dog-cat/p/itm17798cfaad87c?pid=PTYHHBFAPYYWYXAW&lid=LSTPTYHHBFAPYYWYXAWAEDMYJ&marketplace=FLIPKART&q=catnip+toy&store=p3t%2F0mo%2Fgba&srno=s_1_17&otracker=search&fm=organic&iid=39e31d82-0a1a-4f12-a245-083e2fba4e25.PTYHHBFAPYYWYXAW.SEARCH&ppt=None&ppn=None&ssid=0fjvryz3nk0000001783424289434&qH=f9b349971a41f28d&ov_redirect=true&ov_redirect=true,https://rukminim2.flixcart.com/image/612/612/xif0q/pet-toy/i/h/i/1-pf-catnip-mint-ball-pack-of-01-petsoft-original-imahhbf9tqvvkkzf.jpeg?q=70,https://rukminim2.flixcart.com/image/612/612/xif0q/pet-toy/i/h/i/1-pf-catnip-mint-ball-pack-of-01-petsoft-original-imahhbf9tqvvkkzf.jpeg?q=70,,0,,,,17.0,0.0,,,150.0,4.0,-6.0,49.18,stable,flipkart|gtrends,2026-07-07,2026-07-07T17:09:43.188891,688,5b1eebe6b4ed4c68,petsoft|petsoft catnip mint treats balls toy earthenware ball for dog & cat,47.3,49.18,47.3,1.88,0.0,0.81,0.0,,MONITOR
PCBHZGSASUZJVT8T,wagmart Pet Deshedding Brush for Dogs Cats Hair Grooming Comb Fur Remover Tool Shedding Blade for Dog & Cat,wagmart,grooming,,,,,PCBHZGSASUZJVT8T,https://www.flipkart.com/wagmart-pet-deshedding-brush-dogs-cats-hair-grooming-comb-fur-remover-tool-shedding-blade-dog-cat/p/itm32deca6e098b4?pid=PCBHZGSASUZJVT8T&lid=LSTPCBHZGSASUZJVT8TLJDW01&marketplace=FLIPKART&q=dog+brush&store=p3t%2Fixl%2F770&srno=s_1_18&otracker=search&fm=organic&iid=en_QRxANM9RziwspZ-U2W55wONXtm4MwJKfTmfQuL6S0by9T0qREIK2YjiinbSgP8DgcTpGSMDvX8ZFLjfGPc_A2gyovBB3qjA8L84yMj5tlaFKFg9fqP8F98pZd_-iDlzY&ppt=None&ppn=None&ssid=6sp2qnbbb40000001783424302403&qH=c664f21272e7c16e&ov_redirect=true&ov_redirect=true,https://rukminim2.flixcart.com/image/612/612/xif0q/pet-comb-brush/k/g/x/medium-pet-deshedding-comb-wagster-original-imahzgs7pff5wthv.jpeg?q=70,https://rukminim2.flixcart.com/image/612/612/xif0q/pet-comb-brush/k/g/x/medium-pet-deshedding-comb-wagster-original-imahzgs7pff5wthv.jpeg?q=70,,0,,,,18.0,0.0,,,537.0,13.5,-1.5,49.08,stable,flipkart|gtrends,2026-07-07,2026-07-07T17:09:43.192593,689,b940087566eb44b9,wagmart|wagmart pet deshedding brush for dogs cats hair grooming comb fur remover tool s,47.2,49.08,47.2,1.88,0.0,0.81,0.0,,MONITOR
B0FS78PLDZ,"Cat Collar, Cat Neck Collar for Small Cats and Dogs, Soft E Collar for Cats Post Surgery, Comfortable Cat Cone Collar with Be",cat,health_wellness,,B0FS78PLDZ,https://www.amazon.in/Collar-Surgery-Comfortable-Design-Circumference/dp/B0FS78PLDZ/ref=zg_bs_g_4771384031_d_sccl_24/522-4724523-7365803?psc=1,"https://images-eu.ssl-images-amazon.com/images/I/61QnKt6Y9jL._AC_UL300_SR300,200_.jpg",,,,"https://images-eu.ssl-images-amazon.com/images/I/61QnKt6Y9jL._AC_UL300_SR300,200_.jpg",23.0,0,3.8,15.0,669.0,,,,,,0.5,0.0,49.03,stable,amazon|gtrends,2026-07-07,2026-07-07T17:09:43.175323,690,412df0b7321d1669,"cat|cat collar, cat neck collar for small cats and dogs, soft e collar for cats post",46.53,49.03,46.53,2.5,0.0,0.81,0.0,,MONITOR
PTYH4MAFZXHKYHFT,"Petfun High Quality Pet Training Clicker (Green & Yellow) Plastic Tug Toy, Fetch Toy For Dog & Cat",petfun,training,,,,,PTYH4MAFZXHKYHFT,https://www.flipkart.com/petfun-high-quality-pet-training-clicker-green-yellow-plastic-tug-toy-fetch-toy-dog-cat/p/itm2067e0b77357c?pid=PTYH4MAFZXHKYHFT&lid=LSTPTYH4MAFZXHKYHFTFVONTB&marketplace=FLIPKART&q=clicker+dog+training&store=p3t%2Fea3%2Fg4c&srno=s_1_18&otracker=search&fm=organic&iid=fbb02aa1-aabd-4b0d-9e72-e506e20115f2.PTYH4MAFZXHKYHFT.SEARCH&ppt=None&ppn=None&ssid=k2z16a13j40000001783424354631&qH=b0c60dc4bffa7e54&ov_redirect=true&ov_redirect=true,https://rukminim2.flixcart.com/image/612/612/xif0q/pet-toy/j/2/i/1-clicker-with-wrist-strap-petfun-original-imahathqrwcetnhx.jpeg?q=70,https://rukminim2.flixcart.com/image/612/612/xif0q/pet-toy/j/2/i/1-clicker-with-wrist-strap-petfun-original-imahathqrwcetnhx.jpeg?q=70,,0,,,,18.0,0.0,,,110.0,0.5,-2.0,48.98,stable,flipkart|gtrends,2026-07-07,2026-07-07T17:09:43.204851,691,16da4c2624c17fa3,"petfun|petfun high quality pet training clicker (green & yellow) plastic tug toy, fetch",47.1,48.98,47.1,1.88,0.0,0.81,0.0,,MONITOR
B0GFDM897S,"Absolut Pet Dog Supplement for Oral Care, Dental Chews for Dogs that Reduces Plaque & Tartar | Freshens Breath & Supports Gum",absolut,health_wellness,,B0GFDM897S,https://www.amazon.in/Absolut-Supplement-Reduces-Freshens-Supports/dp/B0GFDM897S/ref=zg_bs_g_4771397031_d_sccl_30/522-4724523-7365803?psc=1,"https://images-eu.ssl-images-amazon.com/images/I/51BzBYBru4L._AC_UL300_SR300,200_.jpg",,,,"https://images-eu.ssl-images-amazon.com/images/I/51BzBYBru4L._AC_UL300_SR300,200_.jpg",25.0,0,4.2,28.0,699.0,,,,,,0.5,0.0,48.91,stable,amazon|gtrends,2026-07-07,2026-07-07T17:09:43.173862,692,d4aa53ddd6a6b9cb,"absolut|absolut pet dog supplement for oral care, dental chews for dogs that reduces pla",45.79,48.91,45.79,3.12,0.0,0.8,0.0,,MONITOR
B0F3X6XFGM,"Natural Cotton Rope Scratch Pad, 15.7'' Round Horizontal Floor Scratching Mat for Indoor Cats, Furniture Protector for Wall,",natural,beds_accessories,,B0F3X6XFGM,https://www.amazon.in/Natural-Horizontal-Scratching-Furniture-Protector/dp/B0F3X6XFGM/ref=zg_bs_g_4771375031_d_sccl_27/522-4724523-7365803?psc=1,"https://images-eu.ssl-images-amazon.com/images/I/810sslw2LJL._AC_UL300_SR300,200_.jpg",,,,"https://images-eu.ssl-images-amazon.com/images/I/810sslw2LJL._AC_UL300_SR300,200_.jpg",25.0,0,4.4,12.0,281.0,,,,,,20.5,-2.0,48.89,stable,amazon|gtrends,2026-07-07,2026-07-07T17:09:43.172304,693,d1b086a8478e8ba6,"natural|natural cotton rope scratch pad, 15.7'' round horizontal floor scratching mat fo",45.77,48.89,45.77,3.12,0.0,0.8,0.0,,MONITOR
B0BXL9Z3DY,"Qpets Cat Bathing Bag Anti-Scratch Cat Grooming Mesh Bag for Bathing, Nail Trimming, Medicine Taking, Injection, Adjustable",qpets,grooming,,B0BXL9Z3DY,https://www.amazon.in/Anti-Scratch-Injection-Adjustable-Multifunctional-Breathable/dp/B0BXL9Z3DY/ref=zg_bs_g_4771383031_d_sccl_16/522-4724523-7365803?psc=1,"https://images-eu.ssl-images-amazon.com/images/I/711aX1s9WPL._AC_UL300_SR300,200_.jpg",,,,"https://images-eu.ssl-images-amazon.com/images/I/711aX1s9WPL._AC_UL300_SR300,200_.jpg",13.0,0,3.7,203.0,298.0,,,,,,13.5,-1.5,48.86,stable,amazon|gtrends,2026-07-07,2026-07-07T17:09:43.168150,694,c8f06865e8f36949,"qpets|qpets cat bathing bag anti-scratch cat grooming mesh bag for bathing, nail trimm",56.98,48.86,56.98,1.88,0.0,0.96,0.1,LOW_RATING_PENALTY,REVIEW_MANUALLY
B0FBGBS845,"Goofy Tails Feline Vitality+(100Mlx1Pack) Liquid Immunity Booster for Cats, Cat Coat Supplement, Gut Supplement, Boosted with",goofy,health_wellness,,B0FBGBS845,https://www.amazon.in/Goofy-Tails-Feline-Vitality-Curcuminoids/dp/B0FBGBS845/ref=zg_bs_g_4771384031_d_sccl_26/522-4724523-7365803?psc=1,"https://images-eu.ssl-images-amazon.com/images/I/61J0mjj14IL._AC_UL300_SR300,200_.jpg",,,,"https://images-eu.ssl-images-amazon.com/images/I/61J0mjj14IL._AC_UL300_SR300,200_.jpg",25.0,0,4.2,20.0,169.0,,,,,,0.5,0.0,48.83,stable,amazon|gtrends,2026-07-07,2026-07-07T17:09:43.175477,695,1a36cbdee1bc61da,"goofy|goofy tails feline vitality+(100mlx1pack) liquid immunity booster for cats, cat ",45.71,48.83,45.71,3.12,0.0,0.8,0.0,,MONITOR
PLNHZXK2SCZBM4RB,MCBAZEL Retractable Dog Leash 10 cm Dog Chain Leash,mcbazel,collars_leashes,,,,,PLNHZXK2SCZBM4RB,https://www.flipkart.com/mcbazel-retractable-dog-leash-10-cm-chain/p/itmb930a7eadac69?pid=PLNHZXK2SCZBM4RB&lid=LSTPLNHZXK2SCZBM4RBXEW5P4&marketplace=FLIPKART&q=retractable+dog+leash&store=p3t%2Fea3%2Fpmw&srno=s_1_18&otracker=search&fm=organic&iid=en_3EweRagYPR3DtACMobRBYQqK0iJtHCDxNYux26EZwPJVXsX7HJYh2L2txBfbmoPkJ2yZTLaWOEzupd5v7qozTndJREMa8OPdBU6xXhYzd9FFYqLIpEQ_2LggkUIwmnlI&ppt=None&ppn=None&ssid=4smcf9y8000000001783424346329&qH=bbc46b35e332125e&ov_redirect=true&ov_redirect=true,https://rukminim2.flixcart.com/image/612/612/xif0q/pet-collar-charm/6/h/j/1-vh-pc-001-virohainter-original-imahzzeguvuwfq7d.jpeg?q=70,https://rukminim2.flixcart.com/image/612/612/xif0q/pet-collar-charm/6/h/j/1-vh-pc-001-virohainter-original-imahzzeguvuwfq7d.jpeg?q=70,,0,,,,18.0,0.0,,,450.0,5.0,-3.0,48.78,stable,flipkart|gtrends,2026-07-07,2026-07-07T17:09:43.202562,696,3a089b4a24f1fc92,mcbazel|mcbazel retractable dog leash 10 cm dog chain leash,46.9,48.78,46.9,1.88,0.0,0.81,0.0,,MONITOR
B0BG5FZL7L,"Goofy Tails Coffee Wood Dog Chew Toy | Splinter-Free, Caffeine-Free Natural Dog Dental Stick | Safe Puppy Toy | Chew Toys for",goofy,dog_toys,,B0BG5FZL7L,https://www.amazon.in/Goofy-Tails-Coffee-Wood-Aggressive/dp/B0BG5FZL7L/ref=zg_bs_g_4771401031_d_sccl_16/522-4724523-7365803?psc=1,"https://images-eu.ssl-images-amazon.com/images/I/61tMcr+bd6L._AC_UL300_SR300,200_.jpg",,,,"https://images-eu.ssl-images-amazon.com/images/I/61tMcr+bd6L._AC_UL300_SR300,200_.jpg",14.0,0,3.6,428.0,264.0,,,,,,3.0,0.0,48.53,stable,amazon|gtrends,2026-07-07,2026-07-07T17:09:43.163022,697,725fcf983f9e2d96,"goofy|goofy tails coffee wood dog chew toy | splinter-free, caffeine-free natural dog ",56.65,48.53,56.65,1.88,0.0,0.96,0.1,LOW_RATING_PENALTY,REVIEW_MANUALLY
PDEGVGDCRNXXWGB3,"JNONI Heavy Duty Pet and Puppy Training Pads (XL, 10) Disposable Dog Diapers",jnoni,training,,,,,PDEGVGDCRNXXWGB3,https://www.flipkart.com/jnoni-heavy-duty-pet-puppy-training-pads-xl-10-disposable-dog-diapers/p/itm14e16b157c7a1?pid=PDEGVGDCRNXXWGB3&lid=LSTPDEGVGDCRNXXWGB3ETNTRA&marketplace=FLIPKART&q=puppy+training+pads&store=p3t%2Fixl%2Fhmu&srno=s_1_10&otracker=search&fm=organic&iid=d60d8e75-061f-48aa-83e7-35ac61d14ce8.PDEGVGDCRNXXWGB3.SEARCH&ppt=None&ppn=None&ssid=vikbikuy8w0000001783424349196&qH=a418c91bf2bdb70b&ov_redirect=true&ov_redirect=true,https://rukminim2.flixcart.com/image/612/612/k5e7o280/pet-mat/t/x/t/xl-pet-training-pads-30-sheets-lavender-original-imafn2vqku8guqgx.jpeg?q=70,https://rukminim2.flixcart.com/image/612/612/k5e7o280/pet-mat/t/x/t/xl-pet-training-pads-30-sheets-lavender-original-imafn2vqku8guqgx.jpeg?q=70,,0,,,,10.0,0.0,3.0,,145.0,0.5,-2.0,48.38,stable,flipkart|gtrends,2026-07-07,2026-07-07T17:09:43.203293,698,d66f66f20c7fce3a,"jnoni|jnoni heavy duty pet and puppy training pads (xl, 10) disposable dog diapers",56.5,48.38,56.5,1.88,0.0,0.96,0.1,LOW_RATING_PENALTY,REVIEW_MANUALLY
PTYHNTHHTAZ8EGHA,"Richpet Dog Chew Ball Toy Silicone Chew Toy, Ball For Dog",richpet,dog_toys,,,,,PTYHNTHHTAZ8EGHA,https://www.flipkart.com/richpet-dog-chew-ball-toy-silicone-toy/p/itm02a55cc037be7?pid=PTYHNTHHTAZ8EGHA&lid=LSTPTYHNTHHTAZ8EGHAQK2Y5J&marketplace=FLIPKART&q=chew+toy+for+dogs&store=p3t%2Fea3%2Fg4c&srno=s_1_19&otracker=search&fm=organic&iid=7bd7fbba-2d0c-49d2-998d-02c17cd33c0c.PTYHNTHHTAZ8EGHA.SEARCH&ppt=None&ppn=None&ssid=epaqy8p1400000001783424279013&qH=c3109da2ecfccdb5&ov_redirect=true&ov_redirect=true,https://rukminim2.flixcart.com/image/612/612/xif0q/pet-toy/d/f/f/1-silicon-ball-1-richpet-original-imahz6vsgcsfdvcr.jpeg?q=70,https://rukminim2.flixcart.com/image/612/612/xif0q/pet-toy/d/f/f/1-silicon-ball-1-richpet-original-imahz6vsgcsfdvcr.jpeg?q=70,,0,,,,19.0,0.0,,,439.0,3.0,0.0,48.38,stable,flipkart|gtrends,2026-07-07,2026-07-07T17:09:43.185646,699,ca5214bac60d8050,"richpet|richpet dog chew ball toy silicone chew toy, ball for dog",46.5,48.38,46.5,1.88,0.0,0.81,0.0,,MONITOR
PTYHNSFFUQHRGHNT,"decorvaiz YOUHAVEDEAL Toys for Puppies & Medium Dogs Toys | Color May Vary | Rope Ball Toy Cotton Ball, Tug Toy, Fetch Toy, Training Aid, Chew Toy For Dog & Cat",decorvaiz,dog_toys,,,,,PTYHNSFFUQHRGHNT,https://www.flipkart.com/decorvaiz-youhavedeal-toys-puppies-medium-dogs-color-may-vary-rope-ball-toy-cotton-ball-tug-toy-fetch-training-aid-chew-dog-cat/p/itmb8bb84366793d?pid=PTYHNSFFUQHRGHNT&lid=LSTPTYHNSFFUQHRGHNTQEW7XQ&marketplace=FLIPKART&q=dog+toys&store=search.flipkart.com&srno=s_1_19&otracker=search&fm=organic&iid=72b68f00-cfc5-43ef-aa2c-9fbf9afa59ca.PTYHNSFFUQHRGHNT.SEARCH&ppt=None&ppn=None&ssid=kznhsbimtc0000001783424276401&qH=656c5ee0f079e36b&ov_redirect=true&ov_redirect=true,https://rukminim2.flixcart.com/image/612/612/xif0q/pet-toy/w/w/e/6-toys-for-pets-f-74-ghalibb-original-imahmu4hk86fpuze.jpeg?q=70,https://rukminim2.flixcart.com/image/612/612/xif0q/pet-toy/w/w/e/6-toys-for-pets-f-74-ghalibb-original-imahmu4hk86fpuze.jpeg?q=70,,0,,,,19.0,0.0,,,119.0,3.0,0.0,48.38,stable,flipkart|gtrends,2026-07-07,2026-07-07T17:09:43.185051,700,81e7b38252848126,decorvaiz|decorvaiz youhavedeal toys for puppies & medium dogs toys | color may vary | rop,46.5,48.38,46.5,1.88,0.0,0.81,0.0,,MONITOR
PEBHD4SG4PVJPZP9,"Heaven Luxurious Folding Pet Bed Mat For DOG,Cat, Puppy Iron Nylon Mat Cooling Summer Ant slip XL Pet Bed",heaven,beds_accessories,,,,,PEBHD4SG4PVJPZP9,https://www.flipkart.com/heaven-luxurious-folding-pet-bed-mat-dog-cat-puppy-iron-nylon-cooling-summer-ant-slip-xl/p/itm32026ba3a7ea6?pid=PEBHD4SG4PVJPZP9&lid=LSTPEBHD4SG4PVJPZP9ZKEK7R&marketplace=FLIPKART&q=dog+bed&store=p3t%2Fea3%2Fas7&srno=s_1_12&otracker=search&fm=organic&iid=en_lUAE57a00OSo-X8j04eUYLBGHVAZzclph9B6DglHv6KeUrzbh3yXJv9Gjovgytiuihyf-yY0ZqdjrIjoSGztFLmZg0wU-yRtD313NBo-NZ0l4MrUMiPECErV59mxUcO7&ppt=None&ppn=None&ssid=1iy83aen9s0000001783424308013&qH=08aaa321caaedb70&ov_redirect=true&ov_redirect=true,https://rukminim2.flixcart.com/image/612/612/xif0q/pet-bed/x/m/m/xl-folding-pet-bed-mat-for-dog-cat-puppy-iron-nylon-mat-cooling-original-imahd42hn7uergxg.jpeg?q=70,https://rukminim2.flixcart.com/image/612/612/xif0q/pet-bed/x/m/m/xl-folding-pet-bed-mat-for-dog-cat-puppy-iron-nylon-mat-cooling-original-imahd42hn7uergxg.jpeg?q=70,,0,,,,12.0,0.0,3.7,,782.0,20.5,-2.0,48.34,stable,flipkart|gtrends,2026-07-07,2026-07-07T17:09:43.193562,701,11b4b5e4f8938cf2,"heaven|heaven luxurious folding pet bed mat for dog,cat, puppy iron nylon mat cooling s",56.46,48.34,56.46,1.88,0.0,0.96,0.1,LOW_RATING_PENALTY,REVIEW_MANUALLY
PFDHZA7YG5H7DCXZ,Smudges Smudges in Gravy Crabsticks with Tuna 0.96 kg (12x0.08 kg) Wet Adult Cat Food,smudges,cat_food,,,,,PFDHZA7YG5H7DCXZ,https://www.flipkart.com/smudges-gravy-crabsticks-tuna-0-96-kg-12x0-08-kg-wet-adult-cat-food/p/itm29c9d707346ef?pid=PFDHZA7YG5H7DCXZ&lid=LSTPFDHZA7YG5H7DCXZGK0HOG&marketplace=FLIPKART&q=cat+food&store=p3t%2F0mo%2Foiv&srno=s_1_19&otracker=search&fm=organic&iid=49af5483-7d40-4f2e-bddd-d5bd2a4699e9.PFDHZA7YG5H7DCXZ.SEARCH&ppt=None&ppn=None&ssid=072jdsvxlc0000001783424263463&qH=1f38ae66827779c2&ov_redirect=true&ov_redirect=true,https://rukminim2.flixcart.com/image/612/612/xif0q/pet-food/u/o/p/0-96-cat-12-a7257-12-smudges-original-imahza6tebbasgpn.jpeg?q=70,https://rukminim2.flixcart.com/image/612/612/xif0q/pet-food/u/o/p/0-96-cat-12-a7257-12-smudges-original-imahza6tebbasgpn.jpeg?q=70,,0,,,,19.0,0.0,,,793.0,21.67,-0.67,48.25,stable,flipkart|gtrends,2026-07-07,2026-07-07T17:09:43.182508,702,6ebf1d834724fe88,smudges|smudges smudges in gravy crabsticks with tuna 0.96 kg (12x0.08 kg) wet adult cat,46.37,48.25,46.37,1.88,0.0,0.81,0.0,,MONITOR
PTYHZCBFWUDDNSGH,Smart pet Interactive Cat Toy Rolling Toy with Feather Teaser for Cats and Kittens Plastic Fetch Toy For Dog & Cat,smart,cat_toys,,,,,PTYHZCBFWUDDNSGH,https://www.flipkart.com/smart-pet-interactive-cat-toy-rolling-feather-teaser-cats-kittens-plastic-fetch-dog/p/itmc99c2b7ee73b6?pid=PTYHZCBFWUDDNSGH&lid=LSTPTYHZCBFWUDDNSGHJWMXVE&marketplace=FLIPKART&q=interactive+dog+toy&store=p3t&srno=s_1_18&otracker=search&fm=organic&iid=en_Vf9HD0ojSiUt_W0awIT38Ll2n89ss4IF2MjQc5eekk9_yLPllh8l32ltMXLLb9DMpUZu7Tpnyvc4ciDnaT9v54sVfRBM-Il-8VJ4R4f5bgAwAU6WQE4opj5QqnbaAzWu&ppt=None&ppn=None&ssid=ef5gxxp0xs0000001783424284222&qH=53ab0f799320af1a&ov_redirect=true&ov_redirect=true,https://rukminim2.flixcart.com/image/612/612/xif0q/pet-toy/m/6/t/1-rolling-toy-smart-pet-original-imahzcbfdguzxttm.jpeg?q=70,https://rukminim2.flixcart.com/image/612/612/xif0q/pet-toy/m/6/t/1-rolling-toy-smart-pet-original-imahzcbfdguzxttm.jpeg?q=70,,0,,,,18.0,0.0,,,783.0,4.0,-6.0,48.18,stable,flipkart|gtrends,2026-07-07,2026-07-07T17:09:43.187546,703,ab0b59b310cde34e,smart|smart pet interactive cat toy rolling toy with feather teaser for cats and kitte,46.3,48.18,46.3,1.88,0.0,0.81,0.0,,MONITOR
PCLHDXVFCMTKKPYH,"Berlin's Escape Proof No Pull Cat Harness with Leash for Outdoor, Walking Cat Harness Cat Harness & Leash",berlins,collars_leashes,,,,,PCLHDXVFCMTKKPYH,https://www.flipkart.com/berlin-s-escape-proof-no-pull-cat-harness-leash-outdoor-walking/p/itm1f8040b4819f3?pid=PCLHDXVFCMTKKPYH&lid=LSTPCLHDXVFCMTKKPYHSK0WIP&marketplace=FLIPKART&q=cat+collar&store=p3t&srno=s_1_12&otracker=search&fm=organic&iid=en_uijc9Bi5n3Dl9T-2slMJU4lI_nrzDjpQIgub2MXjcKhb8DPiZtJdap2zMbg2eRsxfZQ5J3Q-YiHIknfct6oz84l15QdzE04e1niXaAwjCcyasryb_0xGZ9CurSNqmvxT&ppt=None&ppn=None&ssid=dl7gz1mpu80000001783424338174&qH=831161a82e2648a4&ov_redirect=true&ov_redirect=true,https://rukminim2.flixcart.com/image/612/612/xif0q/pet-collar-harness/g/4/x/medium-cat-harness-with-leash-for-outdoor-walking-berlin-s-original-imahezeygutqm4wu.jpeg?q=70,https://rukminim2.flixcart.com/image/612/612/xif0q/pet-collar-harness/g/4/x/medium-cat-harness-with-leash-for-outdoor-walking-berlin-s-original-imahezeygutqm4wu.jpeg?q=70,,0,,,,12.0,0.0,3.7,,232.0,5.0,-3.0,48.14,stable,flipkart|gtrends,2026-07-07,2026-07-07T17:09:43.200258,704,009be159b01eb59b,"berlins|berlin's escape proof no pull cat harness with leash for outdoor, walking cat ha",56.26,48.14,56.26,1.88,0.0,0.96,0.1,LOW_RATING_PENALTY,REVIEW_MANUALLY
PDEHMJRCYZGNUAN5,Dtach Dog Puppy Pee Pads | Leak-Proof | 60 × 45 cm | 10 Pcs Disposable Dog & Cat Diapers,dtach,training,,,,,PDEHMJRCYZGNUAN5,https://www.flipkart.com/dtach-dog-puppy-pee-pads-leak-proof-60-45-cm-10-pcs-disposable-cat-diapers/p/itm53dedbc461eaa?pid=PDEHMJRCYZGNUAN5&lid=LSTPDEHMJRCYZGNUAN5VCKONB&marketplace=FLIPKART&q=puppy+training+pads&store=p3t%2Fixl%2Fhmu&srno=s_1_19&otracker=search&fm=organic&iid=d60d8e75-061f-48aa-83e7-35ac61d14ce8.PDEHMJRCYZGNUAN5.SEARCH&ppt=None&ppn=None&ssid=vikbikuy8w0000001783424349196&qH=a418c91bf2bdb70b&ov_redirect=true&ov_redirect=true,https://rukminim2.flixcart.com/image/612/612/xif0q/pet-diaper/o/l/6/600-grams-dog-puppy-pee-pads-leak-proof-60-45-cm-10-pcs-xl-10-original-imahmjrctnhx9eyy.jpeg?q=70,https://rukminim2.flixcart.com/image/612/612/xif0q/pet-diaper/o/l/6/600-grams-dog-puppy-pee-pads-leak-proof-60-45-cm-10-pcs-xl-10-original-imahmjrctnhx9eyy.jpeg?q=70,,0,,,,19.0,0.0,,,202.0,0.5,-2.0,47.98,stable,flipkart|gtrends,2026-07-07,2026-07-07T17:09:43.203642,705,50eb1cdb985a4f94,dtach|dtach dog puppy pee pads | leak-proof | 60 × 45 cm | 10 pcs disposable dog & cat,46.1,47.98,46.1,1.88,0.0,0.81,0.0,,MONITOR
PCLH9M3WPJNZU3AY,"Petfun Reflective 32MM Dog Collar Adjustable & Soft Padded, Heavy-Duty Buckle & Safety Dog Anti-tick Collar",petfun,training,,,,,PCLH9M3WPJNZU3AY,https://www.flipkart.com/petfun-reflective-32mm-dog-collar-adjustable-soft-padded-heavy-duty-buckle-safety-anti-tick/p/itm816a7d839ab4f?pid=PCLH9M3WPJNZU3AY&lid=LSTPCLH9M3WPJNZU3AYYT2RNI&marketplace=FLIPKART&q=anti+bark+collar&store=search.flipkart.com&srno=s_1_19&otracker=search&fm=organic&iid=a5e41e6c-f712-4fa1-877c-d3c823b8ca75.PCLH9M3WPJNZU3AY.SEARCH&ppt=None&ppn=None&ssid=p8wimx3quo0000001783424357818&qH=f1fde8a6826f7c4a&ov_redirect=true&ov_redirect=true,https://rukminim2.flixcart.com/image/612/612/xif0q/pet-collar-harness/u/h/t/large-pf-dog-fluorescent-paded-collar-20mm-petfun-original-imahedgugkjuqptc.jpeg?q=70,https://rukminim2.flixcart.com/image/612/612/xif0q/pet-collar-harness/u/h/t/large-pf-dog-fluorescent-paded-collar-20mm-petfun-original-imahedgugkjuqptc.jpeg?q=70,,0,,,,19.0,0.0,,,197.0,0.5,-2.0,47.98,stable,flipkart|gtrends,2026-07-07,2026-07-07T17:09:43.205693,706,56b0de2f88c69306,"petfun|petfun reflective 32mm dog collar adjustable & soft padded, heavy-duty buckle & ",46.1,47.98,46.1,1.88,0.0,0.81,0.0,,MONITOR
PLNHNVNA247YZDSM,HEHARI 6 cm Dog Cord Leash,hehari,collars_leashes,,,,,PLNHNVNA247YZDSM,https://www.flipkart.com/hehari-6-cm-dog-cord-leash/p/itmfd9e0163010da?pid=PLNHNVNA247YZDSM&lid=LSTPLNHNVNA247YZDSMMJGL1Z&marketplace=FLIPKART&q=retractable+dog+leash&store=p3t%2Fea3%2Fpmw&srno=s_1_19&otracker=search&fm=organic&iid=6b92b321-55fd-4d89-aeb1-c48b5b66fd8f.PLNHNVNA247YZDSM.SEARCH&ppt=None&ppn=None&ssid=4smcf9y8000000001783424346329&qH=bbc46b35e332125e&ov_redirect=true&ov_redirect=true,https://rukminim2.flixcart.com/image/612/612/xif0q/pet-leash-chain/9/n/q/6-ft-reflective-rope-dog-leash-or-walking-training-running-egab-original-imahnvhqmzpnacq9.jpeg?q=70,https://rukminim2.flixcart.com/image/612/612/xif0q/pet-leash-chain/9/n/q/6-ft-reflective-rope-dog-leash-or-walking-training-running-egab-original-imahnvhqmzpnacq9.jpeg?q=70,,0,,,,19.0,0.0,,,318.0,5.0,-3.0,47.78,stable,flipkart|gtrends,2026-07-07,2026-07-07T17:09:43.202598,707,b443b62b7edcb52c,hehari|hehari 6 cm dog cord leash,45.9,47.78,45.9,1.88,0.0,0.8,0.0,,MONITOR
PCLHNZSGCKUGP2ZF,PETSZOW Dog Safety Harness,petszow,collars_leashes,,,,,PCLHNZSGCKUGP2ZF,https://www.flipkart.com/petszow-dog-safety-harness/p/itm1a4c2ada8ab29?pid=PCLHNZSGCKUGP2ZF&lid=LSTPCLHNZSGCKUGP2ZFFVWMW4&marketplace=FLIPKART&q=dog+harness&store=p3t%2Fea3%2Fb1n&srno=s_1_19&otracker=search&fm=organic&iid=5a4d3819-8e44-4aad-a67c-a3c7173ca7c5.PCLHNZSGCKUGP2ZF.SEARCH&ppt=None&ppn=None&ssid=sckxvcab7k0000001783424343657&qH=c997f489fc4d5035&ov_redirect=true&ov_redirect=true,https://rukminim2.flixcart.com/image/612/612/xif0q/pet-collar-harness/7/4/s/small-tactical-harness-petszow-original-imahnzrhfkauhvzh.jpeg?q=70,https://rukminim2.flixcart.com/image/612/612/xif0q/pet-collar-harness/7/4/s/small-tactical-harness-petszow-original-imahnzrhfkauhvzh.jpeg?q=70,,0,,,,19.0,0.0,,,1201.0,5.0,-3.0,47.78,stable,flipkart|gtrends,2026-07-07,2026-07-07T17:09:43.201924,708,4561fbb9ca3ef484,petszow|petszow dog safety harness,45.9,47.78,45.9,1.88,0.0,0.8,0.0,,MONITOR
PLNHZGXUSGYYZTGH,Zelda Heavy Duty Rust-Proof Stainless Steel Dog Training Chain Leash 500 cm Dog Chain Leash,zelda,collars_leashes,,,,,PLNHZGXUSGYYZTGH,https://www.flipkart.com/zelda-heavy-duty-rust-proof-stainless-steel-dog-training-chain-leash-500-cm/p/itma8d8402cff878?pid=PLNHZGXUSGYYZTGH&lid=LSTPLNHZGXUSGYYZTGH2HMHIW&marketplace=FLIPKART&q=dog+leash&store=p3t%2Fea3%2Fpmw&srno=s_1_19&otracker=search&fm=organic&iid=b8417349-ae6c-4b7f-a2f6-0b0bd52f98fc.PLNHZGXUSGYYZTGH.SEARCH&ppt=None&ppn=None&ssid=c2vsj1dnb40000001783424340877&qH=b0e743e99781d2ae&ov_redirect=true&ov_redirect=true,https://rukminim2.flixcart.com/image/612/612/xif0q/clothesline/a/e/4/does-not-apply-1-10-meters-heavy-duty-steel-clothesline-4mm-original-imahhrr98w6pfdag.jpeg?q=70,https://rukminim2.flixcart.com/image/612/612/xif0q/clothesline/a/e/4/does-not-apply-1-10-meters-heavy-duty-steel-clothesline-4mm-original-imahhrr98w6pfdag.jpeg?q=70,,0,,,,19.0,0.0,,,257.0,5.0,-3.0,47.78,stable,flipkart|gtrends,2026-07-07,2026-07-07T17:09:43.201436,709,3cd5b6fc25bf85c3,zelda|zelda heavy duty rust-proof stainless steel dog training chain leash 500 cm dog ,45.9,47.78,45.9,1.88,0.0,0.8,0.0,,MONITOR
PCLHZBHDUXWGBJG4,gustave Adjustable AirTag cat collar with safety buckle and secure silicone holder Cat Break Away Collar,gustave,collars_leashes,,,,,PCLHZBHDUXWGBJG4,https://www.flipkart.com/gustave-adjustable-airtag-cat-collar-safety-buckle-secure-silicone-holder-break-away/p/itmf7d5564d7dd8d?pid=PCLHZBHDUXWGBJG4&lid=LSTPCLHZBHDUXWGBJG4IZHWK7&marketplace=FLIPKART&q=cat+collar&store=p3t&srno=s_1_19&otracker=search&fm=organic&iid=97d963cc-803d-4934-929b-135709a63dac.PCLHZBHDUXWGBJG4.SEARCH&ppt=None&ppn=None&ssid=dl7gz1mpu80000001783424338174&qH=831161a82e2648a4&ov_redirect=true&ov_redirect=true,https://rukminim2.flixcart.com/image/612/612/xif0q/pet-collar-harness/y/k/r/25-35-cm-airtag-cat-collar-with-safety-holder-gustave-original-imahzaz44zyq5qg8.jpeg?q=70,https://rukminim2.flixcart.com/image/612/612/xif0q/pet-collar-harness/y/k/r/25-35-cm-airtag-cat-collar-with-safety-holder-gustave-original-imahzaz44zyq5qg8.jpeg?q=70,,0,,,,19.0,0.0,,,500.0,5.0,-3.0,47.78,stable,flipkart|gtrends,2026-07-07,2026-07-07T17:09:43.200596,710,9df06c13d89db5f3,gustave|gustave adjustable airtag cat collar with safety buckle and secure silicone hold,45.9,47.78,45.9,1.88,0.0,0.8,0.0,,MONITOR
B0BM3QLX78,"PETOLOGY Unisex Professional Automatic Rechargeable Pet Hair Trimmer for Dogs & Cats Grooming Machine Wireless, Grey",petology,grooming,,B0BM3QLX78,https://www.amazon.in/Petology-Professional-Automatic-Rechargeable-Grooming/dp/B0BM3QLX78/ref=zg_bs_g_4771383031_d_sccl_17/522-4724523-7365803?psc=1,"https://images-eu.ssl-images-amazon.com/images/I/71eCkEKL5jL._AC_UL300_SR300,200_.jpg",,,,"https://images-eu.ssl-images-amazon.com/images/I/71eCkEKL5jL._AC_UL300_SR300,200_.jpg",14.0,0,3.7,176.0,2199.0,,,,,,13.5,-1.5,47.77,stable,amazon|gtrends,2026-07-07,2026-07-07T17:09:43.168217,711,dbc2f40a5c14a63a,petology|petology unisex professional automatic rechargeable pet hair trimmer for dogs & ,55.89,47.77,55.89,1.88,0.0,0.95,0.1,LOW_RATING_PENALTY,REVIEW_MANUALLY
PFDHJZJ2YDKFJW25,Drools Turkey with Wild Rice & Pumpkin Gravy Pumpkin 720 g (6x120 g) Wet Adult Dog Food,drools,dog_food,,,,,PFDHJZJ2YDKFJW25,https://www.flipkart.com/drools-turkey-wild-rice-pumpkin-gravy-720-g-6x120-g-wet-adult-dog-food/p/itmbfbe9e7103bc0?pid=PFDHJZJ2YDKFJW25&lid=LSTPFDHJZJ2YDKFJW25NCT9BE&marketplace=FLIPKART&q=drools+dog+food&store=p3t%2Fea3%2F8zj&srno=s_1_19&otracker=search&fm=organic&iid=f8b07989-357d-477e-8458-731b5e3795f0.PFDHJZJ2YDKFJW25.SEARCH&ppt=None&ppn=None&ssid=yg62mojrq80000001783424260931&qH=38ac4fbf0eca81e5&ov_redirect=true,https://rukminim2.flixcart.com/image/312/312/xif0q/pet-food/h/f/3/-original-imahkygxhmwvubym.jpeg?q=70,https://rukminim2.flixcart.com/image/312/312/xif0q/pet-food/h/f/3/-original-imahkygxhmwvubym.jpeg?q=70,,0,,,,19.0,0.0,,,264.0,18.0,-3.2,47.74,stable,flipkart|gtrends,2026-07-07,2026-07-07T17:09:43.182190,712,f0bf551658ac184e,drools|drools turkey with wild rice & pumpkin gravy pumpkin 720 g (6x120 g) wet adult d,45.86,47.74,45.86,1.88,0.0,0.8,0.0,,MONITOR
PFDHZ4VSEYUF3BGZ,"Haven Dog Food Meat, Rice 1.6 kg (2x0.8 kg) Dry Adult Dog Food",haven,dog_food,,,,,PFDHZ4VSEYUF3BGZ,https://www.flipkart.com/haven-dog-food-meat-rice-1-6-kg-2x0-8-kg-dry-adult/p/itm3af624dae49cd?pid=PFDHZ4VSEYUF3BGZ&lid=LSTPFDHZ4VSEYUF3BGZKETE9N&marketplace=FLIPKART&q=dog+food&store=p3t%2Fea3%2F8zj&srno=s_1_19&otracker=search&fm=organic&iid=65ea97b5-f6ce-4efe-833e-65bb77220492.PFDHZ4VSEYUF3BGZ.SEARCH&ppt=None&ppn=None&ssid=lgrgkfgnxc0000001783424247932&qH=c53c2ce8b3bccaa1&ov_redirect=true,https://rukminim2.flixcart.com/image/312/312/xif0q/pet-food/0/m/v/1-dog-1-dog-food-1kg-shopoice-original-imahnxj5zdfk2xyg.jpeg?q=70,https://rukminim2.flixcart.com/image/312/312/xif0q/pet-food/0/m/v/1-dog-1-dog-food-1kg-shopoice-original-imahnxj5zdfk2xyg.jpeg?q=70,,0,,,,19.0,0.0,,,230.0,18.0,-3.2,47.74,stable,flipkart|gtrends,2026-07-07,2026-07-07T17:09:43.180124,713,cb4bc9486c149eb5,"haven|haven dog food meat, rice 1.6 kg (2x0.8 kg) dry adult dog food",45.86,47.74,45.86,1.88,0.0,0.8,0.0,,MONITOR
B0GGHC6SGN,"Pedigree Adult Dry Dog Food, New Chicken Biryani Flavour, 1 kg, Protein of 4 Chicken Pieces, Vitamin D3 of 6 Eggs, Calcium of",pedigree,dog_food,,B0GGHC6SGN,https://www.amazon.in/Pedigree-Chicken-Complete-Balanced-Nutrition/dp/B0GGHC6SGN/ref=zg_bs_g_4771395031_d_sccl_30/522-4724523-7365803?psc=1,"https://images-eu.ssl-images-amazon.com/images/I/61ybWFhWjHL._AC_UL300_SR300,200_.jpg",,,,"https://images-eu.ssl-images-amazon.com/images/I/61ybWFhWjHL._AC_UL300_SR300,200_.jpg",27.0,0,4.4,188.0,239.0,,,,,,18.0,-3.2,47.67,stable,amazon|gtrends,2026-07-07,2026-07-07T17:09:43.161291,714,ebd037b00ad4d782,"pedigree|pedigree adult dry dog food, new chicken biryani flavour, 1 kg, protein of 4 chi",44.55,47.67,44.55,3.12,0.0,0.8,0.0,,MONITOR
B0BGGPNNR1,RvPaws Dog Mouth Cover Muzzle/Bite Guard with Adjustable Strap Size (Medium No.- 4),rvpaws,collars_leashes,,B0BGGPNNR1,https://www.amazon.in/RvPaws-Mouth-Muzzle-Adjustable-Medium/dp/B0BGGPNNR1/ref=zg_bs_g_4771392031_d_sccl_15/522-4724523-7365803?psc=1,"https://images-eu.ssl-images-amazon.com/images/I/71-QE+jlzOL._AC_UL300_SR300,200_.jpg",,,,"https://images-eu.ssl-images-amazon.com/images/I/71-QE+jlzOL._AC_UL300_SR300,200_.jpg",14.0,0,3.6,305.0,198.0,,,,,,5.0,-3.0,47.61,stable,amazon|gtrends,2026-07-07,2026-07-07T17:09:43.176751,715,a262b1048d578163,rvpaws|rvpaws dog mouth cover muzzle/bite guard with adjustable strap size (medium no.-,55.73,47.61,55.73,1.88,0.0,0.95,0.1,LOW_RATING_PENALTY,REVIEW_MANUALLY
B0CW1NRHBL,Petroyale Multivitamin Chews for Cats - Cat Multivitamin Tablets - Cat Health Supplement - Daily Supplements for Cats - for G,petroyale,health_wellness,,B0CW1NRHBL,https://www.amazon.in/Petroyale-Multivitamin-Chews-Cats-Supplements/dp/B0CW1NRHBL/ref=zg_bs_g_4771384031_d_sccl_27/522-4724523-7365803?psc=1,"https://images-eu.ssl-images-amazon.com/images/I/71E+7tGqCJL._AC_UL300_SR300,200_.jpg",,,,"https://images-eu.ssl-images-amazon.com/images/I/71E+7tGqCJL._AC_UL300_SR300,200_.jpg",26.0,0,4.2,5.0,478.0,,,,,,0.5,0.0,47.6,stable,amazon|gtrends,2026-07-07,2026-07-07T17:09:43.175544,716,b074bd7b698931a2,petroyale|petroyale multivitamin chews for cats - cat multivitamin tablets - cat health su,44.48,47.6,44.48,3.12,0.0,0.8,0.0,,MONITOR
B0GHLBB3G5,"CottonCat Dog Harness – No Pull, Anti-Choke with Reflective Leash, Adjustable Breathable Dog Belt for Walking & Training – Sm",cottoncat,collars_leashes,,B0GHLBB3G5,https://www.amazon.in/CottonCat-Dog-Harness-Anti-Choke-Reflective/dp/B0GHLBB3G5/ref=zg_bs_g_4771392031_d_sccl_28/522-4724523-7365803?psc=1,"https://images-eu.ssl-images-amazon.com/images/I/81JFChdqSbL._AC_UL300_SR300,200_.jpg",,,,"https://images-eu.ssl-images-amazon.com/images/I/81JFChdqSbL._AC_UL300_SR300,200_.jpg",25.0,0,4.1,41.0,789.57,,,,,,5.0,-3.0,47.52,stable,amazon|gtrends,2026-07-07,2026-07-07T17:09:43.177492,717,b157cb49ff831b96,"cottoncat|cottoncat dog harness – no pull, anti-choke with reflective leash, adjustable br",45.02,47.52,45.02,2.5,0.0,0.8,0.0,,MONITOR
STFHCYWTHFUQ9DXY,Play Hour Charlie The Dog Plush Soft With Long Chocolate Ears Toy For Ages 3 Years And Up - 45 cm,play,dog_toys,,,,,STFHCYWTHFUQ9DXY,https://www.flipkart.com/play-hour-charlie-dog-plush-soft-long-chocolate-ears-toy-ages-3-years-up-45-cm/p/itmf26550f5f3c4a?pid=STFHCYWTHFUQ9DXY&lid=LSTSTFHCYWTHFUQ9DXYPXEE5N&marketplace=FLIPKART&q=kong+dog+toy&store=search.flipkart.com&srno=s_1_20&otracker=search&fm=organic&iid=474ceca2-7edf-42ed-b744-bb801b6b5e42.STFHCYWTHFUQ9DXY.SEARCH&ppt=None&ppn=None&ssid=dj4tyd2ftc0000001783424281567&qH=f85aed73ab1bacb4&ov_redirect=true&ov_redirect=true,https://rukminim2.flixcart.com/image/612/612/xif0q/stuffed-toy/i/s/5/the-dog-plush-soft-with-long-chocolate-ears-toy-for-ages-3-years-original-imahb85ykzgwgjnx.jpeg?q=70,https://rukminim2.flixcart.com/image/612/612/xif0q/stuffed-toy/i/s/5/the-dog-plush-soft-with-long-chocolate-ears-toy-for-ages-3-years-original-imahb85ykzgwgjnx.jpeg?q=70,,0,,,,20.0,0.0,,,588.0,3.0,0.0,47.38,stable,flipkart|gtrends,2026-07-07,2026-07-07T17:09:43.186602,718,9a1339d9fcec5747,play|play hour charlie the dog plush soft with long chocolate ears toy for ages 3 yea,45.5,47.38,45.5,1.88,0.0,0.8,0.0,,MONITOR
B0DHZYD6XX,Zigly Lifestyle Classic Adjustable Padded Dog Collar for Dogs & Puppies | Soft Comfortable Durable Everyday Walking Neck Coll,zigly,collars_leashes,,B0DHZYD6XX,https://www.amazon.in/Zigly-Lifestyle-Classic-Adjustable-Collar/dp/B0DHZYD6XX/ref=zg_bs_g_4771392031_d_sccl_30/522-4724523-7365803?psc=1,"https://images-eu.ssl-images-amazon.com/images/I/61gHyz1wS5L._AC_UL300_SR300,200_.jpg",,,,"https://images-eu.ssl-images-amazon.com/images/I/61gHyz1wS5L._AC_UL300_SR300,200_.jpg",27.0,0,4.2,223.0,269.0,,,,,,5.0,-3.0,47.27,stable,amazon|gtrends,2026-07-07,2026-07-07T17:09:43.177627,719,c0092c7bdfe5eef7,zigly|zigly lifestyle classic adjustable padded dog collar for dogs & puppies | soft c,44.15,47.27,44.15,3.12,0.0,0.8,0.0,,MONITOR
CAOHMZ6N3GNFPP7E,Emily Pets Cat Scratching Inclined Pad,emily,cat_food,,,,,CAOHMZ6N3GNFPP7E,https://www.flipkart.com/emily-pets-cat-scratching-inclined-pad/p/itmc466604b9f676?pid=CAOHMZ6N3GNFPP7E&lid=LSTCAOHMZ6N3GNFPP7ETPGTEX&marketplace=FLIPKART&q=scratching+post&store=search.flipkart.com&srno=s_1_20&otracker=search&fm=organic&iid=5bc46a97-7ca5-4d96-83b8-c80373b7e6bd.CAOHMZ6N3GNFPP7E.SEARCH&ppt=None&ppn=None&ssid=w7adpjchls0000001783424294643&qH=628cefc67d4ceea5&ov_redirect=true&ov_redirect=true,https://rukminim2.flixcart.com/image/612/612/xif0q/cat-scratching-post/t/t/l/cat-toy-combo-5-in-1-scratch-board-wand-catnip-toys-donut-for-original-imahmz6nejjfyzvs.jpeg?q=70,https://rukminim2.flixcart.com/image/612/612/xif0q/cat-scratching-post/t/t/l/cat-toy-combo-5-in-1-scratch-board-wand-catnip-toys-donut-for-original-imahmz6nejjfyzvs.jpeg?q=70,,0,,,,20.0,0.0,,,305.0,21.67,-0.67,47.25,stable,flipkart|gtrends,2026-07-07,2026-07-07T17:09:43.190121,720,1dc09ad0a783ea12,emily|emily pets cat scratching inclined pad,45.37,47.25,45.37,1.88,0.0,0.8,0.0,,MONITOR
STFH8AG6GDPD2MKS,Bogenlite Cat Toy - 12 inch,bogenlite,cat_toys,,,,,STFH8AG6GDPD2MKS,https://www.flipkart.com/bogenlite-cat-toy-12-inch/p/itmb4d712c4790ab?pid=STFH8AG6GDPD2MKS&lid=LSTSTFH8AG6GDPD2MKSGZTVH1&marketplace=FLIPKART&q=cat+toys&store=tng&srno=s_1_19&otracker=search&fm=organic&iid=578702ef-3270-4863-9036-db59e3e6d0b1.STFH8AG6GDPD2MKS.SEARCH&ppt=None&ppn=None&ssid=aofj69zshs0000001783424286813&qH=4372de0f4359aa53&ov_redirect=true&ov_redirect=true,https://rukminim2.flixcart.com/image/612/612/xif0q/stuffed-toy/x/u/0/cat-toy-12-bogenlite-original-imah8ag5f5zkgyd8.jpeg?q=70,https://rukminim2.flixcart.com/image/612/612/xif0q/stuffed-toy/x/u/0/cat-toy-12-bogenlite-original-imah8ag5f5zkgyd8.jpeg?q=70,,0,,,,19.0,0.0,,,612.0,4.0,-6.0,47.18,stable,flipkart|gtrends,2026-07-07,2026-07-07T17:09:43.188161,721,50bcc84bdb4ee624,bogenlite|bogenlite cat toy - 12 inch,45.3,47.18,45.3,1.88,0.0,0.8,0.0,,MONITOR
PTYHNNSACRZTPAX8,"PETSNPLAY Catnip toys Rubber Ball, Chew Toy For Cat",petsnplay,cat_toys,,,,,PTYHNNSACRZTPAX8,https://www.flipkart.com/petsnplay-catnip-toys-rubber-ball-chew-toy-cat/p/itmc08896ec84e6f?pid=PTYHNNSACRZTPAX8&lid=LSTPTYHNNSACRZTPAX8ZTLPRD&marketplace=FLIPKART&q=catnip+toy&store=p3t%2F0mo%2Fgba&srno=s_1_19&otracker=search&fm=organic&iid=39e31d82-0a1a-4f12-a245-083e2fba4e25.PTYHNNSACRZTPAX8.SEARCH&ppt=None&ppn=None&ssid=0fjvryz3nk0000001783424289434&qH=f9b349971a41f28d&ov_redirect=true&ov_redirect=true,https://rukminim2.flixcart.com/image/612/612/xif0q/pet-toy/j/c/b/1-nature-catnip-toys-natural-silvervine-stick-cage-ball-for-original-imahnnsadc6jfymn.jpeg?q=70,https://rukminim2.flixcart.com/image/612/612/xif0q/pet-toy/j/c/b/1-nature-catnip-toys-natural-silvervine-stick-cage-ball-for-original-imahnnsadc6jfymn.jpeg?q=70,,0,,,,19.0,0.0,,,171.0,4.0,-6.0,47.18,stable,flipkart|gtrends,2026-07-07,2026-07-07T17:09:43.188986,722,bbb2697891b69ef3,"petsnplay|petsnplay catnip toys rubber ball, chew toy for cat",45.3,47.18,45.3,1.88,0.0,0.8,0.0,,MONITOR
PTYHZPH8ADV6EUWZ,"Zelda Pet Cat Interactive Ball Toy Lightweight Rolling Chase Play Toy Pack of 1 Plastic, Nylon, Silicone Ball For Dog & Cat",zelda,cat_toys,,,,,PTYHZPH8ADV6EUWZ,https://www.flipkart.com/zelda-pet-cat-interactive-ball-toy-lightweight-rolling-chase-play-pack-1-plastic-nylon-silicone-dog/p/itm02dd72d5a4870?pid=PTYHZPH8ADV6EUWZ&lid=LSTPTYHZPH8ADV6EUWZVQJVVK&marketplace=FLIPKART&q=interactive+dog+toy&store=p3t&srno=s_1_19&otracker=search&fm=organic&iid=34a0c700-473e-403a-b3c5-5bb95f7b634f.PTYHZPH8ADV6EUWZ.SEARCH&ppt=None&ppn=None&ssid=ef5gxxp0xs0000001783424284222&qH=53ab0f799320af1a&ov_redirect=true&ov_redirect=true,https://rukminim2.flixcart.com/image/612/612/xif0q/cat-scratching-post/a/s/m/cdb01-hellyz-7-original-imahe2fgfnuneaym.jpeg?q=70,https://rukminim2.flixcart.com/image/612/612/xif0q/cat-scratching-post/a/s/m/cdb01-hellyz-7-original-imahe2fgfnuneaym.jpeg?q=70,,0,,,,19.0,0.0,,,428.0,4.0,-6.0,47.18,stable,flipkart|gtrends,2026-07-07,2026-07-07T17:09:43.187604,723,857487cdd0798ed0,zelda|zelda pet cat interactive ball toy lightweight rolling chase play toy pack of 1 ,45.3,47.18,45.3,1.88,0.0,0.8,0.0,,MONITOR
B0G44GKQ33,Pawptails Cat Scratcher with Organic Catnip| Corrugated Cardboard Cat Scratch Pad for Indoor Cats & Kittens |Durable Scratche,pawptails,beds_accessories,,B0G44GKQ33,https://www.amazon.in/Pawptails-Scratcher-Corrugated-Cardboard-Protection/dp/B0G44GKQ33/ref=zg_bs_g_4771375031_d_sccl_28/522-4724523-7365803?psc=1,"https://images-eu.ssl-images-amazon.com/images/I/61FhGV22FfL._AC_UL300_SR300,200_.jpg",,,,"https://images-eu.ssl-images-amazon.com/images/I/61FhGV22FfL._AC_UL300_SR300,200_.jpg",26.0,0,4.2,3.0,209.0,,,,,,20.5,-2.0,47.15,stable,amazon|gtrends,2026-07-07,2026-07-07T17:09:43.172363,724,821e30f3dc933a39,pawptails|pawptails cat scratcher with organic catnip| corrugated cardboard cat scratch pa,44.03,47.15,44.03,3.12,0.0,0.8,0.0,,MONITOR
B0FDLGCHFZ,(OG) DD Presents KIWOFF Easy Chews for Cats and Kittens,og,health_wellness,,B0FDLGCHFZ,https://www.amazon.in/DD-Presents-KIWOFF-Chews-Kittens/dp/B0FDLGCHFZ/ref=zg_bs_g_4771384031_d_sccl_29/522-4724523-7365803?psc=1,"https://images-eu.ssl-images-amazon.com/images/I/61th8qO464L._AC_UL300_SR300,200_.jpg",,,,"https://images-eu.ssl-images-amazon.com/images/I/61th8qO464L._AC_UL300_SR300,200_.jpg",28.0,0,4.7,11.0,449.0,,,,,,0.5,0.0,47.11,stable,amazon|gtrends,2026-07-07,2026-07-07T17:09:43.175648,725,24322f4c16b14157,og|(og) dd presents kiwoff easy chews for cats and kittens,43.99,47.11,43.99,3.12,0.0,0.79,0.0,,MONITOR
B0FCVXYL7X,Interactive Cat Toy – Smart Toys for Cats & Kittens – Toy for Indoor Play – Pet Toy for Exercise (Orange),interactive,cat_toys,,B0FCVXYL7X,https://www.amazon.in/Interactive-Cat-Toy-Ball-Rechargeable/dp/B0FCVXYL7X/ref=zg_bs_g_4771387031_d_sccl_29/522-4724523-7365803?psc=1,"https://images-eu.ssl-images-amazon.com/images/I/61kIXP6zi6L._AC_UL300_SR300,200_.jpg",,,,"https://images-eu.ssl-images-amazon.com/images/I/61kIXP6zi6L._AC_UL300_SR300,200_.jpg",25.0,0,4.0,78.0,279.0,,,,,,4.0,-6.0,46.88,stable,amazon|gtrends,2026-07-07,2026-07-07T17:09:43.165156,726,0af5967e320000d2,interactive|interactive cat toy – smart toys for cats & kittens – toy for indoor play – pet ,44.38,46.88,44.38,2.5,0.0,0.8,0.0,,MONITOR
B0GK1NHXZJ,"FURRLOVERS Wall-Mounted Cat Climber, Multi-Level Cat Tree with Jute Scratching Posts, Grey Plush Platforms, Space-Saving Corn",furrlovers,beds_accessories,,B0GK1NHXZJ,https://www.amazon.in/FURRLOVERS-Wall-Mounted-Multi-Level-Scratching-Space-Saving/dp/B0GK1NHXZJ/ref=zg_bs_g_4771375031_d_sccl_29/522-4724523-7365803?psc=1,"https://images-eu.ssl-images-amazon.com/images/I/71--+SOcMBL._AC_UL300_SR300,200_.jpg",,,,"https://images-eu.ssl-images-amazon.com/images/I/71--+SOcMBL._AC_UL300_SR300,200_.jpg",27.0,0,4.4,9.0,1899.0,,,,,,20.5,-2.0,46.84,stable,amazon|gtrends,2026-07-07,2026-07-07T17:09:43.172436,727,bf3f3d054e609e84,"furrlovers|furrlovers wall-mounted cat climber, multi-level cat tree with jute scratching p",43.72,46.84,43.72,3.12,0.0,0.79,0.0,,MONITOR
PLNHCYZ4ATZYGJG8,"MSR MSR Rainbow Dog Rope Leash with Rubber Handle for Training, Daily Walk, Size: S 152.4 cm Dog Cord Leash",msr,collars_leashes,,,,,PLNHCYZ4ATZYGJG8,https://www.flipkart.com/msr-rainbow-dog-rope-leash-rubber-handle-training-daily-walk-size-s-152-4-cm-cord/p/itm9ff17410d582e?pid=PLNHCYZ4ATZYGJG8&lid=LSTPLNHCYZ4ATZYGJG8OIVZBT&marketplace=FLIPKART&q=retractable+dog+leash&store=p3t%2Fea3%2Fpmw&srno=s_1_20&otracker=search&fm=organic&iid=6b92b321-55fd-4d89-aeb1-c48b5b66fd8f.PLNHCYZ4ATZYGJG8.SEARCH&ppt=None&ppn=None&ssid=4smcf9y8000000001783424346329&qH=bbc46b35e332125e&ov_redirect=true&ov_redirect=true,https://rukminim2.flixcart.com/image/612/612/xif0q/pet-leash-chain/c/y/a/srk449-msr-original-imahcyz4mwzm9tgh.jpeg?q=70,https://rukminim2.flixcart.com/image/612/612/xif0q/pet-leash-chain/c/y/a/srk449-msr-original-imahcyz4mwzm9tgh.jpeg?q=70,,0,,,,20.0,0.0,,,252.0,5.0,-3.0,46.78,stable,flipkart|gtrends,2026-07-07,2026-07-07T17:09:43.202661,728,e9d670ea87245d6f,"msr|msr msr rainbow dog rope leash with rubber handle for training, daily walk, size",44.9,46.78,44.9,1.88,0.0,0.8,0.0,,MONITOR
B0G42PW1K9,"Zexsazone Summer Cat House, Portable Cat Bed with Removable Cushion, 2-in-1 Washable Cozy Puppy Bed Hut Cat Cave, Foldable Wa",zexsazone,beds_accessories,,B0G42PW1K9,https://www.amazon.in/Zexsazone-Portable-Removable-Washable-Foldable/dp/B0G42PW1K9/ref=zg_bs_g_4771375031_d_sccl_30/522-4724523-7365803?psc=1,"https://images-eu.ssl-images-amazon.com/images/I/61OIRBDEtCL._AC_UL300_SR300,200_.jpg",,,,"https://images-eu.ssl-images-amazon.com/images/I/61OIRBDEtCL._AC_UL300_SR300,200_.jpg",28.0,0,4.5,63.0,928.0,,,,,,20.5,-2.0,46.61,stable,amazon|gtrends,2026-07-07,2026-07-07T17:09:43.172508,729,0ce80c1f2fd97edd,"zexsazone|zexsazone summer cat house, portable cat bed with removable cushion, 2-in-1 wash",43.49,46.61,43.49,3.12,0.0,0.79,0.0,,MONITOR
B0GF7JM897,SITSNOOZE Printed Pet Blanket for Dogs & Cats | Quilted Cotton | Mild Winter Soft & Warm Pet Blanket (Turquoise Green),sitsnooze,beds_accessories,,B0GF7JM897,https://www.amazon.in/SITSNOOZE-Printed-Blanket-Quilted-Turquoise/dp/B0GF7JM897/ref=zg_bs_g_4771390031_d_sccl_27/522-4724523-7365803?psc=1,"https://images-eu.ssl-images-amazon.com/images/I/61gUqxQbg2L._AC_UL300_SR300,200_.jpg",,,,"https://images-eu.ssl-images-amazon.com/images/I/61gUqxQbg2L._AC_UL300_SR300,200_.jpg",25.0,0,3.8,11.0,379.0,,,,,,20.5,-2.0,46.57,stable,amazon|gtrends,2026-07-07,2026-07-07T17:09:43.170647,730,d3c507616a976f8d,sitsnooze|sitsnooze printed pet blanket for dogs & cats | quilted cotton | mild winter sof,44.07,46.57,44.07,2.5,0.0,0.8,0.0,,MONITOR
PTYHFTEASYGNR9FS,VM Mart VM Mart Interactive Smart Ball Toy With Rope for Cats and Dogs Silicone Ball For Dog & Cat,vm,cat_toys,,,,,PTYHFTEASYGNR9FS,https://www.flipkart.com/vm-mart-interactive-smart-ball-toy-rope-cats-dogs-silicone-dog-cat/p/itmf5145cbd28bbc?pid=PTYHFTEASYGNR9FS&lid=LSTPTYHFTEASYGNR9FSMK0LDT&marketplace=FLIPKART&q=interactive+dog+toy&store=p3t&srno=s_1_20&otracker=search&fm=organic&iid=34a0c700-473e-403a-b3c5-5bb95f7b634f.PTYHFTEASYGNR9FS.SEARCH&ppt=None&ppn=None&ssid=ef5gxxp0xs0000001783424284222&qH=53ab0f799320af1a&ov_redirect=true&ov_redirect=true,https://rukminim2.flixcart.com/image/612/612/xif0q/pet-toy/9/v/s/1-interactive-smart-ball-toy-with-rope-for-cats-and-dogs-vm-mart-original-imahftea3tyryuqs.jpeg?q=70,https://rukminim2.flixcart.com/image/612/612/xif0q/pet-toy/9/v/s/1-interactive-smart-ball-toy-with-rope-for-cats-and-dogs-vm-mart-original-imahftea3tyryuqs.jpeg?q=70,,0,,,,20.0,0.0,,,297.0,4.0,-6.0,46.18,stable,flipkart|gtrends,2026-07-07,2026-07-07T17:09:43.187654,731,428123f9440a5509,vm|vm mart vm mart interactive smart ball toy with rope for cats and dogs silicone ,44.3,46.18,44.3,1.88,0.0,0.8,0.0,,MONITOR
PEBHHX7WFCEJZJBG,SH l Cat Bed Cave for Indoor Suitable for Cat Dome Bed Hideaway Bed for Indoor Cats S Pet Bed,sh,beds_accessories,,,,,PEBHHX7WFCEJZJBG,https://www.flipkart.com/sh-l-cat-bed-cave-indoor-suitable-dome-hideaway-cats-s-pet/p/itm1256005e8080b?pid=PEBHHX7WFCEJZJBG&lid=LSTPEBHHX7WFCEJZJBGJ7LWHU&marketplace=FLIPKART&q=cat+bed&store=search.flipkart.com&srno=s_1_14&otracker=search&fm=organic&iid=2feb8fb4-78e7-458c-bacb-4647a070ac7d.PEBHHX7WFCEJZJBG.SEARCH&ppt=None&ppn=None&ssid=uq8xefjfcg0000001783424311869&qH=0434bf5b1b52fdd8&ov_redirect=true&ov_redirect=true,https://rukminim2.flixcart.com/image/612/612/xif0q/pet-bed/p/c/6/l-cat-bed-cave-for-indoor-suitable-for-cat-dome-bed-hideaway-bed-original-imahhx7wgg3jme47.jpeg?q=70,https://rukminim2.flixcart.com/image/612/612/xif0q/pet-bed/p/c/6/l-cat-bed-cave-for-indoor-suitable-for-cat-dome-bed-hideaway-bed-original-imahhx7wgg3jme47.jpeg?q=70,,0,,,,14.0,0.0,3.6,,638.0,20.5,-2.0,46.06,stable,flipkart|gtrends,2026-07-07,2026-07-07T17:09:43.193963,732,75360913912c8df8,sh|sh l cat bed cave for indoor suitable for cat dome bed hideaway bed for indoor c,54.18,46.06,54.18,1.88,0.0,0.95,0.1,LOW_RATING_PENALTY,REVIEW_MANUALLY
B0G1MSF42G,Petbabas Squeaky Rubber Chicken Dog Toy | Durable Funny Interactive Chew Toy | Loud Squeaky Sound and Stress Relief for Dogs,petbabas,dog_toys,,B0G1MSF42G,https://www.amazon.in/Petbabas-Squeaky-Interactive-Training-Teething/dp/B0G1MSF42G/ref=zg_bs_g_4771401031_d_sccl_17/522-4724523-7365803?psc=1,"https://images-eu.ssl-images-amazon.com/images/I/61Y2bTBw-YL._AC_UL300_SR300,200_.jpg",,,,"https://images-eu.ssl-images-amazon.com/images/I/61Y2bTBw-YL._AC_UL300_SR300,200_.jpg",15.0,0,3.4,68.0,114.0,,,,,,3.0,0.0,45.72,stable,amazon|gtrends,2026-07-07,2026-07-07T17:09:43.163073,733,551b120a2f76b3a9,petbabas|petbabas squeaky rubber chicken dog toy | durable funny interactive chew toy | l,53.84,45.72,53.84,1.88,0.0,0.94,0.1,LOW_RATING_PENALTY,REVIEW_MANUALLY
PLNGT2YPV23KHTWE,SUPER CHAIN COMBO Dog Leather Leash And Dog Collar 3-D Printed Black(MEDIUM) 130 cm Dog Chain Leash,super,collars_leashes,,,,,PLNGT2YPV23KHTWE,https://www.flipkart.com/super-chain-combo-dog-leather-leash-collar-3-d-printed-black-medium-130-cm/p/itm6e2c1fb075bad?pid=PLNGT2YPV23KHTWE&lid=LSTPLNGT2YPV23KHTWEUPVWOG&marketplace=FLIPKART&q=dog+leash&store=p3t%2Fea3%2Fpmw&srno=s_1_15&otracker=search&fm=organic&iid=b8417349-ae6c-4b7f-a2f6-0b0bd52f98fc.PLNGT2YPV23KHTWE.SEARCH&ppt=None&ppn=None&ssid=c2vsj1dnb40000001783424340877&qH=b0e743e99781d2ae&ov_redirect=true&ov_redirect=true,https://rukminim2.flixcart.com/image/612/612/xif0q/pet-leash-chain/f/8/q/hlhc-gm-super-chain-original-imah363kjsgtg4wc.jpeg?q=70,https://rukminim2.flixcart.com/image/612/612/xif0q/pet-leash-chain/f/8/q/hlhc-gm-super-chain-original-imah363kjsgtg4wc.jpeg?q=70,,0,,,,15.0,0.0,3.7,,231.0,5.0,-3.0,45.14,stable,flipkart|gtrends,2026-07-07,2026-07-07T17:09:43.201200,734,83fa5494d274418e,super|super chain combo dog leather leash and dog collar 3-d printed black(medium) 130,53.26,45.14,53.26,1.88,0.0,0.94,0.1,LOW_RATING_PENALTY,REVIEW_MANUALLY
B08291HDV4,Trixie Cats Dental Hygiene Set - Cat Toothbrush and Toothpaste,trixie,health_wellness,,B08291HDV4,https://www.amazon.in/Trixie-Cats-Dental-Hygiene-Set/dp/B08291HDV4/ref=zg_bs_g_4771384031_d_sccl_17/522-4724523-7365803?psc=1,"https://images-eu.ssl-images-amazon.com/images/I/61jbL3gw9ML._AC_UL300_SR300,200_.jpg",,,,"https://images-eu.ssl-images-amazon.com/images/I/61jbL3gw9ML._AC_UL300_SR300,200_.jpg",17.0,0,3.7,197.0,445.5,,,,,,0.5,0.0,45.14,stable,amazon|gtrends,2026-07-07,2026-07-07T17:09:43.174931,735,71f5e677fad29cd2,trixie|trixie cats dental hygiene set - cat toothbrush and toothpaste,53.26,45.14,53.26,1.88,0.0,0.94,0.1,LOW_RATING_PENALTY,REVIEW_MANUALLY
B0DKBHLX3W,"Biotin and Taurine, 75 Tablets for Dogs & Cats, for Healthy Skin & Hairs.",biotin,health_wellness,,B0DKBHLX3W,https://www.amazon.in/Biotin-Taurine-Tablets-Healthy-Hairs/dp/B0DKBHLX3W/ref=zg_bs_g_4771384031_d_sccl_28/522-4724523-7365803?psc=1,"https://images-eu.ssl-images-amazon.com/images/I/51sE6tEMcjL._AC_UL300_SR300,200_.jpg",,,,"https://images-eu.ssl-images-amazon.com/images/I/51sE6tEMcjL._AC_UL300_SR300,200_.jpg",27.0,0,3.8,19.0,335.0,,,,,,0.5,0.0,45.08,stable,amazon|gtrends,2026-07-07,2026-07-07T17:09:43.175600,736,64ed1e1afe2dbe27,"biotin|biotin and taurine, 75 tablets for dogs & cats, for healthy skin & hairs.",42.58,45.08,42.58,2.5,0.0,0.79,0.0,,MONITOR
PDEHJPCTYJ7Q44YK,FurrChild Dog & Puppy Training Pads 60x60 cm Super Absorbent 20 Pack Disposable Dog Diapers,furrchild,training,,,,,PDEHJPCTYJ7Q44YK,https://www.flipkart.com/furrchild-dog-puppy-training-pads-60x60-cm-super-absorbent-20-pack-disposable-diapers/p/itm7741c7c5a5f12?pid=PDEHJPCTYJ7Q44YK&lid=LSTPDEHJPCTYJ7Q44YKRVC8AG&marketplace=FLIPKART&q=puppy+training+pads&store=p3t%2Fixl%2Fhmu&srno=s_1_15&otracker=search&fm=organic&iid=d60d8e75-061f-48aa-83e7-35ac61d14ce8.PDEHJPCTYJ7Q44YK.SEARCH&ppt=None&ppn=None&ssid=vikbikuy8w0000001783424349196&qH=a418c91bf2bdb70b&ov_redirect=true&ov_redirect=true,https://rukminim2.flixcart.com/image/612/612/xif0q/pet-diaper/t/0/9/up-to-10-kg-pet-training-pads-for-dogs-puppies-60x60-cm-original-imahhhyfauda5yhp.jpeg?q=70,https://rukminim2.flixcart.com/image/612/612/xif0q/pet-diaper/t/0/9/up-to-10-kg-pet-training-pads-for-dogs-puppies-60x60-cm-original-imahhhyfauda5yhp.jpeg?q=70,,0,,,,15.0,0.0,3.5,,272.0,0.5,-2.0,44.78,stable,flipkart|gtrends,2026-07-07,2026-07-07T17:09:43.203459,737,9c29d1c6e73a4bd8,furrchild|furrchild dog & puppy training pads 60x60 cm super absorbent 20 pack disposable ,52.9,44.78,52.9,1.88,0.0,0.94,0.1,LOW_RATING_PENALTY,REVIEW_MANUALLY
PTYHJRXNVYT6D7XG,THEVARNIT Plastic Ball For Cat,thevarnit,cat_toys,,,,,PTYHJRXNVYT6D7XG,https://www.flipkart.com/thevarnit-plastic-ball-cat/p/itm3d8844b14d51b?pid=PTYHJRXNVYT6D7XG&lid=LSTPTYHJRXNVYT6D7XGQAPTV1&marketplace=FLIPKART&q=catnip+toy&store=p3t%2F0mo%2Fgba&srno=s_1_11&otracker=search&fm=organic&iid=39e31d82-0a1a-4f12-a245-083e2fba4e25.PTYHJRXNVYT6D7XG.SEARCH&ppt=None&ppn=None&ssid=0fjvryz3nk0000001783424289434&qH=f9b349971a41f28d&ov_redirect=true&ov_redirect=true,https://rukminim2.flixcart.com/image/612/612/xif0q/pet-toy/y/r/l/1-catnip-thevarnit-original-imahh985bhekhsfc.jpeg?q=70,https://rukminim2.flixcart.com/image/612/612/xif0q/pet-toy/y/r/l/1-catnip-thevarnit-original-imahh985bhekhsfc.jpeg?q=70,,0,,,,11.0,0.0,2.3,,150.0,4.0,-6.0,44.62,stable,flipkart|gtrends,2026-07-07,2026-07-07T17:09:43.188577,738,1e34da25806cfddd,thevarnit|thevarnit plastic ball for cat,52.74,44.62,52.74,1.88,0.0,0.94,0.1,LOW_RATING_PENALTY,REVIEW_MANUALLY
B0CLDHF7M1,"MUDDY PAWS Premium Reversible Oval Dog Bed – Large – Washable Anti-Skid Pet Bed with Toy Pillows, Soft Polyester Dog Cushion",muddy,beds_accessories,,B0CLDHF7M1,https://www.amazon.in/MUDDY-PAWS-Anti-Skid-Washable-Reversible/dp/B0CLDHF7M1/ref=zg_bs_g_4771390031_d_sccl_17/522-4724523-7365803?psc=1,"https://images-eu.ssl-images-amazon.com/images/I/51MOZegGYxL._AC_UL300_SR300,200_.jpg",,,,"https://images-eu.ssl-images-amazon.com/images/I/51MOZegGYxL._AC_UL300_SR300,200_.jpg",17.0,0,3.6,175.0,1499.0,,,,,,20.5,-2.0,44.38,stable,amazon|gtrends,2026-07-07,2026-07-07T17:09:43.170099,739,86b8a466f4c22b8e,muddy|muddy paws premium reversible oval dog bed – large – washable anti-skid pet bed ,52.5,44.38,52.5,1.88,0.0,0.94,0.1,LOW_RATING_PENALTY,REVIEW_MANUALLY
B0CK2RWZZ7,"MUDDY PAWS Reversible Sofa Style Dog Bed – XXL (95 x 73 x 22 cm) – Plush Fur Surface, Removable Cushion & Anti-Skid Base – Bl",muddy,beds_accessories,,B0CK2RWZZ7,https://www.amazon.in/MUDDY-PAWS-Anti-Skid-Washable-Reversible/dp/B0CK2RWZZ7/ref=zg_bs_g_4771390031_d_sccl_30/522-4724523-7365803?psc=1,"https://images-eu.ssl-images-amazon.com/images/I/71A7VG3MX5L._AC_UL300_SR300,200_.jpg",,,,"https://images-eu.ssl-images-amazon.com/images/I/71A7VG3MX5L._AC_UL300_SR300,200_.jpg",28.0,0,3.8,113.0,1999.0,,,,,,20.5,-2.0,44.3,stable,amazon|gtrends,2026-07-07,2026-07-07T17:09:43.170872,740,e538fd2de26970e9,muddy|muddy paws reversible sofa style dog bed – xxl (95 x 73 x 22 cm) – plush fur sur,41.8,44.3,41.8,2.5,0.0,0.78,0.0,,IGNORE
PTYHHBF8MBWAG86A,"Petsoft Avocado Catnip Mint Treats Wall Balls Lick Treat, Natural Teeth Cleaning Toy PP (Polypropylene) Treat Dispensing Toy For Cat",petsoft,cat_food,,,,,PTYHHBF8MBWAG86A,https://www.flipkart.com/petsoft-avocado-catnip-mint-treats-wall-balls-lick-treat-natural-teeth-cleaning-toy-pp-polypropylene-treat-dispensing-cat/p/itm49f94f25392b0?pid=PTYHHBF8MBWAG86A&lid=LSTPTYHHBF8MBWAG86AOQ8U4R&marketplace=FLIPKART&q=catnip+toy&store=p3t%2F0mo%2Fgba&srno=s_1_13&otracker=search&fm=organic&iid=39e31d82-0a1a-4f12-a245-083e2fba4e25.PTYHHBF8MBWAG86A.SEARCH&ppt=None&ppn=None&ssid=0fjvryz3nk0000001783424289434&qH=f9b349971a41f28d&ov_redirect=true&ov_redirect=true,https://rukminim2.flixcart.com/image/612/612/xif0q/pet-toy/a/h/r/1-pf-avocado-catnip-ball-toy01-petsoft-original-imahhbf8qbcdywhs.jpeg?q=70,https://rukminim2.flixcart.com/image/612/612/xif0q/pet-toy/a/h/r/1-pf-avocado-catnip-ball-toy01-petsoft-original-imahhbf8qbcdywhs.jpeg?q=70,,0,,,,13.0,0.0,2.3,,167.0,21.67,-0.67,43.69,stable,flipkart|gtrends,2026-07-07,2026-07-07T17:09:43.188691,741,56e7cc1ad9a91f3c,"petsoft|petsoft avocado catnip mint treats wall balls lick treat, natural teeth cleaning",51.81,43.69,51.81,1.88,0.0,0.93,0.1,LOW_RATING_PENALTY,REVIEW_MANUALLY
PTYHM3GGXZWBNFNQ,"PETSNPLAY Pet toy interactive chew toy for Dogs and cat REALISTIC BURGER Rubber, Silicone Squeaky Toy, Chew Toy, Ball, Plush Toy For Dog & Cat",petsnplay,cat_toys,,,,,PTYHM3GGXZWBNFNQ,https://www.flipkart.com/petsnplay-pet-toy-interactive-chew-dogs-cat-realistic-burger-rubber-silicone-squeaky-toy-ball-plush-dog/p/itm65341090b9146?pid=PTYHM3GGXZWBNFNQ&lid=LSTPTYHM3GGXZWBNFNQCPWH5Y&marketplace=FLIPKART&q=interactive+dog+toy&store=p3t&srno=s_1_12&otracker=search&fm=organic&iid=en_Vf9HD0ojSiUt_W0awIT38Ll2n89ss4IF2MjQc5eekk8w0VxtLYE9OowX_rLvLwtk9A6RpkkL6k13IqzJiwiLaacfJPwQvURkFVct3RXvdB4wAU6WQE4opj5QqnbaAzWu&ppt=None&ppn=None&ssid=ef5gxxp0xs0000001783424284222&qH=53ab0f799320af1a&ov_redirect=true&ov_redirect=true,https://rukminim2.flixcart.com/image/612/612/xif0q/pet-toy/z/1/q/1-pet-interactive-toy-interactive-squeaky-chew-toy-for-dogs-and-original-imahm3ggp2tzbnzy.jpeg?q=70,https://rukminim2.flixcart.com/image/612/612/xif0q/pet-toy/z/1/q/1-pet-interactive-toy-interactive-squeaky-chew-toy-for-dogs-and-original-imahm3ggp2tzbnzy.jpeg?q=70,,0,,,,12.0,0.0,2.3,,169.0,4.0,-6.0,43.62,stable,flipkart|gtrends,2026-07-07,2026-07-07T17:09:43.187201,742,fc2512ae78fe3186,"petsnplay|petsnplay pet toy interactive chew toy for dogs and cat realistic burger rubber,",51.74,43.62,51.74,1.88,0.0,0.93,0.1,LOW_RATING_PENALTY,REVIEW_MANUALLY
B0BLZN7GRH,"The Pets Company Cat Harness Leash Set for Cats & Kittens, 45 Inches Black",,collars_leashes,,B0BLZN7GRH,https://www.amazon.in/Pets-Company-Harness-Kittens-Inches/dp/B0BLZN7GRH/ref=zg_bs_g_4771379031_d_sccl_23/522-4724523-7365803?psc=1,"https://images-eu.ssl-images-amazon.com/images/I/61Tv+ih9X6L._AC_UL300_SR300,200_.jpg",,,,"https://images-eu.ssl-images-amazon.com/images/I/61Tv+ih9X6L._AC_UL300_SR300,200_.jpg",19.0,0,3.6,621.0,185.0,,,,,,5.0,-3.0,43.35,stable,amazon|gtrends,2026-07-07,2026-07-07T17:09:43.178966,743,764a203af0527566,"|the pets company cat harness leash set for cats & kittens, 45 inches black",51.47,43.35,51.47,1.88,0.0,0.93,0.1,LOW_RATING_PENALTY,REVIEW_MANUALLY
PTYGUEE7WFGAQTHA,chullbull pet products Pet Training Clicker with Wrist Strap and Strap Hook for Dog/Cat Plastic Training Aid For Dog & Cat,chullbull,training,,,,,PTYGUEE7WFGAQTHA,https://www.flipkart.com/chullbull-pet-products-training-clicker-wrist-strap-hook-dog-cat-plastic-aid-dog-cat/p/itmb989eb9bb675b?pid=PTYGUEE7WFGAQTHA&lid=LSTPTYGUEE7WFGAQTHAD9LOXM&marketplace=FLIPKART&q=clicker+dog+training&store=p3t%2Fea3%2Fg4c&srno=s_1_16&otracker=search&fm=organic&iid=fbb02aa1-aabd-4b0d-9e72-e506e20115f2.PTYGUEE7WFGAQTHA.SEARCH&ppt=None&ppn=None&ssid=k2z16a13j40000001783424354631&qH=b0c60dc4bffa7e54&ov_redirect=true&ov_redirect=true,https://rukminim2.flixcart.com/image/612/612/l4ssfww0/shopsy-pet-toy/n/g/1/1-3-pcs-dog-clicker-dog-training-clicker-i-click-clicker-with-original-imagfma33mhhmhnm.jpeg?q=70,https://rukminim2.flixcart.com/image/612/612/l4ssfww0/shopsy-pet-toy/n/g/1/1-3-pcs-dog-clicker-dog-training-clicker-i-click-clicker-with-original-imagfma33mhhmhnm.jpeg?q=70,,0,,,,16.0,0.0,3.3,,123.0,0.5,-2.0,43.22,stable,flipkart|gtrends,2026-07-07,2026-07-07T17:09:43.204800,744,085d92d33f4fef84,chullbull|chullbull pet products pet training clicker with wrist strap and strap hook for ,51.34,43.22,51.34,1.88,0.0,0.93,0.1,LOW_RATING_PENALTY,REVIEW_MANUALLY
PEBHGRJ49HB2GZYY,"HAVEN STYLISH Luxury Coller Sofas , Beds For Dog And Cat L Pet Bed",haven,beds_accessories,,,,,PEBHGRJ49HB2GZYY,https://www.flipkart.com/haven-stylish-luxury-coller-sofas-beds-dog-cat-l-pet-bed/p/itmd688178755ec5?pid=PEBHGRJ49HB2GZYY&lid=LSTPEBHGRJ49HB2GZYY5KVSLP&marketplace=FLIPKART&q=cat+bed&store=search.flipkart.com&srno=s_1_16&otracker=search&fm=organic&iid=2feb8fb4-78e7-458c-bacb-4647a070ac7d.PEBHGRJ49HB2GZYY.SEARCH&ppt=None&ppn=None&ssid=uq8xefjfcg0000001783424311869&qH=0434bf5b1b52fdd8&ov_redirect=true&ov_redirect=true,https://rukminim2.flixcart.com/image/612/612/xif0q/pet-bed/2/z/a/l-luxury-coller-sofas-beds-for-dog-and-cat-haven-stylish-original-imahk5ypxfh7fyeh.jpeg?q=70,https://rukminim2.flixcart.com/image/612/612/xif0q/pet-bed/2/z/a/l-luxury-coller-sofas-beds-for-dog-and-cat-haven-stylish-original-imahk5ypxfh7fyeh.jpeg?q=70,,0,,,,16.0,0.0,3.0,,430.0,20.5,-2.0,42.38,stable,flipkart|gtrends,2026-07-07,2026-07-07T17:09:43.194056,745,f2c5b185613cb6cb,"haven|haven stylish luxury coller sofas , beds for dog and cat l pet bed",50.5,42.38,50.5,1.88,0.0,0.93,0.1,LOW_RATING_PENALTY,REVIEW_MANUALLY
PCLHB3KFWXCHPG9C,WapaW Dog Collar & Leash,wapaw,training,,,,,PCLHB3KFWXCHPG9C,https://www.flipkart.com/wapaw-dog-collar-leash/p/itmc279926895614?pid=PCLHB3KFWXCHPG9C&lid=LSTPCLHB3KFWXCHPG9CDCNW9A&marketplace=FLIPKART&q=anti+bark+collar&store=search.flipkart.com&srno=s_1_16&otracker=search&fm=organic&iid=a5e41e6c-f712-4fa1-877c-d3c823b8ca75.PCLHB3KFWXCHPG9C.SEARCH&ppt=None&ppn=None&ssid=p8wimx3quo0000001783424357818&qH=f1fde8a6826f7c4a&ov_redirect=true&ov_redirect=true,https://rukminim2.flixcart.com/image/612/612/xif0q/pet-collar-harness/r/e/y/extra-large-tactical-adjustable-military-dog-collar-and-leash-xl-original-imahb3kfhhr7tgqt.jpeg?q=70,https://rukminim2.flixcart.com/image/612/612/xif0q/pet-collar-harness/r/e/y/extra-large-tactical-adjustable-military-dog-collar-and-leash-xl-original-imahb3kfhhr7tgqt.jpeg?q=70,,0,,,,16.0,0.0,3.0,,1299.0,0.5,-2.0,42.38,stable,flipkart|gtrends,2026-07-07,2026-07-07T17:09:43.205581,746,99eb46a9bd1c1542,wapaw|wapaw dog collar & leash,50.5,42.38,50.5,1.88,0.0,0.93,0.1,LOW_RATING_PENALTY,REVIEW_MANUALLY
B0FX523DS6,"Foodie Puppies Interactive Plastic Coil Spring Cat Toys (Pack of 5) for Cats & Kittens | Colorful, Flexible Toys for Indoor P",foodie,cat_toys,,B0FX523DS6,https://www.amazon.in/Foodie-Puppies-Interactive-Spring-Colorful/dp/B0FX523DS6/ref=zg_bs_g_4771387031_d_sccl_22/522-4724523-7365803?psc=1,"https://images-eu.ssl-images-amazon.com/images/I/81eWrd0T92L._AC_UL300_SR300,200_.jpg",,,,"https://images-eu.ssl-images-amazon.com/images/I/81eWrd0T92L._AC_UL300_SR300,200_.jpg",18.0,0,3.6,87.0,99.0,,,,,,4.0,-6.0,42.19,stable,amazon|gtrends,2026-07-07,2026-07-07T17:09:43.164700,747,37704ef13b083e8a,foodie|foodie puppies interactive plastic coil spring cat toys (pack of 5) for cats & k,50.31,42.19,50.31,1.88,0.0,0.93,0.1,LOW_RATING_PENALTY,REVIEW_MANUALLY
B0825PCMHG,'NWOUIIAY Pet hair trimmer GUDDIES professional pet electric clipper set wireless rechargeable cat and dog shaver IPX7 waterp,nwouiiay,grooming,,B0825PCMHG,https://www.amazon.in/NWOUIIAY-professional-electric-rechargeable-waterproof/dp/B0825PCMHG/ref=zg_bs_g_4771396031_d_sccl_27/522-4724523-7365803?psc=1,"https://images-eu.ssl-images-amazon.com/images/I/71ExDhO3ukL._AC_UL300_SR300,200_.jpg",,,,"https://images-eu.ssl-images-amazon.com/images/I/71ExDhO3ukL._AC_UL300_SR300,200_.jpg",24.0,0,3.6,4875.0,432.0,,,,,,13.5,-1.5,42.16,stable,amazon|gtrends,2026-07-07,2026-07-07T17:09:43.166907,748,955d9b684157d731,nwouiiay|'nwouiiay pet hair trimmer guddies professional pet electric clipper set wireles,50.28,42.16,50.28,1.88,0.0,0.93,0.1,LOW_RATING_PENALTY,REVIEW_MANUALLY
PSOHGFSNMB2U9FPA,"Medfly Fortix Ticks and Fleas Spray for Cats, Dogs and Home Defense Flea and Tick Natural Dog Shampoo",medfly,health_wellness,,,,,PSOHGFSNMB2U9FPA,https://www.flipkart.com/medfly-fortix-ticks-fleas-spray-cats-dogs-home-defense-flea-tick-natural-dog-shampoo/p/itme478083d49416?pid=PSOHGFSNMB2U9FPA&lid=LSTPSOHGFSNMB2U9FPAKYNBIM&marketplace=FLIPKART&q=flea+tick+medicine+for+dogs&store=p3t%2Fixl%2Fosh&srno=s_1_19&otracker=search&fm=organic&iid=f1b3cde1-284f-43d5-95b4-4636db5c0b05.PSOHGFSNMB2U9FPA.SEARCH&ppt=None&ppn=None&ssid=7ynyuyy6cw0000001783424326799&qH=2ddc765890887549&ov_redirect=true&ov_redirect=true,https://rukminim2.flixcart.com/image/612/612/xif0q/pet-shampoo/u/k/s/200-fortix-ticks-and-fleas-spray-for-cats-dogs-and-home-defense-original-imahfxdhkn6uxee5.jpeg?q=70,https://rukminim2.flixcart.com/image/612/612/xif0q/pet-shampoo/u/k/s/200-fortix-ticks-and-fleas-spray-for-cats-dogs-and-home-defense-original-imahfxdhkn6uxee5.jpeg?q=70,,0,,,,19.0,0.0,3.7,,301.0,0.5,0.0,41.74,stable,flipkart|gtrends,2026-07-07,2026-07-07T17:09:43.197724,749,0cb594eafdd98c3d,"medfly|medfly fortix ticks and fleas spray for cats, dogs and home defense flea and tic",49.86,41.74,49.86,1.88,0.0,0.92,0.1,LOW_RATING_PENALTY,REVIEW_MANUALLY
PTYHEA8HNV8HZD7G,"decorvaiz Toys for Big Cats, Tails Smart Ball Interactive Pet Rolling Ball Toy Silicone, Nylon, PP (Polypropylene) Ball For Dog & Cat",decorvaiz,cat_toys,,,,,PTYHEA8HNV8HZD7G,https://www.flipkart.com/decorvaiz-toys-big-cats-tails-smart-ball-interactive-pet-rolling-toy-silicone-nylon-pp-polypropylene-dog-cat/p/itm025fd9db7b53f?pid=PTYHEA8HNV8HZD7G&lid=LSTPTYHEA8HNV8HZD7GDCFML2&marketplace=FLIPKART&q=interactive+dog+toy&store=p3t&srno=s_1_17&otracker=search&fm=organic&iid=en_Vf9HD0ojSiUt_W0awIT38Ll2n89ss4IF2MjQc5eekk8EBtsXrkuz0SDD4rMsczz5A7ESXIxg0aQjaAkWwZpHo-gZVvFvez-3jRfInY5WElMwAU6WQE4opj5QqnbaAzWu&ppt=None&ppn=None&ssid=ef5gxxp0xs0000001783424284222&qH=53ab0f799320af1a&ov_redirect=true&ov_redirect=true,https://rukminim2.flixcart.com/image/612/612/xif0q/pet-toy/x/m/d/1-new-self-rotating-pet-ball-cat-toys-ball-for-indoor-cats-fast-original-imahea8hjdkza45x.jpeg?q=70,https://rukminim2.flixcart.com/image/612/612/xif0q/pet-toy/x/m/d/1-new-self-rotating-pet-ball-cat-toys-ball-for-indoor-cats-fast-original-imahea8hjdkza45x.jpeg?q=70,,0,,,,17.0,0.0,3.4,,149.0,4.0,-6.0,41.7,stable,flipkart|gtrends,2026-07-07,2026-07-07T17:09:43.187490,750,b13efe801915af6f,"decorvaiz|decorvaiz toys for big cats, tails smart ball interactive pet rolling ball toy s",49.82,41.7,49.82,1.88,0.0,0.92,0.1,LOW_RATING_PENALTY,REVIEW_MANUALLY
B0DWSMZYJL,"Agirav Cat Scratch Pad Cardboard cat scratchers for Indoor Cats Reversible Large Wide Corrugated with Catnip (Standard, Strai",agirav,beds_accessories,,B0DWSMZYJL,https://www.amazon.in/Agirav-Cardboard-scratchers-Reversible-Corrugated/dp/B0DWSMZYJL/ref=zg_bs_g_4771375031_d_sccl_22/522-4724523-7365803?psc=1,"https://images-eu.ssl-images-amazon.com/images/I/71aUm5mm3hL._AC_UL300_SR300,200_.jpg",,,,"https://images-eu.ssl-images-amazon.com/images/I/71aUm5mm3hL._AC_UL300_SR300,200_.jpg",20.0,0,3.7,93.0,229.0,,,,,,20.5,-2.0,41.3,stable,amazon|gtrends,2026-07-07,2026-07-07T17:09:43.172049,751,7010009312822c20,agirav|agirav cat scratch pad cardboard cat scratchers for indoor cats reversible large,49.42,41.3,49.42,1.88,0.0,0.92,0.1,LOW_RATING_PENALTY,REVIEW_MANUALLY
PTYFTRHGTDZTWCXF,PSK PET MART Pet Training Clicker Button Clicker (Pack of 1) Plastic Training Aid For Dog,psk,training,,,,,PTYFTRHGTDZTWCXF,https://www.flipkart.com/psk-pet-mart-training-clicker-button-pack-1-plastic-aid-dog/p/itm283cd41d3c3e1?pid=PTYFTRHGTDZTWCXF&lid=LSTPTYFTRHGTDZTWCXFZ2QAEM&marketplace=FLIPKART&q=clicker+dog+training&store=p3t%2Fea3%2Fg4c&srno=s_1_19&otracker=search&fm=organic&iid=fbb02aa1-aabd-4b0d-9e72-e506e20115f2.PTYFTRHGTDZTWCXF.SEARCH&ppt=None&ppn=None&ssid=k2z16a13j40000001783424354631&qH=b0c60dc4bffa7e54&ov_redirect=true&ov_redirect=true,https://rukminim2.flixcart.com/image/612/612/kcp4osw0/pet-toy/c/x/f/tra-dog18-psk-pet-mart-original-imaftrnsyqwu4zpr.jpeg?q=70,https://rukminim2.flixcart.com/image/612/612/kcp4osw0/pet-toy/c/x/f/tra-dog18-psk-pet-mart-original-imaftrnsyqwu4zpr.jpeg?q=70,,0,,,,19.0,0.0,3.5,,162.0,0.5,-2.0,40.78,stable,flipkart|gtrends,2026-07-07,2026-07-07T17:09:43.204907,752,b8410368877a7b61,psk|psk pet mart pet training clicker button clicker (pack of 1) plastic training ai,48.9,40.78,48.9,1.88,0.0,0.92,0.1,LOW_RATING_PENALTY,REVIEW_MANUALLY
B0DRJBT3SD,"Buraq Tactical Dog Collar, Military-Grade Nylon, Reinforced Buckle & Control Handle, Adjustable & Heavy Duty Training Belt fo",buraq,collars_leashes,,B0DRJBT3SD,https://www.amazon.in/BURAQ-Tactical-Dog-Collar-Military-Grade/dp/B0DRJBT3SD/ref=zg_bs_g_4771392031_d_sccl_23/522-4724523-7365803?psc=1,"https://images-eu.ssl-images-amazon.com/images/I/710TdIA8wFL._AC_UL300_SR300,200_.jpg",,,,"https://images-eu.ssl-images-amazon.com/images/I/710TdIA8wFL._AC_UL300_SR300,200_.jpg",21.0,0,3.6,187.0,299.0,,,,,,5.0,-3.0,40.23,stable,amazon|gtrends,2026-07-07,2026-07-07T17:09:43.177213,753,cbced39ebb93d72f,"buraq|buraq tactical dog collar, military-grade nylon, reinforced buckle & control han",48.35,40.23,48.35,1.88,0.0,0.92,0.1,LOW_RATING_PENALTY,REVIEW_MANUALLY
B0B294GWDC,"Qpets Electric Dog Nail Trimmer with LED Light, Dog Nail Grinder Rechargable Cat Nail Trimmer, 2 Adjustable Speed Dog Nail C",qpets,grooming,,B0B294GWDC,https://www.amazon.in/Electric-Trimmer-Grinder-Rechargable-Adjustable/dp/B0B294GWDC/ref=zg_bs_g_4771383031_d_sccl_27/522-4724523-7365803?psc=1,"https://images-eu.ssl-images-amazon.com/images/I/41n6QoDw-JL._AC_UL300_SR300,200_.jpg",,,,"https://images-eu.ssl-images-amazon.com/images/I/41n6QoDw-JL._AC_UL300_SR300,200_.jpg",22.0,0,3.6,420.0,731.0,,,,,,13.5,-1.5,40.21,stable,amazon|gtrends,2026-07-07,2026-07-07T17:09:43.168784,754,cbd81a1e83cf36b3,"qpets|qpets electric dog nail trimmer with led light, dog nail grinder rechargable cat",48.33,40.21,48.33,1.88,0.0,0.92,0.1,LOW_RATING_PENALTY,REVIEW_MANUALLY
B0DNK7JBBW,"Persian Cat & All Cat Types 5 in 1 Shampoo with Conditioner | Anti-fungal, Flea and Tick, Conditioning, Anti-Bacterial, Laven",persian,grooming,,B0DNK7JBBW,https://www.amazon.in/Conditioner-Anti-fungal-Conditioning-Anti-Bacterial-200/dp/B0DNK7JBBW/ref=zg_bs_g_4771383031_d_sccl_26/522-4724523-7365803?psc=1,"https://images-eu.ssl-images-amazon.com/images/I/61Uibn5NZjL._AC_UL300_SR300,200_.jpg",,,,"https://images-eu.ssl-images-amazon.com/images/I/61Uibn5NZjL._AC_UL300_SR300,200_.jpg",21.0,0,3.7,56.0,200.0,,,,,,13.5,-1.5,40.19,stable,amazon|gtrends,2026-07-07,2026-07-07T17:09:43.168708,755,d5f6110d5b2c82c4,"persian|persian cat & all cat types 5 in 1 shampoo with conditioner | anti-fungal, flea ",48.31,40.19,48.31,1.88,0.0,0.92,0.1,LOW_RATING_PENALTY,REVIEW_MANUALLY
B0F67BZ64G,"CTN Enterprise Cat Toys Ball – Smart Rolling LED Ball, Automatic & USB Rechargeable Motion Activate for Indoor Kitten Puppy D",ctn,cat_toys,,B0F67BZ64G,https://www.amazon.in/CTN-Enterprise-Cat-Toys-Ball/dp/B0F67BZ64G/ref=zg_bs_g_4771401031_d_sccl_22/522-4724523-7365803?psc=1,"https://images-eu.ssl-images-amazon.com/images/I/61LMiBQqlPL._AC_UL300_SR300,200_.jpg",,,,"https://images-eu.ssl-images-amazon.com/images/I/61LMiBQqlPL._AC_UL300_SR300,200_.jpg",20.0,0,3.4,176.0,259.0,,,,,,4.0,-6.0,40.03,stable,amazon|gtrends,2026-07-07,2026-07-07T17:09:43.163348,756,51ce0c18827d0660,"ctn|ctn enterprise cat toys ball – smart rolling led ball, automatic & usb rechargea",48.15,40.03,48.15,1.88,0.0,0.92,0.1,LOW_RATING_PENALTY,REVIEW_MANUALLY
PTYG5RQYYRPFJFZK,"Rvpaws Dog Training Clicker with Wrist Strap - Pet Training Clicker, Big Button Clicker Set, Pack of 3 Plastic Training Aid For Dog",rvpaws,training,,,,,PTYG5RQYYRPFJFZK,https://www.flipkart.com/rvpaws-dog-training-clicker-wrist-strap-pet-clicker-big-button-set-pack-3-plastic-aid/p/itmabe1d76b34457?pid=PTYG5RQYYRPFJFZK&lid=LSTPTYG5RQYYRPFJFZKULDXX5&marketplace=FLIPKART&q=clicker+dog+training&store=p3t%2Fea3%2Fg4c&srno=s_1_13&otracker=search&fm=organic&iid=fbb02aa1-aabd-4b0d-9e72-e506e20115f2.PTYG5RQYYRPFJFZK.SEARCH&ppt=None&ppn=None&ssid=k2z16a13j40000001783424354631&qH=b0c60dc4bffa7e54&ov_redirect=true&ov_redirect=true,https://rukminim2.flixcart.com/image/612/612/ks4yz680/pet-toy/s/0/j/6878-rvpaws-original-imag5rqy7eyczjzz.jpeg?q=70,https://rukminim2.flixcart.com/image/612/612/ks4yz680/pet-toy/s/0/j/6878-rvpaws-original-imag5rqy7eyczjzz.jpeg?q=70,,0,,,,13.0,0.0,1.0,,198.0,0.5,-2.0,39.78,declining,flipkart|gtrends,2026-07-07,2026-07-07T17:09:43.204624,757,8674926917dbb360,"rvpaws|rvpaws dog training clicker with wrist strap - pet training clicker, big button ",47.9,39.78,47.9,1.88,0.0,0.91,0.1,LOW_RATING_PENALTY,REVIEW_MANUALLY
PFDH5H8QXUXWTAPZ,Royal Canin Royal Canin Intestinal Can 400 gm 0.4 kg Dry Adult Dog Food,royal canin,dog_food,,,,,PFDH5H8QXUXWTAPZ,https://www.flipkart.com/royal-canin-intestinal-can-400-gm-0-4-kg-dry-adult-dog-food/p/itmb2a8b7fd1bdd7?pid=PFDH5H8QXUXWTAPZ&lid=LSTPFDH5H8QXUXWTAPZ4VEBE8&marketplace=FLIPKART&q=royal+canin+dog+food&store=p3t%2Fea3%2F8zj&srno=s_1_18&otracker=search&fm=organic&iid=b50ca4cc-10f2-4e61-9c64-b71ef01ff18f.PFDH5H8QXUXWTAPZ.SEARCH&ppt=None&ppn=None&ssid=tuz9tvum340000001783424255774&qH=daddb49dcea591ec&ov_redirect=true,https://rukminim2.flixcart.com/image/312/312/xif0q/pet-food/y/f/5/0-4-dog-1-otrfo3144-royal-canin-original-imah5h8qfj8eqvpf.jpeg?q=70,https://rukminim2.flixcart.com/image/312/312/xif0q/pet-food/y/f/5/0-4-dog-1-otrfo3144-royal-canin-original-imah5h8qfj8eqvpf.jpeg?q=70,,0,,,,18.0,0.0,2.7,3.0,561.0,18.0,-3.2,39.47,declining,flipkart|gtrends,2026-07-07,2026-07-07T17:09:43.181705,758,0ca3ea708f674548,royal canin|royal canin royal canin intestinal can 400 gm 0.4 kg dry adult dog food,47.59,39.47,47.59,1.88,0.0,0.91,0.1,LOW_RATING_PENALTY,REVIEW_MANUALLY
B0GVS76CLW,HIK FASHION Interactive Cat Toy for Indoor Cats | Automatic Moving Mouse Toy with Light-Up Tail | Smart Electric Chasing Toy,hik,cat_toys,,B0GVS76CLW,https://www.amazon.in/HIK-FASHION-Interactive-Automatic-Light-Up/dp/B0GVS76CLW/ref=zg_bs_g_4771387031_d_sccl_27/522-4724523-7365803?psc=1,"https://images-eu.ssl-images-amazon.com/images/I/51HTQsf31VL._AC_UL300_SR300,200_.jpg",,,,"https://images-eu.ssl-images-amazon.com/images/I/51HTQsf31VL._AC_UL300_SR300,200_.jpg",23.0,0,3.7,195.0,218.0,,,,,,4.0,-6.0,37.94,declining,amazon|gtrends,2026-07-07,2026-07-07T17:09:43.165024,759,310e6299c27168c9,hik|hik fashion interactive cat toy for indoor cats | automatic moving mouse toy wit,46.06,37.94,46.06,1.88,0.0,0.91,0.1,LOW_RATING_PENALTY,REVIEW_MANUALLY
B0G9Z5FQW1,LexCouch Velvet Premium Extra Large Dog Bed for Extra Large Dogs Washable Big Dog Beds Slip-Resistant Bottom-Grey -95 X 73 X,lexcouch,beds_accessories,,B0G9Z5FQW1,https://www.amazon.in/LexCouch-Washable-Slip-Resistant-Bottom-Grey-Centimeters/dp/B0G9Z5FQW1/ref=zg_bs_g_4771390031_d_sccl_21/522-4724523-7365803?psc=1,"https://images-eu.ssl-images-amazon.com/images/I/51squ4X7rYL._AC_UL300_SR300,200_.jpg",,,,"https://images-eu.ssl-images-amazon.com/images/I/51squ4X7rYL._AC_UL300_SR300,200_.jpg",21.0,0,3.0,1.0,999.0,,,,,,20.5,-2.0,37.48,declining,amazon|gtrends,2026-07-07,2026-07-07T17:09:43.170364,760,03b95d03f561b5fe,lexcouch|lexcouch velvet premium extra large dog bed for extra large dogs washable big do,45.6,37.48,45.6,1.88,0.0,0.9,0.1,LOW_RATING_PENALTY,REVIEW_MANUALLY
B0FSDP1YTH,"Berlin's Cat Harness and Leash Set – Escape Proof, No Pull, Lightweight Breathable Air Mesh, Adjustable & Comfortable Cat Ves",berlins,collars_leashes,,B0FSDP1YTH,https://www.amazon.in/Berlins-Cat-Harness-Leash-Set/dp/B0FSDP1YTH/ref=zg_bs_g_4771379031_d_sccl_26/522-4724523-7365803?psc=1,"https://images-eu.ssl-images-amazon.com/images/I/61KMnodnglL._AC_UL300_SR300,200_.jpg",,,,"https://images-eu.ssl-images-amazon.com/images/I/61KMnodnglL._AC_UL300_SR300,200_.jpg",22.0,0,3.1,47.0,256.0,,,,,,5.0,-3.0,37.15,declining,amazon|gtrends,2026-07-07,2026-07-07T17:09:43.179177,761,c9e8dc6c99230730,"berlins|berlin's cat harness and leash set – escape proof, no pull, lightweight breathab",45.27,37.15,45.27,1.88,0.0,0.9,0.1,LOW_RATING_PENALTY,REVIEW_MANUALLY
B0H6JV2XBT,"Professional Dog Trimmer & Pet Grooming Kit for Dogs and Cats, Cordless Rechargeable Low-Noise Clipper with Titanium-Ceramic",professional,grooming,,B0H6JV2XBT,https://www.amazon.in/Professional-Rechargeable-Low-Noise-Titanium-Ceramic-Adjustment/dp/B0H6JV2XBT/ref=zg_bs_g_4771383031_d_sccl_23/522-4724523-7365803?psc=1,"https://images-eu.ssl-images-amazon.com/images/I/61+kmyt4zsL._AC_UL300_SR300,200_.jpg",,,,"https://images-eu.ssl-images-amazon.com/images/I/61+kmyt4zsL._AC_UL300_SR300,200_.jpg",19.0,0,2.0,2.0,599.0,,,,,,13.5,-1.5,36.82,declining,amazon|gtrends,2026-07-07,2026-07-07T17:09:43.168565,762,0abc2397f87d8835,"professional|professional dog trimmer & pet grooming kit for dogs and cats, cordless recharge",44.94,36.82,44.94,1.88,0.0,0.9,0.1,LOW_RATING_PENALTY,REVIEW_MANUALLY
B0FH1FCHT1,"Qpets USB Cat Toy Electric Jumping Colorful Caterpillar Feather Teaser Toy, Detachable Door Hanging with Self Adhesive Backi",qpets,cat_toys,,B0FH1FCHT1,https://www.amazon.in/Electric-Colorful-Caterpillar-Detachable-Adhesive/dp/B0FH1FCHT1/ref=zg_bs_g_4771387031_d_sccl_28/522-4724523-7365803?psc=1,"https://images-eu.ssl-images-amazon.com/images/I/51lOs9yhYVL._AC_UL300_SR300,200_.jpg",,,,"https://images-eu.ssl-images-amazon.com/images/I/51lOs9yhYVL._AC_UL300_SR300,200_.jpg",24.0,0,3.4,19.0,632.0,,,,,,4.0,-6.0,35.14,declining,amazon|gtrends,2026-07-07,2026-07-07T17:09:43.165080,763,d3e83b3da72bc13e,"qpets|qpets usb cat toy electric jumping colorful caterpillar feather teaser toy, deta",43.26,35.14,43.26,1.88,0.0,0.89,0.1,LOW_RATING_PENALTY,REVIEW_MANUALLY
B0C9X5PX7D,Dog Trust Ethnic Pet Collar with Bell Safety Adjustable Cat Necklace Ethnic Style Cat Collar Pack of 1 pcs,dog,collars_leashes,,B0C9X5PX7D,https://www.amazon.in/Dog-Trust-Adjustable-Cat-Necklace/dp/B0C9X5PX7D/ref=zg_bs_g_4771379031_d_sccl_30/522-4724523-7365803?psc=1,"https://images-eu.ssl-images-amazon.com/images/I/512oagA17TL._AC_UL300_SR300,200_.jpg",,,,"https://images-eu.ssl-images-amazon.com/images/I/512oagA17TL._AC_UL300_SR300,200_.jpg",26.0,0,3.6,136.0,175.0,,,,,,5.0,-3.0,35.03,declining,amazon|gtrends,2026-07-07,2026-07-07T17:09:43.179452,764,093a8a2e0fba9722,dog|dog trust ethnic pet collar with bell safety adjustable cat necklace ethnic styl,43.15,35.03,43.15,1.88,0.0,0.89,0.1,LOW_RATING_PENALTY,REVIEW_MANUALLY
B0GNTG6C2L,"Heritage Dog Bed Reversible Premium Velvet Black & Grey Pet Bed | Soft, Washable & Durable Bed for Dog and Cat for Everyday C",heritage,beds_accessories,,B0GNTG6C2L,https://www.amazon.in/Heritage-Reversible-Washable-Everyday-Relaxation/dp/B0GNTG6C2L/ref=zg_bs_g_4771390031_d_sccl_29/522-4724523-7365803?psc=1,"https://images-eu.ssl-images-amazon.com/images/I/51XiD8gXSeL._AC_UL300_SR300,200_.jpg",,,,"https://images-eu.ssl-images-amazon.com/images/I/51XiD8gXSeL._AC_UL300_SR300,200_.jpg",27.0,0,3.3,8.0,499.0,,,,,,20.5,-2.0,32.5,declining,amazon|gtrends,2026-07-07,2026-07-07T17:09:43.170787,765,15b1ebe0c5f27402,"heritage|heritage dog bed reversible premium velvet black & grey pet bed | soft, washable",40.62,32.5,40.62,1.88,0.0,0.88,0.1,LOW_RATING_PENALTY,REVIEW_MANUALLY
