canonical_product_id,product_cluster_id,canonical_title,brand,species,category,subcategory,life_stage,breed_size,form_factor,flavor,functional_claim,pack_size_value,pack_size_unit,price_per_kg_last,dog_cat_confidence,taxonomy_confidence,first_seen_date,last_seen_date,is_active
909baaf3b2d579aa,909baaf3b2d579aa,"HIMALAYA Erina-EP Shampoo, Tick & Flea Control for Dogs & Cats with Neem & Eucalyptus Flea and Tick Neem and Eucalyptus Dog, Cat Shampoo",himalaya,both,grooming,,,,,,,,,,0.75,0.85,2026-07-07,2026-07-07,True
a50618a7f7ffb993,a50618a7f7ffb993,"Pedigree Dentastix Oral Care Dog Treat, Adult Small Breed (5-10 kg), 440 g, Recommended by Vets, Supports Gum Health, Reduces",pedigree,dog,health_wellness,,,,,,,,,,0.95,0.85,2026-07-07,2026-07-07,True
95c2aaceea1669d4,95c2aaceea1669d4,Drools Adult Wet Dog Food 0.9kg (150g x 6) Pack of 6 | Real Chicken and Chicken Liver Chunks in Gravy | Healthy Skin and Coat,drools,dog,dog_food,,,,,,,,,,0.95,0.85,2026-07-07,2026-07-07,True
8c9c3f5b734567fc,8c9c3f5b734567fc,HIMALAYA Furglow (Skin & Coat Tonic) Liquid for Dogs & Cats I Omega Fatty Acid Supplement Pet Health Supplements,himalaya,both,health_wellness,,,,,,,,,,0.75,0.85,2026-07-07,2026-07-07,True
58cf71ebfe212a42,58cf71ebfe212a42,"Pedigree Adult Wet Dog Food, Chicken & Liver Chunks in Gravy, 70 g (Pack of 15), Complete & Balanced Meal for Adult Dogs",pedigree,dog,dog_food,,,,,,,,,,0.95,0.85,2026-07-07,2026-07-07,True
e919a52545d5b2a3,e919a52545d5b2a3,Purepet Adult Dry Cat Food 1kg | Mackerel Flavour | Hairball Protection | Heart Care with Taurine | Skin Health,purepet,cat,cat_food,,,,,,,,,,0.95,0.85,2026-07-07,2026-07-07,True
21e795b776ac9c35,21e795b776ac9c35,"PEDIGREE 100% Nutrition Chicken, Vegetable 5.5 kg Dry Adult Dog Food",pedigree,dog,dog_food,,,,,,,,,,0.95,0.85,2026-07-07,2026-07-07,True
150387a7584d4174,150387a7584d4174,Active Treat Biscuits Buy 1 get 1 (2x500g) Real Chicken Dog Treat,active,dog,training,,,,,,,,,,0.95,0.85,2026-07-07,2026-07-07,True
b53e24187c83b93a,b53e24187c83b93a,Agirav Tail Dog Toys + Dog Chew Toys + Puppy Teething Toys + Rope Dog Toy + Dog Toys for Small to Medium Dog Toys + Dog Toy P,agirav,dog,dog_toys,,,,,,,,,,0.95,0.85,2026-07-07,2026-07-07,True
12b91d2dba092ea2,12b91d2dba092ea2,Drools Performance Chicken 10 kg Dry Adult Dog Food,drools,dog,dog_food,,,,,,,,,,0.95,0.85,2026-07-07,2026-07-07,True
e81b4b927aa992ee,e81b4b927aa992ee,Active Buy 1 Get 1 (2x3 kg) Chicken & Vegetable 6 kg (2x3 kg) Dry Young Dog Food,active,dog,dog_food,,,,,,,,,,0.95,0.85,2026-07-07,2026-07-07,True
f5533c6e17a211b8,f5533c6e17a211b8,Active Buy 1 Get 1 Chicken and Vegetable 6 kg (2x3 kg) Dry Adult Dog Food,active,dog,dog_food,,,,,,,,,,0.95,0.85,2026-07-07,2026-07-07,True
e69b9146a66459a3,e69b9146a66459a3,Purepet Adult Dry Cat Food 1kg | Tuna & Salmon Flavour | Hairball Protection | Heart Care with Taurine | Skin Health,purepet,cat,cat_food,,,,,,,,,,0.95,0.85,2026-07-07,2026-07-07,True
a89a069a4ca181d5,a89a069a4ca181d5,"PEDIGREE Adult Chicken & Vegetables Chicken, Vegetable 10 kg Dry Adult Dog Food",pedigree,dog,dog_food,,,,,,,,,,0.95,0.85,2026-07-07,2026-07-07,True
09111e5628f51fb4,09111e5628f51fb4,Active Treat Biscuits Buy 1 get 1( 1kgX 2) Real Chicken Dog Treat,active,dog,training,,,,,,,,,,0.95,0.85,2026-07-07,2026-07-07,True
f1b5d7571ffaeafb,f1b5d7571ffaeafb,"Active Buy 1 Get 1 ,Chicken and Vegetable 20 kg (2x10 kg) Dry Young Dog Food",active,dog,dog_food,,,,,,,,,,0.95,0.85,2026-07-07,2026-07-07,True
b27245302f3b3372,b27245302f3b3372,Active Buy 1 get 1 (2x1.2 kg) Chicken & Vegetable 2.4 kg (2x1.2 kg) Dry Adult Dog Food,active,dog,dog_food,,,,,,,,,,0.95,0.85,2026-07-07,2026-07-07,True
c85f84af07615489,c85f84af07615489,Royal Canin Urinary Adult Feline (Cat) Powder 1.5 Kg,royal canin,cat,health_wellness,,,,,,,,,,0.95,0.85,2026-07-07,2026-07-07,True
3a68f6527a985f29,3a68f6527a985f29,"PEDIGREE 100% Nutrition Chicken, Milk 5.5 kg Dry Young Puppy Food",pedigree,dog,dog_food,,,,,,,,,,0.95,0.85,2026-07-07,2026-07-07,True
add3f10082cbb683,add3f10082cbb683,"Pedigree Adult Dry Dog Food, Chicken & Vegetables, 3 kg, Contains 37 Essential Nutrients, 100% Complete & Balanced Food for",pedigree,dog,dog_food,,,,,,,,,,0.95,0.85,2026-07-07,2026-07-07,True
a3fad6a2de3681d1,a3fad6a2de3681d1,"Amorite Waterproof Reusable Washable Pee Pads for Dogs (Medium, Dark Blue)",amorite,dog,beds_accessories,,,,,,,,,,0.95,0.85,2026-07-07,2026-07-07,True
9b68100f97efc4d0,9b68100f97efc4d0,"Whiskas Wet Cat Food for Adult Cats (1+Years), Tuna in Jelly Flavour, 80g (Pack of 14)",whiskas,cat,cat_food,,,,,,,,,,0.95,0.85,2026-07-07,2026-07-07,True
eacceebca33524db,eacceebca33524db,"Active (2x1.2kg) , Chicken and Vegetable 2.4 kg (2x1.2 kg) Dry Young Dog Food",active,dog,dog_food,,,,,,,,,,0.95,0.85,2026-07-07,2026-07-07,True
2ec73ea173332356,2ec73ea173332356,Active Buy 1 Get 1 Meat And Rice Adult Dog Food Rice 6 kg (2x3 kg) Dry Adult Dog Food,active,dog,dog_food,,,,,,,,,,0.95,0.85,2026-07-07,2026-07-07,True
a494d3878faa0518,a494d3878faa0518,"Pil Neem Plus Herbal Pet Shampoo 1000ml | Puppy Safe | Anti-Fungal, Anti-Ticks and Fleas, Antibacterial, Antiseptic & pH Bala",pil,dog,grooming,,,,,,,,,,0.95,0.85,2026-07-07,2026-07-07,True
d16832e32fb7f621,d16832e32fb7f621,Royal Canin Maxi Adult 1 Kg Dry Adult Dog Food,royal canin,dog,dog_food,,,,,,,,,,0.95,0.85,2026-07-07,2026-07-07,True
5d7b1959445bf427,5d7b1959445bf427,"Agirav Dog and Puppy Toy Set - Chew, Teething, Rope, and Tug Toys for Small to Medium Dogs - Washable Cotton Pack of 12",agirav,dog,dog_toys,,,,,,,,,,0.95,0.85,2026-07-07,2026-07-07,True
ed97e2272c207e2c,ed97e2272c207e2c,"Amazon Basics Faux Fur Donut Pet Bed |Small (50 x 50 x 12 cm) | Color -Brown | Reversible, Washable, Cozy Mat for Cats & Dogs",amazon basics,both,beds_accessories,,,,,,,,,,0.75,0.85,2026-07-07,2026-07-07,True
494393af2f5265eb,494393af2f5265eb,Emily Pets Cat Scratcher Cardboard 2 in 1 Reversible Scratching Pad Recyclable Corrugated Scratch Toy with Wave Shape & 10ML,emily,cat,beds_accessories,,,,,,,,,,0.95,0.85,2026-07-07,2026-07-07,True
49cc480dc879e26b,49cc480dc879e26b,"PetVogue Dog Nail Cutter Clipper and filer,Claw & Nails Clippers Grinder Grooming Trimmer for Small, Medium, Large dogs and c",petvogue,dog,grooming,,,,,,,,,,0.95,0.85,2026-07-07,2026-07-07,True
d9979ee004816968,d9979ee004816968,Pet Clean Primrose Oil Eye & Ear Pads - Gentle Care for Dogs & Cats - 50 Count (Pack of 1),,both,health_wellness,,,,,,,,,,0.75,0.85,2026-07-07,2026-07-07,True
9b4e77828c947ff2,9b4e77828c947ff2,"Buraq No Pull Cat Harness with Leash, Escape Proof, Ultra-Light Weight, Air Mesh Fabric, Aesthetic Design Adjustable Cat Leas",buraq,cat,collars_leashes,,,,,,,,,,0.95,0.85,2026-07-07,2026-07-07,True
1381fe3a100aecec,1381fe3a100aecec,"Amazon Basics Plush Fur Fabic Multistory Cat Tree with Condos, Perches and Sctraching Post Furry Hanging Ball, Dark Beige wit",amazon basics,cat,beds_accessories,,,,,,,,,,0.95,0.85,2026-07-07,2026-07-07,True
56a8bf6d425cfae7,56a8bf6d425cfae7,Agirav No Pull Dog Harness - Step in Dog Harness and Leash for Small Medium Large Dog - Escape Proof Adjustable Soft Leash Co,agirav,dog,collars_leashes,,,,,,,,,,0.95,0.85,2026-07-07,2026-07-07,True
ccf7c0628619e2aa,ccf7c0628619e2aa,Canine Creek Ultra Premium Grain Free Formula Real Chicken 13.5 kg Dry Adult Dog Food,canine,dog,dog_food,,,,,,,,,,0.95,0.85,2026-07-07,2026-07-07,True
c956e3ce79f4e881,c956e3ce79f4e881,Drools Adult Nutrition Chicken and Egg Egg 1.2 kg Dry Adult Dog Food,drools,dog,dog_food,,,,,,,,,,0.95,0.85,2026-07-07,2026-07-07,True
1219ecab1e794b00,1219ecab1e794b00,"P for PET Grooming Wet Wipes 300 Count(Pack of 3) for Dogs, Cats & All Pets | Purified Water, Glycerin |Anti-Bacterial|Cleans",p,both,grooming,,,,,,,,,,0.75,0.85,2026-07-07,2026-07-07,True
8c3a120810e87085,8c3a120810e87085,"Pawzone Interactive Cat Toys Roller, Spring Cat Toys with Catnip, Kitten Tracks, Pet Toy with Moving Balls Teaser Mouse Exerc",pawzone,cat,cat_toys,,,,,,,,,,0.95,0.85,2026-07-07,2026-07-07,True
51cb78901eae8c84,51cb78901eae8c84,"Canine Creek Starter dry dog food , Ultra Premium Chicken 13.5 Kg Dry New Born Dog Food",canine,dog,dog_food,,,,,,,,,,0.95,0.85,2026-07-07,2026-07-07,True
1703df8ec624c055,1703df8ec624c055,Royal Canin Maxi Puppy 1 kg Dry Young Dog Food,royal canin,dog,dog_food,,,,,,,,,,0.95,0.85,2026-07-07,2026-07-07,True
eafb2e93ce979a64,eafb2e93ce979a64,"Absolut Pet Dog Supplement for Gut Health, Probiotics for Dogs That Reduces Scratching & Paw-Licking (30 Chews)",absolut,dog,health_wellness,,,,,,,,,,0.95,0.85,2026-07-07,2026-07-07,True
bde6d74e3e0887be,bde6d74e3e0887be,Meat Up Adult Dry Dog Food 6kg (3kg + 3kg) | Chicken Flavour | Glucosamine for Healthy Joints & Bones | Enriched with Vitamin,meat up,dog,dog_food,,,,,,,,,,0.95,0.85,2026-07-07,2026-07-07,True
80ad5e9c767fcf99,80ad5e9c767fcf99,"ZEXSAZONE Round Donut Pet Bed for Cats and Puppies Dogs mat, Cozy and Plush, Raised Bedside Support, Both Sides Use Like 2 in",zexsazone,both,beds_accessories,,,,,,,,,,0.75,0.85,2026-07-07,2026-07-07,True
d160a5a9a90a9811,d160a5a9a90a9811,"PUPPEE Wipe ME 100% Biodegradable 96 Count (Pack of 2) Wet Wipes for Dogs, Cats & All Pets | Lavender Essential, Vitamin E &",puppee,both,grooming,,,,,,,,,,0.75,0.85,2026-07-07,2026-07-07,True
e1b0b429bb764c87,e1b0b429bb764c87,"Zoivane 5 in 1 Extra White Cat Shampoo with Conditioner|100% Natural Active Ingredients| Allergy Relief, Anti-microbial, Conditioning, Whitening and Color Enhancing Floral and Sweet Cat Shampoo",zoivane,cat,grooming,,,,,,,,,,0.95,0.85,2026-07-07,2026-07-07,True
e9b004ae560a5435,e9b004ae560a5435,"Whiskas Adult (1+ Years) Wet Cat Food, Chicken in Gravy, 80 g (Pack of 14), Hydrating Food Made With Real Chicken, 100% Compl",whiskas,cat,cat_food,,,,,,,,,,0.95,0.85,2026-07-07,2026-07-07,True
54b37cf471fe5482,54b37cf471fe5482,Drools Inside Container Egg and Chicken 5 kg Dry Adult Dog Food,drools,dog,dog_food,,,,,,,,,,0.95,0.85,2026-07-07,2026-07-07,True
a2cfd529fc3907bc,a2cfd529fc3907bc,Drools Biscuits Real Chicken and Egg Dog Treat,drools,dog,training,,,,,,,,,,0.95,0.85,2026-07-07,2026-07-07,True
afe09fc162350e92,afe09fc162350e92,Active Chicken and Vegetable 20 kg (2x10 kg) Dry Adult Dog Food,active,dog,dog_food,,,,,,,,,,0.95,0.85,2026-07-07,2026-07-07,True
7f0871dee6381c00,7f0871dee6381c00,Drools Adult Dry Dog Food 5kg | Chicken & Egg Flavour | Omega 3 & 6 for Growth | Better Digestibility | Supports Joint Health,drools,dog,dog_food,,,,,,,,,,0.95,0.85,2026-07-07,2026-07-07,True
612e82eb08a4bbd6,612e82eb08a4bbd6,"JIARON Feather Teaser Cat Toy, 2PCS Retractable Wand & 10PCS Replacement Feathers, Interactive Cat Catcher & Exercise for Kit",jiaron,cat,cat_toys,,,,,,,,,,0.95,0.85,2026-07-07,2026-07-07,True
3394c7e88ba5f39a,3394c7e88ba5f39a,"SmileDenX Teeth Cleaning Wipes for Dogs & Cats, Dog Finger Toothbrush Wipes, Dog Dental Care Finger Wipes, Dog Tooth Brushing",smiledenx,both,health_wellness,,,,,,,,,,0.75,0.85,2026-07-07,2026-07-07,True
572e52cb523eff92,572e52cb523eff92,Wooflix Heavy Duty Nylon Dog Leash | Anti Slip Padded Handle Long Dog Leash | Highly Reflective Leash for Dogs | Dog Rope for,wooflix,dog,collars_leashes,,,,,,,,,,0.95,0.85,2026-07-07,2026-07-07,True
b37a1a038fe47bc7,b37a1a038fe47bc7,Yuppy Puppy Nail Clipper for Cats - Gentle Round Hole Trimmer with Dust Storage | Adjustable Size & Hidden Nail File | Pet Gr,yuppy,both,grooming,,,,,,,,,,0.75,0.85,2026-07-07,2026-07-07,True
ef7b0db1ac5361e7,ef7b0db1ac5361e7,"Foodie Puppies Pet Hair Remover Lint Roller with Handle and 4 Refills (300 Sheets), Hair Remover for Dogs and Cats, Ideal for",foodie,both,grooming,,,,,,,,,,0.75,0.85,2026-07-07,2026-07-07,True
228c8a0e975c8fc8,228c8a0e975c8fc8,"Natural Remedies Fresh Me Up Mild Waterless Foam Cleanser Dry Shampoo for Dogs, Cats and Pups of All Breeds, Moisturizer & Co",natural,both,grooming,,,,,,,,,,0.75,0.85,2026-07-07,2026-07-07,True
5a40a3fed64b51c9,5a40a3fed64b51c9,"Foodie Puppies 2-in-1 Reversible Cat Scratcher Pad with Catnip for Cats & Kittens, (Couch, 43.5 x 23 x 6 cm) | Durable Corrug",foodie,both,beds_accessories,,,,,,,,,,0.75,0.85,2026-07-07,2026-07-07,True
fe3db59d907a2820,fe3db59d907a2820,PEDIGREE Dentastix Oral Care for Small Breed (5-10 kg) Dog Treat,pedigree,dog,training,,,,,,,,,,0.95,0.85,2026-07-07,2026-07-07,True
b1638bcb1b88d0a0,b1638bcb1b88d0a0,"amazon basics Large Elevated Cooling Mesh Fabric Pet Dog Cot Bed - 51 X 31 X 8 Inches, Green",amazon basics,dog,beds_accessories,,,,,,,,,,0.95,0.85,2026-07-07,2026-07-07,True
8d9f47cc0c51e417,8d9f47cc0c51e417,"Foodie Puppies Latex Rubber Squeaky Dog Chew Ball Toy - (Claw Ball, Small) Durable and Safe Fetch Teething Dog Toy for Puppie",foodie,dog,dog_toys,,,,,,,,,,0.95,0.85,2026-07-07,2026-07-07,True
6f5e9bb4cf8269c5,6f5e9bb4cf8269c5,"Heartie Oatmeal 6-in-1 Pet Shampoo & Conditioner |Paraben Free Dog Shampoo |Shiny Coat Conditioning, Hypoallergenic, Anti-itching Fresh Dog, Cat Shampoo",heartie,both,grooming,,,,,,,,,,0.75,0.85,2026-07-07,2026-07-07,True
50fa5b101138d1b4,50fa5b101138d1b4,"Whiskas Junior Kitten (2-12 Months) Wet Cat Food, Chicken in Gravy, 80 g (Pack of 14), Hydrating Food Made With Real Chicken,",whiskas,cat,cat_food,,,,,,,,,,0.95,0.85,2026-07-07,2026-07-07,True
57e5475a25a1d699,57e5475a25a1d699,"Foodie Puppies Cat Teaser Playing Stick Wooden Cat Wand Toy for Cats and Kittens - (Mouse-Bell - 40cm), Interactive Feather T",foodie,both,cat_toys,,,,,,,,,,0.75,0.85,2026-07-07,2026-07-07,True
b913eaf3383a045c,b913eaf3383a045c,"Drools Absolute Dog Supplement Tablet, Skin+ Coat 400g 110 Pieces Jar | Turmeric Flavour | Supports Skin& Food Sensitivity",drools,dog,health_wellness,,,,,,,,,,0.95,0.85,2026-07-07,2026-07-07,True
6bf8927b83e90ffd,6bf8927b83e90ffd,Drools Real Chicken Egg 10 Kg Dry Adult Dog Food,drools,dog,dog_food,,,,,,,,,,0.95,0.85,2026-07-07,2026-07-07,True
4a887c584af2a94c,4a887c584af2a94c,"PEDIGREE 100% Nutrition Meat, Rice 20 kg Dry Adult Dog Food",pedigree,dog,dog_food,,,,,,,,,,0.95,0.85,2026-07-07,2026-07-07,True
c9db09b02ecbc307,c9db09b02ecbc307,"Amazon Basics Premium Soft Velvet Pet Hut House | For Cats, Kittens and Small Dogs | With Reversible Cushion | Washable Cozy",amazon basics,both,beds_accessories,,,,,,,,,,0.75,0.85,2026-07-07,2026-07-07,True
092a64b432e65e27,092a64b432e65e27,Me-O JP Pet Products Mackrel-1.2kg Mackerel 1.2 kg Dry Adult Cat Food,me-o,cat,cat_food,,,,,,,,,,0.95,0.85,2026-07-07,2026-07-07,True
20d33b58a09c1a00,20d33b58a09c1a00,Amazon Basics Tie-Out Cable/ Leash for Dogs Up to 57 kg | 30 Feet | Red | Large Size | Durable Metal Clips for Quick and Easy,amazon basics,dog,collars_leashes,,,,,,,,,,0.95,0.85,2026-07-07,2026-07-07,True
1e71ce03bb1aebcd,1e71ce03bb1aebcd,"Drools Absolute Dog Supplement Tablets 400g, 110 Pieces Jar | Vitamin Flavour | Supports Growth | Maintains Healthy Body Cond",drools,dog,health_wellness,,,,,,,,,,0.95,0.85,2026-07-07,2026-07-07,True
60b9775315f5e188,60b9775315f5e188,Drools Chicken Liver Chunks and Real Chicken 0.72 kg (12x0.06 kg) Wet Young Dog Food,drools,dog,dog_food,,,,,,,,,,0.95,0.85,2026-07-07,2026-07-07,True
cdbeecb7014662c7,cdbeecb7014662c7,Aviean International 1.4 Kg Dog Biscuit (0.7Kg+0.7Kg) Combo Pack Baked Chicken Biscuit Puppy Treats Ch...,aviean,dog,dog_food,,,,,,,,,,0.95,0.85,2026-07-07,2026-07-07,True
bb287277677004f0,bb287277677004f0,Purepet Adult Dry Dog Food 10kg | Meat & Rice Flavour | Promotes Health & Vitality | Immune Support | Healthy Digestion,purepet,dog,dog_food,,,,,,,,,,0.95,0.85,2026-07-07,2026-07-07,True
207aed0a49bd13af,207aed0a49bd13af,Medfly Healthcare Natural Enzyme & Probiotic Based Dewormer for Dog -(Pack of 2) Pet Dewormer,medfly,dog,health_wellness,,,,,,,,,,0.95,0.85,2026-07-07,2026-07-07,True
6fea9474a12b39c1,6fea9474a12b39c1,"HIMALAYA Erina-EP Shampoo Flea and Tick Lemon Dog, Cat Shampoo",himalaya,both,grooming,,,,,,,,,,0.75,0.85,2026-07-07,2026-07-07,True
9ca1578de6a21f60,9ca1578de6a21f60,"SETON Unisex Pet Clippers Set for Dogs and Cats, Low Noise Electric Trimmer with LED Light, Rechargeable and Stainless Steel",seton,both,grooming,,,,,,,,,,0.75,0.85,2026-07-07,2026-07-07,True
3629d5f8b0d9299a,3629d5f8b0d9299a,PEDIGREE Biscrok Biscuits (Above 4 months) Chicken Dog Treat,pedigree,dog,training,,,,,,,,,,0.95,0.85,2026-07-07,2026-07-07,True
874e565cb3777673,874e565cb3777673,Zexsazone Pet Bed for Cats and Puppies Dogs S Pet Bed,zexsazone,both,beds_accessories,,,,,,,,,,0.75,0.85,2026-07-07,2026-07-07,True
8a5e9dc2559b1740,8a5e9dc2559b1740,BROWNLADY Interactive Rolling Chewie Ball for Cats & Dogs Silicone Ball For Dog & Cat,brownlady,both,cat_toys,,,,,,,,,,0.75,0.85,2026-07-07,2026-07-07,True
239fb3bee4fd7602,239fb3bee4fd7602,"Pawpro Adjustable Nylon Dog Collar with Secure D-Ring from Small - Medium to Large Breeds (Brown, Large)",pawpro,dog,collars_leashes,,,,,,,,,,0.95,0.85,2026-07-07,2026-07-07,True
a2342a24a9a42590,a2342a24a9a42590,"decorvaiz Toys for Puppies & Small Dogs Toys | Rope Ball Toy | Color May Vary | Cotton, Rubber Ball, Bone, Chew Toy, Rubber Toy, Chew Toy, Training Aid, Tug Toy For Dog",decorvaiz,dog,dog_toys,,,,,,,,,,0.95,0.85,2026-07-07,2026-07-07,True
b6a0d7bdfaa8d654,b6a0d7bdfaa8d654,Whiskas (1+ Years) Chicken 4.48 kg (56x0.08 kg) Wet Adult Cat Food,whiskas,cat,cat_food,,,,,,,,,,0.95,0.85,2026-07-07,2026-07-07,True
debc663b6bca1033,debc663b6bca1033,"Depets Self Cleaning Slicker Brush, Pet Grooming Shedding Brush for Dogs and Cats - Easy to Remove Loose Undercoat, Pet Massa",depets,both,grooming,,,,,,,,,,0.75,0.85,2026-07-07,2026-07-07,True
3c68bcbc9470ec25,3c68bcbc9470ec25,Buraq Basic Full Body Cat Harness with Leash Set for Walking | Escape Proof | Adjustable & Durable for Cats (Red),buraq,cat,collars_leashes,,,,,,,,,,0.95,0.85,2026-07-07,2026-07-07,True
1e05a5d05c7f2bff,1e05a5d05c7f2bff,Drools (3+ 1.2 kg) Egg & Real Chicken 4.2 kg (2x2.1 kg) Dry Adult Dog Food,drools,dog,dog_food,,,,,,,,,,0.95,0.85,2026-07-07,2026-07-07,True
fca6682dfd09825c,fca6682dfd09825c,"Fur Ball Story Dermaprove Ayurvedic Herbal Formula Dog Shampoo Rosemary, Neem Oil & Aloevera Itch Relief, Anti-dandruff, Anti-Bacterial, Anti-fungal, Anti-microbial Mild Dog Shampoo",fur,dog,grooming,,,,,,,,,,0.95,0.85,2026-07-07,2026-07-07,True
a5b288b4b2b40e4b,a5b288b4b2b40e4b,"Royal Canin Persian Adult Food, Dry Food, Supports Healthy Growth & Long Hair, Digestive Health, and Reduction in Hairball Fo",royal canin,cat,cat_food,,,,,,,,,,0.95,0.85,2026-07-07,2026-07-07,True
abe6b14ee36b6ce1,abe6b14ee36b6ce1,PAWPRO HANDMADE Reflective Pet Collar with Custom ID Tag – Adjustable Collar with Bell for Cats & Small Dogs – Personalized N,pawpro,both,collars_leashes,,,,,,,,,,0.75,0.85,2026-07-07,2026-07-07,True
983adbd6bca33322,983adbd6bca33322,"Foodie Puppies Monkey Crinkle Paper Rope Plush Toy for Dogs | Non-Toxic, Soft, Stuffed Interactive Cute Squeaky, Teething Rop",foodie,dog,dog_toys,,,,,,,,,,0.95,0.85,2026-07-07,2026-07-07,True
db6d8d4f422b7ec7,db6d8d4f422b7ec7,Drools Adult Dry Dog Food 10kg | Chicken Flavour | Optimum Protein & Energy Ratio | High-Grade Protein with Vitamins & Minera,drools,dog,dog_food,,,,,,,,,,0.95,0.85,2026-07-07,2026-07-07,True
ef82e3c2e9559542,ef82e3c2e9559542,"Super Toy Cute Sleeping Cat Plush Toy with Meow Sound, Kids Gift & Car Dashboard Accessory - 5.7 cm",me-o,cat,cat_toys,,,,,,,,,,0.95,0.85,2026-07-07,2026-07-07,True
131c5e189a8f6c38,131c5e189a8f6c38,"Qpets Cat Harness with Leash for Kittens with Quick Release Buckle, Escape-Proof Cute Flower Cat Belt for Outdoor Walking &",qpets,cat,collars_leashes,,,,,,,,,,0.95,0.85,2026-07-07,2026-07-07,True
fd2ad4cabbdf393e,fd2ad4cabbdf393e,"Amazon Basics Cat Scratching Pole and Lounge Bed, with Hanging Star and Ball, Natural Jute, Sturdy Wooden Base, 50cm (S)",amazon basics,cat,beds_accessories,,,,,,,,,,0.95,0.85,2026-07-07,2026-07-07,True
4b1a2ddbe0b2588c,4b1a2ddbe0b2588c,Me-O meo tuna Tuna 1.2 kg Dry Adult Cat Food,me-o,cat,cat_food,,,,,,,,,,0.95,0.85,2026-07-07,2026-07-07,True
b78cf4954388d007,b78cf4954388d007,"Chappi Adult (1+ Years) Dry Dog Food, Chicken & Rice, 20 kg, Complete and Balanced Food for Adult Dogs",chappi,dog,dog_food,,,,,,,,,,0.95,0.85,2026-07-07,2026-07-07,True
93a80e76cf1bd3c2,93a80e76cf1bd3c2,TrendKart Dog Nail Cutter - Dog Nail Cutter Set - Adult Dog Nail Cutter- Nail Cutter Combo Scissor Nail Clipper,trendkart,dog,grooming,,,,,,,,,,0.95,0.85,2026-07-07,2026-07-07,True
01f2079a9d39c93e,01f2079a9d39c93e,SENAPATI 164 cm Dog Cord Leash,senapati,dog,collars_leashes,,,,,,,,,,0.95,0.85,2026-07-07,2026-07-07,True
b98171f747d28eb5,b98171f747d28eb5,"ROMSAY Anti-Tick & Flea Shampoo For Dogs & Cats 200ML Pack Of 2 With Bath Brush Flea and Tick, Allergy Relief, Anti-fungal, Anti-itching, Anti-dandruff, Hypoallergenic Fresh Notes, Blueberry Dog Shampoo",romsay,both,health_wellness,,,,,,,,,,0.75,0.85,2026-07-07,2026-07-07,True
2e04efb83791fff1,2e04efb83791fff1,"Ceenwes Unisex Low Noise Pet Clippers - Rechargeable Dog Trimmer, Cordless Grooming Tool With Comb Guides, Scissors, Nail Kit",ceenwes,dog,grooming,,,,,,,,,,0.95,0.85,2026-07-07,2026-07-07,True
9588280d571bc15b,9588280d571bc15b,Amazon Basics Self Cleaning Slicker Pet Grooming Brush | Dogs and Cats | Rectangular Shape | Blue,amazon basics,both,grooming,,,,,,,,,,0.75,0.85,2026-07-07,2026-07-07,True
2731706c8ce9d6fe,2731706c8ce9d6fe,Buraq Escape Proof No Pull Cat Harness with Leash & 2 Pcs Cat Collar Cat Harness & Leash,buraq,cat,collars_leashes,,,,,,,,,,0.95,0.85,2026-07-07,2026-07-07,True
c4c5ab9296e7856d,c4c5ab9296e7856d,SENAPATI Combo Dog Chain Leash Collar & Belt Set 1 inch Medium Dog Collar & Chain,senapati,dog,collars_leashes,,,,,,,,,,0.95,0.85,2026-07-07,2026-07-07,True
144e537ca66336ae,144e537ca66336ae,"decorvaiz Tail Dog Toys+Dog Chew Toys+Rope Toys+Dog Toys for Small to Medium Dog Cotton, Rubber Ball, Bone, Chew Toy, Rubber Toy, Squeaky Toy, Training Aid, Tug Toy For Dog",decorvaiz,dog,dog_toys,,,,,,,,,,0.95,0.85,2026-07-07,2026-07-07,True
58da801ad36d8fd7,58da801ad36d8fd7,Petworld Cat Scratching Inclined Pad,petworld,cat,cat_food,,,,,,,,,,0.95,0.85,2026-07-07,2026-07-07,True
12a40f86261d9538,12a40f86261d9538,GHANU 2.2L Pet Water Fountain-Cat Water Dispenser with USB-Powered Filter for Cats,ghanu,cat,beds_accessories,,,,,,,,,,0.95,0.85,2026-07-07,2026-07-07,True
04e5995532663163,04e5995532663163,Royal Canin Regular Fit 0.4 kg Dry Adult Cat Food,royal canin,cat,cat_food,,,,,,,,,,0.95,0.85,2026-07-07,2026-07-07,True
57c66c4fa83f4ddb,57c66c4fa83f4ddb,"ProDen PlaqueOff Powder Supports Normal, Healthy Teeth, Gums, and Breath Odour in Dogs 20 gm",proden,dog,health_wellness,,,,,,,,,,0.95,0.85,2026-07-07,2026-07-07,True
c0a4d028062954a0,c0a4d028062954a0,Drools Puppy Wet Dog Food 0.9kg (150g x 6 Packs) | Real Chicken & Chicken Liver Chunks in Gravy | Better Digestibility & Over,drools,dog,dog_food,,,,,,,,,,0.95,0.85,2026-07-07,2026-07-07,True
10d51d0a8144df67,10d51d0a8144df67,Paramount PupPee Pet Training Pads||Mn-13 Disposable Dog Diapers,paramount,dog,training,,,,,,,,,,0.95,0.85,2026-07-07,2026-07-07,True
c7633fc8331822e6,c7633fc8331822e6,"SENAPATI Combo Dog Harness Belts Neck and Rope Set (Waterproof, Medium, Leash Dog Collar & Leash",senapati,dog,collars_leashes,,,,,,,,,,0.95,0.85,2026-07-07,2026-07-07,True
2799465362834118,2799465362834118,"Goofy Tails Dog Ball Toy, Hard Squeaky Rubber Ball Toys for Dogs, Dog Chew Toy, Squeaky Toys for Dogs (Blue/Green/Orange)",goofy,dog,dog_toys,,,,,,,,,,0.95,0.85,2026-07-07,2026-07-07,True
b7cf77dbb0382415,b7cf77dbb0382415,"Aviean International 1.4 Kg Dog Biscuits 2 Pack (700*2,Gm) Puppy Combo (Chicken +Mutton ) Biscuits Egg Dog Treat",aviean,dog,health_wellness,,,,,,,,,,0.95,0.85,2026-07-07,2026-07-07,True
b6f9878b16cb975f,b6f9878b16cb975f,"Drools Adult Cat Wet Mousse 80g Pack of 5, 400g | Chicken Flavour | Rich in Protein | Promotes Hydration & Easy to Digest| No",drools,cat,cat_food,,,,,,,,,,0.95,0.85,2026-07-07,2026-07-07,True
9e55ce6d64648104,9e55ce6d64648104,"Absolut Pet Hip and Joint-Supplements for Dogs Chews that Improve Mobility & Bone Strength with Glucosamine, Chondroitin & Co",absolut,dog,health_wellness,,,,,,,,,,0.95,0.85,2026-07-07,2026-07-07,True
cb1e62f43629d677,cb1e62f43629d677,"Emily Pets Cat Balls & Catnip Toys - Cartoon Fuzzy Ball, Soft & Lightweight -Chewing Catnip Wooden Chew Toy For Cat",emily,cat,cat_toys,,,,,,,,,,0.95,0.85,2026-07-07,2026-07-07,True
71dca16800ec2bd2,71dca16800ec2bd2,"Agirav Tails Cat Toys,Agile Moving Ball with Elastic Mesh Tail,Interactive Cat Toy for Indoor Cats,Motion Activated,Ultra-Fas",agirav,cat,cat_toys,,,,,,,,,,0.95,0.85,2026-07-07,2026-07-07,True
a6db9fcde363bba8,a6db9fcde363bba8,NGS Battery Operated Dog Back Flip Jumping and Barking,ngs,dog,dog_food,,,,,,,,,,0.95,0.85,2026-07-07,2026-07-07,True
8a02f11f1f77a4b9,8a02f11f1f77a4b9,Virbac Nutrition Nutrich Tablets Supplement of vitamins And Minerals For Dog And Cat Pet Health Supplements,virbac,both,health_wellness,,,,,,,,,,0.75,0.85,2026-07-07,2026-07-07,True
020881c4759a213c,020881c4759a213c,Hachiko Dog Collar & Leash,hachiko,dog,collars_leashes,,,,,,,,,,0.95,0.85,2026-07-07,2026-07-07,True
5ea9655966d95a51,5ea9655966d95a51,Royal Canin Persian 0.4 kg Dry Adult Cat Food,royal canin,cat,cat_food,,,,,,,,,,0.95,0.85,2026-07-07,2026-07-07,True
97611549b7087a10,97611549b7087a10,"decorvaiz 360° Interactive Dog, Cat Toys Ball, Electric Rolling Ball Automatic Moving Ball Silicone, Plastic Ball For Dog & Cat",decorvaiz,both,cat_toys,,,,,,,,,,0.75,0.85,2026-07-07,2026-07-07,True
80e21af7a5d2d5f8,80e21af7a5d2d5f8,Drools Real Chicken and Egg 1.2 kg Dry Young Dog Food,drools,dog,dog_food,,,,,,,,,,0.95,0.85,2026-07-07,2026-07-07,True
d8661caabfdb4bd9,d8661caabfdb4bd9,"Pedigree Adult Dry Dog Food, Meat & Rice, 3 kg, Contains 37 Essential Nutrients, 100% Complete & Balanced Food for Adult Dogs",pedigree,dog,dog_food,,,,,,,,,,0.95,0.85,2026-07-07,2026-07-07,True
392d256bf5217c82,392d256bf5217c82,"Zoivane Smooth and Shine Cat Shampoo for Pet | Aloe Vera Natural Herbs | 200 ML Pack 2 Allergy Relief, Anti-microbial, Conditioning, Whitening and Color Enhancing Vanilla and Almond Cat Shampoo",zoivane,cat,grooming,,,,,,,,,,0.95,0.85,2026-07-07,2026-07-07,True
49768cb3c036667d,49768cb3c036667d,"MS PET HOUSE Padded Dog Training Leash 10 Ft Long Lead for Dogs 1"" Wide by 10 Ft Long Blue 305 cm Dog Strap Leash",ms,dog,collars_leashes,,,,,,,,,,0.95,0.85,2026-07-07,2026-07-07,True
1d7f59bc9a932631,1d7f59bc9a932631,"Buraq Premium Reflective Dog Harness with 5FT Leash, No-Pull Adjustable Belt Vest for Small, Medium & Large Dogs, Escape-Proo",buraq,dog,collars_leashes,,,,,,,,,,0.95,0.85,2026-07-07,2026-07-07,True
30eddd805a31d191,30eddd805a31d191,AomniStore 2pcs Adjustable Small Pets Cute Bow-Tie Collar for Puppies & Cats - Stylish Belt Dog & Cat Everyday Collar,aomnistore,both,collars_leashes,,,,,,,,,,0.75,0.85,2026-07-07,2026-07-07,True
2a2000e18f9fde28,2a2000e18f9fde28,"Beaphar Tooth Gel in Liver Flavour for Dog & Cat, 100 Gram",beaphar,both,health_wellness,,,,,,,,,,0.75,0.85,2026-07-07,2026-07-07,True
b236ea5bda51719a,b236ea5bda51719a,"OM ZEE Cat Toy Catnip Mice, Cat and Kitten Toy Mouse 3 Pcs Pack Cotton Soft Toy For Cat",om,cat,cat_toys,,,,,,,,,,0.95,0.85,2026-07-07,2026-07-07,True
51579fe668953ed0,51579fe668953ed0,PEDIGREE Tasty Jerky Chicken Dog Treat,pedigree,dog,training,,,,,,,,,,0.95,0.85,2026-07-07,2026-07-07,True
2534d1ccb1427c36,2534d1ccb1427c36,AONEPTER dogs can use this anti-flea dogs collar safely Dog & Cat Anti-tick Collar,aonepter,both,training,,,,,,,,,,0.75,0.85,2026-07-07,2026-07-07,True
9896e84421541bda,9896e84421541bda,"Stuffiva Oval Shaped Faux Fur PET Bed for Dogs, Kittens and Cats S Pet Bed",stuffiva,both,beds_accessories,,,,,,,,,,0.75,0.85,2026-07-07,2026-07-07,True
36a2673c724e00f3,36a2673c724e00f3,Emily Pets Cat Scratching Pad,emily,cat,cat_food,,,,,,,,,,0.95,0.85,2026-07-07,2026-07-07,True
a24c90637d63e702,a24c90637d63e702,Foodie Puppies 3 in 1 USB Laser Pointer Cat Teasing Toy with 5 Adjustable Patterns I Pet Chaser Tease Stick Pointer Toys for,foodie,both,cat_toys,,,,,,,,,,0.75,0.85,2026-07-07,2026-07-07,True
f36e5719d8fcda7e,f36e5719d8fcda7e,Drools Salmon Oil Syrup Pet Health Supplements,drools,both,health_wellness,,,,,,,,,,0.75,0.85,2026-07-07,2026-07-07,True
3bf8e56ee56266fb,3bf8e56ee56266fb,"PETZLUV YOUHAVEDEAL Toys for Puppies & Medium Dogs Toys | Color May Vary | Rope Ball Toy Cotton Ball, Tug Toy, Fetch Toy, Training Aid, Chew Toy For Dog & Cat",petzluv,both,dog_toys,,,,,,,,,,0.75,0.85,2026-07-07,2026-07-07,True
54e94f5fb3fe6ace,54e94f5fb3fe6ace,"SENAPATI Senapati Dog Combo Pack of Harness, Neck Collar Belt and Rope Set (Red, Medium) Dog Collar & Leash",senapati,dog,collars_leashes,,,,,,,,,,0.95,0.85,2026-07-07,2026-07-07,True
6b2f4ff4283c145d,6b2f4ff4283c145d,amazon basics Interactive Sound Ball Toy for Dogs and Puppies| Fun Squeaky Sounds | Pet-Safe Materials| Suitable for All Dog,amazon basics,dog,dog_toys,,,,,,,,,,0.95,0.85,2026-07-07,2026-07-07,True
4996f6fe5745b1df,4996f6fe5745b1df,ZEXSAZONE Summer Comfortable Durable Both Sides usable and Washable Pet Bed | Cat Bed | Puppy Bed | Dog Bed | Medium Dog Bed,zexsazone,both,beds_accessories,,,,,,,,,,0.75,0.85,2026-07-07,2026-07-07,True
d3a9b6fa9c52ebf2,d3a9b6fa9c52ebf2,Royal Canin Maxi Starter Dry Dog Food Meat 1 kg Dry Young Dog Food,royal canin,dog,dog_food,,,,,,,,,,0.95,0.85,2026-07-07,2026-07-07,True
ad71024eb3bfc54c,ad71024eb3bfc54c,Subaka Dog Double Body Harness For All Breed Dog Sizes Dog Buckle Harness,subaka,dog,collars_leashes,,,,,,,,,,0.95,0.85,2026-07-07,2026-07-07,True
c8b94669b4fe83fb,c8b94669b4fe83fb,Royal Canin Royal Canin Fit 32 Adult Dry Cat Food - 400 gm Chicken 0.4 kg Dry Adult Cat Food,royal canin,cat,cat_food,,,,,,,,,,0.95,0.85,2026-07-07,2026-07-07,True
8632da445573ebfa,8632da445573ebfa,Active Buy 1 Get 1 All Breed 100% Vegetable 6 kg (2x3 kg) Dry Adult Dog Food,active,dog,dog_food,,,,,,,,,,0.95,0.85,2026-07-07,2026-07-07,True
cda8279f5e363ede,cda8279f5e363ede,"HASTHIP Adjustable Cat Belt, Strong Breakaway Buckle, Cat Collar With Bell, Velvet Neck Strap for Small and medium-sized Cat",hasthip,cat,collars_leashes,,,,,,,,,,0.95,0.85,2026-07-07,2026-07-07,True
b3fcc01fc3805236,b3fcc01fc3805236,"Petfun Avocado,Paw Catnip Mint Treats Wall Lick Treat, Natural Teeth Cleaning Toy Plastic Treat Dispensing Toy For Cat",petfun,cat,cat_food,,,,,,,,,,0.95,0.85,2026-07-07,2026-07-07,True
3af5a3fc66f7404e,3af5a3fc66f7404e,Royal Canin Medium Puppy 1 kg Dry Young Dog Food,royal canin,dog,dog_food,,,,,,,,,,0.95,0.85,2026-07-07,2026-07-07,True
4b61fcdea60dbd7a,4b61fcdea60dbd7a,cocoluxe Cat Scratching Pad,cocoluxe,cat,cat_food,,,,,,,,,,0.95,0.85,2026-07-07,2026-07-07,True
49947544e828ba08,49947544e828ba08,TommyChew Regular Dog Everyday Collar,tommychew,dog,collars_leashes,,,,,,,,,,0.95,0.85,2026-07-07,2026-07-07,True
0c372850ac12e7ef,0c372850ac12e7ef,"Buraq 4 Pcs Perfect Plain Cat Collar for Indoor & Outdoor Use, Strong Cat Belt, Adjustable & Durable, Accessories for Cats -",buraq,cat,collars_leashes,,,,,,,,,,0.95,0.85,2026-07-07,2026-07-07,True
00cb1d5066510c21,00cb1d5066510c21,Foodie Puppies Cat Happy Circle with Ball Bell and Feather Mouse Attached for Cats and Kittens (Color May Vary) | Interactive,foodie,both,cat_toys,,,,,,,,,,0.75,0.85,2026-07-07,2026-07-07,True
98643a3ec35aa407,98643a3ec35aa407,DK Beauty Dog Training Pads/Size: XL/60 x 90 cm/10 Count/Training Pee and Potty Pads with Quick Drying Surface and Absorbent Core/Suitable for Small/Large Breed Puppies Disposable Dog Diapers Disposable Dog Diapers,dk,dog,training,,,,,,,,,,0.95,0.85,2026-07-07,2026-07-07,True
3da95b38f591cab3,3da95b38f591cab3,AbsolutPet Hip & Joint Supplement for Dogs to Improve Mobility & Bone Strength 30 Chews Pet Health Supplements,absolutpet,dog,health_wellness,,,,,,,,,,0.95,0.85,2026-07-07,2026-07-07,True
11d65efe78c13ea5,11d65efe78c13ea5,"ROMSAY Anti-Tick & Flea Blueberry Shampoo 200ML + Tick & Flea Soap 75GM Flea and Tick, Allergy Relief, Anti-dandruff, Anti-itching, Anti-microbial, Hypoallergenic Neem, Blueberry Dog Shampoo",romsay,dog,health_wellness,,,,,,,,,,0.95,0.85,2026-07-07,2026-07-07,True
9b524067cc92044b,9b524067cc92044b,"Himalaya FreshCoat No Rinse Spray for Dogs & Cats | Quick Freshness & Skin Hygiene | with Lemon, Vetiver & Holy Basil | 200 m",himalaya,both,grooming,,,,,,,,,,0.75,0.85,2026-07-07,2026-07-07,True
ba3e96ab2553b997,ba3e96ab2553b997,"Zoivane Persian Cat Shampoo with Conditioner Anti-dandruff, Allergy Relief, Anti-fungal, Anti-itching, Whitening and Color Enhancing Floral, Sweet Cat Shampoo",zoivane,cat,grooming,,,,,,,,,,0.95,0.85,2026-07-07,2026-07-07,True
dc6e135a3460bfb1,dc6e135a3460bfb1,"Pedigree Puppy Dry Dog Food, Chicken & Milk, 3 kg, Contains 37 Essential Nutrients, 100% Complete & Balanced Food for Puppies",pedigree,dog,dog_food,,,,,,,,,,0.95,0.85,2026-07-07,2026-07-07,True
2dcc86dbf8dabdf5,2dcc86dbf8dabdf5,"Let's Bite Active Kitten Dry Cat Food, 400gm + 400gm, Total 800 g Pack",lets,cat,cat_food,,,,,,,,,,0.95,0.85,2026-07-07,2026-07-07,True
303db25b6e41bfb3,303db25b6e41bfb3,Pawxie Dog Chest Belt Harness | Comfortable & Adjustable Size For 35+ Kg Pet Dog Standard Harness,pawxie,dog,collars_leashes,,,,,,,,,,0.95,0.85,2026-07-07,2026-07-07,True
970ea6768a3d5405,970ea6768a3d5405,SENAPATI 183 cm Dog Cord Leash,senapati,dog,collars_leashes,,,,,,,,,,0.95,0.85,2026-07-07,2026-07-07,True
2e19f0621749f00f,2e19f0621749f00f,Smart Doggie Smart Doggie Dog Collar Nylon with chain For Small Dog NOT FOR PUPPY 25 cm Dog Chain Leash,smart,dog,collars_leashes,,,,,,,,,,0.95,0.85,2026-07-07,2026-07-07,True
7b1c90bb3f019a50,7b1c90bb3f019a50,"Foodie Puppies Anti-Bacterial 200 Pulls Pet Wet Wipes (Fresh Apple) - 100 Wipes (Pack of 2) | Grooming Wipes for Dogs, Puppie",foodie,dog,grooming,,,,,,,,,,0.95,0.85,2026-07-07,2026-07-07,True
de720ebd0c1284ad,de720ebd0c1284ad,"YellowCult Interactive Cat Toys Ball – Smart Rolling LED Ball, Automatic & USB Rechargeable Motion Activate for Indoor Kitten",yellowcult,cat,cat_toys,,,,,,,,,,0.95,0.85,2026-07-07,2026-07-07,True
3460346d2a2ba286,3460346d2a2ba286,Yuppy Puppy Cat Harness with Leash - Adjustable Floral Vest Belt for Persian Cats & Small Pets - Soft Padded Escape Proof Cat,yuppy,both,collars_leashes,,,,,,,,,,0.75,0.85,2026-07-07,2026-07-07,True
160d5ad8d5723281,160d5ad8d5723281,"Furry Smile Simple Letest Beds , Sofas & Chair With Collar & Haddi For Dog And Cat S Pet Bed",furry,both,beds_accessories,,,,,,,,,,0.75,0.85,2026-07-07,2026-07-07,True
1c0235758562b5ea,1c0235758562b5ea,Whiskas (2-12 Months) Mackerel 1.1 kg Dry Young Kitten Food,whiskas,cat,cat_food,,,,,,,,,,0.95,0.85,2026-07-07,2026-07-07,True
8ce17da85a6ea694,8ce17da85a6ea694,"Whiskas Adult (1+ Years) Dry Cat Food, Tuna Flavour, 3 kg, Contains 41 Essential Nutrients, Complete & Balanced Nutrition for",whiskas,cat,cat_food,,,,,,,,,,0.95,0.85,2026-07-07,2026-07-07,True
448def63779d1acc,448def63779d1acc,"FAB TECH Cat Nail Cutter For Persian Cat , Innovative Bear Design Cat Clipper , Scissor Nail Clipper",fab,cat,grooming,,,,,,,,,,0.95,0.85,2026-07-07,2026-07-07,True
e0752c60d5d8ada4,e0752c60d5d8ada4,"Sheba Rich Premium Adult (1+ Years) Wet Cat Food, Maguro & Bream Flavour, 35 g Pouch (Pack of 12), High-moisture wet food for",sheba,cat,cat_food,,,,,,,,,,0.95,0.85,2026-07-07,2026-07-07,True
29d617d6b522c296,29d617d6b522c296,FURPRO Dog Nail Cutter for Dog Stainless Steel Sharp Scissor Nail Clipper,furpro,dog,grooming,,,,,,,,,,0.95,0.85,2026-07-07,2026-07-07,True
f68fcd2bea268378,f68fcd2bea268378,Purepet Real Mackerel 6 kg Dry Adult Cat Food,purepet,cat,cat_food,,,,,,,,,,0.95,0.85,2026-07-07,2026-07-07,True
11b73ffbee761ecd,11b73ffbee761ecd,"decorvaiz decorvaiz Interactive Cat Ball Toy, New Automatic Premium Smart Self Rolling Silicone, Plastic Ball For Dog & Cat",decorvaiz,both,cat_toys,,,,,,,,,,0.75,0.85,2026-07-07,2026-07-07,True
117c1bb38f92c657,117c1bb38f92c657,"ALTRESSA flea and tick Spray Green apple Shield Treatment Spray for Dogs, Puppies, Cats with a Proprietary Ayurvedic Medicine Anti-dandruff Green apple Dog Shampoo",altressa,both,health_wellness,,,,,,,,,,0.75,0.85,2026-07-07,2026-07-07,True
c286a77bd1706b5c,c286a77bd1706b5c,"AmazonBasics Cat Activity Tree with Scratching Posts, Large (Beige)",amazon basics,cat,beds_accessories,,,,,,,,,,0.95,0.85,2026-07-07,2026-07-07,True
3067b5e4cb60a337,3067b5e4cb60a337,"DEWORM Dewormer for Dogs and Cats, Pet Dewormer",deworm,both,health_wellness,,,,,,,,,,0.75,0.85,2026-07-07,2026-07-07,True
dd3c53184b48fefc,dd3c53184b48fefc,"Qpets Cat Collar - Cute Pink Flower Cat Collar with Bell, Quick Release Adjustable Soft Plush Collar",qpets,cat,collars_leashes,,,,,,,,,,0.95,0.85,2026-07-07,2026-07-07,True
211168c2bdb95034,211168c2bdb95034,"Breedo Dog Need (Combo of 2) 5IN1 Shampoo Conditioner + Gloves Allergy Relief, Conditioning, Anti-fungal, Anti-microbial, Anti-itching, Anti-dandruff Natural Dog Shampoo",breedo,dog,grooming,,,,,,,,,,0.95,0.85,2026-07-07,2026-07-07,True
adc49caf35a408ee,adc49caf35a408ee,"PetJoy Dog Nail Cutter with Filer (Large), Professional Nail Clipper for Pets Scissor Nail Clipper",petjoy,dog,grooming,,,,,,,,,,0.95,0.85,2026-07-07,2026-07-07,True
3a9cedbc72d4368d,3a9cedbc72d4368d,"Qpets Cat Scratch Pad, Scratching Pad for Cats, Wall Cat Scratcher Mat, Cuttable Adhesive Pet Scratching Mat for Wall, Cabin",qpets,cat,beds_accessories,,,,,,,,,,0.95,0.85,2026-07-07,2026-07-07,True
0b7530636d64443e,0b7530636d64443e,Buraq Dog Buckle Harness,buraq,dog,collars_leashes,,,,,,,,,,0.95,0.85,2026-07-07,2026-07-07,True
e2b77fce166a6b7e,e2b77fce166a6b7e,"Fur Ball Story Meow Care - Cat Shampoo | Sulphate & Paraben Free | Soft, Silky & Smooth Coat | Anti-itching, Allergy Relief, Anti-dandruff, Anti-fungal, Anti-microbial, Anti-Bacterial Mild Cat Shampoo",me-o,cat,grooming,,,,,,,,,,0.95,0.85,2026-07-07,2026-07-07,True
30ea44f91502da15,30ea44f91502da15,"TrendyTresures Interactive Cat Toys Ball –Motion Activated Rolling Toy,Training For Dog & Cat Silicone, Plastic Ball, Fetch Toy, Chew Toy For Dog & Cat",trendytresures,both,cat_toys,,,,,,,,,,0.75,0.85,2026-07-07,2026-07-07,True
77fdd70131838ea9,77fdd70131838ea9,"Hygiene Hub Heavy Duty Pet and Puppy Training Pads (XL, 10) Disposable Dog Diapers",hygiene,dog,training,,,,,,,,,,0.95,0.85,2026-07-07,2026-07-07,True
097431722b82dca5,097431722b82dca5,Drools Chunks in gravy for Adult - Chicken Liver and Real Chicken Chicken 3.6 kg (24x0.15 kg) Wet Adul...,drools,dog,dog_food,,,,,,,,,,0.95,0.85,2026-07-07,2026-07-07,True
da810e1c6d6eb0e8,da810e1c6d6eb0e8,Amazon Basics Premium Reversible Super Soft Velvet Round Cat Dog Pet Bed | Medium 72 x 72 x 16 cm | Blue,amazon basics,both,beds_accessories,,,,,,,,,,0.75,0.85,2026-07-07,2026-07-07,True
dd56a24cfa45e9b0,dd56a24cfa45e9b0,"YMS Interactive Cat Toy Cat Nip Silvervine Mint Cat Lickable Treat Cat Dental Toy Plastic, PP (Polypropylene) Soft Toy, Training Aid For Cat",yms,cat,cat_food,,,,,,,,,,0.95,0.85,2026-07-07,2026-07-07,True
787f970e59342fd6,787f970e59342fd6,"Bscly Neem Dog Shampoo 1000ml | Anti Tick & Flea Shampoo for Dogs | Neem, Aloe & Coconut Oil | Dog Shampoo for Itchy Skin, Ha",bscly,dog,grooming,,,,,,,,,,0.95,0.85,2026-07-07,2026-07-07,True
b931f6b0f5b12912,b931f6b0f5b12912,Fifozone Sky Ec Cat Star Multivitamin Syrup for Cats - 100 Ml by Jolly and Cutie Pets by Fifozone,fifozone,cat,health_wellness,,,,,,,,,,0.95,0.85,2026-07-07,2026-07-07,True
75e60b3bc7731687,75e60b3bc7731687,Me-O JP Pet Products Persian Adult.1.1Kg 1.1 kg Dry New Born Cat Food,me-o,cat,cat_food,,,,,,,,,,0.95,0.85,2026-07-07,2026-07-07,True
734baa322d769fe7,734baa322d769fe7,"PAWS SAMRAT Glow Giggle Ball Interactive Dog Toy Laughing Ball for All Pet Dogs | Rubber Ball, Squeaky Toy For Dog & Cat",paws,both,dog_toys,,,,,,,,,,0.75,0.85,2026-07-07,2026-07-07,True
c69adcd5decea95a,c69adcd5decea95a,PetJoy Dog Training Clicker with Wrist Strap - (Oval Clicker) Plastic Training Aid For Dog & Cat,petjoy,both,training,,,,,,,,,,0.75,0.85,2026-07-07,2026-07-07,True
841918ebe859fecb,841918ebe859fecb,shagul Dog Show Collar,shagul,dog,collars_leashes,,,,,,,,,,0.95,0.85,2026-07-07,2026-07-07,True
0f3549260074e410,0f3549260074e410,Gobinkies Flea Comb For Dogs & Cats | Stainless Steel Bristles | Lice & Tick Remover Basic Comb for Dog & Cat,gobinkies,both,grooming,,,,,,,,,,0.75,0.85,2026-07-07,2026-07-07,True
35c6a4afeef4fb07,35c6a4afeef4fb07,"Prefetto COSMO Cat teaser playing stick feather interactive toy for cat & kitten Plated, Steel Perch, Stick, Training Aid For Cat",prefetto,cat,cat_toys,,,,,,,,,,0.95,0.85,2026-07-07,2026-07-07,True
d86d7cd598d30de9,d86d7cd598d30de9,Me-O Mackerel in Jelly Mackerel 1.2 kg (12x0.1 kg) Wet Adult Cat Food,me-o,cat,cat_food,,,,,,,,,,0.95,0.85,2026-07-07,2026-07-07,True
3085dc7d2494dd47,3085dc7d2494dd47,Whiskas (1+ Years) Salmon 4.48 kg (56x0.08 kg) Wet Adult Cat Food,whiskas,cat,cat_food,,,,,,,,,,0.95,0.85,2026-07-07,2026-07-07,True
60125487f602d3eb,60125487f602d3eb,shagul leather dog collar all breeds{64 cm-2INCH} Dog Everyday Collar,shagul,dog,collars_leashes,,,,,,,,,,0.95,0.85,2026-07-07,2026-07-07,True
9fae47f4e4440a9f,9fae47f4e4440a9f,Goofy Tails Cat Scratch Pad with Catnip | Recycled Paper Corrugated Scratch Pad for Cats and Kittens| Scratcher for Cats and,goofy,cat,beds_accessories,,,,,,,,,,0.95,0.85,2026-07-07,2026-07-07,True
96295cd96058dcf5,96295cd96058dcf5,Himalaya Erina Coat Cleanser | 450 ml | Routine Bathing & Skin Hygiene | With Neem for Dandruff & Itch Relief,himalaya,both,grooming,,,,,,,,,,0.75,0.85,2026-07-07,2026-07-07,True
baba21d39fdeb7cb,baba21d39fdeb7cb,"ROMSAY Anti-Dandruff Shampoo 200ML + Tick & Flea Soap 75GM + Lavender Soap 75GM Allergy Relief, Anti-dandruff, Anti-itching, Conditioning, Flea and Tick Eucalyptus Mint, Lavender, Lemon Dog Shampoo",romsay,dog,health_wellness,,,,,,,,,,0.95,0.85,2026-07-07,2026-07-07,True
d15ece73feb7156c,d15ece73feb7156c,"Foodie Puppies Natural Rubber Spike Ball - 2.8inch/ 7cm | Suitable for Small to Medium Dogs and Puppies | Chewing, Teething,",foodie,dog,dog_toys,,,,,,,,,,0.95,0.85,2026-07-07,2026-07-07,True
e1ef5555ef1eb1ea,e1ef5555ef1eb1ea,"SOFTSPUN Microfiber Pet Towel 60x120 cms 1pcs 380gsm Grey! Ultra-Soft, Ultra-Absorbent for Drying Small & Medium Dogs & Cats",softspun,both,grooming,,,,,,,,,,0.75,0.85,2026-07-07,2026-07-07,True
6d204eae07ef1fe6,6d204eae07ef1fe6,"Pedigree Wet Food for Puppy, Chicken Chunks in Gravy Flavour (Pack of 15 x 70g)",pedigree,dog,dog_food,,,,,,,,,,0.95,0.85,2026-07-07,2026-07-07,True
804d47b9f3960f44,804d47b9f3960f44,"S.Blaze Pet Grooming Ticks, Flea Remover Hair Comb Blue Plain/ Bristle Brushes for Cat, Dog",sblaze,both,grooming,,,,,,,,,,0.75,0.85,2026-07-07,2026-07-07,True
d072599373443ecf,d072599373443ecf,FURRLOVERS Condo Fur Fabric Activity Kitten Cat Tree | Hammock | Hanging Ball | Scratching Posts | Jute Rope (Height 55 Inch),furrlovers,cat,beds_accessories,,,,,,,,,,0.95,0.85,2026-07-07,2026-07-07,True
905e35260771e112,905e35260771e112,"Foodie Puppies Interactive Lightweight Foldable T-Shape Tube Hiding Tunnel with Hanging Ball - Perfect for Small Cats, Kitten",foodie,both,cat_toys,,,,,,,,,,0.75,0.85,2026-07-07,2026-07-07,True
1ef73538baa8641d,1ef73538baa8641d,"Goofy Tails Active Seaweed Dental Stick 220g, Dog Treats Vegetarian, Dental Sticks for Dogs, Chew Sticks for Dogs, Dog Chew S",goofy,dog,health_wellness,,,,,,,,,,0.95,0.85,2026-07-07,2026-07-07,True
2e8c101c833dcaef,2e8c101c833dcaef,Vetina Cardio Support Tablets for Cardiac Care for Dogs & Cats 30 Tablets,vetina,both,health_wellness,,,,,,,,,,0.75,0.85,2026-07-07,2026-07-07,True
cf9d555d363ca91f,cf9d555d363ca91f,"PetJoy Pet Single Door Folding Metal Cage with Removable Tray for Dog & Cat, 30 Inch Hard Crate Pet Crate",petjoy,both,beds_accessories,,,,,,,,,,0.75,0.85,2026-07-07,2026-07-07,True
178d6db8b30228b2,178d6db8b30228b2,PEDIGREE Tasty Jerky Liver Dog Treat,pedigree,dog,training,,,,,,,,,,0.95,0.85,2026-07-07,2026-07-07,True
8f5201b9673d118b,8f5201b9673d118b,"Hachiko Best quality ( Pack of 2 ) Dog Shampoo 5 IN 1 (Total 500 ml) Allergy Relief, Anti-dandruff, Anti-fungal, Conditioning Artificial Fragrance Free Dog Shampoo",hachiko,dog,grooming,,,,,,,,,,0.95,0.85,2026-07-07,2026-07-07,True
d9f63b646448dc80,d9f63b646448dc80,AomniStore Set of 4pcs Breakaway Puppy Belt Adjustable Cat Collar with Bell Safety Buckle Dog & Cat Everyday Collar,aomnistore,both,collars_leashes,,,,,,,,,,0.75,0.85,2026-07-07,2026-07-07,True
3dbb83593a018dcd,3dbb83593a018dcd,Subaka Dog Buckle Harness,subaka,dog,collars_leashes,,,,,,,,,,0.95,0.85,2026-07-07,2026-07-07,True
2f6b1590baa482ab,2f6b1590baa482ab,skyec JOINT MUST TABLETS FOR DOGS Pet Health Supplements,skyec,dog,health_wellness,,,,,,,,,,0.95,0.85,2026-07-07,2026-07-07,True
bf15bc2acb604483,bf15bc2acb604483,"ZENIPUP Premium Fur 4XL Dog Bed for Large Dogs | Orthopedic Washable Pet Bed with Fiber Filling, Anti-Slip Bottom & Calming S",zenipup,dog,beds_accessories,,,,,,,,,,0.95,0.85,2026-07-07,2026-07-07,True
cecae55fceae9914,cecae55fceae9914,Defender Nex Pro Deworming Tablet for Cats & Kittens of Over 6 Weeks Old (Pack of 1) | Natural & Herbal Ingredients | Effecti,defender,cat,health_wellness,,,,,,,,,,0.95,0.85,2026-07-07,2026-07-07,True
94a48567222ed4a9,94a48567222ed4a9,"Dr.pets Dog Dry Food Puppy Chicken & Milk – 1 kg Chicken 1 kg Dry New Born, Young Dog Food",drpets,dog,dog_food,,,,,,,,,,0.95,0.85,2026-07-07,2026-07-07,True
1eef871da97165e3,1eef871da97165e3,"Fur Ball Story Tick Free Ayurvedic Dog Shampoo Flea & Tick Control Vet Approved Pet Shampoo Flea and Tick, Anti-fungal, Anti-itching, Anti-Bacterial, Itch Relief, Anti-microbial Mild Dog Shampoo",fur,dog,grooming,,,,,,,,,,0.95,0.85,2026-07-07,2026-07-07,True
f71f1ab73fb9d749,f71f1ab73fb9d749,Emily Pets Pet Training Clicker (Green) Plastic Training Aid For Dog,emily,dog,training,,,,,,,,,,0.95,0.85,2026-07-07,2026-07-07,True
9b89658265cc54ce,9b89658265cc54ce,ALCAZAR Dog Anti-stress Collar,alcazar,dog,training,,,,,,,,,,0.95,0.85,2026-07-07,2026-07-07,True
b1cbbcc8dbfac54d,b1cbbcc8dbfac54d,PET WORLD Pet Training Pads with Odor Lock & Super Absorbent Disposable Dog & Cat Diapers,,both,training,,,,,,,,,,0.75,0.85,2026-07-07,2026-07-07,True
f663b7f880ee0dc1,f663b7f880ee0dc1,mewkat Luxury Soft Pet Igloo House for Cats & Small Dogs S Pet Bed,mewkat,both,beds_accessories,,,,,,,,,,0.75,0.85,2026-07-07,2026-07-07,True
eeeea5dedf78d962,eeeea5dedf78d962,Royal Canin Maxi Puppy Dry Food Meat 1 kg Dry Young Puppy Food,royal canin,dog,dog_food,,,,,,,,,,0.95,0.85,2026-07-07,2026-07-07,True
0cc5a6bb4bf3393c,0cc5a6bb4bf3393c,PAWPRO HANDMADE Reflective Yellow Nylon Dog Collar with Custom Engraved Bone ID Tag- Adjustable for Medium Dogs (15-21 inch),pawpro,dog,collars_leashes,,,,,,,,,,0.95,0.85,2026-07-07,2026-07-07,True
4d0f03dfda288b19,4d0f03dfda288b19,"Drools Kitten Wet Mousse 80g Pack of 5, 400g | Salmon Flavour | Rich in Protein | Promotes Hydration & Easy to Digest | No Ar",drools,cat,cat_food,,,,,,,,,,0.95,0.85,2026-07-07,2026-07-07,True
ee150bb63dbc7930,ee150bb63dbc7930,DOODA Flea & Tick Collar 60cm | Unique Formula for Quick & Long-Lasting Protection | Dog Anti-tick Collar,dooda,dog,training,,,,,,,,,,0.95,0.85,2026-07-07,2026-07-07,True
25f778b56aebc635,25f778b56aebc635,Foodie Puppies Interactive Durable Cotton Rope Toys for Dog Chew Teething Training Playing Combo Toys for Puppies (Cotton Bal,foodie,dog,dog_toys,,,,,,,,,,0.95,0.85,2026-07-07,2026-07-07,True
4ffd3147b5888403,4ffd3147b5888403,"Venky's VentriPro Kitten Feed Supplement, Enriched with Omega 3 & 6 Fatty Acids, 200 g",venkys,cat,health_wellness,,,,,,,,,,0.95,0.85,2026-07-07,2026-07-07,True
311349c9ec90f770,311349c9ec90f770,"Foodie Puppies Professional Animal Nail Cutter Clipper Trimmer Filer (Nail Clipper - Large) for Small, Medium, and Large Dogs",foodie,dog,grooming,,,,,,,,,,0.95,0.85,2026-07-07,2026-07-07,True
99279ae97f17e466,99279ae97f17e466,PetMosh Nylon Dog Rope Leash 5 Feet | Heavy Duty 15mm Thick Leash with Anti Slip Handle 152 cm Dog Cord Leash,petmosh,dog,collars_leashes,,,,,,,,,,0.95,0.85,2026-07-07,2026-07-07,True
db8ebba558397376,db8ebba558397376,Royal Canin Royal Canin Hair & Skin Care Adult Dry Cat Food - 400 gm Chicken 0.4 kg Dry Adult Cat Food,royal canin,cat,cat_food,,,,,,,,,,0.95,0.85,2026-07-07,2026-07-07,True
31db294e6274f8ff,31db294e6274f8ff,Baby Melon Soft fur Musical Cat with meow meow sound Animal toy - 30 cm,me-o,cat,cat_toys,,,,,,,,,,0.95,0.85,2026-07-07,2026-07-07,True
65bb51c3da6cbd56,65bb51c3da6cbd56,"PAWPRO HANDMADE Customized Pet ID Tag Personalize Black Engraved Name Collar Tag with Breed face for Your Loving Pet Dog, Cat",pawpro,both,collars_leashes,,,,,,,,,,0.75,0.85,2026-07-07,2026-07-07,True
3b9a33138c9bce8e,3b9a33138c9bce8e,"Medfly Fortix Fleas and Ticks Spray for Cats, Dogs and Home Defense Flea and Tick Natural Dog Shampoo",medfly,both,health_wellness,,,,,,,,,,0.75,0.85,2026-07-07,2026-07-07,True
ba924d120adbea66,ba924d120adbea66,Grain Zero Mousse For Adult Cats Salmon 0.4 kg (5x0.08 kg) Wet Young Cat Food,grain,cat,cat_food,,,,,,,,,,0.95,0.85,2026-07-07,2026-07-07,True
d9981fca65fc51c9,d9981fca65fc51c9,"Furry Castle Knitted Bunny Ratle Dog Toy Polyester,Cotton with Thick Cord and Squeakers-Pink Polyester Plush Toy For Dog",furry,dog,dog_toys,,,,,,,,,,0.95,0.85,2026-07-07,2026-07-07,True
323ae91a4d78b6ce,323ae91a4d78b6ce,Pawbabas Cat Ball Launcher | Launcher with Soft Plush Balls Silent Smart Play Toy Shooting Toy Funny Interactive Cat Toys for,pawbabas,cat,cat_toys,,,,,,,,,,0.95,0.85,2026-07-07,2026-07-07,True
2f86a171ec4dd88c,2f86a171ec4dd88c,"Petroyale Daily One Supplement for Dogs – Multivitamin – Hip & Joint, Skin & Coat, Pet Health Supplements",petroyale,dog,health_wellness,,,,,,,,,,0.95,0.85,2026-07-07,2026-07-07,True
38c086fd3b1febd6,38c086fd3b1febd6,Kashti New toy Battery Operated Jumping and Barking Dog (Puppy)(color may be vary),kashti,dog,dog_toys,,,,,,,,,,0.95,0.85,2026-07-07,2026-07-07,True
c2800c124df7aa45,c2800c124df7aa45,Multani Di Hatti Dog Training Pads/Size: XL/60 x 90 cm/30 Count/Training Pee and Potty Pads with Quick Drying Surface and Absorbent Core/Suitable for Small/Large Breed Puppies Dog Diapers Disposable Dog Diapers,multani,dog,training,,,,,,,,,,0.95,0.85,2026-07-07,2026-07-07,True
a654ed116143847c,a654ed116143847c,"SKOG Retractable Dog Leash, 5M 360°Tangle- Nylon Tape Dog Chain 500 cm Dog Chain Leash",skog,dog,collars_leashes,,,,,,,,,,0.95,0.85,2026-07-07,2026-07-07,True
c1145c76b262bf3d,c1145c76b262bf3d,Me-O JP Pet Products Persian Kitten.1.1Kg 1.1 kg Dry New Born Cat Food,me-o,cat,cat_food,,,,,,,,,,0.95,0.85,2026-07-07,2026-07-07,True
d1cb4e4eee451281,d1cb4e4eee451281,Catmos Cat Scratching Sleeper,catmos,cat,cat_food,,,,,,,,,,0.95,0.85,2026-07-07,2026-07-07,True
2838df2bed2cdf10,2838df2bed2cdf10,"JANCOM Walking Leash, 3M-15KG, Non-Slip Retractable Dog Leash Anti-Rust Rotating Hook 300 cm Dog & Cat Cord Leash",jancom,both,collars_leashes,,,,,,,,,,0.75,0.85,2026-07-07,2026-07-07,True
57282c87a41d848a,57282c87a41d848a,TrendKart Dog & Cat Hair Comb Brush - Pet Hair Comb For Dogs & Cats Slicker Brushes for Dog & Cat,trendkart,both,grooming,,,,,,,,,,0.75,0.85,2026-07-07,2026-07-07,True
1e6841f5e44d1b88,1e6841f5e44d1b88,Royal Canin Medium Adult 1 Kg Dry Adult Dog Food,royal canin,dog,dog_food,,,,,,,,,,0.95,0.85,2026-07-07,2026-07-07,True
5f0e0de69edc7c6a,5f0e0de69edc7c6a,"KickAt Gentle Care Anti Hair Fall Shampoo for Adult Cats - Sulphate & Paraben Free Anti-dandruff, Allergy Relief, Hypoallergenic, Anti-fungal AQUA Cat Shampoo",kickat,cat,grooming,,,,,,,,,,0.95,0.85,2026-07-07,2026-07-07,True
5894527716705a45,5894527716705a45,wagmart Wagmart 2-Sided Pet Dematting Comb Deshedding Brush Dog Cat Grooming Tool Shedding Blade for Dog & Cat,wagmart,both,grooming,,,,,,,,,,0.75,0.85,2026-07-07,2026-07-07,True
97e3876083d86e83,97e3876083d86e83,PEDIGREE Large Breed (18 Months Onwards) Chicken 3 kg Dry Adult Dog Food,pedigree,dog,dog_food,,,,,,,,,,0.95,0.85,2026-07-07,2026-07-07,True
d476439e13eeb5b4,d476439e13eeb5b4,"WOOFLIX Dog Harness for Small Dogs, Puppies and Cats | Suitable for Small Size Dogs, Cats & Puppies of 2.5kg -4.5kg | Reflect",wooflix,both,collars_leashes,,,,,,,,,,0.75,0.85,2026-07-07,2026-07-07,True
bf7423dad9a7e84f,bf7423dad9a7e84f,"AAURAS Diamond Dog Orthopedic for Large Washable Cover & Nonskid Bottom, L Pet Bed",aauras,dog,beds_accessories,,,,,,,,,,0.95,0.85,2026-07-07,2026-07-07,True
20f2084f026503bd,20f2084f026503bd,GLOBE OF PETS Dog Harness No Pull Harness | Reflective | No Choke Dog Safety Harness Dog Standard Harness,globe,dog,collars_leashes,,,,,,,,,,0.95,0.85,2026-07-07,2026-07-07,True
5716b61740728ed3,5716b61740728ed3,SENAPATI 153 cm Dog Cord Leash,senapati,dog,collars_leashes,,,,,,,,,,0.95,0.85,2026-07-07,2026-07-07,True
5a017ff94bd7f5fd,5a017ff94bd7f5fd,"decorvaiz Dog Chew Rope & Squeaky Toy Set -Durable Interactive for Medium Dogs Cotton Ball, Chew Toy, Fetch Toy, Squeaky Toy For Dog & Cat",decorvaiz,both,dog_toys,,,,,,,,,,0.75,0.85,2026-07-07,2026-07-07,True
0e63ede8c610383b,0e63ede8c610383b,Whiskas (1+ Years) Tuna 1.2 kg Dry Adult Cat Food,whiskas,cat,cat_food,,,,,,,,,,0.95,0.85,2026-07-07,2026-07-07,True
9a06cfa1cb35d2af,9a06cfa1cb35d2af,"Qpets Professional Electric Dog Nail Grinder with 2 LED Light, Dog Nail Trimmer for Cat Dog, Low Noise Pet Nail Trimmer Pet",qpets,both,grooming,,,,,,,,,,0.75,0.85,2026-07-07,2026-07-07,True
edf5bafc7347b6ac,edf5bafc7347b6ac,Himalaya Erina-EP Shampoo | 450 ml | Tick & Flea Control for Dogs & Cats | With Neem & Eucalyptus for Skin Health & Hygiene,himalaya,both,grooming,,,,,,,,,,0.75,0.85,2026-07-07,2026-07-07,True
05806e0e620c3f74,05806e0e620c3f74,wagmart Retractable Dog Leash Heavy Duty Pet Lead Rope Lock Walking Belt 300 cm Dog Strap Leash,wagmart,dog,collars_leashes,,,,,,,,,,0.95,0.85,2026-07-07,2026-07-07,True
4c5832de68b227b0,4c5832de68b227b0,SUIinterprise Cute Huggable Super Soft Dog Teddy Bear Soft - 28 cm,suiinterprise,dog,dog_food,,,,,,,,,,0.95,0.85,2026-07-07,2026-07-07,True
46200fe26a1660b3,46200fe26a1660b3,"AmazonBasics Cat Scratching Post, Beige",amazon basics,cat,beds_accessories,,,,,,,,,,0.95,0.85,2026-07-07,2026-07-07,True
5f05af81cc812b59,5f05af81cc812b59,"PetStar Salmon , Kitten Salmon 1 kg Dry Young Cat Food",petstar,cat,cat_food,,,,,,,,,,0.95,0.85,2026-07-07,2026-07-07,True
9132314f60a87b5e,9132314f60a87b5e,Medfly Natural Enzyme & Probiotic Based Dewormer for Cat and kittens -Pack of 1 Pet Dewormer,medfly,cat,health_wellness,,,,,,,,,,0.95,0.85,2026-07-07,2026-07-07,True
e0cee90e0428645f,e0cee90e0428645f,Royal Canin Hairball Care Adult Dry Cat Food 1.02 kg Wet Adult Cat Food,royal canin,cat,cat_food,,,,,,,,,,0.95,0.85,2026-07-07,2026-07-07,True
59fc47313bccd4b3,59fc47313bccd4b3,"Breedo Dog (Combo of 3) Flea-Tick Shampoo + Anti-Itch Shampoo 500 ml + 100 ml Spray Allergy Relief, Conditioning, Anti-fungal, Anti-microbial, Anti-itching, Anti-dandruff Natural Dog Shampoo",breedo,dog,grooming,,,,,,,,,,0.95,0.85,2026-07-07,2026-07-07,True
dcec2be0a2246875,dcec2be0a2246875,Buraq pet collar harness Cat Break Away Collar,buraq,cat,collars_leashes,,,,,,,,,,0.95,0.85,2026-07-07,2026-07-07,True
a0581c257c6d9ea7,a0581c257c6d9ea7,"BarkButler Aly The Gator Plush Dog Toy - Soft & Squeaky Toys for Dogs, Dog Toys for Large Dogs (5-30kgs) - Green",barkbutler,dog,dog_toys,,,,,,,,,,0.95,0.85,2026-07-07,2026-07-07,True
5253b88e3eab27bf,5253b88e3eab27bf,PAW ZONE Dog Collar & Leash,paw,dog,training,,,,,,,,,,0.95,0.85,2026-07-07,2026-07-07,True
c71e5e068ab50ab0,c71e5e068ab50ab0,Amazon Basics Round Cozy Cat Tree | 43.6 X 49 CM | Beige | Natural Jute Fiber Cat Tower | Rope Scratching Posts with Hanging,amazon basics,cat,beds_accessories,,,,,,,,,,0.95,0.85,2026-07-07,2026-07-07,True
14146f75e2e31723,14146f75e2e31723,"Foodie Puppies Interactive Latex Squeaky Chew Dog Toy - (Green Monkey, 20cm) | Small to Medium Dogs & Puppies | Durable, Rubb",foodie,dog,dog_toys,,,,,,,,,,0.95,0.85,2026-07-07,2026-07-07,True
fbfd9f157b23c733,fbfd9f157b23c733,"SENAPATI Belts Neck and Rope Set (Waterproof, Medium Dog Collar & Leash",senapati,dog,collars_leashes,,,,,,,,,,0.95,0.85,2026-07-07,2026-07-07,True
fc2cedba5cae21f0,fc2cedba5cae21f0,Petfun High Quality Teething Chewing Training Nylone Toy Bone for Adult & Large Dogs Nylon Bone For Dog,petfun,dog,dog_toys,,,,,,,,,,0.95,0.85,2026-07-07,2026-07-07,True
a5d60a43a31a0674,a5d60a43a31a0674,"Pet Needs Combo of 4 Soft Latex Rubber Interactive Squeaky Toys for Small Puppy; Rubber Ball, Fetch Toy, Rubber Toy, Soft Toy, Squeaky Toy For Dog & Cat",,both,dog_toys,,,,,,,,,,0.75,0.85,2026-07-07,2026-07-07,True
798bb9651ef79591,798bb9651ef79591,Purepet Adult Dry Cat Food 6kg | Seafood | Taurine for Heart Health | Skin & Coat Care | Controls Urinary pH | Hairball Prote,purepet,cat,cat_food,,,,,,,,,,0.95,0.85,2026-07-07,2026-07-07,True
6ba170a0a003b912,6ba170a0a003b912,EPP PRO EIP-5655 Dog Anti-stress Collar,epp,dog,training,,,,,,,,,,0.95,0.85,2026-07-07,2026-07-07,True
302e9fa1df2328ba,302e9fa1df2328ba,"DGSELL CREATIONS 3 meter Retractable Leash Dog, Cat and Pet Animal with Cute Design and Hard Rope 300 cm Dog Strap Leash",dgsell,both,collars_leashes,,,,,,,,,,0.75,0.85,2026-07-07,2026-07-07,True
eddf61479e991852,eddf61479e991852,Drools (3+ 1.2 kg inside) Egg and Real Chicken 4.2 kg Dry Young Dog Food,drools,dog,dog_food,,,,,,,,,,0.95,0.85,2026-07-07,2026-07-07,True
610890786de7b023,610890786de7b023,Pups&Pets Double-Door Folding Metal Dog Cage with Paw Protector Black Soft Crate Pet Crate,pupspets,dog,beds_accessories,,,,,,,,,,0.95,0.85,2026-07-07,2026-07-07,True
cb85f712aabe420b,cb85f712aabe420b,Humane & Hound Velvet Skin & Coat Tonic with Omega 3 6 9 for Dogs & Cats (300 ML),humane,both,health_wellness,,,,,,,,,,0.75,0.85,2026-07-07,2026-07-07,True
258efdad772be658,258efdad772be658,"Dr. vet simba Anti-Tick & Flea Dog Shampoo & Conditioner + 2 dog soap. Anti-dandruff, Flea and Tick, Anti-itching White Rose Dog Shampoo",dr,dog,health_wellness,,,,,,,,,,0.95,0.85,2026-07-07,2026-07-07,True
c834cc84bf0a088c,c834cc84bf0a088c,skyec FLEXIRUN Advanced Hip & Joint Formula Tasty Chewable Tablets for Dogs Pet Health Supplements,skyec,dog,health_wellness,,,,,,,,,,0.95,0.85,2026-07-07,2026-07-07,True
67ab4f4d5b47cc7d,67ab4f4d5b47cc7d,Yuppy Puppy Self Cleaning Slicker Brush Pet Hair Grooming Comb Pet Massaging Tool and Shedding Brush for Long or Medium Haire,yuppy,dog,grooming,,,,,,,,,,0.95,0.85,2026-07-07,2026-07-07,True
3feb3ee857f73f97,3feb3ee857f73f97,"CottonCat Set of 3 Adjustable Paw Cat Collar with Bell for Kittens, Cats & Small Pets | Soft, Safe Pet Collar | Lightweight,",cottoncat,cat,collars_leashes,,,,,,,,,,0.95,0.85,2026-07-07,2026-07-07,True
bb84be2be0919223,bb84be2be0919223,RvPaws Mouse Toy - 6 Pieces Cats Mouse Plush Cat Toys Realistic Cute Kitten Mice Filled Polyfill Rat for Cat,rvpaws,cat,cat_toys,,,,,,,,,,0.95,0.85,2026-07-07,2026-07-07,True
1a22656c82f68d82,1a22656c82f68d82,"PetLux Velvet Dog Bed Washable Cat Beds for Indoor Cats and Puppy,Grey Dog Bed Sofa for Dogs,Gift for Dogs and Cats,Round Bed",petlux,both,beds_accessories,,,,,,,,,,0.75,0.85,2026-07-07,2026-07-07,True
c1d80f420d31b2c1,c1d80f420d31b2c1,Active Buy 1 Get 1 Mackerel 2.4 kg (2x1.2 kg) Dry Adult Cat Food,active,cat,cat_food,,,,,,,,,,0.95,0.85,2026-07-07,2026-07-07,True
0d8e3bc6d1a7a432,0d8e3bc6d1a7a432,Pawptails Cat Scratching Pad,pawptails,cat,cat_food,,,,,,,,,,0.95,0.85,2026-07-07,2026-07-07,True
ed1c0d93b8b374d9,ed1c0d93b8b374d9,Royal Canin Adult Dry Cat Food - 400 gm 0.4 kg Dry Adult Cat Food,royal canin,cat,cat_food,,,,,,,,,,0.95,0.85,2026-07-07,2026-07-07,True
16b567633f951d14,16b567633f951d14,NAYANAR Dog Standard Harness,nayanar,dog,collars_leashes,,,,,,,,,,0.95,0.85,2026-07-07,2026-07-07,True
97b2fcbc9426d6b8,97b2fcbc9426d6b8,"Joansan Dog Puzzle Toys, Interactive Treat Dispenser for Puppy and Cats Training and Playing, Slow Feeder to Aid Pets Digesti",joansan,both,dog_food,,,,,,,,,,0.75,0.85,2026-07-07,2026-07-07,True
d542711aa72094fa,d542711aa72094fa,"Royal Canin Fit 32 Regular Powder Adult Cat Food, Dry Food, Supports Weight Management & Optimal Nutrient Profile,2 Kg",royal canin,cat,cat_food,,,,,,,,,,0.95,0.85,2026-07-07,2026-07-07,True
94ec8b386f24725d,94ec8b386f24725d,"AAZEEM Soft Light Weight Mat for Dogs,Cats & Pets, (Size-M),Black",aazeem,both,beds_accessories,,,,,,,,,,0.75,0.85,2026-07-07,2026-07-07,True
e76e1dcefed29fe8,e76e1dcefed29fe8,"Maxi Tuna & Salmon Dry Cat Food 1.2Kg,Adult",maxi,cat,cat_food,,,,,,,,,,0.95,0.85,2026-07-07,2026-07-07,True
5ec29ac83a19bb91,5ec29ac83a19bb91,"Absolut Pet Dog Supplement for Skin & Coat, Chews for Reduced Shedding, Healthy Skin & with Omega, Collagen & Biotin (Probiot",absolut,dog,health_wellness,,,,,,,,,,0.95,0.85,2026-07-07,2026-07-07,True
a642a90c4aef1bf0,a642a90c4aef1bf0,"YellowCult Pet Collar - Adjustable [8-11 inch], with Bell, Fast Release Buckle, Neck Collar for Kitten, Cat, Small Dogs & Pup",yellowcult,both,collars_leashes,,,,,,,,,,0.75,0.85,2026-07-07,2026-07-07,True
fb602d2d66287f3d,fb602d2d66287f3d,"Cutepups Orthopedic Dog Bed Comfortable Dog Mattress for Sleeping, Washable pet Bed for Dogs (Only Black, S)",cutepups,dog,beds_accessories,,,,,,,,,,0.95,0.85,2026-07-07,2026-07-07,True
223903965822a5b0,223903965822a5b0,"TRANDING STYLISH Luxury Coller Sofas , Beds For Dog And Cat S Pet Bed",tranding,both,beds_accessories,,,,,,,,,,0.75,0.85,2026-07-07,2026-07-07,True
a20685ef2526d997,a20685ef2526d997,HIK FASHION Interactive Electric Automatic Rolling Moving Rechargeable Self Play Stimulation Toy for Cats and Small Dogs - Sm,hik,both,dog_toys,,,,,,,,,,0.75,0.85,2026-07-07,2026-07-07,True
b36923eddeb94238,b36923eddeb94238,"decorvaiz Dog Toys |Squawking Chicken Rubber Squeeze Dog Toys(LARGE)|Chew Rope Cotton Ball, Fetch Toy, Chew Toy, Tug Toy, Rubber Toy, Squeaky Toy For Dog",decorvaiz,dog,dog_toys,,,,,,,,,,0.95,0.85,2026-07-07,2026-07-07,True
5bd2689576e48481,5bd2689576e48481,"Qpets Cat Toys for Persian Cat, Interactive Cats Teaser Wand Toys for Kitten with Bell & Feather, Sticky Suction Cup Base El",qpets,cat,cat_toys,,,,,,,,,,0.95,0.85,2026-07-07,2026-07-07,True
ae6ce4450e945b5a,ae6ce4450e945b5a,decorvaiz Dog Grooming Kit | Pet Grooming Kit | Slicker Brushes for Dog & Cat,decorvaiz,both,grooming,,,,,,,,,,0.75,0.85,2026-07-07,2026-07-07,True
ecf09756a19f387e,ecf09756a19f387e,Royal Canin Mini Adult 0.8 kg Dry Adult Dog Food,royal canin,dog,dog_food,,,,,,,,,,0.95,0.85,2026-07-07,2026-07-07,True
feff616f85a99115,feff616f85a99115,"GHANU Cat Water Fountain, Dog Water Dispenser, Pet Drinking Fountain, Drinking Bowl",ghanu,both,beds_accessories,,,,,,,,,,0.75,0.85,2026-07-07,2026-07-07,True
9556ec2810de38cb,9556ec2810de38cb,JNONI Pet Training Pads 60x90 cms Disposable Dog Diapers,jnoni,dog,training,,,,,,,,,,0.95,0.85,2026-07-07,2026-07-07,True
7aa0adf7162f32bb,7aa0adf7162f32bb,Me-O Mackerel 3 kg Cat Food,me-o,cat,cat_food,,,,,,,,,,0.95,0.85,2026-07-07,2026-07-07,True
5f465088a3dfcfdd,5f465088a3dfcfdd,AGGARWAL 36 Inch Dog Cage Hard Crate Pet Crate,aggarwal,dog,beds_accessories,,,,,,,,,,0.95,0.85,2026-07-07,2026-07-07,True
56009f9a559c9616,56009f9a559c9616,"Spray Cat Brush for Shedding, Remove Static Flying Hair Pet Grooming Brush Self Cleaning Dog Brush Suitable for Long and Shor",spray,both,grooming,,,,,,,,,,0.75,0.85,2026-07-07,2026-07-07,True
a6ae37029e3d14d0,a6ae37029e3d14d0,Rvpaws Dog Cage 18 Inch Blue Hard Crate Pet Crate,rvpaws,dog,beds_accessories,,,,,,,,,,0.95,0.85,2026-07-07,2026-07-07,True
f6f4a97210f745c8,f6f4a97210f745c8,"Vivaldis Endewor Dewormer for Dogs and Cats, Natural Enzyme and Probiotic Based Supplements for Gut Health to Kill & Expels P",vivaldis,both,health_wellness,,,,,,,,,,0.75,0.85,2026-07-07,2026-07-07,True
8a4dbbd5b2692e30,8a4dbbd5b2692e30,Medfly Healthcare Defender Pro Deworming Tablet for Dogs of All Life Stages (Pack of 1) | Natural & Herbal Ingredients | Effe,medfly,dog,health_wellness,,,,,,,,,,0.95,0.85,2026-07-07,2026-07-07,True
3b87f2caafe42c00,3b87f2caafe42c00,"decorvaiz Puppies Combo Kit for Small and Medium Dog-6in1 Chew Toys for Puppy Cotton Squeaky Toy, Bone, Ball, Rubber Toy, Tug Toy, Chew Toy For Dog & Cat",decorvaiz,both,dog_toys,,,,,,,,,,0.75,0.85,2026-07-07,2026-07-07,True
de7b20c5c6a8721e,de7b20c5c6a8721e,Royal Canin Hair and Skin 2 kg Dry Adult Cat Food,royal canin,cat,cat_food,,,,,,,,,,0.95,0.85,2026-07-07,2026-07-07,True
3438078eb57edfd9,3438078eb57edfd9,FOURESTA Durable Large Size Dog/Cat Nail Cutter with Nail Filer Scissor Nail Clipper,fouresta,both,grooming,,,,,,,,,,0.75,0.85,2026-07-07,2026-07-07,True
0ff9c99cc1107822,0ff9c99cc1107822,Purepet Chicken and Vegetable 9 kg Dry Adult Dog Food,purepet,dog,dog_food,,,,,,,,,,0.95,0.85,2026-07-07,2026-07-07,True
2fca0e5e293f1a99,2fca0e5e293f1a99,"Drools Kitten Dry Cat Food, Mackerel Flavour 1 kg with Free Container Pack",drools,cat,cat_food,,,,,,,,,,0.95,0.85,2026-07-07,2026-07-07,True
e26e469712420281,e26e469712420281,"Fifozone Feed Supplement Mother Milk Replacement for Young Kittens 200GM, Tablet",fifozone,cat,health_wellness,,,,,,,,,,0.95,0.85,2026-07-07,2026-07-07,True
8bdce41d42f607f0,8bdce41d42f607f0,Active Buy 1 Get 1 Tuna And Salmon 2.4 kg (2x1.2 kg) Dry Adult Cat Food,active,cat,cat_food,,,,,,,,,,0.95,0.85,2026-07-07,2026-07-07,True
116510e6416eaf3f,116510e6416eaf3f,"Berlin's Cat Harness with Leash for Outdoor, Walking, Escape Proof, Air Mesh Fabric, Easy Control, Adjustable & Durable Cat L",berlins,cat,collars_leashes,,,,,,,,,,0.95,0.85,2026-07-07,2026-07-07,True
e4559662a87dbc8e,e4559662a87dbc8e,PETS EMPIRE Cat Scratcher Cardboard (Curved Shape),pets,cat,beds_accessories,,,,,,,,,,0.95,0.85,2026-07-07,2026-07-07,True
29e8a3502901dbfa,29e8a3502901dbfa,EC World Dog Toy Plastic Soft Toy For Dog,ec,dog,dog_toys,,,,,,,,,,0.95,0.85,2026-07-07,2026-07-07,True
4076559b3df34b29,4076559b3df34b29,canna pet LONG NECK TOY FOR DOG XXL SIZE Microfibre Soft Toy For Dog & Cat,canna,both,dog_toys,,,,,,,,,,0.75,0.85,2026-07-07,2026-07-07,True
300a23c22d2792c7,300a23c22d2792c7,"Drixa DOG & CAT PREMIUM PACK SHAMPOO WITH SPRAY FREE COMBO Allergy Relief, Conditioning, Flea and Tick, Itch Relief NATURAL Cat, Dog Shampoo",drixa,both,grooming,,,,,,,,,,0.75,0.85,2026-07-07,2026-07-07,True
ed2fd97f88dec017,ed2fd97f88dec017,"24x7eMall Dog K9 Police Harness Red ( 28 - 38 Inch Girth, XL) Dog Buckle Harness",24x7emall,dog,collars_leashes,,,,,,,,,,0.95,0.85,2026-07-07,2026-07-07,True
c1fdefc809adaeca,c1fdefc809adaeca,Buraq Reflective Cat Collar Set of 2 | Bell | Adjustable | Breakaway | All Breeds Bell Cat Collar Charm,buraq,cat,collars_leashes,,,,,,,,,,0.95,0.85,2026-07-07,2026-07-07,True
3f21f1ca5e3d561c,3f21f1ca5e3d561c,Hachiko Dog Everyday Collar,hachiko,dog,collars_leashes,,,,,,,,,,0.95,0.85,2026-07-07,2026-07-07,True
84d65fc9c4d3fca8,84d65fc9c4d3fca8,PetWale Cat Collar | Adjustable | Durable | Safety Collar | Pet Supplies | Cat Accessories | Cat Collar | Cat Belt | Soft and,petwale,cat,collars_leashes,,,,,,,,,,0.95,0.85,2026-07-07,2026-07-07,True
1019b22bf4f9e3f0,1019b22bf4f9e3f0,Bhadani Catnip Ball Bite-resistant Smooth Edge Rotating PP (Polypropylene) Treat Dispensing Toy For Cat,bhadani,cat,cat_food,,,,,,,,,,0.95,0.85,2026-07-07,2026-07-07,True
031b34ef4a986a65,031b34ef4a986a65,Me-O Kitten chicken chunk in gravy(80gx12pack) Chicken 0.96 kg Wet Young Cat Food,me-o,cat,cat_food,,,,,,,,,,0.95,0.85,2026-07-07,2026-07-07,True
206e2b256481fd49,206e2b256481fd49,Drools Puppy Dry Dog Food 4.2kg (3kg + 1.2kg Free) | Chicken & Egg Flavour | Supports Active Behaviour | Digestive Health &,drools,dog,dog_food,,,,,,,,,,0.95,0.85,2026-07-07,2026-07-07,True
c9aae5ded38a56b4,c9aae5ded38a56b4,Foodie Puppies Cat Scratcher Pad with Catnip for Cats & Kittens - (Sofa 52 x 26 x 15 cm) | Durable Modern Longue Corrugated C,foodie,both,beds_accessories,,,,,,,,,,0.75,0.85,2026-07-07,2026-07-07,True
4ada4b7fda9197f6,4ada4b7fda9197f6,FUNABLO Baby Toys 12-18 Months Dancing Cat Toddlers Toys for 1 Year Old Boys Girls,funablo,cat,cat_toys,,,,,,,,,,0.95,0.85,2026-07-07,2026-07-07,True
52b55b473451ec79,52b55b473451ec79,"Bones UP Dog Chew Chicken & Mutton Stick 2 x (450 gm) - 900 gram, Dog Sticks, Dog Snacks Chicken, Mutt...",bones,dog,dog_toys,,,,,,,,,,0.95,0.85,2026-07-07,2026-07-07,True
f63f80da57522587,f63f80da57522587,Let's bite Active Chicken 11 kg Dry Adult Dog Food,lets,dog,dog_food,,,,,,,,,,0.95,0.85,2026-07-07,2026-07-07,True
9de495938abab0b4,9de495938abab0b4,"Procott Intas Procott Anti-parasitic, Allergy Relief, Flea and Tick Rose Dog Shampoo",procott,dog,grooming,,,,,,,,,,0.95,0.85,2026-07-07,2026-07-07,True
3d75e4f998314740,3d75e4f998314740,"Royal Canin Mini Adult Dog Food, Dry Food, Supports Weight Management & Digestive Health, Promotes overall development, 800 G",royal canin,dog,dog_food,,,,,,,,,,0.95,0.85,2026-07-07,2026-07-07,True
22d433fc2ff38b8c,22d433fc2ff38b8c,"BARKZ & CLLAWZ Dog Snacks Protien Chicken & Mutton Chew Sticks (450g) Chicken, Mutton 0.45 kg Dry Adul...",barkz,dog,dog_toys,,,,,,,,,,0.95,0.85,2026-07-07,2026-07-07,True
4c0d15aabed83d82,4c0d15aabed83d82,Me-O persian Kitten 1.1 kg Dry Young Cat Food,me-o,cat,cat_food,,,,,,,,,,0.95,0.85,2026-07-07,2026-07-07,True
a3e4b089adcf88ab,a3e4b089adcf88ab,Plushmate Pet Training Clicker with Wrist Strap and Strap Hook Plastic Training Aid For Dog & Cat,plushmate,both,training,,,,,,,,,,0.75,0.85,2026-07-07,2026-07-07,True
5932665b6d8685c3,5932665b6d8685c3,gustave Insect Repellent Collar for Dogs Adjustable Silicone 8 Month Protection Dog Anti-tick Collar,gustave,dog,training,,,,,,,,,,0.95,0.85,2026-07-07,2026-07-07,True
6e7aa6f2b0e43bf8,6e7aa6f2b0e43bf8,Pat Your Pet Wide Pet Dematting Comb - Dual Sided 9+17 Grooming Rake for Cats & Dogs | Safe and Easy Mats & Tangles Remover,pat,both,grooming,,,,,,,,,,0.75,0.85,2026-07-07,2026-07-07,True
05bde373ae458e4b,05bde373ae458e4b,decorvaiz Dog Hair Brush Combo | Pet Hair Brush Combo Slicker Brushes for Dog & Cat,decorvaiz,both,grooming,,,,,,,,,,0.75,0.85,2026-07-07,2026-07-07,True
1611ce547f217fa3,1611ce547f217fa3,"Royal Canin Skin & Hair Care for Adult Cats, Dry Food with Added Amino Acids, Vitamins, and Omega 3 and 6, Supports Healthy S",royal canin,cat,cat_food,,,,,,,,,,0.95,0.85,2026-07-07,2026-07-07,True
36c37c637bc63b49,36c37c637bc63b49,"TAIL TOWN Pet Teeth Cleaning Finger Wipes for Dogs & Cats | 50 Count | Fresh Breath, Plaque & Tartar Removal (Cleaning Finger",tail,both,health_wellness,,,,,,,,,,0.75,0.85,2026-07-07,2026-07-07,True
829a78cfad599a96,829a78cfad599a96,"Sage Square Adjustable Strap Muzzle - Ensure Pet Safety & Comfort, Prevent Biting - Perfect for Medium-Sized Dogs, Ideal for",sage,dog,collars_leashes,,,,,,,,,,0.95,0.85,2026-07-07,2026-07-07,True
322a74fe1e4e5b0d,322a74fe1e4e5b0d,"TTW Stuffed Sleeping Cat Plush Toy With Press Simulation Sound, Animal Fur Soft Toy - 6 cm",ttw,cat,cat_toys,,,,,,,,,,0.95,0.85,2026-07-07,2026-07-07,True
9b72f19ba9293cb2,9b72f19ba9293cb2,Rvpaws Pet Training Clicker with Wrist Strap for Dog Plastic Training Aid For Dog,rvpaws,dog,training,,,,,,,,,,0.95,0.85,2026-07-07,2026-07-07,True
e5d61693e02768a8,e5d61693e02768a8,Breedo Salmon Flavour Kitten Dry Cat Food | Contains 41 Essential Nutrients-400gm Salmon 0.4 kg Dry Young Cat Food,breedo,cat,cat_food,,,,,,,,,,0.95,0.85,2026-07-07,2026-07-07,True
7d05ac7d289c5151,7d05ac7d289c5151,"Whiskas Whiskas 1+ Tuna Chicken, Tuna 1.14 kg (12x0.09 kg) Wet Adult Cat Food",whiskas,cat,cat_food,,,,,,,,,,0.95,0.85,2026-07-07,2026-07-07,True
8a9707473c3b8f5d,8a9707473c3b8f5d,"PETSWARE 5 in 1 Rose Cat Shampoo with Conditioner for Persian Cat & All Cat Types Anti-fungal, Anti-Bacterial, Conditioning, Flea and Tick, Whitening and Color Enhancing ROSE Cat Shampoo",petsware,cat,grooming,,,,,,,,,,0.95,0.85,2026-07-07,2026-07-07,True
4af2f3649f510274,4af2f3649f510274,"Mcbazel Pet Razor, Waterproof Paw Hair Trimmer, Cat Clipper, Low Noise Dog Shaver, Rechargeable Paw Cutter with LED Light for",mcbazel,both,grooming,,,,,,,,,,0.75,0.85,2026-07-07,2026-07-07,True
db5c6dcd764fd89a,db5c6dcd764fd89a,PAVITYAKSH RETRACTABLE DOG LACE 3M PLAIN Retractable Dog Leash 15 cm Dog & Cat Chain Leash,pavityaksh,both,collars_leashes,,,,,,,,,,0.75,0.85,2026-07-07,2026-07-07,True
3dd85b7fff201116,3dd85b7fff201116,"Boltz 4 in 1 Dog & Cat Hair & Paw Trimmer with Nail Grinder – Silent Cordless Grooming Kit for Pets – USB Rechargeable, IPX7",boltz,both,grooming,,,,,,,,,,0.75,0.85,2026-07-07,2026-07-07,True
9287695e85233ee3,9287695e85233ee3,"MalsiPree Pet Grooming Brush For Dogs/Cats,2 In 1 Deshedding Tool & Undercoat Rake Dematting Comb For Mats,Reduces Shedding B",malsipree,both,grooming,,,,,,,,,,0.75,0.85,2026-07-07,2026-07-07,True
a59ab6704d4ab940,a59ab6704d4ab940,"Plushmate Plushmate x Petaholic Interactive Dog Squeaky Plush Squirrel Toy Copper, Polyester Squeaky Toy For Dog",plushmate,dog,dog_toys,,,,,,,,,,0.95,0.85,2026-07-07,2026-07-07,True
7d6a357044c2eb32,7d6a357044c2eb32,Amazon Basics Premium Soft Velvet Cave House Bed for Toy Breed Dogs and Cats |Medium 59 x 56 x 48 cm,amazon basics,both,beds_accessories,,,,,,,,,,0.75,0.85,2026-07-07,2026-07-07,True
cf54eb93b831896d,cf54eb93b831896d,"Lyrovo Adjustable No-Pull Dog Harness with Leash Set for Small, Medium & Large Dogs – Reflective, Breathable, Comfortable Ves",lyrovo,dog,collars_leashes,,,,,,,,,,0.95,0.85,2026-07-07,2026-07-07,True
411bf411f2ef341f,411bf411f2ef341f,"Qpets Cat Teaser Toy,11 Pcs Cats Toys Set with 2 Retractable Teaser Wand & 5 Feather Teaser & 4 Worm Teaser for Kitten to Pl",qpets,cat,cat_toys,,,,,,,,,,0.95,0.85,2026-07-07,2026-07-07,True
502e605f98c16c6a,502e605f98c16c6a,Whiskas (1+ Years) Chicken 1.12 kg (14x0.08 kg) Wet Adult Cat Food,whiskas,cat,cat_food,,,,,,,,,,0.95,0.85,2026-07-07,2026-07-07,True
0397d43106f21cf6,0397d43106f21cf6,FURPRO Puppy Toilet Training Pee Pad|Leak Proof Odour Free Mat 60x60cm 10Pieces Disposable Dog Diapers,furpro,dog,training,,,,,,,,,,0.95,0.85,2026-07-07,2026-07-07,True
a480d6e17bf5687a,a480d6e17bf5687a,Petgrip PetGrip Dog Collar & Leash Set Small 4FT Red Dog Collar & Leash,petgrip,dog,training,,,,,,,,,,0.95,0.85,2026-07-07,2026-07-07,True
122399f2ac1d871e,122399f2ac1d871e,dubidu DG-10F-DC 300 cm Dog Chain Leash,dubidu,dog,collars_leashes,,,,,,,,,,0.95,0.85,2026-07-07,2026-07-07,True
ff797967fd7f320b,ff797967fd7f320b,tore Smni oA Set of 3pcs pet 10mm belt neck collar with bell neck strap for cats and puppies Dog & Cat Everyday Collar,tore,both,collars_leashes,,,,,,,,,,0.75,0.85,2026-07-07,2026-07-07,True
e75704ac2975717c,e75704ac2975717c,TTW Cat Soft Toys - Cat In Pink Basket Mini Kitten Doll With Realistic Meow Sounds - 6 cm,me-o,cat,cat_toys,,,,,,,,,,0.95,0.85,2026-07-07,2026-07-07,True
c3732a5e8a3dafb4,c3732a5e8a3dafb4,"Trixie Cat Grass Seeds with Plastic Planter for Kittens and All Cats, Soft, Vitamin-Rich, Easy Grow, Nutritious & Natural, Su",trixie,cat,health_wellness,,,,,,,,,,0.95,0.85,2026-07-07,2026-07-07,True
53ba13a1dfc72f3d,53ba13a1dfc72f3d,"Petroyale Allergy & Itch Chews for Dogs, Relief from Allergies, Hot Spots, Dry Skin For Pet Health Supplements",petroyale,dog,health_wellness,,,,,,,,,,0.95,0.85,2026-07-07,2026-07-07,True
ed9ec588b69895be,ed9ec588b69895be,Royal Canin Kitten Jelly 1.02 kg (12x0.09 kg) Wet Young Cat Food,royal canin,cat,cat_food,,,,,,,,,,0.95,0.85,2026-07-07,2026-07-07,True
cd390ad6a1ed41b3,cd390ad6a1ed41b3,RSE COLLECTION 3-in-1 Steam Pet Grooming Brush for Dogs & Cats | Silicone Massage Comb Electronic Comb for Dog & Cat,rse,both,grooming,,,,,,,,,,0.75,0.85,2026-07-07,2026-07-07,True
44b0294e782b1260,44b0294e782b1260,CottonCat Cat Harness & Leash,cottoncat,cat,collars_leashes,,,,,,,,,,0.95,0.85,2026-07-07,2026-07-07,True
8bafef47b4dd19a2,8bafef47b4dd19a2,"Drools Drools Absolute Cal+Vit+Skin&Coat (110 Tablets Each) Dog Supplement Chicken 1.2 kg (3x0.4 kg) Dry Adult, New Born, Senior, Young Dog Food",drools,dog,health_wellness,,,,,,,,,,0.95,0.85,2026-07-07,2026-07-07,True
912243c7e6645d4d,912243c7e6645d4d,ORTIZA Cat Nail Cutter Scissor Nail Clipper,ortiza,cat,grooming,,,,,,,,,,0.95,0.85,2026-07-07,2026-07-07,True
2b3660bdfc983c94,2b3660bdfc983c94,"PetJoy Cat Titans Tower, Interactive Cat Ball Toy, Game for Cats(Color may Vary) Plastic Training Aid, Tough Toy For Cat",petjoy,cat,cat_toys,,,,,,,,,,0.95,0.85,2026-07-07,2026-07-07,True
a581a9ff48a4215e,a581a9ff48a4215e,Scroll Store Cat Scratching Pad,scroll,cat,cat_food,,,,,,,,,,0.95,0.85,2026-07-07,2026-07-07,True
5ad9947c2b397164,5ad9947c2b397164,Foodie Puppies Colorful Cat Tunnel Toy for Indoor Cats (Slither Tunnel) | Foldable Interactive Play Tunnel with Peek Hole & H,foodie,both,cat_toys,,,,,,,,,,0.75,0.85,2026-07-07,2026-07-07,True
23b09fe8d071b580,23b09fe8d071b580,"Paw N Pet Interactive Pet Rotation Toy Ball For Cat & Dog, Automatic Cat Dancing ball Silicone Ball For Dog & Cat",paw,both,cat_toys,,,,,,,,,,0.75,0.85,2026-07-07,2026-07-07,True
8801d74dcbb70df9,8801d74dcbb70df9,"Pet Life Anti Ticks & Lice Neem Dog Shampoo 60ml+ Dog Antiseptic Freshener Spray 60ml Flea and Tick, Conditioning, Anti-itching, Anti-fungal Fresh Fragrance, Safe Deodorizer Freshener, All Dog Breed Dog Shampoo",,dog,health_wellness,,,,,,,,,,0.95,0.85,2026-07-07,2026-07-07,True
3971d142492c477a,3971d142492c477a,"PetStar By Mankind Puppy Dog Food, High Protein Pack |Muscle Strength & Boosts Immunity Salmon, Rice 1...",petstar,dog,dog_food,,,,,,,,,,0.95,0.85,2026-07-07,2026-07-07,True
c00cac21f7c1cd43,c00cac21f7c1cd43,Zexsazone The round soft pet bed perfect for indoor cats puppies for all weather M Pet Bed M Pet Bed,zexsazone,both,beds_accessories,,,,,,,,,,0.75,0.85,2026-07-07,2026-07-07,True
6c9999a56cf89aeb,6c9999a56cf89aeb,"AMORITE Anti-Bacterial 160 Count Pet Wipes with Fresh Apple Scent for Dogs, Puppies & Pets (Pack of 2) Suitable for All Types",amorite,dog,grooming,,,,,,,,,,0.95,0.85,2026-07-07,2026-07-07,True
1e9f373706031659,1e9f373706031659,Bowlers Nutrimax Dry Dog Food Puppy Chicken & Milk 1.2 Kg | Stronger and sharper puppies Chicken 1.2 k...,bowlers,dog,dog_food,,,,,,,,,,0.95,0.85,2026-07-07,2026-07-07,True
f3b01c66c91c409a,f3b01c66c91c409a,"Vetoquinol aRBCe Pet, Multivitamin supplement Syrup For Dogs & Cats Pet Health Supplements",vetoquinol,both,health_wellness,,,,,,,,,,0.75,0.85,2026-07-07,2026-07-07,True
390a5e2438ce0e37,390a5e2438ce0e37,"Provimi Pet Care Pethex Shampoo Anti-itching, Anti-parasitic, Anti-fungal, Anti-microbial Unscented Dog Shampoo",provimi,dog,grooming,,,,,,,,,,0.95,0.85,2026-07-07,2026-07-07,True
7eb910a2f520424d,7eb910a2f520424d,Foodie Puppies Dog Training Walking Leash Rope - (Nylon Leash - 18mm) Dog Cord Leash for Medium to Large-Sized Dogs with Hook,foodie,dog,collars_leashes,,,,,,,,,,0.95,0.85,2026-07-07,2026-07-07,True
2fcdba57c3d0dfe9,2fcdba57c3d0dfe9,"Foodie Puppies Self Cleaning Slicker, Pet Grooming Shedding Brush for Dogs and Cats (Push to Clean Slicker, Oval) - Easy to R",foodie,both,grooming,,,,,,,,,,0.75,0.85,2026-07-07,2026-07-07,True
a72796bf06c0bd2e,a72796bf06c0bd2e,Beaphar HD Tablet Dog Joint Supplement for Hip Dysplasia & Joint Problems Pet Health Supplements,beaphar,dog,health_wellness,,,,,,,,,,0.95,0.85,2026-07-07,2026-07-07,True
fa23d4d1d9b9bcfb,fa23d4d1d9b9bcfb,Royal Canin Mother & BabyCat 1.2 kg Dry New Born Cat Food,royal canin,cat,cat_food,,,,,,,,,,0.95,0.85,2026-07-07,2026-07-07,True
940797ecaadb3a8b,940797ecaadb3a8b,AQUABUCKET dog neck collar is easy to apply and provides continuous protection Dog & Cat Anti-tick Collar,aquabucket,both,training,,,,,,,,,,0.75,0.85,2026-07-07,2026-07-07,True
78d2bb0d4aca5297,78d2bb0d4aca5297,ORDER ON CLICK Dog Soft Toy ORDTD029 - 45 cm,order,dog,dog_toys,,,,,,,,,,0.95,0.85,2026-07-07,2026-07-07,True
26034fb88df43d6a,26034fb88df43d6a,"Zenex Nutrical-CA Calcium,Phosphorous,Magnesium & Vitamin D Supplement for Dog & Cat Pet Health Supplements",zenex,both,health_wellness,,,,,,,,,,0.75,0.85,2026-07-07,2026-07-07,True
a7ffc18f3822c123,a7ffc18f3822c123,"Virbac Canitone Joint Support, Nutritional supplement Tablets for Dogs and Cats Pet Health Supplements",virbac,both,health_wellness,,,,,,,,,,0.75,0.85,2026-07-07,2026-07-07,True
2984f74a12fc7868,2984f74a12fc7868,Let's bite Active Chicken 10 Kg Dry Young Dog Food,lets,dog,dog_food,,,,,,,,,,0.95,0.85,2026-07-07,2026-07-07,True
b63f8e08e2006c71,b63f8e08e2006c71,"chullbull pet products 36 Inch Pet Cage with Removable Tray (Dogs, Cats) Suitable for Large Breeds Hard Crate Pet Crate",chullbull,both,beds_accessories,,,,,,,,,,0.75,0.85,2026-07-07,2026-07-07,True
507536f30133243a,507536f30133243a,"WUFSIE Dog Bed Large 70x100cm | Reversible Premium Velvet Black & Grey Pet Bed | Soft, Washable & Durable Bed for Dog and Cat",wufsie,both,beds_accessories,,,,,,,,,,0.75,0.85,2026-07-07,2026-07-07,True
0b9abb27707577f6,0b9abb27707577f6,"ZEXSAZONE Folding Elevated Dog Bed 50x50x17 cm | Cooling Pet Cot for Small Dogs & Cats | Breathable Canvas Fabric, SS 302 Fra",zexsazone,both,beds_accessories,,,,,,,,,,0.75,0.85,2026-07-07,2026-07-07,True
cc0858c22c335f19,cc0858c22c335f19,Buraq Automatic 2.2L Cat Water Fountain with LED| Ultra Quiet|4-Stage Filtration | USB,buraq,cat,beds_accessories,,,,,,,,,,0.95,0.85,2026-07-07,2026-07-07,True
d0b77a034b067d23,d0b77a034b067d23,"Royal Canin Mini Puppy Food, Dry Food, Supports Complex Natural Defence & digestive health, Supports Immune System, 800 Grams",royal canin,dog,dog_food,,,,,,,,,,0.95,0.85,2026-07-07,2026-07-07,True
a6ebc94273b76eb1,a6ebc94273b76eb1,Amazon Basics Leg Fold Dog Pet Bed | Durable Nylon Niwar | 42 × 36 × 12 Inch | Multi-Color,amazon basics,dog,beds_accessories,,,,,,,,,,0.95,0.85,2026-07-07,2026-07-07,True
f38a4b02412940f1,f38a4b02412940f1,decorvaiz Squeaky Latex Ball for Dogs Rubber Ball For Dog,decorvaiz,dog,dog_toys,,,,,,,,,,0.95,0.85,2026-07-07,2026-07-07,True
0bc204d5e36be92e,0bc204d5e36be92e,"PetJoy Cat Toy Teaser Playing Stick with Mouse And Bell, Interactive Feather Wand Toy Wooden Stick For Cat",petjoy,cat,cat_toys,,,,,,,,,,0.95,0.85,2026-07-07,2026-07-07,True
86e66132b5b4cb98,86e66132b5b4cb98,"YMS Cat Toy Organic Avocado Cat Toy Cat Nip Silver vine Mint Cat Lickable Treat Cat Plastic, PP (Polypropylene) Soft Toy, Training Aid For Cat",yms,cat,cat_food,,,,,,,,,,0.95,0.85,2026-07-07,2026-07-07,True
883b9c9868236e09,883b9c9868236e09,"Berlin's PET ACCESSORIES Personalized Dog Harness with Pet Name & Phone Number, No Pull Dog Vest,Escape Proof Reflective Dog",berlins,dog,collars_leashes,,,,,,,,,,0.95,0.85,2026-07-07,2026-07-07,True
bd73f5a25ea8dbfa,bd73f5a25ea8dbfa,"ROMSAY Anti-Tick & Flea Neem Shampoo For Dogs & Cats 200ML Allergy Relief, Anti-dandruff, Anti-fungal, Anti-itching, Flea and Tick Fresh Notes, Neem Dog Shampoo",romsay,both,health_wellness,,,,,,,,,,0.75,0.85,2026-07-07,2026-07-07,True
52165159929147fa,52165159929147fa,Whiskas (1+ Years) Tuna 1.12 kg (14x0.08 kg) Wet Adult Cat Food,whiskas,cat,cat_food,,,,,,,,,,0.95,0.85,2026-07-07,2026-07-07,True
b66b28872a7102bf,b66b28872a7102bf,Royal Canin Maxi Dermacomfort 3 kg Dry Adult Dog Food,royal canin,dog,dog_food,,,,,,,,,,0.95,0.85,2026-07-07,2026-07-07,True
5c0108ae572870d3,5c0108ae572870d3,Qpets Cat Vest Harness with 1.5m Leash Adjustable Size Pet Vest Harness Breathable Suede Fabric with Safety Reflective Strip,qpets,cat,collars_leashes,,,,,,,,,,0.95,0.85,2026-07-07,2026-07-07,True
500710478c3a015f,500710478c3a015f,"Pawmino Interactive Rolling Ball Toy for Dogs & Cats | Rechargeable Smart Ball | Silicone, Plastic Ball For Dog & Cat",pawmino,both,cat_toys,,,,,,,,,,0.75,0.85,2026-07-07,2026-07-07,True
4683b39d3824b51c,4683b39d3824b51c,BarkButler x FOFOS Retractable Cat Worm Teaser - Interactive Cat Toys with Catnip - Cat Teaser Toy Set - Multicoloured,barkbutler,cat,cat_toys,,,,,,,,,,0.95,0.85,2026-07-07,2026-07-07,True
e6b208e7662272f7,e6b208e7662272f7,LICKICIOUS Optima Dry Dog Food Adult 10 KG | Chicken & Vegetable | Complete and Balanced Optimum Nutrition for Pedigree Dogs,pedigree,dog,dog_food,,,,,,,,,,0.95,0.85,2026-07-07,2026-07-07,True
265cbb826b13a516,265cbb826b13a516,SUIinterprise Small Dog Teddy Bear Soft Toy - 28 cm,suiinterprise,dog,dog_toys,,,,,,,,,,0.95,0.85,2026-07-07,2026-07-07,True
114e35d9dd289e82,114e35d9dd289e82,Purepet Sea Food 6 kg Dry Adult Cat Food,purepet,cat,cat_food,,,,,,,,,,0.95,0.85,2026-07-07,2026-07-07,True
716c42ccbf4aef84,716c42ccbf4aef84,DogTrust Single-Door Folding Metal Dog 18 Inch Cage with Paw Protector Cage Seed Catcher,dogtrust,dog,beds_accessories,,,,,,,,,,0.95,0.85,2026-07-07,2026-07-07,True
9dc8b34e1b6f268f,9dc8b34e1b6f268f,PetStar Kitten Tuna 1 kg Dry Young Cat Food,petstar,cat,cat_food,,,,,,,,,,0.95,0.85,2026-07-07,2026-07-07,True
2d5b55cc79022034,2d5b55cc79022034,CottonCat Dog Buckle Harness,cottoncat,dog,collars_leashes,,,,,,,,,,0.95,0.85,2026-07-07,2026-07-07,True
b29686356e562117,b29686356e562117,"Pet Life Organic Dog Shampoo Anti Tick & Flea For Pug Dog & Puppy | Healthy Shiny Coat Allergy Relief, Flea and Tick, Anti-itching, Conditioning Fresh Fragrance, Control Lice, Mites, Tick & Flea Shampoo For Dog, For All Dog Breed Dog Shampoo",,dog,health_wellness,,,,,,,,,,0.95,0.85,2026-07-07,2026-07-07,True
f680f07a10b7932f,f680f07a10b7932f,"SENAPATI Dog Belts Neck Collar and Leash Set (Waterproof, Medium, Leash Size 1.5M-2M) Dog Harness & Leash",senapati,dog,collars_leashes,,,,,,,,,,0.95,0.85,2026-07-07,2026-07-07,True
4b127b9a12aac877,4b127b9a12aac877,"FRIEDERICH Pet Grooming Brush, Deshedding Tool & Undercoat Rake Dematting Comb Slicker Brushes for Dog & Cat",friederich,both,grooming,,,,,,,,,,0.75,0.85,2026-07-07,2026-07-07,True
2580c8ed2558b46f,2580c8ed2558b46f,"Bhadani Interactive Play Dental Health Teething Relief 5 in 1 Rope Combo Toys Cotton Tug Toy, Fetch Toy, Tough Toy For Dog",bhadani,dog,dog_toys,,,,,,,,,,0.95,0.85,2026-07-07,2026-07-07,True
805ad7478e2721b5,805ad7478e2721b5,"FUR BALL STORY Eczo Pet Anti Fungal & Anti Bacterial Cream|Itchy Skin Treatment for Dogs & Cats | Helps with Eczema, Ringworm",fur,both,health_wellness,,,,,,,,,,0.75,0.85,2026-07-07,2026-07-07,True
2c943565288b4313,2c943565288b4313,Fun Zoo Toys Brown Dog Soft Toy - 24 cm,fun,dog,dog_toys,,,,,,,,,,0.95,0.85,2026-07-07,2026-07-07,True
95cd1d72698c56ea,95cd1d72698c56ea,"Furever Fur-Bone, Calcium Tablets for Dogs, Cats and Pets Pet Health Supplements",furever,both,health_wellness,,,,,,,,,,0.75,0.85,2026-07-07,2026-07-07,True
70b2289ce1fcfccd,70b2289ce1fcfccd,JK INTERNATIONAL WHITE MUNCHIES PACK OF 10 STICK Milk Dog Treat,jk,dog,training,,,,,,,,,,0.95,0.85,2026-07-07,2026-07-07,True
8235cb59a46a512e,8235cb59a46a512e,"PEDIGREE 100% Nutrition Chicken, Egg, Rice 3 kg Dry Adult Dog Food",pedigree,dog,dog_food,,,,,,,,,,0.95,0.85,2026-07-07,2026-07-07,True
d8acf3eb72f42897,d8acf3eb72f42897,"amazon basics Large Elevated Cooling Pet Dog Cot Fabric Bed - 51 x 31 x 8 Inches, Grey",amazon basics,dog,beds_accessories,,,,,,,,,,0.95,0.85,2026-07-07,2026-07-07,True
bb767d8f356d2bc7,bb767d8f356d2bc7,"Burpy Tales Skin and Coat Supplement for Dogs with Sardine Oil, Omega 3 6, 400gm Pet Health Supplements",burpy,dog,health_wellness,,,,,,,,,,0.95,0.85,2026-07-07,2026-07-07,True
c0da42566a002cb4,c0da42566a002cb4,skyec Herbatake pet 100 ml liver tonic for dog & cat Pet Health Supplements,skyec,both,health_wellness,,,,,,,,,,0.75,0.85,2026-07-07,2026-07-07,True
c168fb929d84140b,c168fb929d84140b,Royal Canin MINI PUPPY 800GM Meat 0.8 kg Dry Young Dog Food,royal canin,dog,dog_food,,,,,,,,,,0.95,0.85,2026-07-07,2026-07-07,True
029c54d93a795fcd,029c54d93a795fcd,Bhambhu Store Musical Sleeping Cat Plush Soft Toy with Cushion Bed - 5 cm,bhambhu,cat,cat_toys,,,,,,,,,,0.95,0.85,2026-07-07,2026-07-07,True
5b0c9c610a804992,5b0c9c610a804992,"WAKTORO Cat Toys for Indoor Cats,Interactive Cat Toy with 2-Speed Adjustment Plastic Training Aid For Dog & Cat",waktoro,both,cat_toys,,,,,,,,,,0.75,0.85,2026-07-07,2026-07-07,True
0eec20e488c39644,0eec20e488c39644,"Extick Anti-Ticks Shampoo Flea and Tick, Anti-Bacterial, Anti-dandruff Aloe Dog, Cat Shampoo",extick,both,grooming,,,,,,,,,,0.75,0.85,2026-07-07,2026-07-07,True
becd39e49a5501b6,becd39e49a5501b6,"HASTHIP Cat Water Fountain with LED Light, 67oz/2.0L, Ultra Quiet Cat Drinking",hasthip,cat,beds_accessories,,,,,,,,,,0.95,0.85,2026-07-07,2026-07-07,True
80204b76e3abbf06,80204b76e3abbf06,PAWPAYA 93469 Disposable Dog Diapers,pawpaya,dog,training,,,,,,,,,,0.95,0.85,2026-07-07,2026-07-07,True
b142e35f78de7a43,b142e35f78de7a43,Tinyfingers Puppy Cotton Reflective Padded Harness & Leash Set for Small Dogs & Cats Adjustable no Pull Harness Set with Owl,tinyfingers,both,collars_leashes,,,,,,,,,,0.75,0.85,2026-07-07,2026-07-07,True
8a23ceb4c6c0d17e,8a23ceb4c6c0d17e,"jerhigh Jerhigh Treats, Real chicken Meat , Chicken with Carrot sticks for Dogs/Pupies Carrot Dog Trea...",jerhigh,dog,training,,,,,,,,,,0.95,0.85,2026-07-07,2026-07-07,True
85eaa87f64276343,85eaa87f64276343,shreemahantam Dog and Cat Water Dispenser Automatic Gravity Water Drinking Fountain Bowl Plastic Pet Bowl & Bottle,shreemahantam,both,beds_accessories,,,,,,,,,,0.75,0.85,2026-07-07,2026-07-07,True
8569a75da212a39f,8569a75da212a39f,Sunkizzrs Cat Toys - Interactive Toy Set with Retractable Teaser Wands and Feather Toys - Activity Toys to Exercise Cats and,sunkizzrs,cat,cat_toys,,,,,,,,,,0.95,0.85,2026-07-07,2026-07-07,True
79e0f377d1255915,79e0f377d1255915,"Procott Shampoo for all types of Dogs & Cats Conditioning Natural Dog, Cat Shampoo",procott,both,grooming,,,,,,,,,,0.75,0.85,2026-07-07,2026-07-07,True
c8f06865e8f36949,c8f06865e8f36949,"Qpets Cat Bathing Bag Anti-Scratch Cat Grooming Mesh Bag for Bathing, Nail Trimming, Medicine Taking, Injection, Adjustable",qpets,cat,grooming,,,,,,,,,,0.95,0.85,2026-07-07,2026-07-07,True
097b2e5e6b2cc3c8,097b2e5e6b2cc3c8,Royal Canin Indoor 27 Dry Cat Food 2 kg Dry Adult Cat Food,royal canin,cat,cat_food,,,,,,,,,,0.95,0.85,2026-07-07,2026-07-07,True
f048f4b9cba78231,f048f4b9cba78231,Whiskas (1+ Years) Chicken 3 kg Dry Adult Cat Food,whiskas,cat,cat_food,,,,,,,,,,0.95,0.85,2026-07-07,2026-07-07,True
4db67bcc3cd45ad8,4db67bcc3cd45ad8,"flufy care co Lavender Cat Shampoo Combo – 200ml + 200ml | Dual Pack | Anti-Odor, Gentle, Allergy Relief, Anti-dandruff, Anti-fungal, Anti-Inflammatory, Flea and Tick LAVENDER Cat Shampoo",flufy,cat,grooming,,,,,,,,,,0.95,0.85,2026-07-07,2026-07-07,True
d3ddca80b3253091,d3ddca80b3253091,Rvpaws Nylon Leash Dog Rope for Adult (Blue) 152 cm Dog Cord Leash,rvpaws,dog,collars_leashes,,,,,,,,,,0.95,0.85,2026-07-07,2026-07-07,True
bef9575abccb8bd5,bef9575abccb8bd5,"PETRA Pet Glossy Collar For Small Cat , Kitten , Puppy ,Small Size dog Adjustable Dog & Cat Everyday Collar",petra,both,collars_leashes,,,,,,,,,,0.75,0.85,2026-07-07,2026-07-07,True
b1dd79c73b3587f8,b1dd79c73b3587f8,Patch and Marshall Dog Leash Indestructible / Chew Proof Leash for Dogs - 5ft By RSK 153 cm Dog Cord Leash,patch,dog,collars_leashes,,,,,,,,,,0.95,0.85,2026-07-07,2026-07-07,True
c52968c058e379f3,c52968c058e379f3,Pawlife Dog Harness Dog Buckle Harness,pawlife,dog,collars_leashes,,,,,,,,,,0.95,0.85,2026-07-07,2026-07-07,True
c7e44d4711bf64eb,c7e44d4711bf64eb,pawdles Gold Finish Dog Chain Collar for Dogs| 18 Inches - Small | Dog Choke Chain Collar,pawdles,dog,collars_leashes,,,,,,,,,,0.95,0.85,2026-07-07,2026-07-07,True
c91705438f48f586,c91705438f48f586,BARK OUT LOUD - Dental Treats | Brush Shape Dog Chews | Removes Plaque/Tartar | Fresh Smell | Oral Care Gluten Free| Chicken,bark,dog,health_wellness,,,,,,,,,,0.95,0.85,2026-07-07,2026-07-07,True
c4c16fdf9421e052,c4c16fdf9421e052,Canine Creek Canine Creek Ultra-Premium Grain Free Chicken 6 kg (2x3 kg) Dry Adult Dog Food,canine,dog,dog_food,,,,,,,,,,0.95,0.85,2026-07-07,2026-07-07,True
aa2822d593103330,aa2822d593103330,"Drools Drools Duck with Pumpkin & Kale Gravy,(6x120g) Lamb 720 g (6x120 g) Wet Adult Dog Food",drools,dog,dog_food,,,,,,,,,,0.95,0.85,2026-07-07,2026-07-07,True
30eee502afca682a,30eee502afca682a,Drools Jerky Chicken 60 g Dry Adult Dog Food,drools,dog,dog_food,,,,,,,,,,0.95,0.85,2026-07-07,2026-07-07,True
cf469d65d63fc6a2,cf469d65d63fc6a2,"VJOY Chicken and Vegetable (500gmX3) Dry Puppy Dog Food Chicken, Vegetable 1 kg (3x0.33 kg) Dry Young ...",vjoy,dog,dog_food,,,,,,,,,,0.95,0.85,2026-07-07,2026-07-07,True
f95d156341ad1d5e,f95d156341ad1d5e,"Amazon Basics Pet Bed | Medium| Reversible Premium Velvet Pet Bed for Cats & Small/Medium Dogs (Pug, Beagle, French Bulldog)",amazon basics,both,beds_accessories,,,,,,,,,,0.75,0.85,2026-07-07,2026-07-07,True
7f1a8917326c7892,7f1a8917326c7892,"Dr. vet simba Allergy Relief, Anti-dandruff, Anti-itching, Flea and Tick, Conditioning Floral Dog Shampoo",dr,dog,health_wellness,,,,,,,,,,0.95,0.85,2026-07-07,2026-07-07,True
ffb6c78643caf48a,ffb6c78643caf48a,SENAPATI Dog Collar & Leash,senapati,dog,collars_leashes,,,,,,,,,,0.95,0.85,2026-07-07,2026-07-07,True
99e57c2284c34536,99e57c2284c34536,"PEDIGREE Gravy Chicken, Liver Chunks 70 g Wet Adult Dog Food",pedigree,dog,dog_food,,,,,,,,,,0.95,0.85,2026-07-07,2026-07-07,True
b71900d841717b1f,b71900d841717b1f,Purepet Puppy Dry Dog Food 1kg | Chicken & Vegetable Flavour | Promotes Health & Vitality | Immune Support | Healthy Digestio,purepet,dog,dog_food,,,,,,,,,,0.95,0.85,2026-07-07,2026-07-07,True
46a3b1efd3350ebb,46a3b1efd3350ebb,Berlin's Adjustable Cat Cone for Kitten Size 3 Small Plastic E-Collar Protective Collar After Surgery Anti-Bite Lick Wound He,berlins,cat,health_wellness,,,,,,,,,,0.95,0.85,2026-07-07,2026-07-07,True
725fcf983f9e2d96,725fcf983f9e2d96,"Goofy Tails Coffee Wood Dog Chew Toy | Splinter-Free, Caffeine-Free Natural Dog Dental Stick | Safe Puppy Toy | Chew Toys for",goofy,dog,dog_toys,,,,,,,,,,0.95,0.85,2026-07-07,2026-07-07,True
e4303f00e764ea54,e4303f00e764ea54,SECOM Dog Training Pads/Training Pee and Potty Pads with Quick Drying Surface and Absorbent Core/Suitable for Small/Large Breed Puppies /20 Count/Size: XL/L-60 cm X H- 90 cm Disposable Dog Diapers,secom,dog,training,,,,,,,,,,0.95,0.85,2026-07-07,2026-07-07,True
fb3e5ca2ad90af3a,fb3e5ca2ad90af3a,PetJoy Cat Scratching Pad,petjoy,cat,cat_food,,,,,,,,,,0.95,0.85,2026-07-07,2026-07-07,True
068fecba35f0d9b0,068fecba35f0d9b0,decorvaiz Cat Brush & Comb-Cat Hair Brush-(Multicolor) Slicker Brushes for Cat,decorvaiz,cat,grooming,,,,,,,,,,0.95,0.85,2026-07-07,2026-07-07,True
6d204eee52e90b79,6d204eee52e90b79,Dr Pet Anti Tick Flea Dog Liquid Shampoo 100ml Medicated Pet Care Deep Cleaning Shine Flea and Tick Herbal Natural Dog Shampoo,dr,dog,health_wellness,,,,,,,,,,0.95,0.85,2026-07-07,2026-07-07,True
83aaaed737103514,83aaaed737103514,"Emily Pets Cat Scratcher (Pack of 3) with Toys – Cardboard Scratch Pad, Feather Wand, and Plush Toy, Durable and Anti-Slip fo",emily,cat,beds_accessories,,,,,,,,,,0.95,0.85,2026-07-07,2026-07-07,True
d66f66f20c7fce3a,d66f66f20c7fce3a,"JNONI Heavy Duty Pet and Puppy Training Pads (XL, 10) Disposable Dog Diapers",jnoni,dog,training,,,,,,,,,,0.95,0.85,2026-07-07,2026-07-07,True
500dbd6a61b4f5aa,500dbd6a61b4f5aa,"Qpets Cat Chasing Toy, USB Laser Pointer for Chasing Interactive Cat Toy 3 in 1 Laser Pen Checking Cat Skin/White Light Illu",qpets,cat,cat_toys,,,,,,,,,,0.95,0.85,2026-07-07,2026-07-07,True
11b4b5e4f8938cf2,11b4b5e4f8938cf2,"Heaven Luxurious Folding Pet Bed Mat For DOG,Cat, Puppy Iron Nylon Mat Cooling Summer Ant slip XL Pet Bed",heaven,both,beds_accessories,,,,,,,,,,0.75,0.85,2026-07-07,2026-07-07,True
243f2b555b8bbe5e,243f2b555b8bbe5e,Aviean International Dog Puppy Milk Biscuit 200 Gm Milk Flavor Soft Oven Baked Biscuits Milk 0.2 kg Dr...,aviean,dog,dog_food,,,,,,,,,,0.95,0.85,2026-07-07,2026-07-07,True
fe585fa6c39fc690,fe585fa6c39fc690,decorvaiz dog rope toy || Cotton Chew Toy For Dog & Cat,decorvaiz,both,dog_toys,,,,,,,,,,0.75,0.85,2026-07-07,2026-07-07,True
a91378623b3b7893,a91378623b3b7893,"Me-O Meo Creamy treats Salmon flavor 20pc x 15g each (300g) Salmon 0.3 kg Wet Adult, Senior, Young Cat Food",me-o,cat,cat_food,,,,,,,,,,0.95,0.85,2026-07-07,2026-07-07,True
b30d27c0601a2f72,b30d27c0601a2f72,"ZENIPUP Premium Dog Bed with Free Blanket for Small, Medium & Large Dogs | Soft Fur Orthopedic Washable Pet Bed with Fiber Fi",zenipup,dog,beds_accessories,,,,,,,,,,0.95,0.85,2026-07-07,2026-07-07,True
33d98dd4c42beb7e,33d98dd4c42beb7e,Petroyale Cat Digestive Probiotics - Cat Prebiotics & Probiotics Supplement - Prevents Diarrhea & Improves Gut Health - Cats,petroyale,cat,health_wellness,,,,,,,,,,0.95,0.85,2026-07-07,2026-07-07,True
b0c9dacf2eed717a,b0c9dacf2eed717a,Bhadani Cat Toys -Interactive Cat Feather Toy Set -Activity Cat Toys Plastic Training Aid For Cat,bhadani,cat,cat_toys,,,,,,,,,,0.95,0.85,2026-07-07,2026-07-07,True
d479618f16600c57,d479618f16600c57,"Petfun PetFun Red Hard Ball & Nylon Bone Combo for pets Nylon, Rubber Ball, Bone, Chew Toy, Fetch Toy, Rubber Toy, Squeaky Toy, Stick, Tough Toy, Tug Toy For Dog & Cat",petfun,both,cat_toys,,,,,,,,,,0.75,0.85,2026-07-07,2026-07-07,True
009be159b01eb59b,009be159b01eb59b,"Berlin's Escape Proof No Pull Cat Harness with Leash for Outdoor, Walking Cat Harness Cat Harness & Leash",berlins,cat,collars_leashes,,,,,,,,,,0.95,0.85,2026-07-07,2026-07-07,True
0ef8312d7a1576bd,0ef8312d7a1576bd,FURRLOVERS Multi-Level Cat Tree with Scratching Posts and Platforms (Green - FURR-11),furrlovers,cat,beds_accessories,,,,,,,,,,0.95,0.85,2026-07-07,2026-07-07,True
d86bc5b4a0ddd1bd,d86bc5b4a0ddd1bd,Royal Canin Giant Puppy 1 kg Dry Young Dog Food,royal canin,dog,dog_food,,,,,,,,,,0.95,0.85,2026-07-07,2026-07-07,True
a257e4b13c5dd440,a257e4b13c5dd440,Onlyeasy Heavy Duty Dog Leash for Large Medium Small Breed Dogs 122 cm Dog & Cat Cord Leash,onlyeasy,both,collars_leashes,,,,,,,,,,0.75,0.85,2026-07-07,2026-07-07,True
6ea4cb8e95b84277,6ea4cb8e95b84277,"Meat Up Meat and Rice Adult Dry Dog Food, Total 6 kg",meat up,dog,dog_food,,,,,,,,,,0.95,0.85,2026-07-07,2026-07-07,True
97f1daa8af58ede6,97f1daa8af58ede6,Royal Canin Instinctive 1.02 kg (12x0.09 kg) Wet Adult Cat Food,royal canin,cat,cat_food,,,,,,,,,,0.95,0.85,2026-07-07,2026-07-07,True
de8dd11fa2f9ab00,de8dd11fa2f9ab00,"Qpets Cat Scratch Pad, Scratch Pad for Cats, Cut-to-Fit Cat Scratcher Mat Self Adhesive Pets Cat Scratcher Cardboard Mat Wal",qpets,cat,beds_accessories,,,,,,,,,,0.95,0.85,2026-07-07,2026-07-07,True
b99ecd69e42bfab9,b99ecd69e42bfab9,Royal Canin Royal Canin MAXI ADULT 220 gm 0.22 kg Dry Adult Dog Food,royal canin,dog,dog_food,,,,,,,,,,0.95,0.85,2026-07-07,2026-07-07,True
44bf3ce0faa58bec,44bf3ce0faa58bec,"Amazon Basics Cat Scratch Pad | Adhesive Scratching Mat for Cats | Protects Furniture, Walls & Sofa | Cuttable Design with Fi",amazon basics,cat,beds_accessories,,,,,,,,,,0.95,0.85,2026-07-07,2026-07-07,True
f5cfeedf51988625,f5cfeedf51988625,Purepet Meat and Rice 10 kg Dry Adult Dog Food,purepet,dog,dog_food,,,,,,,,,,0.95,0.85,2026-07-07,2026-07-07,True
dbc2f40a5c14a63a,dbc2f40a5c14a63a,"PETOLOGY Unisex Professional Automatic Rechargeable Pet Hair Trimmer for Dogs & Cats Grooming Machine Wireless, Grey",petology,both,grooming,,,,,,,,,,0.75,0.85,2026-07-07,2026-07-07,True
1a35b844d40d2e6a,1a35b844d40d2e6a,"Buraq Reflective Cat Harness with Leash Set for Walking , Escape Proof Cat Harness & Leash",buraq,cat,collars_leashes,,,,,,,,,,0.95,0.85,2026-07-07,2026-07-07,True
077390e34de6ffa9,077390e34de6ffa9,"Foodie Puppies Latex Squeaky Dog Toys Combo - (Purple Elephant and Blue Duck) Animal Design, Fetch & Chew Safe Play Toy | Sui",foodie,dog,dog_toys,,,,,,,,,,0.95,0.85,2026-07-07,2026-07-07,True
c635394a607656fa,c635394a607656fa,"Dog Trust Professional Stainless Steel Scissor Tool Nail Clipper Cutter for Cat & Dog (Medium), Multicolor",dog,both,grooming,,,,,,,,,,0.75,0.85,2026-07-07,2026-07-07,True
a262b1048d578163,a262b1048d578163,RvPaws Dog Mouth Cover Muzzle/Bite Guard with Adjustable Strap Size (Medium No.- 4),rvpaws,dog,collars_leashes,,,,,,,,,,0.95,0.85,2026-07-07,2026-07-07,True
08f1eed13190fcd3,08f1eed13190fcd3,"Goofy Tails Food Buddies Sandwich Plush Dog Toy | Light Chewers | Plush Toy | Soft Dog Toys for Puppy | Crinkle, Squeaky, Sof",goofy,dog,dog_food,,,,,,,,,,0.95,0.85,2026-07-07,2026-07-07,True
81d0ba60184c2610,81d0ba60184c2610,AomniStore 2Pcs Perfect Cute Print Cat Collar for Indoor & Outdoor Use Adjustable Cat Belt Dog & Cat Everyday Collar,aomnistore,both,collars_leashes,,,,,,,,,,0.75,0.85,2026-07-07,2026-07-07,True
736972d3c46b5b1b,736972d3c46b5b1b,"Basil Purrfect Cat Dental Sticks | Tuna & Cranberry Dental Sticks for Cats, Cat Treats | Cats Oral Hygiene & Helps Control Ha",basil,cat,health_wellness,,,,,,,,,,0.95,0.85,2026-07-07,2026-07-07,True
c42fd2679b1063f6,c42fd2679b1063f6,Hachiko Dog Choke Chain Collar,hachiko,dog,collars_leashes,,,,,,,,,,0.95,0.85,2026-07-07,2026-07-07,True
42f572ee42637643,42f572ee42637643,Drools Absolute Dog Supplement Sausages 32 Pieces Jar | Calcium Flavour | Healthy Skeletal System | Maintain Strong Teeth,drools,dog,health_wellness,,,,,,,,,,0.95,0.85,2026-07-07,2026-07-07,True
252abd385d7a0edd,252abd385d7a0edd,Qpets 2.0L Automatic Pet Water Fountain for Cats and Small Dog Plastic Pet Bowl,qpets,both,beds_accessories,,,,,,,,,,0.75,0.85,2026-07-07,2026-07-07,True
7082121047796e9a,7082121047796e9a,JNONI Training Pad/Training Pee and Potty with Quick Drying Surface and Absorbent Core Disposable Dog Diapers,jnoni,dog,training,,,,,,,,,,0.95,0.85,2026-07-07,2026-07-07,True
481be18be0d76d5a,481be18be0d76d5a,"DAEEXINO Active Moving Pet Plush Toy, Smart Interactive Dog Toy Pet Bouncing Balls Plastic Soft Toy For Dog",daeexino,dog,dog_toys,,,,,,,,,,0.95,0.85,2026-07-07,2026-07-07,True
9b2f04536369db2c,9b2f04536369db2c,DogTrust Cat Interactive Colorful Feather Pet Toy Plastic Fetch Toy For Dog & Cat,dogtrust,both,cat_toys,,,,,,,,,,0.75,0.85,2026-07-07,2026-07-07,True
ac3afb16c860c4d0,ac3afb16c860c4d0,JK INTERNATIONAL `3 INCH BONE FOR PETS Milk Dog Treat,jk,dog,training,,,,,,,,,,0.95,0.85,2026-07-07,2026-07-07,True
fa43a29b8ec72bfa,fa43a29b8ec72bfa,Me-O meo mackerel Mackerel 1.2 kg Dry Adult Cat Food,me-o,cat,cat_food,,,,,,,,,,0.95,0.85,2026-07-07,2026-07-07,True
5b7655bd18945cf6,5b7655bd18945cf6,"Newlly Adjustable Pet Kitten Cat Safety Collar Bell Buckle Neck (Red), Velvet, (Pack Of 1),27 Cm",newlly,cat,collars_leashes,,,,,,,,,,0.95,0.85,2026-07-07,2026-07-07,True
47c45441eedd11f9,47c45441eedd11f9,TailsNToys Cat Scratching Pad,tailsntoys,cat,cat_food,,,,,,,,,,0.95,0.85,2026-07-07,2026-07-07,True
6a0a988d1b9fc904,6a0a988d1b9fc904,"PETSWARE 5 in 1 Cat Shampoo with Conditioner for Persian Cat,Kitten & for All Cat Types Anti-fungal, Anti-itching, Flea and Tick, Conditioning, Anti-Bacterial, Anti-microbial Neem Cat Shampoo",petsware,cat,grooming,,,,,,,,,,0.95,0.85,2026-07-07,2026-07-07,True
dcb13c305b09c825,dcb13c305b09c825,"Cybersnc Cotton Breakaway Cat Collar, White Heart Shaped Pendant, Cute Kitten Cat Collar with Bell (Light Green, XS)",cybersnc,cat,collars_leashes,,,,,,,,,,0.95,0.85,2026-07-07,2026-07-07,True
0908d76298cb2b63,0908d76298cb2b63,"decorvaiz Cotton Ball, Bone, Chew Toy, Fetch Toy, Tug Toy, Treat Dispensing Toy, Tough Toy, Soft Toy, Rubber Toy For Dog",decorvaiz,dog,dog_food,,,,,,,,,,0.95,0.85,2026-07-07,2026-07-07,True
f004d7731e77cc23,f004d7731e77cc23,TRANDING STYLISH Simple Mountain Sofa With Haddi For Dog And Cat S Pet Bed,tranding,both,beds_accessories,,,,,,,,,,0.75,0.85,2026-07-07,2026-07-07,True
98bf975470682aa7,98bf975470682aa7,decorvaiz Catnip Tumbler Toy for Cats – Interactive & Fun Playtime Jute Rubber Toy For Cat,decorvaiz,cat,cat_toys,,,,,,,,,,0.95,0.85,2026-07-07,2026-07-07,True
8eb7188362613ae8,8eb7188362613ae8,Vetoquinol Health Up Multivitamin supplement for the liver functionality & level regulator For Dogs & Cats 200 Ml Pet Health Supplements,vetoquinol,both,health_wellness,,,,,,,,,,0.75,0.85,2026-07-07,2026-07-07,True
8963d1b612a8ba48,8963d1b612a8ba48,decorvaiz Dog Hair Comb Brush-Dog Combing Brush- Slicker Brushes for Dog,decorvaiz,dog,grooming,,,,,,,,,,0.95,0.85,2026-07-07,2026-07-07,True
1ecc4c4b57234130,1ecc4c4b57234130,"ALCAZAR Dog Soft Padded Fur Harness, Adjustable (Recommanded for 15-25KG PET) Dog Standard Harness",alcazar,dog,collars_leashes,,,,,,,,,,0.95,0.85,2026-07-07,2026-07-07,True
afd77ec208ac2322,afd77ec208ac2322,FIPPYO dogs can use this anti-flea dogs collar safely Dog & Cat Anti-tick Collar,fippyo,both,training,,,,,,,,,,0.75,0.85,2026-07-07,2026-07-07,True
ed3e08e52fde9089,ed3e08e52fde9089,Petfun Night Reflective Dog Rope Leash | Durable No-Pull Training Leash for Dogs 15mm 150 cm Dog Cord Leash,petfun,dog,collars_leashes,,,,,,,,,,0.95,0.85,2026-07-07,2026-07-07,True
135aef943f9fd960,135aef943f9fd960,Royal Canin Persian Kitten 2 kg Dry New Born Cat Food,royal canin,cat,cat_food,,,,,,,,,,0.95,0.85,2026-07-07,2026-07-07,True
81e16798369ec2f1,81e16798369ec2f1,Foodie Puppies Scratching Pad with Catnip for Cats and Kittens - (Delta Scratcher) | Corrugated Cat Scratcher Cardboard for,foodie,both,beds_accessories,,,,,,,,,,0.75,0.85,2026-07-07,2026-07-07,True
4f9c372ed87e9992,4f9c372ed87e9992,Foodie Puppies Interactive Cat Teasing Wand - (Rattle Ball Teaser) for Cats and Kittens | Wooden Teaser with Stringed Feather,foodie,both,cat_toys,,,,,,,,,,0.75,0.85,2026-07-07,2026-07-07,True
b33200dcb2ce5daa,b33200dcb2ce5daa,"PETS EMPIRE Soft Cozy Pet Hut Bed for Cats, Kittens & Puppies – Comfortable Fabric, Indoor Sleeping Bed, White & Black Stripe",pets,both,beds_accessories,,,,,,,,,,0.75,0.85,2026-07-07,2026-07-07,True
ca0d39d6190354bd,ca0d39d6190354bd,"Pil Tick & Flea Dog Shampoo 1000ml | Ditch to Itch Dog Shampoo for Pomeranian, Puppy, Rottweiler Adult, German Shepherd, Labr",pil,dog,grooming,,,,,,,,,,0.95,0.85,2026-07-07,2026-07-07,True
875999ed72c57a09,875999ed72c57a09,SUPER CHAIN GOLD Heavy Weight Diamond Cut Heavy Duty (MEDIUM) Dog Gold Chain 160 cm Dog Chain Leash,super,dog,collars_leashes,,,,,,,,,,0.95,0.85,2026-07-07,2026-07-07,True
392f2da3ba3fc47d,392f2da3ba3fc47d,"ZEXSAZONE Summer Round Donut Pet Bed for Cats and Puppies, Dogs, Cozy and Plush, Raised Bedside Support, Both Sides Use Like",zexsazone,both,beds_accessories,,,,,,,,,,0.75,0.85,2026-07-07,2026-07-07,True
99d6234d544b89ce,99d6234d544b89ce,"Hachiko Natural (Combo of 2) Flea and Tick Shampoo Plus Conditioner + Scrub Brush Allergy Relief, Anti-dandruff, Anti-fungal, Anti-microbial Artificial Fragrance Free Dog Shampoo",hachiko,dog,grooming,,,,,,,,,,0.95,0.85,2026-07-07,2026-07-07,True
09c5a4c226e152bd,09c5a4c226e152bd,"Inralimot Pet Hair Removal Tool, Electrostatic Pet Hair Remover,Static Removal Gloves for Pet Hair, Dog and Cat Hair Remover",inralimot,both,grooming,,,,,,,,,,0.75,0.85,2026-07-07,2026-07-07,True
0956616749f739f7,0956616749f739f7,"CARMOD Multi Colour Sleeping Dog Toy Decorative Showpiece - 10 cm (Fabric, Multicolor) Decorative Showpiece - 10 cm",carmod,dog,dog_toys,,,,,,,,,,0.95,0.85,2026-07-07,2026-07-07,True
32b35e1b7921ddae,32b35e1b7921ddae,"No Pull Cat Harness and Leash Set for Walking – Escape Proof, Soft Air Mesh, Adjustable Vest Harness for Kittens, Cats, Puppy",no,both,collars_leashes,,,,,,,,,,0.75,0.85,2026-07-07,2026-07-07,True
d4e4b1f856eaca3b,d4e4b1f856eaca3b,OM ZEE (MEDIUM) Collar & Chain for Pet Dog (MEDIUM) 15 cm Dog Chain Leash (Steel) 15 cm Dog Chain Leash,om,dog,collars_leashes,,,,,,,,,,0.95,0.85,2026-07-07,2026-07-07,True
a3439471b9b3e479,a3439471b9b3e479,Petroyale Urinary Tract Health Tablets For Dogs With Cranberry Extract Pet Health Supplements,petroyale,dog,health_wellness,,,,,,,,,,0.95,0.85,2026-07-07,2026-07-07,True
1ca57493ee2cf66a,1ca57493ee2cf66a,"JUDEE Dematting Comb for Dog and Cat, Pet Grooming Rake and Brushes for Small, Medium Large Hair Double Sided Deshedding Tool",judee,both,grooming,,,,,,,,,,0.75,0.85,2026-07-07,2026-07-07,True
84307550eee835c3,84307550eee835c3,"Dr Venture Anti-tick and Flea Neem Dog Shampoo 200 ml + Anti-Tick and Flea Spray for All Breeds Like Dogs, Cats and Puppies Kills & Repels Fleas, Ticks and Lice Enriched with Neem and Aloevera 200 ml Anti-fungal, Flea and Tick, Anti-microbial, Allergy Relief, Whitening and Color Enhancing, Anti-itching neem Dog Shampoo",dr,both,health_wellness,,,,,,,,,,0.75,0.85,2026-07-07,2026-07-07,True
7201b351057bff5a,7201b351057bff5a,Me-O pet food for cats pack of 1 (4pcs) .06kg Salmon 0.6 kg Wet Adult Cat Food,me-o,cat,cat_food,,,,,,,,,,0.95,0.85,2026-07-07,2026-07-07,True
f596740b15b7332c,f596740b15b7332c,Purepet Adult Dry Dog Food 20kg | Chicken & Vegetable Flavour | Promotes Health & Vitality | Balanced Nutrition | Supports Di,purepet,dog,dog_food,,,,,,,,,,0.95,0.85,2026-07-07,2026-07-07,True
2bd5cf79adc928c5,2bd5cf79adc928c5,"Dog-O-Bow Cotton Blue and Red Heart Martingale Dog Collar, Durable, Comfortable & Adjustable Training Collar (Extra Large)",dog-o-bow,dog,collars_leashes,,,,,,,,,,0.95,0.85,2026-07-07,2026-07-07,True
4d8749d8433238e9,4d8749d8433238e9,Paitsco Foldable Pet Home for Cats & Small Pets L Pet Bed,paitsco,cat,beds_accessories,,,,,,,,,,0.95,0.85,2026-07-07,2026-07-07,True
79650e0d8f34a577,79650e0d8f34a577,PSK PET MART Large Dog Rope Toys for Aggressive Chewers - Cotton Rope Dog Chew Toys for Tug of War and Training,psk,dog,dog_toys,,,,,,,,,,0.95,0.85,2026-07-07,2026-07-07,True
8ba26177c26938a2,8ba26177c26938a2,"Arm & Hammer, Advanced Care Dental Rinse/Water Additive for Cats",arm,cat,health_wellness,,,,,,,,,,0.95,0.85,2026-07-07,2026-07-07,True
3ddd177e72f51231,3ddd177e72f51231,puppee LARGE PACK OF 30 Disposable Dog & Cat Diapers,puppee,both,training,,,,,,,,,,0.75,0.85,2026-07-07,2026-07-07,True
0fe2e8083e3a24a3,0fe2e8083e3a24a3,Royal Canin Kitten 36 4 kg Dry New Born Cat Food,royal canin,cat,cat_food,,,,,,,,,,0.95,0.85,2026-07-07,2026-07-07,True
53d77b5e3211f13a,53d77b5e3211f13a,Whiskas (1+ Years) Mackerel 1.2 kg Dry Adult Cat Food,whiskas,cat,cat_food,,,,,,,,,,0.95,0.85,2026-07-07,2026-07-07,True
3c7ba11c995a4f9a,3c7ba11c995a4f9a,Berlin's Dog Cats Scissor Nail Clipper,berlins,both,grooming,,,,,,,,,,0.75,0.85,2026-07-07,2026-07-07,True
b17839571eb5d477,b17839571eb5d477,"KickAt 5 in 1 Cat Shampoo - Safe & Mild Complete Care for All Cats Conditioning, Anti-microbial, Anti-fungal, Anti-dandruff, Allergy Relief Lavender Cat Shampoo",kickat,cat,grooming,,,,,,,,,,0.95,0.85,2026-07-07,2026-07-07,True
4160635a73686757,4160635a73686757,Doggo Bite Premium Reflective Dog Vest Harness| Soft Breathable| Padded Handle| Adjustable Straps & Dual Lock Buckle| No-Chok,doggo,dog,collars_leashes,,,,,,,,,,0.95,0.85,2026-07-07,2026-07-07,True
75360913912c8df8,75360913912c8df8,SH l Cat Bed Cave for Indoor Suitable for Cat Dome Bed Hideaway Bed for Indoor Cats S Pet Bed,sh,cat,beds_accessories,,,,,,,,,,0.95,0.85,2026-07-07,2026-07-07,True
0a48b11ef5b75482,0a48b11ef5b75482,"TTW Stuffed Soft Sleeping Cat Plush Toy With Press Simulation Sound, Animal Fur Toy - 6 cm",ttw,cat,cat_toys,,,,,,,,,,0.95,0.85,2026-07-07,2026-07-07,True
eba63bf10e63c938,eba63bf10e63c938,"FUKUMARU Cat Scratcher Mat, 23.6 X 15.7 Inch Natural Sisal Cat Scratch Mats, Horizontal Cat Floor Scratching Pad Rug with Sti",fukumaru,cat,beds_accessories,,,,,,,,,,0.95,0.85,2026-07-07,2026-07-07,True
16cbf8c73a99f71a,16cbf8c73a99f71a,"Petology Dog Leash 4FT Long, 1cm Thick Reflective Heavy Duty Rope with Anti-Slip Padded Handle for Small Dogs",petology,dog,collars_leashes,,,,,,,,,,0.95,0.85,2026-07-07,2026-07-07,True
36fd855dc0f46689,36fd855dc0f46689,Drools Sticks Chicken Liver Dog Treat,drools,dog,training,,,,,,,,,,0.95,0.85,2026-07-07,2026-07-07,True
2866b1de4cb570e3,2866b1de4cb570e3,Emily Pets Clicker for Dogs (Pack of 4) Plastic Training Aid For Dog & Cat,emily,both,training,,,,,,,,,,0.75,0.85,2026-07-07,2026-07-07,True
93d0398f474c505b,93d0398f474c505b,Furry Life Cat Water Fountain Super Silent Pet Water Fountain - Deep Turquoise,furry,cat,beds_accessories,,,,,,,,,,0.95,0.85,2026-07-07,2026-07-07,True
e5a80de325033ed7,e5a80de325033ed7,"MEDBOTICS Durable Rope Training Leash for Small Dogs, with Strong Hook Size- 6mm 120 cm Dog Cord Leash",medbotics,dog,collars_leashes,,,,,,,,,,0.95,0.85,2026-07-07,2026-07-07,True
eefd4ef02f951be6,eefd4ef02f951be6,wagmart Wagmart Reflective Nylon Dog Collar Adjustable Black with Quick Release Buckle Dog Everyday Collar,wagmart,dog,training,,,,,,,,,,0.95,0.85,2026-07-07,2026-07-07,True
c6cc381a51f4d566,c6cc381a51f4d566,Drools Drools Puppy Dry Dog Food Chicken and Egg 400gm Chicken 0.5 kg Dry New Born Dog Food,drools,dog,dog_food,,,,,,,,,,0.95,0.85,2026-07-07,2026-07-07,True
2b2f48e23da8c3a0,2b2f48e23da8c3a0,"Zoivane Pet Ditch to Itch Shampoo Anti-Bacterial Dog Shampoo & Conditioner | 200 ML Pack Anti-itching, Anti-dandruff, Anti-fungal, Conditioning, Whitening and Color Enhancing Rose Cologne Dog Shampoo",zoivane,dog,grooming,,,,,,,,,,0.95,0.85,2026-07-07,2026-07-07,True
1c4f9270063e1926,1c4f9270063e1926,Pethub cat harness Cat Buckle Harness,pethub,cat,collars_leashes,,,,,,,,,,0.95,0.85,2026-07-07,2026-07-07,True
551b120a2f76b3a9,551b120a2f76b3a9,Petbabas Squeaky Rubber Chicken Dog Toy | Durable Funny Interactive Chew Toy | Loud Squeaky Sound and Stress Relief for Dogs,petbabas,dog,dog_toys,,,,,,,,,,0.95,0.85,2026-07-07,2026-07-07,True
fa08a6e5e5646845,fa08a6e5e5646845,Buraq Cat Harness Full Body With Leash Set - For Walking | Escape Proof Cat Buckle Harness,buraq,cat,collars_leashes,,,,,,,,,,0.95,0.85,2026-07-07,2026-07-07,True
54e06223d6c2c545,54e06223d6c2c545,Petroyale Dog Multivitamin Tablet | Pet Health Supplement | Dog Bone Builder | Dog Calcium Chew Tablets | Dog Bad Breath Medicine | Dog Growth Supplement (1 x 60 Tablets) Pack of 1 Pet Health Supplements,petroyale,dog,health_wellness,,,,,,,,,,0.95,0.85,2026-07-07,2026-07-07,True
10a57bed93bf9431,10a57bed93bf9431,"Foodie Puppies Interactive Dog Squeaky Plush Toy - (Blue Swan) | Durable Crinkle Papered, Cotton Stuffed Chew Toy for Teethin",foodie,dog,dog_toys,,,,,,,,,,0.95,0.85,2026-07-07,2026-07-07,True
4bbed9dcdbb49cdd,4bbed9dcdbb49cdd,"Raytails Dog Shampoo for Odor & Hair Fall Control Deep Cleaning Gentle Coat Care Conditioning, Anti-itching pH Balanced, Mild Dog Shampoo",raytails,dog,grooming,,,,,,,,,,0.95,0.85,2026-07-07,2026-07-07,True
76fd84508693c0be,76fd84508693c0be,PetFunda Fresh Mint Dental Spray for Dogs & Cats| Enriched with Mint & Clove Extract | Reduces Plaque & Tarter | Paraben-Free,petfunda,both,health_wellness,,,,,,,,,,0.75,0.85,2026-07-07,2026-07-07,True
c26f8ffde8cb093d,c26f8ffde8cb093d,"Bakson Veterinary Derm Aid Pet Skin Drop for Animals 30ML | Dogs & Cats Skin Infection Treatment & Allergy Relief | Itching,",bakson,both,health_wellness,,,,,,,,,,0.75,0.85,2026-07-07,2026-07-07,True
be7bd7f917166cac,be7bd7f917166cac,Drools Real Chicken 1.2 kg Dry Young Cat Food,drools,cat,cat_food,,,,,,,,,,0.95,0.85,2026-07-07,2026-07-07,True
a2bc34487123928e,a2bc34487123928e,Drools Tuna and Salmon 1.2 kg Dry Adult Cat Food,drools,cat,cat_food,,,,,,,,,,0.95,0.85,2026-07-07,2026-07-07,True
f39257f41c5efc0c,f39257f41c5efc0c,Me-O Adult Cat Food - Tuna 3 kg Dry Adult Cat Food,me-o,cat,cat_food,,,,,,,,,,0.95,0.85,2026-07-07,2026-07-07,True
d8b45ccdb7f458ce,d8b45ccdb7f458ce,"Agirav Dog Rope Toys + Chew Toys, Combo Pack of 7 (Color May Vary)",agirav,dog,dog_toys,,,,,,,,,,0.95,0.85,2026-07-07,2026-07-07,True
448b788d93f98c41,448b788d93f98c41,"2 Pack Black Catnip Wall Massage Corner Brush for Long & Short Fur Cats and Kittens,C-at Self Groomer Scratcher, Soft Comb Ca",2,cat,grooming,,,,,,,,,,0.95,0.85,2026-07-07,2026-07-07,True
5bc871487f11275d,5bc871487f11275d,Royal Canin Royal Canin Fit 32 Adult Dry Cat Food - 1 kg Chicken 1 kg Dry Adult Cat Food,royal canin,cat,cat_food,,,,,,,,,,0.95,0.85,2026-07-07,2026-07-07,True
a1c011ed78c3a91e,a1c011ed78c3a91e,"Pethub Star rubber dog toy Rubber Chew Toy, Rubber Toy For Dog & Cat",pethub,both,dog_toys,,,,,,,,,,0.75,0.85,2026-07-07,2026-07-07,True
4f6494cb33ee9003,4f6494cb33ee9003,Drools Dry Dog Food All Life Stages 3kg | 100% Vegetarian Flavour | Supports Digestive Health | Strong Bones & Teeth | Boosts,drools,dog,dog_food,,,,,,,,,,0.95,0.85,2026-07-07,2026-07-07,True
93265212bddf2df5,93265212bddf2df5,WAGGY TAILS Soft Nylon Dog Training Lead 0.7 Inch 10 Ft Long Leash for Dogs 304 cm Dog Strap Leash,waggy,dog,collars_leashes,,,,,,,,,,0.95,0.85,2026-07-07,2026-07-07,True
7630ba21db156878,7630ba21db156878,WoofyPlanet Pet Nylon Adjustable Reflective Padded Radium Neck Collars – Pack of 2 Dog Everyday Collar,woofyplanet,dog,collars_leashes,,,,,,,,,,0.95,0.85,2026-07-07,2026-07-07,True
bba2e561e4986d0a,bba2e561e4986d0a,TTW White Cat Soft Toys - Cat In Basket Mini Kitten Doll With Realistic Meow Sounds - 6 cm,me-o,cat,cat_toys,,,,,,,,,,0.95,0.85,2026-07-07,2026-07-07,True
83fa5494d274418e,83fa5494d274418e,SUPER CHAIN COMBO Dog Leather Leash And Dog Collar 3-D Printed Black(MEDIUM) 130 cm Dog Chain Leash,super,dog,collars_leashes,,,,,,,,,,0.95,0.85,2026-07-07,2026-07-07,True
71f5e677fad29cd2,71f5e677fad29cd2,Trixie Cats Dental Hygiene Set - Cat Toothbrush and Toothpaste,trixie,cat,health_wellness,,,,,,,,,,0.95,0.85,2026-07-07,2026-07-07,True
e2723ad119563f05,e2723ad119563f05,"KickAt Tear-Free & Sulfate-Free Kitten Shampoo - Fresh Cucumber & Soft Milk Notes Conditioning, Allergy Relief, Anti-dandruff, Itch Relief COCO Cat Shampoo",kickat,cat,grooming,,,,,,,,,,0.95,0.85,2026-07-07,2026-07-07,True
d9305e280c8d786d,d9305e280c8d786d,"Royal Canin Maxi Puppy Food, Dry Food, Supports Immune System & digestive health, Provides Long growth, moderate energy, 4 Kg",royal canin,dog,dog_food,,,,,,,,,,0.95,0.85,2026-07-07,2026-07-07,True
edd0232064044ac5,edd0232064044ac5,Aviean International Dog 1.4 Kg Puppy Biscuits (0.7) Kg 2 Pack With 700Gm Free Pack Of 2 Chicken 2 kg ...,aviean,dog,dog_food,,,,,,,,,,0.95,0.85,2026-07-07,2026-07-07,True
1d8c0e94e8d3f99d,1d8c0e94e8d3f99d,THE DDS STORE 3.LTR.Cat Water Bowl Dispenser Automatic Water Fountain Plastic,,cat,beds_accessories,,,,,,,,,,0.95,0.85,2026-07-07,2026-07-07,True
e716b6d7cf64e43a,e716b6d7cf64e43a,"Dog Trust Extra Large Cat Scratcher Cardboard, Scratch Pad with Cat Scratcher Box, Reversible Cardboard Refill Pad",dog,both,beds_accessories,,,,,,,,,,0.75,0.85,2026-07-07,2026-07-07,True
e40816928ef44e59,e40816928ef44e59,Emily Pets Dog training Clicker (Pack 2) with starp. Plastic Training Aid For Dog & Cat,emily,both,training,,,,,,,,,,0.75,0.85,2026-07-07,2026-07-07,True
e8ddd658d91f78f1,e8ddd658d91f78f1,Pawxie Tactical Dog Collar with Leash Soft Handle –Adjustable Military Style Dog Collar & Leash,pawxie,dog,training,,,,,,,,,,0.95,0.85,2026-07-07,2026-07-07,True
1bba2504b559452e,1bba2504b559452e,Pet Guard Interactive Cat Wand and Cat Feather Toys with Bells For Indoor Cat toys Plastic Fetch Toy For Dog & Cat,,both,cat_toys,,,,,,,,,,0.75,0.85,2026-07-07,2026-07-07,True
337fec1cd2b97a41,337fec1cd2b97a41,"KIKA Pets Personalized Dog Harness|Dog Harness For Shih Tzu With Name|Customized Dog Vest Harness,Small Size (For 5-12 Kg Dog",kika,dog,collars_leashes,,,,,,,,,,0.95,0.85,2026-07-07,2026-07-07,True
b220e782dbf52290,b220e782dbf52290,DOGGIE Biscuits In Chicken Flavour 1 Pack 450G Chicken Dog Treat,doggie,dog,training,,,,,,,,,,0.95,0.85,2026-07-07,2026-07-07,True
9c29d1c6e73a4bd8,9c29d1c6e73a4bd8,FurrChild Dog & Puppy Training Pads 60x60 cm Super Absorbent 20 Pack Disposable Dog Diapers,furrchild,dog,training,,,,,,,,,,0.95,0.85,2026-07-07,2026-07-07,True
ed7f187682bf6409,ed7f187682bf6409,wagmart Wagmart Heavy Duty Retractable Dog Leash Lock Pet Walking Lead 300cm 500 cm Dog & Cat Strap Leash,wagmart,both,collars_leashes,,,,,,,,,,0.75,0.85,2026-07-07,2026-07-07,True
bbb2a99a36aa0c72,bbb2a99a36aa0c72,Chip Chops Chicken Sausages Chicken 0.21 kg (3x0.07 kg) Dry Young Dog Food,chip,dog,dog_food,,,,,,,,,,0.95,0.85,2026-07-07,2026-07-07,True
ab5396f0b629429d,ab5396f0b629429d,Dogsee Chew Puffies|100% Natural Himalayan Vegetarian Cheese Dog Treat,himalaya,dog,training,,,,,,,,,,0.95,0.85,2026-07-07,2026-07-07,True
1e34da25806cfddd,1e34da25806cfddd,THEVARNIT Plastic Ball For Cat,thevarnit,cat,cat_toys,,,,,,,,,,0.95,0.85,2026-07-07,2026-07-07,True
b47e876693c0d753,b47e876693c0d753,Drools Real Chicken 3 kg Dry Adult Cat Food,drools,cat,cat_food,,,,,,,,,,0.95,0.85,2026-07-07,2026-07-07,True
5c11e2aa95d2abd9,5c11e2aa95d2abd9,Buraq Cat Collar Set of 4 | Nylon | Bell | Adjustable | Breakaway Safe| All Cat Breeds Cat Break Away Collar,buraq,cat,collars_leashes,,,,,,,,,,0.95,0.85,2026-07-07,2026-07-07,True
201a85d002fb61f5,201a85d002fb61f5,"CottonCat Cat Harness with Leash – Escape Proof, Adjustable Soft Mesh Vest for Cats, Breathable Lightweight Kitten Harness wi",cottoncat,cat,collars_leashes,,,,,,,,,,0.95,0.85,2026-07-07,2026-07-07,True
fe631cec12f0bf6e,fe631cec12f0bf6e,skyec Pup Start Weaning Diet Above 15 Days for All Breeds Puppy Food Vanilla 0.055 kg Dry New Born Dog...,skyec,dog,dog_food,,,,,,,,,,0.95,0.85,2026-07-07,2026-07-07,True
05cd8e90d2386c04,05cd8e90d2386c04,"CWAWZ Dog Beds for Large Dogs, Orthopedic Dog Bed with Cooling Gel Memory Foam, Waterproof Large Dog Bed with Removable Washa",cwawz,dog,beds_accessories,,,,,,,,,,0.95,0.85,2026-07-07,2026-07-07,True
1e608df9c19eb6f6,1e608df9c19eb6f6,Dr Pet Medicated Anti Tick Flea Dog Shampoo 100ml Liquid Pet Care Deep Clean Skin Care Flea and Tick Herbal Natural Dog Shampoo,dr,dog,health_wellness,,,,,,,,,,0.95,0.85,2026-07-07,2026-07-07,True
86b8a466f4c22b8e,86b8a466f4c22b8e,"MUDDY PAWS Premium Reversible Oval Dog Bed – Large – Washable Anti-Skid Pet Bed with Toy Pillows, Soft Polyester Dog Cushion",muddy,dog,beds_accessories,,,,,,,,,,0.95,0.85,2026-07-07,2026-07-07,True
b631b28370154d2c,b631b28370154d2c,"nutrapet The Lop Eared Donkey Polyester, Jute Plush Toy, Squeaky Toy For Dog",nutrapet,dog,dog_toys,,,,,,,,,,0.95,0.85,2026-07-07,2026-07-07,True
31fc3a2314272064,31fc3a2314272064,"Emily Pets Pet Nail Clippers for Dogs & Cats – Razor-Sharp Blades, Anti-Slip Grip, Burr-Free Claw Trimmer – Safe & Easy Groom",emily,both,grooming,,,,,,,,,,0.75,0.85,2026-07-07,2026-07-07,True
676ad9a43bc07636,676ad9a43bc07636,"Bakson Veterinary V61 Blood Purifier Drops 30ML | Homeopathic Blood Cleanser for Pets, Dogs & Cats | Supports Clear Skin, All",me-o,both,health_wellness,,,,,,,,,,0.75,0.85,2026-07-07,2026-07-07,True
31f62a3d08d97f46,31f62a3d08d97f46,Rvpaws Cat sisal ball interactive training balls bite resistant catnip for cat & kitten Jute Ball For Cat,rvpaws,cat,cat_toys,,,,,,,,,,0.95,0.85,2026-07-07,2026-07-07,True
94d42a2b39a5558f,94d42a2b39a5558f,"ROMSAY Deep Nourishing Aloevera 200ML + Tick & Flea Neem Shampoo 200ML + Pet Brush Allergy Relief, Anti-dandruff, Anti-fungal, Anti-itching, Flea and Tick, Hypoallergenic Neem, Alovera Dog Shampoo",romsay,dog,health_wellness,,,,,,,,,,0.95,0.85,2026-07-07,2026-07-07,True
8e541b52dedf7915,8e541b52dedf7915,"Chompz Taurine Supplement for Cats | 50g Powder | Supports Heart, Vision & Immunity | Unflavoured & Pure | Mixes into Any Mea",chompz,cat,health_wellness,,,,,,,,,,0.95,0.85,2026-07-07,2026-07-07,True
d3fbfa837c47fcb6,d3fbfa837c47fcb6,"Pedigree Adult & Puppy Dry Dog Food, 100% Vegetarian, 2.8 kg, Contains 37 Essential Nutrients, 100% Complete & Balanced Food",pedigree,dog,dog_food,,,,,,,,,,0.95,0.85,2026-07-07,2026-07-07,True
637f6c790632f07f,637f6c790632f07f,Me-O Tuna Tuna 3 kg Cat Food,me-o,cat,cat_food,,,,,,,,,,0.95,0.85,2026-07-07,2026-07-07,True
abdad19b2be7b570,abdad19b2be7b570,Petbabas Dog Anti-stress Collar,petbabas,dog,training,,,,,,,,,,0.95,0.85,2026-07-07,2026-07-07,True
aa30ffc4d2a8cf11,aa30ffc4d2a8cf11,PET360 Omega 3+6+9 for Dogs | Blend of Salmon & Flax Seed Oils with Fur & Coat Protectives | Reduced Shedding | Shiny Coat,pet360,dog,health_wellness,,,,,,,,,,0.95,0.85,2026-07-07,2026-07-07,True
f491518641b7c519,f491518641b7c519,"Aeenioy Cat Toys, Hanging Spring Toys for Cats, Interactive Cat Playing Toy with Feathers and Crinkle Paper, Kitten Toys for",aeenioy,cat,cat_toys,,,,,,,,,,0.95,0.85,2026-07-07,2026-07-07,True
1a5878c4e9c5a26f,1a5878c4e9c5a26f,"Vixora decorvaiz Ball for Cats & Dogs Silicone Chew Toy, Ball For Dog & Cat",vixora,both,cat_toys,,,,,,,,,,0.75,0.85,2026-07-07,2026-07-07,True
764ee5004e658dd7,764ee5004e658dd7,"PetJoy Dog Toy Rainbow Rubber, Ball Toy for Dogs, Dog Fetch Ball, Chewing Ball, Medium, Rubber Fetch Toy, Soft Toy, Chew Toy For Dog",petjoy,dog,dog_toys,,,,,,,,,,0.95,0.85,2026-07-07,2026-07-07,True
fe2b597877b00d8f,fe2b597877b00d8f,Royal Canin Hair & Skin Care Adult Gravy 1.02 kg (12x0.09 kg) Wet Adult Cat Food,royal canin,cat,cat_food,,,,,,,,,,0.95,0.85,2026-07-07,2026-07-07,True
4dbe53b463ab8516,4dbe53b463ab8516,Pawxie Dog Standard Harness,pawxie,dog,collars_leashes,,,,,,,,,,0.95,0.85,2026-07-07,2026-07-07,True
438dee759a97e898,438dee759a97e898,"Agirav Professional Animal Nail Cutter Clipper Trimmer Filer (Large) for Small, Medium and Large Dogs, Puppies, Cats and Kitt",agirav,both,grooming,,,,,,,,,,0.75,0.85,2026-07-07,2026-07-07,True
78b0156ac7ada6cf,78b0156ac7ada6cf,Vetoquinol Samolac Pro Dog and Cat Cereal for weaning puppies and cats Pet Health Supplements,vetoquinol,both,health_wellness,,,,,,,,,,0.75,0.85,2026-07-07,2026-07-07,True
e5c6430c56a27fb7,e5c6430c56a27fb7,"Virbac CANITONE Jr. growth-enhancing supplement for young ones For Dogs (Pack of 3,250 ML) Pet Health Supplements",virbac,dog,health_wellness,,,,,,,,,,0.95,0.85,2026-07-07,2026-07-07,True
8c46b024cb2820f6,8c46b024cb2820f6,"Pet Guard Wall Mounted Egg Shaped All Natural Rotating Catnip Lick Balls Cat Treat Toy Plastic, Wool Chew Toy For Cat",,cat,cat_food,,,,,,,,,,0.95,0.85,2026-07-07,2026-07-07,True
56e7cc1ad9a91f3c,56e7cc1ad9a91f3c,"Petsoft Avocado Catnip Mint Treats Wall Balls Lick Treat, Natural Teeth Cleaning Toy PP (Polypropylene) Treat Dispensing Toy For Cat",petsoft,cat,cat_food,,,,,,,,,,0.95,0.85,2026-07-07,2026-07-07,True
07940a514eb42d36,07940a514eb42d36,"Trixie Dog Toothpaste with Mint, Oral Care,100g",trixie,dog,health_wellness,,,,,,,,,,0.95,0.85,2026-07-07,2026-07-07,True
fc2512ae78fe3186,fc2512ae78fe3186,"PETSNPLAY Pet toy interactive chew toy for Dogs and cat REALISTIC BURGER Rubber, Silicone Squeaky Toy, Chew Toy, Ball, Plush Toy For Dog & Cat",petsnplay,both,cat_toys,,,,,,,,,,0.75,0.85,2026-07-07,2026-07-07,True
0e94e7ab573eaaf9,0e94e7ab573eaaf9,Amazon Basics Soft Pet Kennel (Large) | Pet Habitat - Multi-Color Printed | Dog | 60L x 60Wx 62H Centimeters,amazon basics,dog,beds_accessories,,,,,,,,,,0.95,0.85,2026-07-07,2026-07-07,True
2bee726961e0ec0d,2bee726961e0ec0d,Royal Canin Shih Tzu 1.5 kg Dry Young Dog Food,royal canin,dog,dog_food,,,,,,,,,,0.95,0.85,2026-07-07,2026-07-07,True
ad394f883cee64c0,ad394f883cee64c0,Foodie Puppies Dog Bath Brush Body Scrubber Shampoo Dispenser Tick Remover - (Silicone Dispenser Brush) for Shower Bathing an,foodie,dog,grooming,,,,,,,,,,0.95,0.85,2026-07-07,2026-07-07,True
6664e2f7bad7eb70,6664e2f7bad7eb70,Chip Chops Sushi Rolls dog Meaty Treat - 70 gm Chicken Dog Treat,chip,dog,training,,,,,,,,,,0.95,0.85,2026-07-07,2026-07-07,True
f27386d8b06f2eda,f27386d8b06f2eda,Royal Canin Medium Adult Meat Granule Dry Dog Food Meat 1 kg Dry Adult Dog Food,royal canin,dog,dog_food,,,,,,,,,,0.95,0.85,2026-07-07,2026-07-07,True
5b45b3e921d675d9,5b45b3e921d675d9,"AmazonBasics Cat Tree with Platform, Grey ,1 Piece,X-Large",amazon basics,cat,beds_accessories,,,,,,,,,,0.95,0.85,2026-07-07,2026-07-07,True
992e1992bf519919,992e1992bf519919,"decorvaiz Toys for Medium Puppies Dogs Toy Combo | Multicolor | Foam Ball Cotton Ball, Fetch Toy, Chew Toy, Tug Toy, Rubber Toy, Squeaky Toy For Dog",decorvaiz,dog,dog_toys,,,,,,,,,,0.95,0.85,2026-07-07,2026-07-07,True
764a203af0527566,764a203af0527566,"The Pets Company Cat Harness Leash Set for Cats & Kittens, 45 Inches Black",,cat,collars_leashes,,,,,,,,,,0.95,0.85,2026-07-07,2026-07-07,True
915c5feb2f96897a,915c5feb2f96897a,"TAILWAGZ 900gm Delicious Milk And Veg Puppy Biscuits Healthy Treats Rich In Milk, Vegetable 0.9 kg (2x...",tailwagz,dog,dog_food,,,,,,,,,,0.95,0.85,2026-07-07,2026-07-07,True
ac035cc0777e005c,ac035cc0777e005c,"Pawxie No Pull Tactical Dog Harness, Adjustable Size For 25-40KG Pet Dog Harness & Leash",pawxie,dog,collars_leashes,,,,,,,,,,0.95,0.85,2026-07-07,2026-07-07,True
085d92d33f4fef84,085d92d33f4fef84,chullbull pet products Pet Training Clicker with Wrist Strap and Strap Hook for Dog/Cat Plastic Training Aid For Dog & Cat,chullbull,both,training,,,,,,,,,,0.75,0.85,2026-07-07,2026-07-07,True
99d1b86f13dc3cbe,99d1b86f13dc3cbe,Emily Pets Cat Stick Toy with Bell & Plush | Interactive Kitten Wand (Color May Vary) Wooden Stick For Cat,emily,cat,cat_toys,,,,,,,,,,0.95,0.85,2026-07-07,2026-07-07,True
6ea40afdb70a2650,6ea40afdb70a2650,PETHEEDS Bone and Joint Chewable Tablets with Lucious Chicken Flavored for Dog/Cat Pet Health Supplements,petheeds,both,health_wellness,,,,,,,,,,0.75,0.85,2026-07-07,2026-07-07,True
9f7910d6fa52c725,9f7910d6fa52c725,VETENEX Catch Worm Pet - Herbal Dewormer For Puppy and Cats - 30 ML Pet Dewormer,vetenex,both,health_wellness,,,,,,,,,,0.75,0.85,2026-07-07,2026-07-07,True
f5768d803f34e7a7,f5768d803f34e7a7,Royal Canin Sterilised 1.02 kg (12x0.09 kg) Wet Adult Cat Food,royal canin,cat,cat_food,,,,,,,,,,0.95,0.85,2026-07-07,2026-07-07,True
62d7755bcbd16cfe,62d7755bcbd16cfe,Whiskas Tasty Mix (1+ Years) Sea Food 980 g (14x70 g) Wet Adult Cat Food,whiskas,cat,cat_food,,,,,,,,,,0.95,0.85,2026-07-07,2026-07-07,True
eeeca6c53f532fdd,eeeca6c53f532fdd,"LitVibes Paw Cat Collar With Bell,Kitten And Small Dogs Soft Adjustable Collar,Safe,Breakaway For Cats And Puppies-Red,?14 cm",litvibes,both,collars_leashes,,,,,,,,,,0.75,0.85,2026-07-07,2026-07-07,True
13a06c91569dc12a,13a06c91569dc12a,"Pedigree Adult Dry Dog Food, Chicken, Egg & Rice, 3 kg, Contains 37 Essential Nutrients, 100% Complete & Balanced Food for Ad",pedigree,dog,dog_food,,,,,,,,,,0.95,0.85,2026-07-07,2026-07-07,True
cd78fa87149a8998,cd78fa87149a8998,Me-O Sea Sea Food 3 kg Cat Food,me-o,cat,cat_food,,,,,,,,,,0.95,0.85,2026-07-07,2026-07-07,True
4ee7d9098cd5ecc2,4ee7d9098cd5ecc2,DogTrust Bell Cat Collar Charm,dogtrust,cat,collars_leashes,,,,,,,,,,0.95,0.85,2026-07-07,2026-07-07,True
02b4873c2e606638,02b4873c2e606638,Ratixes Pet Training Clicker with Wrist Strap and Strap Hook for Dog/Cat Plastic Training Aid For Dog & Cat,ratixes,both,training,,,,,,,,,,0.75,0.85,2026-07-07,2026-07-07,True
d5dc0d4b6790f1c2,d5dc0d4b6790f1c2,SENAPATI Dog Collar & Chain,senapati,dog,collars_leashes,,,,,,,,,,0.95,0.85,2026-07-07,2026-07-07,True
df77a31dd3c327c8,df77a31dd3c327c8,Foodie Puppies 2in1 Combo of Latex Squeaky Sound Chew Toy - (Blue Bull and Claw Ball) for Small Dogs & Puppies | Interactive,foodie,dog,dog_toys,,,,,,,,,,0.95,0.85,2026-07-07,2026-07-07,True
eaf490ed4dd4adb6,eaf490ed4dd4adb6,Pet Guard Cat Toys -Interactive Cat Feather Toy Set -Activity Cat Toys Plastic Training Aid For Cat,,cat,cat_toys,,,,,,,,,,0.95,0.85,2026-07-07,2026-07-07,True
238baa1cab14589e,238baa1cab14589e,Sunkizzrs Silvervine Stick 3-Pcs (Φ1 x 21cm) with Sisal Rope & Gall Fruit & Raffia Palm —Matatabi Stick for Cat Teeth Cleani,sunkizzrs,cat,cat_food,,,,,,,,,,0.95,0.85,2026-07-07,2026-07-07,True
685f58d5166d70fd,685f58d5166d70fd,"Amazon Basics Retractable Dog Leash | 5 Meter | for Large Dogs Up to 50 Kg | Heavy Duty Leash for Pets | Strong Nylon Tape,",amazon basics,dog,collars_leashes,,,,,,,,,,0.95,0.85,2026-07-07,2026-07-07,True
96d2ac088d21c006,96d2ac088d21c006,Paitsco Luxury Soft Plush Fur Pet Bed for Dogs & Cats Pet Sofa Bed Comfort Sleeping S Pet Bed,paitsco,both,beds_accessories,,,,,,,,,,0.75,0.85,2026-07-07,2026-07-07,True
b95d8492fc1ec7d4,b95d8492fc1ec7d4,Zexsazone Pumpkin Pet House Bed | Soft Plush Cat Cave & Small Dog Bed Shih Tzu & Small Dog S Pet Bed,zexsazone,both,beds_accessories,,,,,,,,,,0.75,0.85,2026-07-07,2026-07-07,True
54bf2e870ac37022,54bf2e870ac37022,"Kapiance Rolings Toy, Interactives Toy Electric 360° Smart Automatic Rollings Pet Balls Interactives Rollings for Cat and Dog",kapiance,both,cat_toys,,,,,,,,,,0.75,0.85,2026-07-07,2026-07-07,True
07c4f1984c21d68d,07c4f1984c21d68d,"Smarty COMB DOG & CAT Basic Comb for Dog, Cat",smarty,both,grooming,,,,,,,,,,0.75,0.85,2026-07-07,2026-07-07,True
f2c5b185613cb6cb,f2c5b185613cb6cb,"HAVEN STYLISH Luxury Coller Sofas , Beds For Dog And Cat L Pet Bed",haven,both,beds_accessories,,,,,,,,,,0.75,0.85,2026-07-07,2026-07-07,True
99eb46a9bd1c1542,99eb46a9bd1c1542,WapaW Dog Collar & Leash,wapaw,dog,training,,,,,,,,,,0.95,0.85,2026-07-07,2026-07-07,True
d5ef61a3b62dab3a,d5ef61a3b62dab3a,decorvaiz Cotton Chew Toy For Dog,decorvaiz,dog,dog_toys,,,,,,,,,,0.95,0.85,2026-07-07,2026-07-07,True
727d33d464c4b071,727d33d464c4b071,CHIKLY Cat Plush Toy with Press Simulation Sound - 8 cm,chikly,cat,cat_toys,,,,,,,,,,0.95,0.85,2026-07-07,2026-07-07,True
ffa8066bcdb6b66c,ffa8066bcdb6b66c,"BuddyCheer Dog Teeth Cleaning Wipes, Pet Dental Finger Wipes for Dogs, No-Rinse Finger Toothbrush Wipes to Reduce Plaque & Ta",buddycheer,dog,health_wellness,,,,,,,,,,0.95,0.85,2026-07-07,2026-07-07,True
1fdba39a7cca8cbd,1fdba39a7cca8cbd,"Qpets Cat Cone Collar Comfy & Soft Stuffed PP Cotton Adjustable Size Machine Washable, After Surgery for Anti-Licking Dog E",qpets,both,collars_leashes,,,,,,,,,,0.75,0.85,2026-07-07,2026-07-07,True
37704ef13b083e8a,37704ef13b083e8a,"Foodie Puppies Interactive Plastic Coil Spring Cat Toys (Pack of 5) for Cats & Kittens | Colorful, Flexible Toys for Indoor P",foodie,both,cat_toys,,,,,,,,,,0.75,0.85,2026-07-07,2026-07-07,True
0877e27b72015648,0877e27b72015648,Bhambhu Store Cute Persian Cat Plush Toy Showpiece - 10 cm,bhambhu,cat,cat_toys,,,,,,,,,,0.95,0.85,2026-07-07,2026-07-07,True
85b1e04df3d1c616,85b1e04df3d1c616,Emily Pets Interactive Cat Wand Toy with Plush & Bell for Kittens (Color May Vary) Wooden Stick For Cat,emily,cat,cat_toys,,,,,,,,,,0.95,0.85,2026-07-07,2026-07-07,True
2102726625ff68c8,2102726625ff68c8,Pet Guard Automatic Dog Water Feeder Gravity Dog Water Dispenser Pet Water Fountain Plastic Pet Bowl & Bottle,,dog,beds_accessories,,,,,,,,,,0.95,0.85,2026-07-07,2026-07-07,True
10c3d4c2a75d292a,10c3d4c2a75d292a,Petsoft Interactive Cat Toy with Rolling Ball & Spring Mouse Plastic Fetch Toy For Dog & Cat,petsoft,both,cat_toys,,,,,,,,,,0.75,0.85,2026-07-07,2026-07-07,True
955d9b684157d731,955d9b684157d731,'NWOUIIAY Pet hair trimmer GUDDIES professional pet electric clipper set wireless rechargeable cat and dog shaver IPX7 waterp,nwouiiay,both,grooming,,,,,,,,,,0.75,0.85,2026-07-07,2026-07-07,True
ffb016efff3e0fc6,ffb016efff3e0fc6,"HANK Deshedding Brush for Dogs & Cats | 6mm Stainless Steel Pet Grooming Tool | Dog Hair Remover Brush for Short, Medium & Lo",hank,both,grooming,,,,,,,,,,0.75,0.85,2026-07-07,2026-07-07,True
9d455d5757b266b5,9d455d5757b266b5,RvPaws Combo Nylon Dog Belt - 1 Inch Collar with Heavy Dog Chain 63 Inch Lengthy Dog Collar Chain Adjustable (Collar Neck Siz,rvpaws,dog,collars_leashes,,,,,,,,,,0.95,0.85,2026-07-07,2026-07-07,True
61f78fa11f3bc526,61f78fa11f3bc526,PETTLEPOP Clicker with Coil Wrist Strap Plastic Training Aid For Dog,pettlepop,dog,training,,,,,,,,,,0.95,0.85,2026-07-07,2026-07-07,True
1223cea36eddf437,1223cea36eddf437,ZIGLY Lifestyle Tropical Drift Adjustable Dog Dog Everyday Collar,zigly,dog,training,,,,,,,,,,0.95,0.85,2026-07-07,2026-07-07,True
bfa68d8f5fce5bb9,bfa68d8f5fce5bb9,maycreate Cat Water Fountain LED Light Large Ultra-Silent High,maycreate,cat,beds_accessories,,,,,,,,,,0.95,0.85,2026-07-07,2026-07-07,True
a08ca9da60adb1bd,a08ca9da60adb1bd,"MDM HUB Interactive Cat Ball Toy with Rope Tail, Smart Rolling Ball for Indoor Cats and Dogs (Multicolor)",mdm,both,cat_toys,,,,,,,,,,0.75,0.85,2026-07-07,2026-07-07,True
2f2e9baee89d89d8,2f2e9baee89d89d8,"PETSWARE Cat Body Wash,5 in 1 Cat Shampoo+Conditioner for Persian Cats Hypoallergenic, Conditioning, Anti-fungal, Allergy Relief, Anti-parasitic Green Apple Cat Shampoo",petsware,cat,grooming,,,,,,,,,,0.95,0.85,2026-07-07,2026-07-07,True
b57d88b2c1fb5ce0,b57d88b2c1fb5ce0,"Wuuff&Meow GimCat Premium Cat Multi-Vitamin Paste with 13 Vitamins, Oils, Zinc, Biotin, L-Carnitine for Immunity Support, Ski",me-o,cat,health_wellness,,,,,,,,,,0.95,0.85,2026-07-07,2026-07-07,True
1aeb6c7c8ca9dcbe,1aeb6c7c8ca9dcbe,dubidu DBD2401 180 cm Dog Chain Leash,dubidu,dog,collars_leashes,,,,,,,,,,0.95,0.85,2026-07-07,2026-07-07,True
2717d8af29735046,2717d8af29735046,"Absolut Pet Dog Supplements Probiotic, Hip & Joint, Skin & Coat Chews for Gut Health, Reduced Shedding & Improved Mobility wi",absolut,dog,health_wellness,,,,,,,,,,0.95,0.85,2026-07-07,2026-07-07,True
0cb594eafdd98c3d,0cb594eafdd98c3d,"Medfly Fortix Ticks and Fleas Spray for Cats, Dogs and Home Defense Flea and Tick Natural Dog Shampoo",medfly,both,health_wellness,,,,,,,,,,0.75,0.85,2026-07-07,2026-07-07,True
f892a5a6fc2b6363,f892a5a6fc2b6363,PET HUB Dog Collar & Leash,,dog,training,,,,,,,,,,0.95,0.85,2026-07-07,2026-07-07,True
b13efe801915af6f,b13efe801915af6f,"decorvaiz Toys for Big Cats, Tails Smart Ball Interactive Pet Rolling Ball Toy Silicone, Nylon, PP (Polypropylene) Ball For Dog & Cat",decorvaiz,both,cat_toys,,,,,,,,,,0.75,0.85,2026-07-07,2026-07-07,True
a4b47980ca02766a,a4b47980ca02766a,"ENJOY PET Dog Clippers Cat Shaver, Professional Hair Grooming Clippers Detachable Blades Cordless Rechargeable, Pet Clipper K",enjoy,both,grooming,,,,,,,,,,0.75,0.85,2026-07-07,2026-07-07,True
b165c36b51605ad9,b165c36b51605ad9,"Himalaya Erina Puppy Shampoo & Conditioner | 200 ml | Gentle 2-in-1 Cleansing & Conditioning for Puppies – with Oats, Reetha",himalaya,dog,grooming,,,,,,,,,,0.95,0.85,2026-07-07,2026-07-07,True
20601c3c35a795f7,20601c3c35a795f7,Wudyhub Cat Tree Indoor Climbing Activity Tower with Scratching Posts | Cat-37-Brown | 40x30x80 cm,wudyhub,cat,beds_accessories,,,,,,,,,,0.95,0.85,2026-07-07,2026-07-07,True
179455a38e3376ed,179455a38e3376ed,"Doctapet Nutriply Daily Wellness for Dogs & Cats, Multivitamins And Energy Boost Pet Health Supplements",doctapet,both,health_wellness,,,,,,,,,,0.75,0.85,2026-07-07,2026-07-07,True
55eab211fcb50b13,55eab211fcb50b13,decorvaiz Plastic Chew Toy For Dog,decorvaiz,dog,dog_toys,,,,,,,,,,0.95,0.85,2026-07-07,2026-07-07,True
7010009312822c20,7010009312822c20,"Agirav Cat Scratch Pad Cardboard cat scratchers for Indoor Cats Reversible Large Wide Corrugated with Catnip (Standard, Strai",agirav,cat,beds_accessories,,,,,,,,,,0.95,0.85,2026-07-07,2026-07-07,True
fd2310b0977209cc,fd2310b0977209cc,"Petsoft Catnip Shuttlelock Mint Balls feather Lick Treat, Natural Teeth Cleaning Toy Earthenware Treat Dispensing Toy For Cat",petsoft,cat,cat_food,,,,,,,,,,0.95,0.85,2026-07-07,2026-07-07,True
90a5421129555574,90a5421129555574,UNIQUE PET COLLECTION Polyester Pet Bed Dog And Cat Gaddi Soft And Cozy Pet Pillow For All Seasons For Indoor And Outdoor Use,unique,both,beds_accessories,,,,,,,,,,0.75,0.85,2026-07-07,2026-07-07,True
c2434a3dde54f158,c2434a3dde54f158,Emily Pets Cat Teaser Toy with Bell & Plush | Interactive Kitten Wand (Color May Vary) Wooden Stick For Cat,emily,cat,cat_toys,,,,,,,,,,0.95,0.85,2026-07-07,2026-07-07,True
c3baec32d90deace,c3baec32d90deace,"Wagster Interactive Cat Toy Ball Rolling Rope Toy for Cats Dogs Pet Play Fun Ball Silicone, Plastic Ball For Dog & Cat",wagster,both,cat_toys,,,,,,,,,,0.75,0.85,2026-07-07,2026-07-07,True
b5a9aaffa46347e2,b5a9aaffa46347e2,"fofos FOFOS Spring Tube Cat Toy 3Pk Rubber Training Aid, Chew Toy For Cat",fofos,cat,cat_toys,,,,,,,,,,0.95,0.85,2026-07-07,2026-07-07,True
3eeeb0a347767459,3eeeb0a347767459,"Electrostatic Pet Hair Remover Glove for Dogs & Cats – Reusable Fur Remover Brush for Furniture, Clothes, Sofas, Car Seats &",electrostatic,both,grooming,,,,,,,,,,0.75,0.85,2026-07-07,2026-07-07,True
964b7005bf421c3e,964b7005bf421c3e,"Agirav Dog Toy Set - Tail, Chew, Puppy Teething, Rope, Squeaky Toys for Small to Medium Dogs (Pack of 6)",agirav,dog,dog_toys,,,,,,,,,,0.95,0.85,2026-07-07,2026-07-07,True
b45d0dedcde35706,b45d0dedcde35706,Breedo Dog Worm-Away Pet - Liquid Herbal Dewormer For Puppy and Cats - 30 ML Pet Dewormer,breedo,both,health_wellness,,,,,,,,,,0.75,0.85,2026-07-07,2026-07-07,True
ee283f815a82d654,ee283f815a82d654,Pooch Harbor Calciur Calcium Syrup for Adult Dogs & Young Puppies - 200 ML (Pack of 03),pooch,dog,health_wellness,,,,,,,,,,0.95,0.85,2026-07-07,2026-07-07,True
0ad72e2d04631e38,0ad72e2d04631e38,Dr. Pets Banana Oats Dog Biscuits Pure Oven Baked Dog Treats Food Oats Dog Treat,dr,dog,training,,,,,,,,,,0.95,0.85,2026-07-07,2026-07-07,True
2c5d427883d1562f,2c5d427883d1562f,"Emily Pets Heavy Duty Dog Travel Flight Crate , Cage for Pet 23.5"" Long, 15-20 lb Grey, Black Airline Pet Carrier",emily,dog,beds_accessories,,,,,,,,,,0.95,0.85,2026-07-07,2026-07-07,True
6b2d62e1b431cdfe,6b2d62e1b431cdfe,"Royal Canin Maxi Adult Dog Food, Dry Food, Supports Digestive Health & Optimal Health, Provides Bone & Joint Support, 4 Kg",royal canin,dog,dog_food,,,,,,,,,,0.95,0.85,2026-07-07,2026-07-07,True
b8410368877a7b61,b8410368877a7b61,PSK PET MART Pet Training Clicker Button Clicker (Pack of 1) Plastic Training Aid For Dog,psk,dog,training,,,,,,,,,,0.95,0.85,2026-07-07,2026-07-07,True
fd4f9d11733a328a,fd4f9d11733a328a,"Barkybite Barkybite Premium Biscuits For All Breeds Of Dog & Puppy | Chicken, Meat 4.9 kg (5x0.98 kg) ...",barkybite,dog,dog_food,,,,,,,,,,0.95,0.85,2026-07-07,2026-07-07,True
393bb7a0a2b7a6bf,393bb7a0a2b7a6bf,Vikausha Enterprises Dog Soft Toys_04 - 33 cm,vikausha,dog,dog_food,,,,,,,,,,0.95,0.85,2026-07-07,2026-07-07,True
7ebfab9a5c009339,7ebfab9a5c009339,ARIMA Reflective Collar and leash with premium quality bell Dog & Cat Collar & Leash,arima,both,collars_leashes,,,,,,,,,,0.75,0.85,2026-07-07,2026-07-07,True
4aa7cb92e7b39a29,4aa7cb92e7b39a29,"HAVEN STYLISH Luxury Simple Sofas , Beds For Dog And Cat S Pet Bed",haven,both,beds_accessories,,,,,,,,,,0.75,0.85,2026-07-07,2026-07-07,True
f5ff78967d4ab7da,f5ff78967d4ab7da,Petroyale 2-in-1 Shampoo + Conditioner for Cats - Anti-Tick & Flea - Dandruff Control - Itch Relief - Cat Shampoo with Coconu,petroyale,cat,grooming,,,,,,,,,,0.95,0.85,2026-07-07,2026-07-07,True
c2252b3bd0baa3f9,c2252b3bd0baa3f9,"Cozy Kiddos multicolor Dog and Puppy Toy Washable Cotton Pack of 12 Cotton Ball, Bone, Chew Toy, Rubber Toy, Soft Toy, Tough Toy, Tug Toy, Training Aid For Dog & Cat",cozy,both,dog_toys,,,,,,,,,,0.75,0.85,2026-07-07,2026-07-07,True
fd86169d9daf8e2b,fd86169d9daf8e2b,"Palamountains My Beau for Cats – Omega 3 & 6, Essential Vitamins – Enhances Skin, Coat, Immunity, Digestion & Reduces Fur Bal",palamountains,cat,health_wellness,,,,,,,,,,0.95,0.85,2026-07-07,2026-07-07,True
3f99e882885d8699,3f99e882885d8699,PETSNPLAY Plastic Treat Dispensing Toy For Dog & Cat,petsnplay,both,cat_food,,,,,,,,,,0.75,0.85,2026-07-07,2026-07-07,True
cbced39ebb93d72f,cbced39ebb93d72f,"Buraq Tactical Dog Collar, Military-Grade Nylon, Reinforced Buckle & Control Handle, Adjustable & Heavy Duty Training Belt fo",buraq,dog,collars_leashes,,,,,,,,,,0.95,0.85,2026-07-07,2026-07-07,True
cbd81a1e83cf36b3,cbd81a1e83cf36b3,"Qpets Electric Dog Nail Trimmer with LED Light, Dog Nail Grinder Rechargable Cat Nail Trimmer, 2 Adjustable Speed Dog Nail C",qpets,both,grooming,,,,,,,,,,0.75,0.85,2026-07-07,2026-07-07,True
d5f6110d5b2c82c4,d5f6110d5b2c82c4,"Persian Cat & All Cat Types 5 in 1 Shampoo with Conditioner | Anti-fungal, Flea and Tick, Conditioning, Anti-Bacterial, Laven",persian,cat,grooming,,,,,,,,,,0.95,0.85,2026-07-07,2026-07-07,True
42145f4dfc73d00d,42145f4dfc73d00d,Emily Pets Cat Teaser Wand Toy with Plush & Bell for Cats & Kittens (Color May Vary) Wooden Stick For Cat,emily,cat,cat_toys,,,,,,,,,,0.95,0.85,2026-07-07,2026-07-07,True
48b5ecbf572a4d48,48b5ecbf572a4d48,"2-Pack Pet Hair Remover Gloves - Reusable Grooming Gloves for Dogs & Cats, Static Electricity Fur Removal Mitts for Furniture",2-pack,both,grooming,,,,,,,,,,0.75,0.85,2026-07-07,2026-07-07,True
ee10bdc1e19cdea7,ee10bdc1e19cdea7,"KickAt Flea and Tick Neem & Aloevera Cat, Dog Shampoo",kickat,both,grooming,,,,,,,,,,0.75,0.85,2026-07-07,2026-07-07,True
8a8b46f626c0fbea,8a8b46f626c0fbea,"Agirav Dog Combo Pack of Harness, Neck Collar Belt and Rope Set (Black, Medium, Waterproof, Rope Size 1.5M-2M) (Black)",agirav,dog,collars_leashes,,,,,,,,,,0.95,0.85,2026-07-07,2026-07-07,True
51ce0c18827d0660,51ce0c18827d0660,"CTN Enterprise Cat Toys Ball – Smart Rolling LED Ball, Automatic & USB Rechargeable Motion Activate for Indoor Kitten Puppy D",ctn,both,cat_toys,,,,,,,,,,0.75,0.85,2026-07-07,2026-07-07,True
d716e4f3af0a0420,d716e4f3af0a0420,"Prmanchi Premium Oval Shaped Faux Fur Calming Pet Bed Cushion for Dogs and Cats, Fluffy S Pet Bed",prmanchi,both,beds_accessories,,,,,,,,,,0.75,0.85,2026-07-07,2026-07-07,True
95cadb100c98f0cf,95cadb100c98f0cf,"SniffyHub Puppy Collar & Leash Set, Soft Nylon, Adjustable with Bell Dog Collar & Leash",sniffyhub,dog,training,,,,,,,,,,0.95,0.85,2026-07-07,2026-07-07,True
8674926917dbb360,8674926917dbb360,"Rvpaws Dog Training Clicker with Wrist Strap - Pet Training Clicker, Big Button Clicker Set, Pack of 3 Plastic Training Aid For Dog",rvpaws,dog,training,,,,,,,,,,0.95,0.85,2026-07-07,2026-07-07,True
4338569d21628b2c,4338569d21628b2c,wagmart Wagmart Heavy Duty Reflective Rope Dog Leash Padded Handle Training Lead 121 cm Dog Cord Leash,wagmart,dog,collars_leashes,,,,,,,,,,0.95,0.85,2026-07-07,2026-07-07,True
7536c417dc71812a,7536c417dc71812a,"ATUT Dog showpiece, for Home Decor in Big size, Decorative Showpiece - 9 cm",atut,dog,dog_food,,,,,,,,,,0.95,0.85,2026-07-07,2026-07-07,True
c602daed66607355,c602daed66607355,"Qpets Floral Cat Collar, Cute Color Flower Cat Collar With Bell, Embroidery Handmade Sakura Charm Adjustable Quick Release Sm",qpets,cat,collars_leashes,,,,,,,,,,0.95,0.85,2026-07-07,2026-07-07,True
5ca51acf774ebc75,5ca51acf774ebc75,Meat Up Adult Wet Dog Food (8 x 70g) 560g + 560g (Free) 1120g| Real Chicken in Gravy | Healthy Digestion | Promotes Health &,meat up,dog,dog_food,,,,,,,,,,0.95,0.85,2026-07-07,2026-07-07,True
0ca3ea708f674548,0ca3ea708f674548,Royal Canin Royal Canin Intestinal Can 400 gm 0.4 kg Dry Adult Dog Food,royal canin,dog,dog_food,,,,,,,,,,0.95,0.85,2026-07-07,2026-07-07,True
50d4fb29220be625,50d4fb29220be625,"Cozy Kiddos YOUHAVEDEAL multicolor Medium to Large dogs Cotton Chew Toy, Fetch Toy, Soft Toy For Dog & Cat",cozy,both,dog_toys,,,,,,,,,,0.75,0.85,2026-07-07,2026-07-07,True
b075fe1278f0f7ba,b075fe1278f0f7ba,"DogTrust Plush Dog Toys with Interactive Squeaky, Durable Chew for Long Animals (1Pcs) Wool Plush Toy For Dog & Cat",dogtrust,both,dog_toys,,,,,,,,,,0.75,0.85,2026-07-07,2026-07-07,True
967537369b5f1635,967537369b5f1635,Petsoft Cat Pocky Catnip Mint Treats Toy For kittens Earthenware Treat Dispensing Toy For Cat,petsoft,cat,cat_food,,,,,,,,,,0.95,0.85,2026-07-07,2026-07-07,True
16a9960e5d468f13,16a9960e5d468f13,"PAWPRO HANDMADE Cat Nylon Collar With Customisable Name & Icon Tag, Bell, Adjustable Buckle, 15-30 Cm (Orange)",pawpro,cat,collars_leashes,,,,,,,,,,0.95,0.85,2026-07-07,2026-07-07,True
5b1eebe6b4ed4c68,5b1eebe6b4ed4c68,Petsoft Catnip Mint Treats Balls Toy Earthenware Ball For Dog & Cat,petsoft,both,cat_toys,,,,,,,,,,0.75,0.85,2026-07-07,2026-07-07,True
78c5049d24d6f9c6,78c5049d24d6f9c6,"Goofy Tails Dog Toys, Veggie Series Carrot Squeaky Chew Toys for Dogs & Puppies, Squeaky Toys for Dogs, Small & Medium Breeds",goofy,dog,dog_toys,,,,,,,,,,0.95,0.85,2026-07-07,2026-07-07,True
3407d3c09e888d71,3407d3c09e888d71,"Kipenzi Cat Kicker Plush Toy Set for Cats & Kittens | Soft, Colorful & Lightweight Toys with Catnip fillable Pocket | Non-Squ",kipenzi,cat,cat_toys,,,,,,,,,,0.95,0.85,2026-07-07,2026-07-07,True
b940087566eb44b9,b940087566eb44b9,wagmart Pet Deshedding Brush for Dogs Cats Hair Grooming Comb Fur Remover Tool Shedding Blade for Dog & Cat,wagmart,both,grooming,,,,,,,,,,0.75,0.85,2026-07-07,2026-07-07,True
16da4c2624c17fa3,16da4c2624c17fa3,"Petfun High Quality Pet Training Clicker (Green & Yellow) Plastic Tug Toy, Fetch Toy For Dog & Cat",petfun,both,training,,,,,,,,,,0.75,0.85,2026-07-07,2026-07-07,True
c318cdb58483410c,c318cdb58483410c,PSK PET MART Dog Chain Silver Grind No.8 Heavy Weight Dogs Leash Heavy Duty Dog Chain with Heavy Hook (L - 60 Inch) for Large,psk,dog,collars_leashes,,,,,,,,,,0.95,0.85,2026-07-07,2026-07-07,True
3a089b4a24f1fc92,3a089b4a24f1fc92,MCBAZEL Retractable Dog Leash 10 cm Dog Chain Leash,mcbazel,dog,collars_leashes,,,,,,,,,,0.95,0.85,2026-07-07,2026-07-07,True
412df0b7321d1669,412df0b7321d1669,"Cat Collar, Cat Neck Collar for Small Cats and Dogs, Soft E Collar for Cats Post Surgery, Comfortable Cat Cone Collar with Be",cat,both,health_wellness,,,,,,,,,,0.75,0.85,2026-07-07,2026-07-07,True
ca5214bac60d8050,ca5214bac60d8050,"Richpet Dog Chew Ball Toy Silicone Chew Toy, Ball For Dog",richpet,dog,dog_toys,,,,,,,,,,0.95,0.85,2026-07-07,2026-07-07,True
81e7b38252848126,81e7b38252848126,"decorvaiz YOUHAVEDEAL Toys for Puppies & Medium Dogs Toys | Color May Vary | Rope Ball Toy Cotton Ball, Tug Toy, Fetch Toy, Training Aid, Chew Toy For Dog & Cat",decorvaiz,both,dog_toys,,,,,,,,,,0.75,0.85,2026-07-07,2026-07-07,True
f027a89834b0909b,f027a89834b0909b,"Zigly Lifestyle Golden Hour Snooze Nest Pet Mat for Dogs & Cats | Ultra-Soft NS Butter Polyester | Water-Repellent, Anti-Skid",zigly,both,beds_accessories,,,,,,,,,,0.75,0.85,2026-07-07,2026-07-07,True
905350d31d15010c,905350d31d15010c,"Foodie Puppies Natural Latex Rubber Squeaky Chew Toy - (Purple Elephant, 12cm), Suitable for Puppy, X-Small to Small Dogs | D",foodie,dog,dog_toys,,,,,,,,,,0.95,0.85,2026-07-07,2026-07-07,True
3c9f38d21f2a392d,3c9f38d21f2a392d,"Moe Puppy Natural Paw Balm for Dogs & Cats | Lick Safe Paw Balm for Cracked & Dry Paws and Nose | Heals, Repairs & Moisturize",moe,both,grooming,,,,,,,,,,0.75,0.85,2026-07-07,2026-07-07,True
6ebf1d834724fe88,6ebf1d834724fe88,Smudges Smudges in Gravy Crabsticks with Tuna 0.96 kg (12x0.08 kg) Wet Adult Cat Food,smudges,cat,cat_food,,,,,,,,,,0.95,0.85,2026-07-07,2026-07-07,True
ab0b59b310cde34e,ab0b59b310cde34e,Smart pet Interactive Cat Toy Rolling Toy with Feather Teaser for Cats and Kittens Plastic Fetch Toy For Dog & Cat,smart,both,cat_toys,,,,,,,,,,0.75,0.85,2026-07-07,2026-07-07,True
7095a61b20cc2778,7095a61b20cc2778,"Cuddly Beans Dog Harness with Leash | No Pull Adjustable Pet Harness for Dogs | Comfortable, Breathable & Reflective | Heavy",cuddly,dog,collars_leashes,,,,,,,,,,0.95,0.85,2026-07-07,2026-07-07,True
50eb1cdb985a4f94,50eb1cdb985a4f94,Dtach Dog Puppy Pee Pads | Leak-Proof | 60 × 45 cm | 10 Pcs Disposable Dog & Cat Diapers,dtach,both,training,,,,,,,,,,0.75,0.85,2026-07-07,2026-07-07,True
56b0de2f88c69306,56b0de2f88c69306,"Petfun Reflective 32MM Dog Collar Adjustable & Soft Padded, Heavy-Duty Buckle & Safety Dog Anti-tick Collar",petfun,dog,training,,,,,,,,,,0.95,0.85,2026-07-07,2026-07-07,True
310e6299c27168c9,310e6299c27168c9,HIK FASHION Interactive Cat Toy for Indoor Cats | Automatic Moving Mouse Toy with Light-Up Tail | Smart Electric Chasing Toy,hik,cat,cat_toys,,,,,,,,,,0.95,0.85,2026-07-07,2026-07-07,True
b443b62b7edcb52c,b443b62b7edcb52c,HEHARI 6 cm Dog Cord Leash,hehari,dog,collars_leashes,,,,,,,,,,0.95,0.85,2026-07-07,2026-07-07,True
4561fbb9ca3ef484,4561fbb9ca3ef484,PETSZOW Dog Safety Harness,petszow,dog,collars_leashes,,,,,,,,,,0.95,0.85,2026-07-07,2026-07-07,True
3cd5b6fc25bf85c3,3cd5b6fc25bf85c3,Zelda Heavy Duty Rust-Proof Stainless Steel Dog Training Chain Leash 500 cm Dog Chain Leash,zelda,dog,collars_leashes,,,,,,,,,,0.95,0.85,2026-07-07,2026-07-07,True
9df06c13d89db5f3,9df06c13d89db5f3,gustave Adjustable AirTag cat collar with safety buckle and secure silicone holder Cat Break Away Collar,gustave,cat,collars_leashes,,,,,,,,,,0.95,0.85,2026-07-07,2026-07-07,True
f0bf551658ac184e,f0bf551658ac184e,Drools Turkey with Wild Rice & Pumpkin Gravy Pumpkin 720 g (6x120 g) Wet Adult Dog Food,drools,dog,dog_food,,,,,,,,,,0.95,0.85,2026-07-07,2026-07-07,True
cb4bc9486c149eb5,cb4bc9486c149eb5,"Haven Dog Food Meat, Rice 1.6 kg (2x0.8 kg) Dry Adult Dog Food",haven,dog,dog_food,,,,,,,,,,0.95,0.85,2026-07-07,2026-07-07,True
d4aa53ddd6a6b9cb,d4aa53ddd6a6b9cb,"Absolut Pet Dog Supplement for Oral Care, Dental Chews for Dogs that Reduces Plaque & Tartar | Freshens Breath & Supports Gum",absolut,dog,health_wellness,,,,,,,,,,0.95,0.85,2026-07-07,2026-07-07,True
d1b086a8478e8ba6,d1b086a8478e8ba6,"Natural Cotton Rope Scratch Pad, 15.7'' Round Horizontal Floor Scratching Mat for Indoor Cats, Furniture Protector for Wall,",natural,cat,beds_accessories,,,,,,,,,,0.95,0.85,2026-07-07,2026-07-07,True
1a36cbdee1bc61da,1a36cbdee1bc61da,"Goofy Tails Feline Vitality+(100Mlx1Pack) Liquid Immunity Booster for Cats, Cat Coat Supplement, Gut Supplement, Boosted with",goofy,cat,health_wellness,,,,,,,,,,0.95,0.85,2026-07-07,2026-07-07,True
03b95d03f561b5fe,03b95d03f561b5fe,LexCouch Velvet Premium Extra Large Dog Bed for Extra Large Dogs Washable Big Dog Beds Slip-Resistant Bottom-Grey -95 X 73 X,lexcouch,dog,beds_accessories,,,,,,,,,,0.95,0.85,2026-07-07,2026-07-07,True
9a1339d9fcec5747,9a1339d9fcec5747,Play Hour Charlie The Dog Plush Soft With Long Chocolate Ears Toy For Ages 3 Years And Up - 45 cm,play,dog,dog_toys,,,,,,,,,,0.95,0.85,2026-07-07,2026-07-07,True
1dc09ad0a783ea12,1dc09ad0a783ea12,Emily Pets Cat Scratching Inclined Pad,emily,cat,cat_food,,,,,,,,,,0.95,0.85,2026-07-07,2026-07-07,True
50bcc84bdb4ee624,50bcc84bdb4ee624,Bogenlite Cat Toy - 12 inch,bogenlite,cat,cat_toys,,,,,,,,,,0.95,0.85,2026-07-07,2026-07-07,True
bbb2697891b69ef3,bbb2697891b69ef3,"PETSNPLAY Catnip toys Rubber Ball, Chew Toy For Cat",petsnplay,cat,cat_toys,,,,,,,,,,0.95,0.85,2026-07-07,2026-07-07,True
857487cdd0798ed0,857487cdd0798ed0,"Zelda Pet Cat Interactive Ball Toy Lightweight Rolling Chase Play Toy Pack of 1 Plastic, Nylon, Silicone Ball For Dog & Cat",zelda,both,cat_toys,,,,,,,,,,0.75,0.85,2026-07-07,2026-07-07,True
c9e8dc6c99230730,c9e8dc6c99230730,"Berlin's Cat Harness and Leash Set – Escape Proof, No Pull, Lightweight Breathable Air Mesh, Adjustable & Comfortable Cat Ves",berlins,cat,collars_leashes,,,,,,,,,,0.95,0.85,2026-07-07,2026-07-07,True
b157cb49ff831b96,b157cb49ff831b96,"CottonCat Dog Harness – No Pull, Anti-Choke with Reflective Leash, Adjustable Breathable Dog Belt for Walking & Training – Sm",cottoncat,dog,collars_leashes,,,,,,,,,,0.95,0.85,2026-07-07,2026-07-07,True
0abc2397f87d8835,0abc2397f87d8835,"Professional Dog Trimmer & Pet Grooming Kit for Dogs and Cats, Cordless Rechargeable Low-Noise Clipper with Titanium-Ceramic",professional,both,grooming,,,,,,,,,,0.75,0.85,2026-07-07,2026-07-07,True
e9d670ea87245d6f,e9d670ea87245d6f,"MSR MSR Rainbow Dog Rope Leash with Rubber Handle for Training, Daily Walk, Size: S 152.4 cm Dog Cord Leash",msr,dog,collars_leashes,,,,,,,,,,0.95,0.85,2026-07-07,2026-07-07,True
ebd037b00ad4d782,ebd037b00ad4d782,"Pedigree Adult Dry Dog Food, New Chicken Biryani Flavour, 1 kg, Protein of 4 Chicken Pieces, Vitamin D3 of 6 Eggs, Calcium of",pedigree,dog,dog_food,,,,,,,,,,0.95,0.85,2026-07-07,2026-07-07,True
b074bd7b698931a2,b074bd7b698931a2,Petroyale Multivitamin Chews for Cats - Cat Multivitamin Tablets - Cat Health Supplement - Daily Supplements for Cats - for G,petroyale,cat,health_wellness,,,,,,,,,,0.95,0.85,2026-07-07,2026-07-07,True
0af5967e320000d2,0af5967e320000d2,Interactive Cat Toy – Smart Toys for Cats & Kittens – Toy for Indoor Play – Pet Toy for Exercise (Orange),interactive,cat,cat_toys,,,,,,,,,,0.95,0.85,2026-07-07,2026-07-07,True
428123f9440a5509,428123f9440a5509,VM Mart VM Mart Interactive Smart Ball Toy With Rope for Cats and Dogs Silicone Ball For Dog & Cat,vm,both,cat_toys,,,,,,,,,,0.75,0.85,2026-07-07,2026-07-07,True
c0092c7bdfe5eef7,c0092c7bdfe5eef7,Zigly Lifestyle Classic Adjustable Padded Dog Collar for Dogs & Puppies | Soft Comfortable Durable Everyday Walking Neck Coll,zigly,dog,collars_leashes,,,,,,,,,,0.95,0.85,2026-07-07,2026-07-07,True
d3c507616a976f8d,d3c507616a976f8d,SITSNOOZE Printed Pet Blanket for Dogs & Cats | Quilted Cotton | Mild Winter Soft & Warm Pet Blanket (Turquoise Green),sitsnooze,both,beds_accessories,,,,,,,,,,0.75,0.85,2026-07-07,2026-07-07,True
821e30f3dc933a39,821e30f3dc933a39,Pawptails Cat Scratcher with Organic Catnip| Corrugated Cardboard Cat Scratch Pad for Indoor Cats & Kittens |Durable Scratche,pawptails,cat,beds_accessories,,,,,,,,,,0.95,0.85,2026-07-07,2026-07-07,True
24322f4c16b14157,24322f4c16b14157,(OG) DD Presents KIWOFF Easy Chews for Cats and Kittens,og,cat,health_wellness,,,,,,,,,,0.95,0.85,2026-07-07,2026-07-07,True
bf3f3d054e609e84,bf3f3d054e609e84,"FURRLOVERS Wall-Mounted Cat Climber, Multi-Level Cat Tree with Jute Scratching Posts, Grey Plush Platforms, Space-Saving Corn",furrlovers,cat,beds_accessories,,,,,,,,,,0.95,0.85,2026-07-07,2026-07-07,True
0ce80c1f2fd97edd,0ce80c1f2fd97edd,"Zexsazone Summer Cat House, Portable Cat Bed with Removable Cushion, 2-in-1 Washable Cozy Puppy Bed Hut Cat Cave, Foldable Wa",zexsazone,both,beds_accessories,,,,,,,,,,0.75,0.85,2026-07-07,2026-07-07,True
d3e83b3da72bc13e,d3e83b3da72bc13e,"Qpets USB Cat Toy Electric Jumping Colorful Caterpillar Feather Teaser Toy, Detachable Door Hanging with Self Adhesive Backi",qpets,cat,cat_toys,,,,,,,,,,0.95,0.85,2026-07-07,2026-07-07,True
093a8a2e0fba9722,093a8a2e0fba9722,Dog Trust Ethnic Pet Collar with Bell Safety Adjustable Cat Necklace Ethnic Style Cat Collar Pack of 1 pcs,dog,both,collars_leashes,,,,,,,,,,0.75,0.85,2026-07-07,2026-07-07,True
64ed1e1afe2dbe27,64ed1e1afe2dbe27,"Biotin and Taurine, 75 Tablets for Dogs & Cats, for Healthy Skin & Hairs.",biotin,both,health_wellness,,,,,,,,,,0.75,0.85,2026-07-07,2026-07-07,True
e538fd2de26970e9,e538fd2de26970e9,"MUDDY PAWS Reversible Sofa Style Dog Bed – XXL (95 x 73 x 22 cm) – Plush Fur Surface, Removable Cushion & Anti-Skid Base – Bl",muddy,dog,beds_accessories,,,,,,,,,,0.95,0.85,2026-07-07,2026-07-07,True
15b1ebe0c5f27402,15b1ebe0c5f27402,"Heritage Dog Bed Reversible Premium Velvet Black & Grey Pet Bed | Soft, Washable & Durable Bed for Dog and Cat for Everyday C",heritage,both,beds_accessories,,,,,,,,,,0.75,0.85,2026-07-07,2026-07-07,True
