snapshot_date,source,product_id,product_title,brand,mapped_india_category,india_category_relevance,india_availability,global_opportunity_bucket,global_opportunity_score,reason
2026-07-09,amazon_us,B072DTFZHL,"Sheba Perfect Portions Wet Cat Food Cuts in Gravy, Cat Food Wet Recipe, Roasted Chicken Entree, with Sustainable Salmon, Tend",sheba,cat_food,1.0,True,already_available_in_india,93.12,Brand 'sheba' already tracked in India gold data; global signal may indicate a rising SKU/variant to prioritize.
2026-07-09,amazon_us,B07F45GGPT,"MeoHui Cat Toys for Indoor Cats, Interactive Cat Toy 2PCS Retractable Wand Toy and 9PCS Cat Feather Toys Refills, Funny Kitte",me-o,cat_toys,1.0,True,already_available_in_india,92.82,Brand 'me-o' already tracked in India gold data; global signal may indicate a rising SKU/variant to prioritize.
2026-07-09,amazon_us,B0056EAKUA,"Virbac EPIOTIC® Advanced Ear Cleanser | Powerful and Gentle Cleanser For Dogs and Cats of all ages, 4 oz",virbac,health_wellness,1.0,True,already_available_in_india,92.13,Brand 'virbac' already tracked in India gold data; global signal may indicate a rising SKU/variant to prioritize.
2026-07-09,amazon_us,B007JXVR76,"Meow Mix Original Choice Dry Cat Food, 6.3 Pound Bag",me-o,cat_food,1.0,True,already_available_in_india,91.14,Brand 'me-o' already tracked in India gold data; global signal may indicate a rising SKU/variant to prioritize.
2026-07-09,amazon_us,B0B2NKLVCS,"FUKUMARU Cat Scratcher, 26.8 Inch L Shape Cat Scratch Pad Wall Mounted, Cat Scratching Cardboard with Ball Toy for Indoor Cat",fukumaru,beds_accessories,1.0,True,already_available_in_india,89.56,Brand 'fukumaru' already tracked in India gold data; global signal may indicate a rising SKU/variant to prioritize.
2026-07-09,amazon_us,B0B9QSQP5Q,"Cat Hairball Remedy Treats - Dual Texture Crunchy Creamy Hairball Treatment for Cats, Furball Relief Control Supplement with",cat,health_wellness,1.0,True,already_available_in_india,87.35,Brand 'cat' already tracked in India gold data; global signal may indicate a rising SKU/variant to prioritize.
2026-07-09,amazon_us,B08294GHXY,"Pedigree Choice Cuts in Gravy Wet Dog Food, Adult Soft Wet Dog Food, Variety Pack, 3.5 oz. Pouches, 30 Count",pedigree,dog_food,1.0,True,already_available_in_india,86.19,Brand 'pedigree' already tracked in India gold data; global signal may indicate a rising SKU/variant to prioritize.
2026-07-09,amazon_us,B09K8YYVWV,"Blue Buffalo Life Protection Formula Chicken & Brown Rice Adult Dry Dog Food, Supports Immunity with Antioxidant-Rich LifeSou",blue,dog_food,1.0,False,not_yet_available_in_india,85.62,Category 'dog_food' already sold in India; brand 'blue' not seen in today's India gold data - potential white-space opportunity.
2026-07-09,amazon_us,B001650NNW,"Purina Pro Plan Veterinary Supplements FortiFlora Probiotic Powder for Dogs, Daily Support for Digestive and Immune Health an",purina,health_wellness,1.0,False,not_yet_available_in_india,85.62,Category 'health_wellness' already sold in India; brand 'purina' not seen in today's India gold data - potential white-space opportunity.
2026-07-09,amazon_us,B001650OE0,Pro Plan Veterinary Diets FortiFlora Daily Probiotic Powder Supplement for Cats with Digestive Support and Immune System for,pro,health_wellness,1.0,False,not_yet_available_in_india,85.62,Category 'health_wellness' already sold in India; brand 'pro' not seen in today's India gold data - potential white-space opportunity.
2026-07-09,amazon_us,B07NHL31CC,"Earth Rated Pet Wipes for Dogs and Cats, Hypoallergenic, 3-in-1 Cleaning, Deodorizing and Hydrating, for Grooming Paws, Body",earth,grooming,1.0,False,not_yet_available_in_india,85.32,Category 'grooming' already sold in India; brand 'earth' not seen in today's India gold data - potential white-space opportunity.
2026-07-09,amazon_us,B09D7DWTVB,"KSIIA Washable Dog Bed Deluxe Plush Dog Crate Beds Comfy Kennel Pad Anti-Slip Pet Sleeping Mat for Large, Jumbo, Medium, Smal",ksiia,beds_accessories,1.0,False,not_yet_available_in_india,85.32,Category 'beds_accessories' already sold in India; brand 'ksiia' not seen in today's India gold data - potential white-space opportunity.
2026-07-09,amazon_us,B0921RR2Y5,MECOOL Cat Scratching Post Premium Basics Kitten Scratcher Sisal Scratch Posts with Hanging Ball 22in for Kittens or Smaller,mecool,beds_accessories,1.0,False,not_yet_available_in_india,85.32,Category 'beds_accessories' already sold in India; brand 'mecool' not seen in today's India gold data - potential white-space opportunity.
2026-07-09,amazon_us,B08CCG96FR,"Best Pet Supplies Voyager Step-in Air Harness - All Weather Mesh, Reflective, No Pull Harness for Dogs, Cats - Secure with Ho",best,collars_leashes,1.0,False,not_yet_available_in_india,85.32,Category 'collars_leashes' already sold in India; brand 'best' not seen in today's India gold data - potential white-space opportunity.
2026-07-09,amazon_us,B09RPL4Z4J,"Pedigree Adult Dry Dog Food, Complete Nutrition, Grilled Steak & Vegetable Flavor, 18 lb. Bag",pedigree,dog_food,1.0,True,already_available_in_india,85.2,Brand 'pedigree' already tracked in India gold data; global signal may indicate a rising SKU/variant to prioritize.
2026-07-09,amazon_us,B001STX13U,Purina Fancy Feast Grilled Wet Cat Food Seafood Collection in Wet Cat Food Variety Pack - (Pack of 24) 3 oz. Cans,fancy feast,cat_food,1.0,False,not_yet_available_in_india,84.63,Category 'cat_food' already sold in India; brand 'fancy feast' not seen in today's India gold data - potential white-space opportunity.
2026-07-09,amazon_us,B003ULL1NQ,"Nutramax Cosequin for Dogs Joint Health Supplement, Contains Glucosamine for Dogs, Plus Chondroitin and MSM, Supports Healthy",nutramax,health_wellness,1.0,False,not_yet_available_in_india,84.63,Category 'health_wellness' already sold in India; brand 'nutramax' not seen in today's India gold data - potential white-space opportunity.
2026-07-09,amazon_us,B099WM7ZT7,"Taglory Rope Dog Leash for Medium Large Dogs, 6 FT Padded Handle, Black | Climbing rope for strong pullers; reflective for ni",taglory,collars_leashes,1.0,False,not_yet_available_in_india,84.63,Category 'collars_leashes' already sold in India; brand 'taglory' not seen in today's India gold data - potential white-space opportunity.
2026-07-09,amazon_us,B09BBM5CX8,"Best Pet Supplies Interactive Squeaky Dog Chew Toy, Ideal Dog Toys for Chewers, Small, Medium & Large Dogs, and Fetch Lovers",best,dog_toys,1.0,False,not_yet_available_in_india,84.44,Category 'dog_toys' already sold in India; brand 'best' not seen in today's India gold data - potential white-space opportunity.
2026-07-09,amazon_us,B009IOCCD2,Purina ONE Dry Dog Food Lamb and Rice Formula - 31.1 lb. Bag,purina,dog_food,1.0,False,not_yet_available_in_india,84.33,Category 'dog_food' already sold in India; brand 'purina' not seen in today's India gold data - potential white-space opportunity.
2026-07-09,amazon_us,B00VC8DQX2,"SleekEZ Dog Brush for Shedding | Patented Deshedding Dog Brush | Pet Hair Remover for Short, Medium & Long Coats | Made in US",sleekez,grooming,1.0,False,not_yet_available_in_india,84.33,Category 'grooming' already sold in India; brand 'sleekez' not seen in today's India gold data - potential white-space opportunity.
2026-07-09,amazon_us,B0009F3MLA,"Hartz UltraGuard Flea & Tick Collar for Cats and Kittens, 7 Month Flea and Tick Protection and Prevention, White",hartz,collars_leashes,1.0,False,not_yet_available_in_india,84.15,Category 'collars_leashes' already sold in India; brand 'hartz' not seen in today's India gold data - potential white-space opportunity.
2026-07-09,amazon_us,B00CPDWT2M,"Benebone Wishbone Durable Dog Chew Toy for Aggressive Chewers, Real Bacon, Made in USA, Medium",benebone,dog_toys,1.0,False,not_yet_available_in_india,84.04,Category 'dog_toys' already sold in India; brand 'benebone' not seen in today's India gold data - potential white-space opportunity.
2026-07-09,amazon_us,B0BDLGZCTY,"EHEYCIGA Orthopedic Dog Beds for Extra Large Dogs 44x32Inch, Waterproof Memory Foam XL Pet Bed with Sides, Non-Slip and Egg-C",eheyciga,beds_accessories,1.0,False,not_yet_available_in_india,84.04,Category 'beds_accessories' already sold in India; brand 'eheyciga' not seen in today's India gold data - potential white-space opportunity.
2026-07-09,amazon_us,B00B8CG5NK,Seresto Cat Vet-Recommended Flea & Tick Treatment & Prevention Collar for Cats | 8 Months Protection,seresto,collars_leashes,1.0,False,not_yet_available_in_india,84.04,Category 'collars_leashes' already sold in India; brand 'seresto' not seen in today's India gold data - potential white-space opportunity.
2026-07-09,amazon_us,B07FJQYVZ6,"Virbac C.E.T.® VEGGIEDENT® FR3SH® Tartar Control Chews for Dogs with digestive health support, VOHC Approved, Medium 22-66lbs",virbac,health_wellness,1.0,True,already_available_in_india,83.91,Brand 'virbac' already tracked in India gold data; global signal may indicate a rising SKU/variant to prioritize.
2026-07-09,amazon_us,B013NUFA62,ProDen PlaqueOff Powder for Pets - Cat & Dog Breath Freshener - Plaque & Tartar Remover for Pet Oral Care - 60g,proden,health_wellness,1.0,True,already_available_in_india,83.73,Brand 'proden' already tracked in India gold data; global signal may indicate a rising SKU/variant to prioritize.
2026-07-09,amazon_us,B085MH756K,"GoTags Stainless Steel Pet ID Tags, Personalized Dog Tags and Cat Tags, up to 8 Lines of Custom Text, Engraved on Both Sides,",gotags,collars_leashes,1.0,False,not_yet_available_in_india,83.64,Category 'collars_leashes' already sold in India; brand 'gotags' not seen in today's India gold data - potential white-space opportunity.
2026-07-09,amazon_us,B001QCKS4O,Purina Pro Plan Complete Essentials Shredded Blend Chicken and Rice Dog Food Dry Formula with Probiotics for Dogs - 35 lb. Ba,purina,dog_food,1.0,False,not_yet_available_in_india,83.34,Category 'dog_food' already sold in India; brand 'purina' not seen in today's India gold data - potential white-space opportunity.
2026-07-09,amazon_us,B0BZZC5PMF,"Docrok Pet Grooming Combo - Blue Deshedding Brush with Metal Comb for Detangling and Dematting Long, Matted Fur on Cats and D",docrok,grooming,1.0,False,not_yet_available_in_india,83.34,Category 'grooming' already sold in India; brand 'docrok' not seen in today's India gold data - potential white-space opportunity.
2026-07-09,amazon_us,B0B591N61M,"Dog Beds Crate Pad for Medium/Large Dogs Fit Metal,Ultra Soft, Washable & Anti-Slip Kennel Pad for Dogs Cozy Sleeping Mat,Gra",dog,beds_accessories,1.0,True,already_available_in_india,83.33,Brand 'dog' already tracked in India gold data; global signal may indicate a rising SKU/variant to prioritize.
2026-07-09,amazon_us,B005DR5KGE,Multipet Lamb Chop Dog Plush Toy - Squeaky Toy for All Dogs - Extra Soft Plush - Stuffed Animal Dog Toy for Cuddling & Playin,multipet,dog_toys,1.0,False,not_yet_available_in_india,83.05,Category 'dog_toys' already sold in India; brand 'multipet' not seen in today's India gold data - potential white-space opportunity.
2026-07-09,amazon_us,B00BAGTNAQ,"ChomChom Roller Pet Hair Remover – Original Size Reusable Lint Roller for Cat & Dog Hair on Furniture, Couch, Carpet, Car, Ru",chomchom,grooming,1.0,False,not_yet_available_in_india,83.05,Category 'grooming' already sold in India; brand 'chomchom' not seen in today's India gold data - potential white-space opportunity.
2026-07-09,amazon_us,B00ZJ5BJ74,"Vetnique Glandex Anal Gland Soft Chew Treats with Pumpkin for Dogs Digestive Enzymes, Probiotics Fiber Supplement for Dogs Bo",vetnique,health_wellness,1.0,False,not_yet_available_in_india,83.05,Category 'health_wellness' already sold in India; brand 'vetnique' not seen in today's India gold data - potential white-space opportunity.
2026-07-09,amazon_us,B0B432YY5Z,"gogobunny 3X Stronger Waterproof Pet Blanket, Scratch Proof Furniture Protector for Dogs Cats, Reversible Cover 30x70 Inch, D",gogobunny,beds_accessories,1.0,False,not_yet_available_in_india,82.76,Category 'beds_accessories' already sold in India; brand 'gogobunny' not seen in today's India gold data - potential white-space opportunity.
2026-07-09,amazon_us,B0727R5C5Q,"Purina Friskies Gravy Swirlers With Flavors of Chicken, Salmon and Gravy Dry Cat Food - 3.15 lb. Bag",purina,cat_food,1.0,False,not_yet_available_in_india,82.65,Category 'cat_food' already sold in India; brand 'purina' not seen in today's India gold data - potential white-space opportunity.
2026-07-09,amazon_us,B0CPDDQ47W,"TIMHAKA Cat Scratching Board, Corrugate Cat Scratcher for Indoor Cats with Catnip, Cat Scratch Pad with Premium Scratch Textu",timhaka,beds_accessories,1.0,False,not_yet_available_in_india,82.53,Category 'beds_accessories' already sold in India; brand 'timhaka' not seen in today's India gold data - potential white-space opportunity.
2026-07-09,amazon_us,B09WHBG4DV,"Potaroma Cat Toys Pillows, 3 Pack, Soft and Durable Crinkle Sound with Catnip Inside, Interactive Indoor Kitten Kicker, Promo",potaroma,cat_toys,1.0,False,not_yet_available_in_india,82.35,Category 'cat_toys' already sold in India; brand 'potaroma' not seen in today's India gold data - potential white-space opportunity.
2026-07-09,amazon_us,B005CUTWDE,Wahl USA Dry Skin & Itch Relief Pet Shampoo for Dogs – Oatmeal Formula with Coconut Lime Verbena Scent & Pet Friendly Formula,wahl,grooming,1.0,False,not_yet_available_in_india,82.35,Category 'grooming' already sold in India; brand 'wahl' not seen in today's India gold data - potential white-space opportunity.
2026-07-09,amazon_us,B089RGDQBB,"Bedsure Orthopedic Dog Beds Large Sized Dog - Washable Large Dog Cat Bed Waterproof, Comfort Dogs Couch Sofa with Washable Re",bedsure,beds_accessories,1.0,False,not_yet_available_in_india,82.35,Category 'beds_accessories' already sold in India; brand 'bedsure' not seen in today's India gold data - potential white-space opportunity.
2026-07-09,amazon_us,B0050JM626,"Nutramax Proviable Probiotics for Dogs and Cats, Daily Digestive Health Supplement with Multiple Strains of Bacteria, Cat and",nutramax,health_wellness,1.0,False,not_yet_available_in_india,82.35,Category 'health_wellness' already sold in India; brand 'nutramax' not seen in today's India gold data - potential white-space opportunity.
2026-07-09,amazon_us,B08CK5Z5Q1,"Joytale Reflective Dog Collar, Soft Neoprene Padded, Metal D-Ring, Nylon Pet Collar Adjustable for Large Dogs, Teal, L",joytale,collars_leashes,1.0,False,not_yet_available_in_india,82.35,Category 'collars_leashes' already sold in India; brand 'joytale' not seen in today's India gold data - potential white-space opportunity.
2026-07-09,amazon_us,B0B5RX3KXY,"Dgerp Airtag Cat Collar Breakaway, Reflective Kitten Collar with Apple Air Tag Holder and Bell for Girl Boy Cats, 0.4 Inches",dgerp,collars_leashes,1.0,False,not_yet_available_in_india,82.17,Category 'collars_leashes' already sold in India; brand 'dgerp' not seen in today's India gold data - potential white-space opportunity.
2026-07-09,amazon_us,B000SSXDBM,"Pedigree Wet Dog Food, Choice Cuts Adult Canned Dog Food, Beef & Country Stew Multipack, 13.2 oz. Cans (12 Count, Pack of 1)",pedigree,dog_food,1.0,True,already_available_in_india,82.17,Brand 'pedigree' already tracked in India gold data; global signal may indicate a rising SKU/variant to prioritize.
2026-07-09,amazon_us,B0C72S38F3,"Whisper Quiet Dog Nail Grinder with 4 LED Lights, Safe & Stress-Free for Sensitive Dogs Cats of All Breeds & Sizes, 3 Grindin",whisper,grooming,1.0,False,not_yet_available_in_india,82.06,Category 'grooming' already sold in India; brand 'whisper' not seen in today's India gold data - potential white-space opportunity.
2026-07-09,amazon_us,B003CL3PTM,"Hill's Science Diet Adult 1-6 Small & Mini Dry Dog Food, Chicken & Brown Rice, 4.5 lb. Bag",hills,dog_food,1.0,False,not_yet_available_in_india,81.95,Category 'dog_food' already sold in India; brand 'hills' not seen in today's India gold data - potential white-space opportunity.
2026-07-09,amazon_us,B01BKYFR7K,"IAMS Proactive Health Dry Cat Food, Indoor Weight and Hairball Care Cat Food Dry Recipe, with Real Chicken in Every Bite, 7 l",iams,cat_food,1.0,False,not_yet_available_in_india,81.95,Category 'cat_food' already sold in India; brand 'iams' not seen in today's India gold data - potential white-space opportunity.
2026-07-09,amazon_us,B0D6W8B4FM,"TBTeek Cat Toys, Rechargeable, 3 Light Modes & 5 Fun Patterns, Portable Interactive Kitten Pet Dog Cat Mouse Toy for Fun Chas",tbteek,cat_toys,1.0,False,not_yet_available_in_india,81.77,Category 'cat_toys' already sold in India; brand 'tbteek' not seen in today's India gold data - potential white-space opportunity.
2026-07-09,amazon_us,B0CGCS344P,"Supet Inflatable Dog Cone Collar Alternative After Surgery, Doggie Neck Donut Collar Recovery ECollar, Soft Dog Cone for Smal",supet,health_wellness,1.0,False,not_yet_available_in_india,81.77,Category 'health_wellness' already sold in India; brand 'supet' not seen in today's India gold data - potential white-space opportunity.
2026-07-09,amazon_us,B084HMMQ8M,"Providence Engraving Pet ID Tags in 8 Shapes, 9 Colors, and Two Sizes - Personalized Dog and Cat Tags with 4 Lines of Customi",providence,collars_leashes,1.0,False,not_yet_available_in_india,81.66,Category 'collars_leashes' already sold in India; brand 'providence' not seen in today's India gold data - potential white-space opportunity.
2026-07-09,amazon_us,B0DPDKW3B4,Name Pattern Art Design - Dog Tags Personalized for Pets - Custom Cats Dogs ID Tag - Stainless Steel Deep Engraving (Bone),name,collars_leashes,1.0,False,not_yet_available_in_india,81.58,Category 'collars_leashes' already sold in India; brand 'name' not seen in today's India gold data - potential white-space opportunity.
2026-07-09,amazon_us,B00OQYBWPI,Chuckit! Ultra Ball Dog Toy - Medium Bouncy Fetch Balls For Dogs 20-60 lbs - Made from Durable Rubber - Floating Water Pet To,chuckit,dog_toys,1.0,False,not_yet_available_in_india,81.39,Category 'dog_toys' already sold in India; brand 'chuckit' not seen in today's India gold data - potential white-space opportunity.
2026-07-09,amazon_us,B00DT2WL26,"Catstages Tower of Tracks Cat Toy – 3-Level Track Tower with 6 Balls, Interactive Cat Toy for Indoor Enrichment",catstages,cat_toys,1.0,False,not_yet_available_in_india,81.36,Category 'cat_toys' already sold in India; brand 'catstages' not seen in today's India gold data - potential white-space opportunity.
2026-07-09,amazon_us,B0CLLPVZRV,"Swihauk Self Cleaning Slicker Brush - Skin Friendly Deshedding Grooming Tool for Dogs & Cats, Suitable for Shedding & Haired",swihauk,grooming,1.0,False,not_yet_available_in_india,81.36,Category 'grooming' already sold in India; brand 'swihauk' not seen in today's India gold data - potential white-space opportunity.
2026-07-09,amazon_us,B0DLRH694Y,"BABORUI Interactive Cat Toy Ball - Automatic Interactive Cat Toys for Indoor Cats with 3 Tails, 2 Speeds Rechargeable Cat Enr",baborui,cat_toys,1.0,False,not_yet_available_in_india,81.26,Category 'cat_toys' already sold in India; brand 'baborui' not seen in today's India gold data - potential white-space opportunity.
2026-07-09,amazon_us,B071J1BFTX,"Cesar Wet Dog Food Classic Loaf in Sauce Grilled Chicken, Filet Mignon, Porterhouse Steak, Beef, Chicken & Liver and Turkey V",cesar,dog_food,1.0,False,not_yet_available_in_india,81.16,Category 'dog_food' already sold in India; brand 'cesar' not seen in today's India gold data - potential white-space opportunity.
2026-07-09,amazon_us,B076YLYVW8,"Minties Dog Dental Bone Treats, Tiny/Small Dental Dog Treats, 16 Ounces, Cleans Teeth, Fight Bad Breath, Removes Plaque and T",minties,health_wellness,1.0,False,not_yet_available_in_india,81.07,Category 'health_wellness' already sold in India; brand 'minties' not seen in today's India gold data - potential white-space opportunity.
2026-07-09,amazon_us,B098P6164W,"Aumuca Cat Brush for Shedding, Cat Brushes for Indoor Cats, Cat Brush for Long or Short Haired Cats, Cat Grooming Brush Cat C",aumuca,grooming,1.0,False,not_yet_available_in_india,80.78,Category 'grooming' already sold in India; brand 'aumuca' not seen in today's India gold data - potential white-space opportunity.
2026-07-09,amazon_us,B000R4H2MI,"Purina ONE Natural Dry Cat Food, Tender Selects Blend With Real Salmon - 7 lb. Bag",purina,cat_food,1.0,False,not_yet_available_in_india,80.67,Category 'cat_food' already sold in India; brand 'purina' not seen in today's India gold data - potential white-space opportunity.
2026-07-09,amazon_us,B096G34R6P,Cats Dogs ID Tags Personalized Lovely Symbols Pets Collar Name Accessories Simple Custom Engraved Products for Extra Small Fo,cats,collars_leashes,1.0,False,not_yet_available_in_india,80.67,Category 'collars_leashes' already sold in India; brand 'cats' not seen in today's India gold data - potential white-space opportunity.
2026-07-09,amazon_us,B0F6V7XX3R,"Professional 4 in 1 Dog & Cat Grooming Scissors Kit with Safety Round Tips,Sharp & Durable,Dog Shears for Grooming - Includes",professional,grooming,1.0,True,already_available_in_india,80.61,Brand 'professional' already tracked in India gold data; global signal may indicate a rising SKU/variant to prioritize.
2026-07-09,amazon_us,B08R74XVCS,Ameritex Waterproof Dog Bed Cover Pet Blanket for Furniture Bed Couch Sofa Reversible,ameritex,beds_accessories,1.0,False,not_yet_available_in_india,80.48,Category 'beds_accessories' already sold in India; brand 'ameritex' not seen in today's India gold data - potential white-space opportunity.
2026-07-09,amazon_us,B000NVBVD6,"Stella & Chewy's Freeze-Dried Raw Chicken Meal Mixers- Dog Food Topper and Mixer - Made with 95% Cage-Free Chicken, Organs &",stella,dog_food,1.0,False,not_yet_available_in_india,80.37,Category 'dog_food' already sold in India; brand 'stella' not seen in today's India gold data - potential white-space opportunity.
2026-07-09,amazon_us,B07YKRPYJH,"Tempcore Pet Cat Tunnel Tube Toys 3 Way Collapsible, Tunnels for Indoor Cats, Interactive Tube with Teaser Wand, Peek Holes &",tempcore,cat_toys,1.0,False,not_yet_available_in_india,80.37,Category 'cat_toys' already sold in India; brand 'tempcore' not seen in today's India gold data - potential white-space opportunity.
2026-07-09,amazon_us,B09WDDGP2V,"AMOSIJOY Cordless Cat Window Perch, Cat Hammock for Wall with 4 Suction Cups, Solid Metal Frame and Reversible Cover, Foldabl",amosijoy,beds_accessories,1.0,False,not_yet_available_in_india,80.28,Category 'beds_accessories' already sold in India; brand 'amosijoy' not seen in today's India gold data - potential white-space opportunity.
2026-07-09,amazon_us,B0C15QKM3X,WOOF Pupsicle - Long-Lasting Interactive Dog Ball Toy to Keep Your Pup Busy and Distracted - Safe for Dogs - Low-Mess Design,woof,dog_toys,1.0,False,not_yet_available_in_india,80.18,Category 'dog_toys' already sold in India; brand 'woof' not seen in today's India gold data - potential white-space opportunity.
2026-07-09,amazon_us,B075N83693,"gonicc Dog & Cat Pets Nail Clippers and Trimmers - with Safety Guard to Avoid Overcutting, Free Nail File, Razor Sharp Blade",gonicc,grooming,1.0,False,not_yet_available_in_india,80.08,Category 'grooming' already sold in India; brand 'gonicc' not seen in today's India gold data - potential white-space opportunity.
2026-07-09,amazon_us,B0CJFQKNQ9,"Cat Harness and Leash Set - Escape Proof Adjustable Cat Harness, Comfortable Soft Lightweight, Use Safe & Easy, Walking Trave",cat,collars_leashes,1.0,True,already_available_in_india,79.82,Brand 'cat' already tracked in India gold data; global signal may indicate a rising SKU/variant to prioritize.
2026-07-09,amazon_us,B09K9FDLFN,"Blue Buffalo Life Protection Formula Chicken & Brown Rice Small Breed Adult Dry Dog Food, Supports Immunity with Antioxidant-",blue,dog_food,1.0,False,not_yet_available_in_india,79.68,Category 'dog_food' already sold in India; brand 'blue' not seen in today's India gold data - potential white-space opportunity.
2026-07-09,amazon_us,B00HN089EO,"Purina Friskies Dry Cat Food Seafood Sensations With Salmon, Tuna, and Shrimp Flavors - 22 lb. Bag",purina,cat_food,1.0,False,not_yet_available_in_india,79.68,Category 'cat_food' already sold in India; brand 'purina' not seen in today's India gold data - potential white-space opportunity.
2026-07-09,amazon_us,B0009YJ3QE,"Pupstages Cool Teething Stick – Puppy Chew Toy for 0–6 Month Puppies, Teething Relief, Freezable & Durable",pupstages,dog_toys,1.0,False,not_yet_available_in_india,79.49,Category 'dog_toys' already sold in India; brand 'pupstages' not seen in today's India gold data - potential white-space opportunity.
2026-07-09,amazon_us,B006NONHNE,"The Green Pet Shop Cool Pet Pad - Large, Blue - Self-Cooling, Pressure Activated Mat for Dogs & Cats from 46-80 lbs - Non-Tox",,beds_accessories,1.0,False,not_yet_available_in_india,79.49,Category 'beds_accessories' already sold in India; brand 'unknown' not seen in today's India gold data - potential white-space opportunity.
2026-07-09,amazon_us,B0002AR18C,KONG Puppy - Natural Teething Rubber Chew Toy for Dogs - Stuffable Dog Toy for Extended Playtime - Chew & Fetch Toy for Puppi,kong,dog_toys,1.0,False,not_yet_available_in_india,79.38,Category 'dog_toys' already sold in India; brand 'kong' not seen in today's India gold data - potential white-space opportunity.
2026-07-09,amazon_us,B07P2N8HQH,"Maxpower Planet Original Pet Grooming Rake - Double-Sided Deshedding Dematting Tool, Undercoat Rake for Dogs & Cats, Extra-Wi",maxpower,grooming,1.0,False,not_yet_available_in_india,79.38,Category 'grooming' already sold in India; brand 'maxpower' not seen in today's India gold data - potential white-space opportunity.
2026-07-09,amazon_us,B014KVB2HE,"Virbac C.E.T.® Enzymatic Oral Hygiene Chews for Dogs, Large - Plaque & Tartar Control - Single Layer Beefhide with Exclusive",virbac,health_wellness,1.0,True,already_available_in_india,79.37,Brand 'virbac' already tracked in India gold data; global signal may indicate a rising SKU/variant to prioritize.
2026-07-09,amazon_us,B071WCV19B,"Zesty Paws Allergy Immune Bites - Dog Allergy Chews, Dog Probiotics for Itchy Skin and Ears, Lamb, 90ct",zesty,health_wellness,1.0,False,not_yet_available_in_india,79.2,Category 'health_wellness' already sold in India; brand 'zesty' not seen in today's India gold data - potential white-space opportunity.
2026-07-09,amazon_us,B072MNCJ8K,"Hi Kiss Dog/Puppy Obedience Recall Training Agility Lead - 15ft 20ft 30ft 50ft 100ft Training Leash - Great for Play, Camping",hi,collars_leashes,1.0,False,not_yet_available_in_india,79.09,Category 'collars_leashes' already sold in India; brand 'hi' not seen in today's India gold data - potential white-space opportunity.
2026-07-09,amazon_us,B000KAHPZ8,"Greenies Veterinarian-Recommended Adult Natural Dental Dog Treats Teenie Size, Dog Dental Chews, Original Flavor, 12 oz. Pack",greenies,health_wellness,1.0,False,not_yet_available_in_india,78.98,Category 'health_wellness' already sold in India; brand 'greenies' not seen in today's India gold data - potential white-space opportunity.
2026-07-09,amazon_us,B0BCDH7CS1,Bousnic Dog Shock Collar - 3300Ft Dog Training Collar with Remote for 5-120lbs Small Medium Large Dogs Rechargeable Waterproo,bousnic,collars_leashes,1.0,False,not_yet_available_in_india,78.9,Category 'collars_leashes' already sold in India; brand 'bousnic' not seen in today's India gold data - potential white-space opportunity.
2026-07-09,amazon_us,B0BDLND6ZB,"EHEYCIGA Dog Stairs for Bed 18"" H, 4-Step Dog Steps for High Bed, Pet Steps for Small Dogs and Cats, Non-Slip Balanced Pet Ra",eheyciga,beds_accessories,1.0,False,not_yet_available_in_india,78.8,Category 'beds_accessories' already sold in India; brand 'eheyciga' not seen in today's India gold data - potential white-space opportunity.
2026-07-09,amazon_us,B096541M6C,"Taglory Reflective Cat Collar Breakaway with Bell, High Visibility Night Strip, Lightweight Adjustable Nylon Collar for Boy G",taglory,collars_leashes,1.0,False,not_yet_available_in_india,78.8,Category 'collars_leashes' already sold in India; brand 'taglory' not seen in today's India gold data - potential white-space opportunity.
2026-07-09,amazon_us,B0D4VDDQV3,"EHEYCIGA Cardboard Cat Scratcher for Indoor Cats, 26.8 Inch L Shaped Vertical Cat Scratching Board with Ball Cat Toy, Large C",eheyciga,beds_accessories,1.0,False,not_yet_available_in_india,78.74,Category 'beds_accessories' already sold in India; brand 'eheyciga' not seen in today's India gold data - potential white-space opportunity.
2026-07-09,amazon_us,B00JT3TP1O,Purina Fancy Feast Seafood Classic Pate Collection Grain Free Wet Cat Food Variety Pack - (Pack of 30) 3 oz. Cans,fancy feast,cat_food,1.0,False,not_yet_available_in_india,78.69,Category 'cat_food' already sold in India; brand 'fancy feast' not seen in today's India gold data - potential white-space opportunity.
2026-07-09,amazon_us,B0C1HG6XC8,"Wuffes Advanced Dog Hip and Joint Supplement with Glucosamine, Chondroitin, Omega 3, MSM, and Green Lipped Mussel, 60 Pork Fl",wuffes,health_wellness,1.0,False,not_yet_available_in_india,78.5,Category 'health_wellness' already sold in India; brand 'wuffes' not seen in today's India gold data - potential white-space opportunity.
2026-07-09,amazon_us,B0002AR0I8,KONG Classic Stuffable Dog Toy - Fetch & Chew Toy for Dogs - Treat-Filling Capabilities & Erratic Bounce for Extended Play Ti,kong,dog_food,1.0,False,not_yet_available_in_india,78.39,Category 'dog_food' already sold in India; brand 'kong' not seen in today's India gold data - potential white-space opportunity.
2026-07-09,amazon_us,B01AHM6P18,Fashion's Talk Cat Toys Variety Pack for Kitty 20 Pieces,fashions,cat_toys,1.0,False,not_yet_available_in_india,78.39,Category 'cat_toys' already sold in India; brand 'fashions' not seen in today's India gold data - potential white-space opportunity.
2026-07-09,amazon_us,B07GVCFQV6,"PHOEPET No Pull Dog Harness Medium Reflective Front Clip Vest with Handle,Adjustable 2 Metal Rings 3 Buckles,[Easy to Put on",phoepet,collars_leashes,1.0,False,not_yet_available_in_india,78.1,Category 'collars_leashes' already sold in India; brand 'phoepet' not seen in today's India gold data - potential white-space opportunity.
2026-07-09,amazon_us,B019G35SF8,Dr. Fremont's Pet ID Tag Custom for Dog Cat Personalized | Many Shapes and Colors to Choose from | Made in USA | Strong Anodi,dr,collars_leashes,1.0,True,already_available_in_india,77.97,Brand 'dr' already tracked in India gold data; global signal may indicate a rising SKU/variant to prioritize.
2026-07-09,amazon_us,B004KDRGD2,"ADAMS Plus Flea & Tick Shampoo with Precor for Dogs, Cats, Puppies & Kittens, Flea Shampoo to Treat Infestations, Kills Ticks",adams,grooming,1.0,False,not_yet_available_in_india,77.81,Category 'grooming' already sold in India; brand 'adams' not seen in today's India gold data - potential white-space opportunity.
2026-07-09,amazon_us,B09V9VSY53,"FELIWAY Optimum Cat Calming Diffuser Refill (3 Pack, 90 Day Supply) – Cat Pheromone Diffuser Refill for Advanced Support to R",feliway,health_wellness,1.0,False,not_yet_available_in_india,77.81,Category 'health_wellness' already sold in India; brand 'feliway' not seen in today's India gold data - potential white-space opportunity.
2026-07-09,amazon_us,B005CUTW8O,"Wahl USA 4-in-1 Calming Dog Shampoo with Lavender Chamomile Scent – Cleans, Conditions, Detangles, & Moisturizes - Pet Friend",wahl,grooming,1.0,False,not_yet_available_in_india,77.7,Category 'grooming' already sold in India; brand 'wahl' not seen in today's India gold data - potential white-space opportunity.
2026-07-09,amazon_us,B08K8Y6W7K,"Cat Hair Brush,Cat Brush for Shedding,Soft Silicone Self Cleaning Brushes for Short and Long Haired Cats for Grooming and She",cat,grooming,1.0,True,already_available_in_india,77.63,Brand 'cat' already tracked in India gold data; global signal may indicate a rising SKU/variant to prioritize.
2026-07-09,amazon_us,B0777J8V5J,"Purina Friskies Gravy Wet Cat Food Variety Pack, Surfin’ and Turfin’ Prime Filets Favorites - (Pack of 40) 5.5 oz. Cans",purina,cat_food,1.0,False,not_yet_available_in_india,77.4,Category 'cat_food' already sold in India; brand 'purina' not seen in today's India gold data - potential white-space opportunity.
2026-07-09,amazon_us,B09DJ6CD2B,"Benebone Medium 4-Pack Dog Toys for Aggressive Chewers – Durable Dog Bones, Made in USA – Dog Toys for Medium Dogs Under 60 l",benebone,dog_toys,1.0,False,not_yet_available_in_india,77.4,Category 'dog_toys' already sold in India; brand 'benebone' not seen in today's India gold data - potential white-space opportunity.
2026-07-09,amazon_us,B092LJQFM1,"Catstages Crunchy Pickle Kicker Cat Toy – Plush Crinkle Toy with Catnip and Dental Mesh, 6.5""",catstages,cat_toys,1.0,False,not_yet_available_in_india,77.4,Category 'cat_toys' already sold in India; brand 'catstages' not seen in today's India gold data - potential white-space opportunity.
2026-07-09,amazon_us,B08CXGYW1Q,"Bedsure Calming Dog Bed Medium Size Dog - Donut Washable Medium Pet Bed, 30 inches Anti-Slip Round Fluffy Plush Faux Fur Cat",bedsure,beds_accessories,1.0,False,not_yet_available_in_india,77.4,Category 'beds_accessories' already sold in India; brand 'bedsure' not seen in today's India gold data - potential white-space opportunity.
2026-07-09,amazon_us,B0CXKNLKMX,"Zesty Paws Wild Alaskan Omega-3 Blend Pollock + Salmon Oil for Dogs and Cats- Skin and Coat Support, Omega 3 Supplement for P",zesty,health_wellness,1.0,False,not_yet_available_in_india,77.11,Category 'health_wellness' already sold in India; brand 'zesty' not seen in today's India gold data - potential white-space opportunity.
2026-07-09,amazon_us,B0CY5P6B94,2 Pack Cotton Breakaway Cat Collar Pink Strawberries and White Heart Shaped Pendant Cute Kitten Cat Collar with Bell,2,collars_leashes,1.0,True,already_available_in_india,76.85,Brand '2' already tracked in India gold data; global signal may indicate a rising SKU/variant to prioritize.
2026-07-09,amazon_us,B08QV42S5F,"ShawnCo Essential Dog Harness, No-Pull Pet Vest with 3 Leash Clips, No Choke, Reflective, Adjustable and Padded, for Easy Wal",shawnco,collars_leashes,1.0,False,not_yet_available_in_india,76.82,Category 'collars_leashes' already sold in India; brand 'shawnco' not seen in today's India gold data - potential white-space opportunity.
2026-07-09,amazon_us,B0FN7S5WMJ,"Jugbow Dog Shock Collar - 4500FT Dog Training Collar with Remote, IPX8 Waterproof Electric Dog Collar with 4 Training Modes,",jugbow,collars_leashes,1.0,False,not_yet_available_in_india,76.78,Category 'collars_leashes' already sold in India; brand 'jugbow' not seen in today's India gold data - potential white-space opportunity.
2026-07-09,amazon_us,B07CX9STN3,"Purina Friskies Wet Cat Food Variety Pack, Shreds With Beef, Turkey and Cheese Dinner, Chicken and Salmon Dinner, and With Oc",purina,cat_food,1.0,False,not_yet_available_in_india,76.71,Category 'cat_food' already sold in India; brand 'purina' not seen in today's India gold data - potential white-space opportunity.
2026-07-09,amazon_us,B08FJ655HL,"Depets Self Cleaning Slicker Brush, Dog Cat Bunny Pet Grooming Shedding Brush - Easy to Remove Loose Undercoat, Pet Massaging",depets,grooming,1.0,True,already_available_in_india,76.69,Brand 'depets' already tracked in India gold data; global signal may indicate a rising SKU/variant to prioritize.
2026-07-09,amazon_us,B07G3GVBV7,"Amazon Basics Cat Scratching Post for Indoor Cats & Kittens, Medium (31.5""H), Cat Furniture with Dangling Ball Toy, Grey",amazon basics,beds_accessories,1.0,True,already_available_in_india,76.69,Brand 'amazon basics' already tracked in India gold data; global signal may indicate a rising SKU/variant to prioritize.
2026-07-09,amazon_us,B01EY9KQ2Y,"Purina Pro Plan Sensitive Skin and Stomach Dog Food Dry, Adult Salmon & Rice Formula, Digestive Health - 30 lb. Bag",purina,dog_food,1.0,False,not_yet_available_in_india,76.41,Category 'dog_food' already sold in India; brand 'purina' not seen in today's India gold data - potential white-space opportunity.
2026-07-09,amazon_us,B08MC9VXZ6,"12 Pack Reflective-Breakaway Cat Collars with Bells,Safety Buckle Kitten Collar, with Name Tag, Adjustable,Ideal for Girl Cat",12,collars_leashes,1.0,False,not_yet_available_in_india,76.41,Category 'collars_leashes' already sold in India; brand '12' not seen in today's India gold data - potential white-space opportunity.
2026-07-09,amazon_us,B0D9MW74TG,"Meow Mix Gravy Bursts, Savory Chicken Flavor Mix, Gravy Filled Dry Cat Food, 3 lb. Bag",me-o,cat_food,1.0,True,already_available_in_india,76.22,Brand 'me-o' already tracked in India gold data; global signal may indicate a rising SKU/variant to prioritize.
2026-07-09,amazon_us,B0G8475551,"Pooph Pet Odor Eliminator, 32oz - Eliminates Odors at the Molecular Level, Dogs, Cats, Freshener, Eliminator, Urine, Poop, Pe",pooph,grooming,1.0,False,not_yet_available_in_india,76.15,Category 'grooming' already sold in India; brand 'pooph' not seen in today's India gold data - potential white-space opportunity.
2026-07-09,amazon_us,B0D9HBS4KH,"JOLLYVOGUE Small Dog Bed, Calming Dog Beds for Small Dogs & Indoor Cats - 20 Inches Donut Washable Cat Bed for Kittens & Pupp",jollyvogue,beds_accessories,1.0,False,not_yet_available_in_india,76.14,Category 'beds_accessories' already sold in India; brand 'jollyvogue' not seen in today's India gold data - potential white-space opportunity.
2026-07-09,amazon_us,B0CGD6GTQ9,Dog Tags Personalized for Pets Dog Name Tags Personalized Dog Tag Engraved with Any Name & Text Custom Dog ID Tags Glitter Bo,dog,collars_leashes,1.0,True,already_available_in_india,76.14,Brand 'dog' already tracked in India gold data; global signal may indicate a rising SKU/variant to prioritize.
2026-07-09,amazon_us,B0722XGRMB,"Snuggle Puppy Original Heartbeat Puppy Toy with Real-Feel Pulse & Heat Pack, Calming Sleep Aid for Puppy Anxiety, Crate Train",snuggle,dog_toys,1.0,False,not_yet_available_in_india,76.12,Category 'dog_toys' already sold in India; brand 'snuggle' not seen in today's India gold data - potential white-space opportunity.
2026-07-09,amazon_us,B01I3DIWDM,Jasonwell Foldable Dog Pet Bath Pool Collapsible Dog Pet Pool Bathing Tub Kiddie Pool Doggie Wading Pool for Puppy Small Medi,jasonwell,grooming,1.0,False,not_yet_available_in_india,76.12,Category 'grooming' already sold in India; brand 'jasonwell' not seen in today's India gold data - potential white-space opportunity.
2026-07-09,amazon_us,B076BXK2NT,"Best Pet Supplies Catify Cat Scratcher, Fun Interactive Scratchers, Posts, Poles, Claw Safe, Furniture Saver Indoor Play Supp",best,beds_accessories,1.0,False,not_yet_available_in_india,76.01,Category 'beds_accessories' already sold in India; brand 'best' not seen in today's India gold data - potential white-space opportunity.
2026-07-09,amazon_us,B07Z2L8T27,"FixZilla Anti Cat Scratch Furniture Protector, 10-Pack Couch Protector from Cat Claws - Heavy-Duty, Easy-to-Apply Scratching",fixzilla,beds_accessories,1.0,False,not_yet_available_in_india,75.83,Category 'beds_accessories' already sold in India; brand 'fixzilla' not seen in today's India gold data - potential white-space opportunity.
2026-07-09,amazon_us,B072PCLQDK,"FELIWAY MultiCat Cat Calming Diffuser Refill (3 Pack, 90 Day Supply ) – Helps Reduce Fighting, Tension & Aggression Between C",feliway,health_wellness,1.0,False,not_yet_available_in_india,75.83,Category 'health_wellness' already sold in India; brand 'feliway' not seen in today's India gold data - potential white-space opportunity.
2026-07-09,amazon_us,B003MGAIDI,"Hill's Science Diet Adult Sensitive Stomach & Skin Dry Dog Food, Chicken, 30 lb. Bag | #1 Veterinarian Recommended, Adult For",hills,dog_food,1.0,False,not_yet_available_in_india,75.72,Category 'dog_food' already sold in India; brand 'hills' not seen in today's India gold data - potential white-space opportunity.
2026-07-09,amazon_us,B000084DWM,"Hill's Science Diet Adult 1-6 Dry Cat Food, Chicken, 4 lb. Bag",hills,cat_food,1.0,False,not_yet_available_in_india,75.72,Category 'cat_food' already sold in India; brand 'hills' not seen in today's India gold data - potential white-space opportunity.
2026-07-09,amazon_us,B08574XLL8,"Joytale Dog Leash, 6 FT Double-Sided Reflective, Padded Handle Nylon Heavy Duty Leashes for Medium & Large Dogs Walking, Blac",joytale,collars_leashes,1.0,False,not_yet_available_in_india,75.72,Category 'collars_leashes' already sold in India; brand 'joytale' not seen in today's India gold data - potential white-space opportunity.
2026-07-09,amazon_us,B0CLYSVSD3,SIDAZON Cat Scratching Board cat Scratcher Cat Scratch Pad Cardboard cat scratchers for Indoor Cats Reversible Large Wide Cor,sidazon,beds_accessories,1.0,False,not_yet_available_in_india,75.64,Category 'beds_accessories' already sold in India; brand 'sidazon' not seen in today's India gold data - potential white-space opportunity.
2026-07-09,amazon_us,B0009ZBKG4,PetSafe Easy Walk No-Pull Dog Harness - Ultimate Harness to Help Stop Pulling - Pull-Free Walks - Take Control & Teach Better,petsafe,collars_leashes,1.0,False,not_yet_available_in_india,75.53,Category 'collars_leashes' already sold in India; brand 'petsafe' not seen in today's India gold data - potential white-space opportunity.
2026-07-09,amazon_us,B0037Z6VJY,"Veterinary Formula Clinical Care Antiseptic and Antifungal Medicated Shampoo for Dogs & Cats, 16 Fl Oz – Helps Alleviate Scal",veterinary,grooming,1.0,False,not_yet_available_in_india,75.42,Category 'grooming' already sold in India; brand 'veterinary' not seen in today's India gold data - potential white-space opportunity.
2026-07-09,amazon_us,B07CXQQ4Q5,"PetArmor 7 Way De-Wormer for Dogs, Oral Treatment for Tapeworm, Roundworm & Hookworm in Large Dogs & Puppies (Over 25 lbs), W",petarmor,health_wellness,1.0,False,not_yet_available_in_india,75.42,Category 'health_wellness' already sold in India; brand 'petarmor' not seen in today's India gold data - potential white-space opportunity.
2026-07-09,amazon_us,B01BMBQ1MQ,"IAMS Proactive Health Dry Cat Food, Healthy Cat Food Dry Recipe for Adults, with Chicken 22 lb. Bag",iams,cat_food,1.0,False,not_yet_available_in_india,75.02,Category 'cat_food' already sold in India; brand 'iams' not seen in today's India gold data - potential white-space opportunity.
2026-07-09,amazon_us,B0F9FD3115,"Zakkart SnugCloud Foldable Cat Window Perch - Cordless, Ultra Soft Machine Washable Bed with 4-Sided Bolster, Metal Frame - W",zakkart,beds_accessories,1.0,False,not_yet_available_in_india,74.75,Category 'beds_accessories' already sold in India; brand 'zakkart' not seen in today's India gold data - potential white-space opportunity.
2026-07-09,amazon_us,B086DRDHKC,"OneCut Pet Nail Clippers, Update Version Cat & Kitten Claw Nail Clippers for Trimming, Professional Pet Nail Clippers Best fo",onecut,grooming,1.0,False,not_yet_available_in_india,74.68,Category 'grooming' already sold in India; brand 'onecut' not seen in today's India gold data - potential white-space opportunity.
2026-07-09,amazon_us,B0947674MT,Douxo S3 PYO Medicated Dog Shampoo with 3% Chlorhexidine for Dogs – Antibacterial & Antiseptic Yeast Infection Treatment For,douxo,grooming,1.0,False,not_yet_available_in_india,74.64,Category 'grooming' already sold in India; brand 'douxo' not seen in today's India gold data - potential white-space opportunity.
2026-07-09,amazon_us,B0D3HB6YKY,"Reflective AirTag Cat Collar, Integrated Cat Tracker Collar with Air Tag Holder and Bell, Safety Elastic Band Cat GPS Collars",reflective,collars_leashes,1.0,False,not_yet_available_in_india,74.58,Category 'collars_leashes' already sold in India; brand 'reflective' not seen in today's India gold data - potential white-space opportunity.
2026-07-09,amazon_us,B0G4VV618K,"Cat Cooling Mat, Self Warming Cat Bed, Reversible Warm & Cooling Cat Bed, Winter Warm Cat Pad & Summer Cooling Cat Mat for Ki",cat,beds_accessories,1.0,True,already_available_in_india,74.58,Brand 'cat' already tracked in India gold data; global signal may indicate a rising SKU/variant to prioritize.
2026-07-09,amazon_us,B08RBW817F,Ameritex Waterproof Dog Bed Cover Pet Blanket with Anti-Slip Back for Furniture Bed Couch Sofa,ameritex,beds_accessories,1.0,False,not_yet_available_in_india,74.54,Category 'beds_accessories' already sold in India; brand 'ameritex' not seen in today's India gold data - potential white-space opportunity.
2026-07-09,amazon_us,B08CX74328,"Bedsure Waterproof Dog Blankets for Small Dogs - Small Cat Blanket Washable for Couch Protection, Sherpa Fleece Puppy Blanket",bedsure,beds_accessories,1.0,False,not_yet_available_in_india,74.14,Category 'beds_accessories' already sold in India; brand 'bedsure' not seen in today's India gold data - potential white-space opportunity.
2026-07-09,amazon_us,B0000AH3RM,"Purina ONE Natural Dry Cat Food, Tender Selects Blend With Real Chicken - 7 lb. Bag",purina,cat_food,1.0,False,not_yet_available_in_india,74.03,Category 'cat_food' already sold in India; brand 'purina' not seen in today's India gold data - potential white-space opportunity.
2026-07-09,amazon_us,B07P5PTZWT,"Outward Hound Squeaker Ballz – Squeaky Tennis Balls for Dogs Under 50 lbs, Interactive Dog Toy for Fetch & Training, Medium (",outward,dog_toys,1.0,False,not_yet_available_in_india,73.95,Category 'dog_toys' already sold in India; brand 'outward' not seen in today's India gold data - potential white-space opportunity.
2026-07-09,amazon_us,B0041OOQ1K,"Nutramax Dasuquin for Large Dogs, Joint Health Supplement, Contains Glucosamine for Dogs, Plus Chondroitin, ASU, MSM and More",nutramax,health_wellness,1.0,False,not_yet_available_in_india,73.74,Category 'health_wellness' already sold in India; brand 'nutramax' not seen in today's India gold data - potential white-space opportunity.
2026-07-09,amazon_us,B0G2XYGPWY,"Sweetcrispy 44 Inch Cat Tree Tower, Cat Climbing Tower with Natural Sisal Scratching Posts, Hammock, Pet Condo for Indoor Cat",sweetcrispy,beds_accessories,1.0,False,not_yet_available_in_india,73.71,Category 'beds_accessories' already sold in India; brand 'sweetcrispy' not seen in today's India gold data - potential white-space opportunity.
2026-07-09,amazon_us,B097W651NJ,"FELIWAY Optimum Cat Calming Diffuser Kit – Advanced Support to Help Reduce Urine Spraying, Scratching, Fighting and Hiding du",feliway,health_wellness,1.0,False,not_yet_available_in_india,73.66,Category 'health_wellness' already sold in India; brand 'feliway' not seen in today's India gold data - potential white-space opportunity.
2026-07-09,amazon_us,B0DKW6WCV6,"AirTag Cat Collars, Stretchy Collar with Apple AirTag Holder and Bell, Breakaway Ultra Design Elastic GPS Tracking Collars fo",airtag,collars_leashes,1.0,False,not_yet_available_in_india,73.58,Category 'collars_leashes' already sold in India; brand 'airtag' not seen in today's India gold data - potential white-space opportunity.
2026-07-09,amazon_us,B00G5M75UK,"Best Pet Supplies Squeaky Dog Toys with Soft Durable Fabric for Small, Medium and Large Pets Interactive Toy for Indoor Play,",best,dog_toys,1.0,False,not_yet_available_in_india,73.55,Category 'dog_toys' already sold in India; brand 'best' not seen in today's India gold data - potential white-space opportunity.
2026-07-09,amazon_us,B08CZ8TB83,"Bedsure Dog Beds for Small Dogs - Round Cat Beds for Indoor Cats, Washable Pet Bed for Puppy and Kitten with Slip-Resistant B",bedsure,beds_accessories,1.0,False,not_yet_available_in_india,73.44,Category 'beds_accessories' already sold in India; brand 'bedsure' not seen in today's India gold data - potential white-space opportunity.
2026-07-09,amazon_us,B019CD4ZDS,"Elanco Tapeworm Dewormer (praziquantel tablets) for Cats and Kittens 6 Weeks and Older, 3-count",elanco,health_wellness,1.0,False,not_yet_available_in_india,73.44,Category 'health_wellness' already sold in India; brand 'elanco' not seen in today's India gold data - potential white-space opportunity.
2026-07-09,amazon_us,B0DD3MQXX3,"COOYOO Dog Seat Belt, Durability Retractable Dog Car Harness Adjustable Dog Seat Belt for Vehicle Nylon Pet Safety Seat Belts",cooyoo,collars_leashes,1.0,False,not_yet_available_in_india,73.44,Category 'collars_leashes' already sold in India; brand 'cooyoo' not seen in today's India gold data - potential white-space opportunity.
2026-07-09,amazon_us,B096W5LFBY,"Charlie & Buddy Hemp Оil for Dogs Cats - Helps Pets with Аnxiеty, Pаin, Strеss, Slееp, Аrthritis, Sеizures Rеlief - Нiр Jоint",charlie,health_wellness,1.0,False,not_yet_available_in_india,73.26,Category 'health_wellness' already sold in India; brand 'charlie' not seen in today's India gold data - potential white-space opportunity.
2026-07-09,amazon_us,B09KXVPXGD,M JJYPET Cat Wand Toys Interactive Kitten Toys for Indoor Cats Colorful Teaser Wand String for Exercise Kitten Stick Kitty Ro,m,cat_toys,1.0,False,not_yet_available_in_india,73.15,Category 'cat_toys' already sold in India; brand 'm' not seen in today's India gold data - potential white-space opportunity.
2026-07-09,amazon_us,B08GV53MF2,"Wet Ones for Cats Freshening Wipes, Multi-Purpose Cat Grooming Wipes with Aloe Vera, Helps Remove Dirt, Odor, and Dander Betw",wet,grooming,1.0,False,not_yet_available_in_india,73.15,Category 'grooming' already sold in India; brand 'wet' not seen in today's India gold data - potential white-space opportunity.
2026-07-09,amazon_us,B0FDL1YDF1,"Kitys Fatch 12PCS 12Colors Cat Spring Toys for Indoor Cats, Interactive Coil Springs for Self Play, Durable Heavy Plastic Cat",kitys,cat_toys,1.0,False,not_yet_available_in_india,73.13,Category 'cat_toys' already sold in India; brand 'kitys' not seen in today's India gold data - potential white-space opportunity.
2026-07-09,amazon_us,B06XCXJ5D8,"Nylabone New Puppy Starter Kit, Chew Toys & Natural Chew Treat for Puppies, Puppy Enrichment Teething Toys, Blue, Long Lastin",nylabone,dog_food,1.0,False,not_yet_available_in_india,72.86,Category 'dog_food' already sold in India; brand 'nylabone' not seen in today's India gold data - potential white-space opportunity.
2026-07-09,amazon_us,B09N8W2SC4,"BFPETHOME Orthopedic Washable Dog Beds Large Sized Senior Dog for Comfy Sleeping with Removable Cover, Waterproof Big Soft Pe",bfpethome,beds_accessories,1.0,False,not_yet_available_in_india,72.86,Category 'beds_accessories' already sold in India; brand 'bfpethome' not seen in today's India gold data - potential white-space opportunity.
2026-07-09,amazon_us,B0025YOJXS,"Zymox Otic Enzymatic Solution for Dogs and Cats to Soothe Ear Infections with 1% Hydrocortisone for Itch Relief, 1.25oz",zymox,health_wellness,1.0,False,not_yet_available_in_india,72.75,Category 'health_wellness' already sold in India; brand 'zymox' not seen in today's India gold data - potential white-space opportunity.
2026-07-09,amazon_us,B0C345HDWR,"PetLab Co. Probiotics for Dogs, Support Gut Health, Occasional Diarrhea, Digestive Health & Seasonal Allergies - Salmon Flavo",petlab,health_wellness,1.0,False,not_yet_available_in_india,72.63,Category 'health_wellness' already sold in India; brand 'petlab' not seen in today's India gold data - potential white-space opportunity.
2026-07-09,amazon_us,B0F3WSTNYQ,PetBusy Cat Toys with[5000mg A+Natural Catnip &Silvervine] [Baby Grade] Interactive Soft Chew Kicker Cat Toys for Indoor Cats,petbusy,cat_toys,1.0,False,not_yet_available_in_india,72.51,Category 'cat_toys' already sold in India; brand 'petbusy' not seen in today's India gold data - potential white-space opportunity.
2026-07-09,amazon_us,B079FHJMMG,"Diamond Naturals Skin & Coat Real Salmon and Potato Recipe Dry Dog Food with Quality Protein, Omega Fatty Acids, Probiotics a",diamond,dog_food,1.0,False,not_yet_available_in_india,72.45,Category 'dog_food' already sold in India; brand 'diamond' not seen in today's India gold data - potential white-space opportunity.
2026-07-09,amazon_us,B0777NRJ2N,Purina Friskies Pate Wet Cat Food Variety Pack Seafood and Chicken Pate Favorites 40ct VP - (Pack of 40) 5.5 oz. Cans,purina,cat_food,1.0,False,not_yet_available_in_india,72.45,Category 'cat_food' already sold in India; brand 'purina' not seen in today's India gold data - potential white-space opportunity.
2026-07-09,amazon_us,B08FH9GVW2,"Analan Mini Pet Hair Remover for Car Detailing Supplies, Carpet Dog Hair Remover for Car Interior, Triangle Dog Hair Remover",analan,grooming,1.0,False,not_yet_available_in_india,72.26,Category 'grooming' already sold in India; brand 'analan' not seen in today's India gold data - potential white-space opportunity.
2026-07-09,amazon_us,B00JZIDFKK,"Nylabone Original Bone Power Chew Toys for Dogs, Durable & Tough Dog Toys for Aggressive Chewers, Long Lasting Chicken, Bacon",nylabone,dog_toys,1.0,False,not_yet_available_in_india,72.16,Category 'dog_toys' already sold in India; brand 'nylabone' not seen in today's India gold data - potential white-space opportunity.
2026-07-09,amazon_us,B08S7QQXCX,"Beneful Purina Small Breed Wet Dog Food Variety Pack, IncrediBites With Real Beef, Chicken and Salmon - (Pack of 30) 3 Oz. Ca",purina,dog_food,1.0,False,not_yet_available_in_india,71.76,Category 'dog_food' already sold in India; brand 'purina' not seen in today's India gold data - potential white-space opportunity.
2026-07-09,amazon_us,B002UT92EY,"Blue Buffalo Wilderness with Chicken Natural High-Protein Grain-Free Dry Food for Adult Cats, Real Chicken First, Antioxidant",blue,cat_food,1.0,False,not_yet_available_in_india,71.76,Category 'cat_food' already sold in India; brand 'blue' not seen in today's India gold data - potential white-space opportunity.
2026-07-09,amazon_us,B0158VAVBS,Stella & Chewy's Freeze-Dried Raw Dinner Patties - Beef Recipe - High Protein Grain-Free Puppy & Dog Food - Perfect For Picky,stella,dog_food,1.0,False,not_yet_available_in_india,71.59,Category 'dog_food' already sold in India; brand 'stella' not seen in today's India gold data - potential white-space opportunity.
2026-07-09,amazon_us,B09Y85LJFR,"ZPH Cat Toys Interactive for Indoor Cats,2PCS Retractable Cat Wand,9PCS Teaser Toys&1PCS Hanging Door Lure Kitten Toy,Interac",zph,cat_toys,1.0,False,not_yet_available_in_india,71.53,Category 'cat_toys' already sold in India; brand 'zph' not seen in today's India gold data - potential white-space opportunity.
2026-07-09,amazon_us,B09D2XLCNK,"EHEYCIGA Orthopedic XL Dog Beds for Extra Large Dogs with Removable Washable Cover for Crate, Grey, 41x27",eheyciga,beds_accessories,1.0,False,not_yet_available_in_india,71.49,Category 'beds_accessories' already sold in India; brand 'eheyciga' not seen in today's India gold data - potential white-space opportunity.
2026-07-09,amazon_us,B01AMTU1ZM,"VetIQ Glucosamine Hip & Joint Supplement for Dogs, 180 Soft Chews, Joint Support Supplement with MSM and Krill, Dog Health Su",vetiq,health_wellness,1.0,False,not_yet_available_in_india,71.46,Category 'health_wellness' already sold in India; brand 'vetiq' not seen in today's India gold data - potential white-space opportunity.
2026-07-09,amazon_us,B07R56CBWX,"iYoShop Hands Free Dog Leash with Zipper Pouch, Dual Padded Handles and Durable Bungee for Walking, Jogging and Running Your",iyoshop,collars_leashes,1.0,False,not_yet_available_in_india,71.46,Category 'collars_leashes' already sold in India; brand 'iyoshop' not seen in today's India gold data - potential white-space opportunity.
2026-07-09,amazon_us,B0C85CQ3C8,"Plutus Pet No Pull Dog Harness with Breathable Mesh Padded, Adjustable Reflective Escape Proof Dog Harness, Quick Fit Dog Ves",plutus,collars_leashes,1.0,False,not_yet_available_in_india,71.43,Category 'collars_leashes' already sold in India; brand 'plutus' not seen in today's India gold data - potential white-space opportunity.
2026-07-09,amazon_us,B09PZN5VL9,"Hartz UltraGuard ProMax Flea & Tick Collar for Cats & Kittens I 14 Months Protection I Soft & Comfortable | Kills Fleas, Tick",hartz,collars_leashes,1.0,False,not_yet_available_in_india,71.39,Category 'collars_leashes' already sold in India; brand 'hartz' not seen in today's India gold data - potential white-space opportunity.
2026-07-09,amazon_us,B0FJ2NPL47,"KEYHELP Pet Hair Removal Glove for Dogs & Cats, Newly Upgraded Reusable Electrostatic Pet Hair Glove, Magic Brush Pet Hair Re",keyhelp,grooming,1.0,False,not_yet_available_in_india,71.31,Category 'grooming' already sold in India; brand 'keyhelp' not seen in today's India gold data - potential white-space opportunity.
2026-07-09,amazon_us,B073WLPYMP,"Delectables Lickable Treat Stew Wet Cat Treat Variety Pack, Food Topper, Hydrating, Grain-Free, No Fillers, No By-Products, N",delectables,cat_food,1.0,False,not_yet_available_in_india,71.06,Category 'cat_food' already sold in India; brand 'delectables' not seen in today's India gold data - potential white-space opportunity.
2026-07-09,amazon_us,B0828W8FNS,"Greenies Cat Treats, Feline Veterinarian-Recommended Adult Natural Dental Cat Treats, Savory Salmon Flavor, 9.75 oz. Tub",greenies,health_wellness,1.0,False,not_yet_available_in_india,71.06,Category 'health_wellness' already sold in India; brand 'greenies' not seen in today's India gold data - potential white-space opportunity.
2026-07-09,amazon_us,B0DHVFWSRW,"Spotted Play Orthopedic Dog Bed with Sides - Dog Sofa Beds for Medium Dogs, Supportive Foam Pet Couch Bed with Washable Remov",spotted,beds_accessories,1.0,False,not_yet_available_in_india,71.04,Category 'beds_accessories' already sold in India; brand 'spotted' not seen in today's India gold data - potential white-space opportunity.
2026-07-09,amazon_us,B07W85ZPL1,Casfuy Dog Nail Grinder Upgraded - Professional 2-Speed Whisper-Quiet Electric Pet Nail Trimmer Painless Paws Grooming & Smoo,casfuy,grooming,1.0,False,not_yet_available_in_india,70.88,Category 'grooming' already sold in India; brand 'casfuy' not seen in today's India gold data - potential white-space opportunity.
2026-07-09,amazon_us,B0FSD5WXP3,"Qraxond Interactive Cat Toys for Indoor Cats,[Newly Upgraded] Rechargeable Touch Activated Hide and Seek Kitten Toys for Bore",qraxond,cat_toys,1.0,False,not_yet_available_in_india,70.77,Category 'cat_toys' already sold in India; brand 'qraxond' not seen in today's India gold data - potential white-space opportunity.
2026-07-09,amazon_us,B00BD741WM,"IAMS Proactive Health Adult Minichunks Premium Dry Dog Food, Adult Dog Food Dry Recipe, 30 lb. Bag",iams,dog_food,1.0,False,not_yet_available_in_india,70.77,Category 'dog_food' already sold in India; brand 'iams' not seen in today's India gold data - potential white-space opportunity.
2026-07-09,amazon_us,B0DF3S2ZFQ,"MRS. MEYER'S Clean Day 3 in 1 Dog Shampoo, White Peach Scent, 14oz",mrs,grooming,1.0,False,not_yet_available_in_india,70.48,Category 'grooming' already sold in India; brand 'mrs' not seen in today's India gold data - potential white-space opportunity.
2026-07-09,amazon_us,B002GPD8BU,"TropiClean 2-in-1 Dog Shampoo and Conditioner, Moisturizing Dog Detangler, Puppy Safe, Made in the USA, Papaya Scent, Cat & K",tropiclean,grooming,1.0,False,not_yet_available_in_india,70.47,Category 'grooming' already sold in India; brand 'tropiclean' not seen in today's India gold data - potential white-space opportunity.
2026-07-09,amazon_us,B0GVH3GJDP,"Paw Science 3% Chlorhexidine Wipes for Dogs and Cats - Cleansing Antiseptic, Antibacterial, Antifungal Wipes with Aloe for Sk",paw,grooming,1.0,True,already_available_in_india,70.44,Brand 'paw' already tracked in India gold data; global signal may indicate a rising SKU/variant to prioritize.
2026-07-09,amazon_us,B07MZD3ZVF,"FURminator deShedding Tool For Medium to Large Cats With Short Hair, Removes Loose Hair From Shedding",furminator,grooming,1.0,False,not_yet_available_in_india,70.27,Category 'grooming' already sold in India; brand 'furminator' not seen in today's India gold data - potential white-space opportunity.
2026-07-09,amazon_us,B0D6Z4L6BW,Tractive Smart Dog GPS Tracker | Live Pet Tracker with Virtual Fence | Vital Signs Monitoring of Heart & Respiratory Rate | B,tractive,collars_leashes,1.0,False,not_yet_available_in_india,69.88,Category 'collars_leashes' already sold in India; brand 'tractive' not seen in today's India gold data - potential white-space opportunity.
2026-07-09,amazon_us,B0BLKN98V6,"Aodisman 3-Step Dog Ramp and Stairs for Sofa and Chair - Non-Slip Sturdy Pet Steps for Small Dogs and Cats,15.7"" H,Grey",aodisman,beds_accessories,1.0,False,not_yet_available_in_india,69.82,Category 'beds_accessories' already sold in India; brand 'aodisman' not seen in today's India gold data - potential white-space opportunity.
2026-07-09,amazon_us,B00280MUVM,Chuckit! Ultra Ball Dog Toy - Size Large - For Dogs 60-100 lbs - Made from Durable Rubber - Super Bouncy - Floats in Water -,chuckit,dog_toys,1.0,False,not_yet_available_in_india,69.78,Category 'dog_toys' already sold in India; brand 'chuckit' not seen in today's India gold data - potential white-space opportunity.
2026-07-09,amazon_us,B000F4W02M,"Nutramax Cosequin for Cats Joint Health Supplement, Contains Glucosamine for Cats, Plus Chondroitin, and Omega-3s, Supports J",nutramax,health_wellness,1.0,False,not_yet_available_in_india,69.78,Category 'health_wellness' already sold in India; brand 'nutramax' not seen in today's India gold data - potential white-space opportunity.
2026-07-09,amazon_us,B0CZ3YD1V6,"Potaroma Cat Toys Chew Ropes 3Pcs with Refillable Natural Catnip, Safe Teeth Cleaning Toy for Indoor Kittens, Interactive Cat",potaroma,cat_toys,1.0,False,not_yet_available_in_india,69.69,Category 'cat_toys' already sold in India; brand 'potaroma' not seen in today's India gold data - potential white-space opportunity.
2026-07-09,amazon_us,B0B7RQTSB7,"Heybly Cat Tree with Toy, 43.3 inch Cat Tower condo for Indoor Cats, Cat House with Padded Plush Perch, Cozy Hammock and Sisa",heybly,beds_accessories,1.0,False,not_yet_available_in_india,69.3,Category 'beds_accessories' already sold in India; brand 'heybly' not seen in today's India gold data - potential white-space opportunity.
2026-07-09,amazon_us,B0CTT9WF4X,"Waterproof Airtag Holder for Dog Collar, Soft Full-Body Protective Airtag Holder for Dog & Cat Collars, Ultra-Durable, Easy I",waterproof,collars_leashes,1.0,False,not_yet_available_in_india,69.2,Category 'collars_leashes' already sold in India; brand 'waterproof' not seen in today's India gold data - potential white-space opportunity.
2026-07-09,amazon_us,B01N17VJF7,"Zesty Paws Probiotics for Dogs - Digestive Enzymes for Gut Flora, Digestive Health, Diarrhea & Bowel Support - Clinically Stu",zesty,health_wellness,1.0,False,not_yet_available_in_india,69.19,Category 'health_wellness' already sold in India; brand 'zesty' not seen in today's India gold data - potential white-space opportunity.
2026-07-09,amazon_us,B07M98NH5L,"Fida Retractable Dog Leash, 16 ft Dog Walking Leash for Small Dogs up to 26 lbs, 360° Tangle Free, Black",fida,collars_leashes,1.0,False,not_yet_available_in_india,69.19,Category 'collars_leashes' already sold in India; brand 'fida' not seen in today's India gold data - potential white-space opportunity.
2026-07-09,amazon_us,B0BX9KXKPH,"Potaroma Cat Toys Chargeable, 3in1 Hide and Seek, Automatic Interactive Fun, Fluttering Butterfly, Moving Feather, Kitten Wan",potaroma,cat_toys,1.0,False,not_yet_available_in_india,69.11,Category 'cat_toys' already sold in India; brand 'potaroma' not seen in today's India gold data - potential white-space opportunity.
2026-07-09,amazon_us,B000WFKTWM,"Purina ONE Natural, Low Fat, Weight Control, Indoor Dry Cat Food, +Plus Indoor Advantage - 16 lb. Bag",purina,cat_food,1.0,False,not_yet_available_in_india,69.08,Category 'cat_food' already sold in India; brand 'purina' not seen in today's India gold data - potential white-space opportunity.
2026-07-09,amazon_us,B0FK71C59Y,"Pat Your Pet Deshedding Dog Brush For Shedding – Cat Brushes For Indoor Cats, Double-Sided Cat Brush Deshedding & Grooming To",pat,grooming,1.0,True,already_available_in_india,69.06,Brand 'pat' already tracked in India gold data; global signal may indicate a rising SKU/variant to prioritize.
2026-07-09,amazon_us,B0FNN541XB,"Heusom Silent Groom Pro Pet Nail Grinder | Whisper Quiet Claw Trimmer for Dogs, Cats and Other Animals | Safe & Stress Free N",heusom,grooming,1.0,False,not_yet_available_in_india,68.85,Category 'grooming' already sold in India; brand 'heusom' not seen in today's India gold data - potential white-space opportunity.
2026-07-09,amazon_us,B07MZDTG76,"FURminator Large Dog Undercoat deShedding Tool for Long Hair, Reduces Loose Hair From Shedding",furminator,grooming,1.0,False,not_yet_available_in_india,68.79,Category 'grooming' already sold in India; brand 'furminator' not seen in today's India gold data - potential white-space opportunity.
2026-07-09,amazon_us,B0BHN7K52L,"Jeefome Dog Toys for Aggressive Chewers - Tough, Indestructible Dog Chew Toys for Large, Medium, Small Breed Dogs to Keep The",jeefome,dog_toys,1.0,False,not_yet_available_in_india,68.71,Category 'dog_toys' already sold in India; brand 'jeefome' not seen in today's India gold data - potential white-space opportunity.
2026-07-09,amazon_us,B0791LY9MW,"PAWFUME Deshedding Dog Shampoo and Conditioner, Show Dog, 1-Pack – Nourish & Detangle for Silky Soft Coat – Probiotic, Deep-C",pawfume,grooming,1.0,False,not_yet_available_in_india,68.63,Category 'grooming' already sold in India; brand 'pawfume' not seen in today's India gold data - potential white-space opportunity.
2026-07-09,amazon_us,B0DHVJPH6T,"Dog Bed Mat – Soft & Comfortable Dog Kennel Pad for Crate – Durable Crate Bed & Mat for Dogs & Cats – Ideal for Crate, Kennel",dog,beds_accessories,1.0,True,already_available_in_india,68.53,Brand 'dog' already tracked in India gold data; global signal may indicate a rising SKU/variant to prioritize.
2026-07-09,amazon_us,B0839FGPFG,"Andiker Cat Spring Toy, 12 Pc Colorful Cat Kicker Toys Interactive Cat Toys for Indoor Cats Swatting, Biting, Hunting to Kill",andiker,cat_toys,1.0,False,not_yet_available_in_india,68.49,Category 'cat_toys' already sold in India; brand 'andiker' not seen in today's India gold data - potential white-space opportunity.
2026-07-09,amazon_us,B01IRO7WR4,"Pet MD Dog Ear Cleaning Wipes – Otic Cleanser for Dogs, Soothing Ear Care with Aloe Vera & Eucalyptus, Regular Wipes, 100 Cou",,health_wellness,1.0,False,not_yet_available_in_india,68.49,Category 'health_wellness' already sold in India; brand 'unknown' not seen in today's India gold data - potential white-space opportunity.
2026-07-09,amazon_us,B00LHYFZH6,"NaturVet Quiet Moments Calming Dog Supplement, Dog Soft Chews with Melatonin to Help Reduce Stress from Storms, the Vet, Fire",naturvet,health_wellness,1.0,False,not_yet_available_in_india,68.42,Category 'health_wellness' already sold in India; brand 'naturvet' not seen in today's India gold data - potential white-space opportunity.
2026-07-09,amazon_us,B0C8B84ZTB,"AirTag Cat Collar Breakaway, Reflective Cat Collar Compatible with Apple AirTag 1st & 2nd Gen, Hidden Holder with Bell, Light",airtag,collars_leashes,1.0,False,not_yet_available_in_india,68.24,Category 'collars_leashes' already sold in India; brand 'airtag' not seen in today's India gold data - potential white-space opportunity.
2026-07-09,amazon_us,B07R4PXC7B,"Benebone Puppy 2-Pack Dental Chew/Wishbone Dog Chew Toys, Made in USA, Real Bacon Flavor",benebone,dog_toys,1.0,False,not_yet_available_in_india,68.2,Category 'dog_toys' already sold in India; brand 'benebone' not seen in today's India gold data - potential white-space opportunity.
2026-07-09,amazon_us,B0BRNNVLJY,Washable Dog Bed Mat Ultra Soft Dog Crate Pad Comfy Fluffy Pet Kennel Beds Sleeping Mattress for Large Jumbo Medium Small Dog,washable,beds_accessories,1.0,False,not_yet_available_in_india,68.12,Category 'beds_accessories' already sold in India; brand 'washable' not seen in today's India gold data - potential white-space opportunity.
2026-07-09,amazon_us,B07RJ2KX9M,"HEELE Dog Muzzle,Soft Nylon Muzzle Anti Biting Barking Chewing,Air Mesh Breathable Drinkable Adjustable Loop Pets Muzzle for",heele,collars_leashes,1.0,False,not_yet_available_in_india,68.12,Category 'collars_leashes' already sold in India; brand 'heele' not seen in today's India gold data - potential white-space opportunity.
2026-07-09,amazon_us,B004INAQVI,Purina ONE Classic Ground Chicken and Brown Rice Entree Adult Wet Dog Food - (Pack of 12) 13 oz. Cans,purina,dog_food,1.0,False,not_yet_available_in_india,67.91,Category 'dog_food' already sold in India; brand 'purina' not seen in today's India gold data - potential white-space opportunity.
2026-07-09,amazon_us,B074VBZWF4,"Nutramax Cosequin for Cats Joint Health Supplement, Contains Glucosamine for Cats, Plus Chondroitin and Omega-3s, Supports Jo",nutramax,health_wellness,1.0,False,not_yet_available_in_india,67.91,Category 'health_wellness' already sold in India; brand 'nutramax' not seen in today's India gold data - potential white-space opportunity.
2026-07-09,amazon_us,B0BGVF6PGW,"Pro Plan Veterinary Diets Calming Care Cat Supplements Probiotic Powder for Behavioral Support, 30-Count Box",pro,health_wellness,1.0,False,not_yet_available_in_india,67.87,Category 'health_wellness' already sold in India; brand 'pro' not seen in today's India gold data - potential white-space opportunity.
2026-07-09,amazon_us,B006JCUGVQ,Purina ONE Chicken and Rice Formula Dry Dog Food - 16.5 lb. Bag,purina,dog_food,1.0,False,not_yet_available_in_india,67.8,Category 'dog_food' already sold in India; brand 'purina' not seen in today's India gold data - potential white-space opportunity.
2026-07-09,amazon_us,B001B02JF2,"Blue Buffalo Tastefuls Chicken & Brown Rice Recipe Dry Indoor Cat Food for Adult Cats, Real Chicken First, Deliciously Health",blue,cat_food,1.0,False,not_yet_available_in_india,67.8,Category 'cat_food' already sold in India; brand 'blue' not seen in today's India gold data - potential white-space opportunity.
2026-07-09,amazon_us,B0D9YW8F5W,WOOF - Bite n' Brush Refills Treats for the Dog Toothbrush Toy - Scrub Plaque and Tartar from Your Dog's Teeth and Mouth - Do,woof,dog_toys,1.0,False,not_yet_available_in_india,67.77,Category 'dog_toys' already sold in India; brand 'woof' not seen in today's India gold data - potential white-space opportunity.
2026-07-09,amazon_us,B0CBTXSBFW,Zakkart Cat Perch for Window Sill with Bolster - Orthopedic Hammock Design with Premium Hardwood & Robust Metal Frame - Cat W,zakkart,beds_accessories,1.0,False,not_yet_available_in_india,67.7,Category 'beds_accessories' already sold in India; brand 'zakkart' not seen in today's India gold data - potential white-space opportunity.
2026-07-09,amazon_us,B0CCXH53LW,"Muddy Mat® Cloud K-9 Dog Beds for Small Dogs & Cats, Soft & Relaxing Round Dog Bed, Chenille Material, Removable Cover, Washa",muddy,beds_accessories,1.0,True,already_available_in_india,67.52,Brand 'muddy' already tracked in India gold data; global signal may indicate a rising SKU/variant to prioritize.
2026-07-09,amazon_us,B09TDRRYJK,"Cat Cone Collar,Cute Waterproof Cat Recovery Collar,Anti-Bite Lick Wound Healing Safety Elizabethan e Collar for Cats,Purple",cat,health_wellness,1.0,True,already_available_in_india,67.29,Brand 'cat' already tracked in India gold data; global signal may indicate a rising SKU/variant to prioritize.
2026-07-09,amazon_us,B0FHHXHMM8,2 in 1 Dog Nail Clippers & Cat Nail Clippers Trimmers for Large Medium Small Dogs Cats Claw Trimmer Quick Sensor and Safety G,2,grooming,1.0,True,already_available_in_india,67.14,Brand '2' already tracked in India gold data; global signal may indicate a rising SKU/variant to prioritize.
2026-07-09,amazon_us,B000634174,"Hill's Science Diet Adult 1-6 Small Bites Dry Dog Food, Chicken & Barley, 5 lb. Bag",hills,dog_food,1.0,False,not_yet_available_in_india,67.1,Category 'dog_food' already sold in India; brand 'hills' not seen in today's India gold data - potential white-space opportunity.
2026-07-09,amazon_us,B0000AH3RP,"Purina ONE High Protein, Natural Dry Kitten Food, +Plus Healthy Kitten Formula - 7 lb. Bag",purina,cat_food,1.0,False,not_yet_available_in_india,67.1,Category 'cat_food' already sold in India; brand 'purina' not seen in today's India gold data - potential white-space opportunity.
2026-07-09,amazon_us,B0D1N9PXD8,"Dipoo Self Cleaning Shedding Brush - Skin Friendly Grooming Tool for Dogs, Cats, and Puppies, Deshedding and Hair Removal for",dipoo,grooming,1.0,False,not_yet_available_in_india,67.05,Category 'grooming' already sold in India; brand 'dipoo' not seen in today's India gold data - potential white-space opportunity.
2026-07-09,amazon_us,B0C7GMX4FT,"YVE LIFE Cat Toys Laser for Indoor Cats,The 4th Generation Real Random Trajectory Motion Activated Rechargeable Automatic Cat",yve,cat_toys,1.0,False,not_yet_available_in_india,66.92,Category 'cat_toys' already sold in India; brand 'yve' not seen in today's India gold data - potential white-space opportunity.
2026-07-09,amazon_us,B0037Z6VJE,"Veterinary Formula Clinical Care Hot Spot & Itch Relief Medicated Spray, 8oz – Easy to Use Spray for Dogs & Cats – Helps Alle",veterinary,health_wellness,1.0,False,not_yet_available_in_india,66.92,Category 'health_wellness' already sold in India; brand 'veterinary' not seen in today's India gold data - potential white-space opportunity.
2026-07-09,amazon_us,B0F4824Y6Q,"Migipaws Interactive MigiMouse Cat Toy 360° Rolling & Spin with Mesh Plastic Tail for Indoor Cats Smart Motion Sensor, Realis",migipaws,cat_toys,1.0,False,not_yet_available_in_india,66.71,Category 'cat_toys' already sold in India; brand 'migipaws' not seen in today's India gold data - potential white-space opportunity.
2026-07-09,amazon_us,B00074L4RW,PetSafe Gentle Leader No-Pull Dog Headcollar - The Ultimate Solution to Pulling - Redirects Your Dog's Pulling for Easier Wal,petsafe,collars_leashes,1.0,False,not_yet_available_in_india,66.62,Category 'collars_leashes' already sold in India; brand 'petsafe' not seen in today's India gold data - potential white-space opportunity.
2026-07-09,amazon_us,B07ZGMGTCJ,"Bedsure Washable Dog Beds Large Sized Dog with Comfy Sherpa, 36x27in Grey | Orthopedic Egg Crate Foam,Comfort Support Flat Re",bedsure,beds_accessories,1.0,False,not_yet_available_in_india,66.51,Category 'beds_accessories' already sold in India; brand 'bedsure' not seen in today's India gold data - potential white-space opportunity.
2026-07-09,amazon_us,B0CSSRPTLT,"FUKUMARU Cat Scratcher Mat, 23.6 X 15.7 Inch Natural Sisal Cat Scratch Mats, Horizontal Cat Floor Scratching Pad Rug with Sti",fukumaru,beds_accessories,1.0,True,already_available_in_india,66.5,Brand 'fukumaru' already tracked in India gold data; global signal may indicate a rising SKU/variant to prioritize.
2026-07-09,amazon_us,B0BPBW45RL,"EHEYCIGA Fluffy Dog Crate Bed for Extra Large Dogs, Plush Faux Fur Pad, Calming Anti Anxiety XL Bed for Crate, Washable Soft",eheyciga,beds_accessories,1.0,False,not_yet_available_in_india,66.48,Category 'beds_accessories' already sold in India; brand 'eheyciga' not seen in today's India gold data - potential white-space opportunity.
2026-07-09,amazon_us,B0DQL465SD,"Rywell Dog Cooling Mat 2.0, Elegant Grey, 44""*32"" Thick & Durable Cooling Mat for Extra Large Dogs, Extended Cooling with Wat",rywell,beds_accessories,1.0,False,not_yet_available_in_india,66.41,Category 'beds_accessories' already sold in India; brand 'rywell' not seen in today's India gold data - potential white-space opportunity.
2026-07-09,amazon_us,B0CGN1B9TP,"WinTour Tough Dog Toys for Aggressive Chewers, Indestructible Dog Chewers for Medium & Large Breeds, Squeaky Durable Chew Toy",wintour,dog_toys,1.0,False,not_yet_available_in_india,66.33,Category 'dog_toys' already sold in India; brand 'wintour' not seen in today's India gold data - potential white-space opportunity.
2026-07-09,amazon_us,B073SZNNRT,KONG Ring - Natural Rubber Ring Toy for Healthy Chewing Habits - Chew Toy Supports Dog Dental Health - Dog Toy Supports Insti,kong,dog_toys,1.0,False,not_yet_available_in_india,66.22,Category 'dog_toys' already sold in India; brand 'kong' not seen in today's India gold data - potential white-space opportunity.
2026-07-09,amazon_us,B01HRSZRXM,"oneisall Dog Clippers Low Noise, Dog Grooming Kit with Rechargeable, Pet Shaver Cordless Electric Quiet Hair Clipper Set for",oneisall,grooming,1.0,False,not_yet_available_in_india,66.22,Category 'grooming' already sold in India; brand 'oneisall' not seen in today's India gold data - potential white-space opportunity.
2026-07-09,amazon_us,B08PK7YRK7,"TagME Dog Collars for Small Dogs, Reflective Nylon Pet Collar with Quick Release Buckle, Small Dog Collar for Boys, Sky Blue,",tagme,collars_leashes,1.0,False,not_yet_available_in_india,66.22,Category 'collars_leashes' already sold in India; brand 'tagme' not seen in today's India gold data - potential white-space opportunity.
2026-07-09,amazon_us,B0BMDXQ4FF,"Blue Buffalo Homestyle Recipe Wet Dog Food Paté Variety Pack, Chicken Dinner & Beef Dinner with Garden Vegetables, Made with",blue,dog_food,1.0,False,not_yet_available_in_india,66.15,Category 'dog_food' already sold in India; brand 'blue' not seen in today's India gold data - potential white-space opportunity.
2026-07-09,amazon_us,B07DJ7T3RR,"IAMS Proactive Health Dry Cat Food, Urinary Tract Health, Adult Cat Food Dry Recipe with Chicken, 7 lb. Bag",iams,cat_food,1.0,False,not_yet_available_in_india,66.11,Category 'cat_food' already sold in India; brand 'iams' not seen in today's India gold data - potential white-space opportunity.
2026-07-09,amazon_us,B07L6QC3TW,"Perfect Poop Digestion & General Health Supplement for Dogs: Fiber, Prebiotics, Probiotics & Enzymes Relieve Digestive Condit",perfect,health_wellness,1.0,False,not_yet_available_in_india,65.93,Category 'health_wellness' already sold in India; brand 'perfect' not seen in today's India gold data - potential white-space opportunity.
2026-07-09,amazon_us,B0B94Q3KPY,Cat Calming Treats for Anxiety Relief - Dual Texture Crunchy Creamy Calming Chews for Cats - Feline Stress Relief Behavior Su,cat,health_wellness,1.0,True,already_available_in_india,65.89,Brand 'cat' already tracked in India gold data; global signal may indicate a rising SKU/variant to prioritize.
2026-07-09,amazon_us,B09KX438B9,"Potaroma 3 Pack Natural Silvervine Sticks Cat Toys, Catmint Silvervine Blend Sticks, Catnip Kittens Chew Toys Teeth Cleaning,",potaroma,cat_toys,1.0,False,not_yet_available_in_india,65.86,Category 'cat_toys' already sold in India; brand 'potaroma' not seen in today's India gold data - potential white-space opportunity.
2026-07-09,amazon_us,B09P7VPJ5V,"TBTeek Cat Toys, with Metal Case, 2 Pieces, Rechargeable, 7 Adjustable Patterns, Interactive Kitten Pet Dog Chase Toy for Cat",tbteek,cat_toys,1.0,False,not_yet_available_in_india,65.85,Category 'cat_toys' already sold in India; brand 'tbteek' not seen in today's India gold data - potential white-space opportunity.
2026-07-09,amazon_us,B00HHN04KE,"Purina Pro Plan Small Breed Dog Food With Probiotics for Dogs, Shredded Blend Chicken & Rice Formula - 6 lb. Bag",purina,dog_food,1.0,False,not_yet_available_in_india,65.82,Category 'dog_food' already sold in India; brand 'purina' not seen in today's India gold data - potential white-space opportunity.
2026-07-09,amazon_us,B0D4JP1WZX,"Cat Scratch Couch Furniture Protector, Self-Adhesive Cat Scratch Pad Deterrent for Furniture, DIY Climbing Cat Scratcher Couc",cat,beds_accessories,1.0,True,already_available_in_india,65.78,Brand 'cat' already tracked in India gold data; global signal may indicate a rising SKU/variant to prioritize.
2026-07-09,amazon_us,B0FSLXNL38,"FHKPET Instinct Basket, Stimuli Handwoven cat Basket Rope Cotton Eliminates Bed Rejection Round Pet Basket, Boho Catbed for C",fhkpet,beds_accessories,1.0,False,not_yet_available_in_india,65.34,Category 'beds_accessories' already sold in India; brand 'fhkpet' not seen in today's India gold data - potential white-space opportunity.
2026-07-09,amazon_us,B0CN3N4DNH,"MeoHui 31Pcs Cat Ball Toy Launcher Gun,Cat Balls Fetch Toy,30Pcs Plush Fuzzy Balls Launcher Cat Toy for Cats with 1 Gun,Funny",me-o,cat_toys,1.0,True,already_available_in_india,65.29,Brand 'me-o' already tracked in India gold data; global signal may indicate a rising SKU/variant to prioritize.
2026-07-09,amazon_us,B01CCFPC0I,"Burt's Bees for Pets Hypoallergenic Cat Shampoo with Shea Butter and Honey, Gentle Formula for Indoor Cats with Dry or Sensit",burts,grooming,1.0,False,not_yet_available_in_india,65.23,Category 'grooming' already sold in India; brand 'burts' not seen in today's India gold data - potential white-space opportunity.
2026-07-09,amazon_us,B0CQY8VLZS,"AMOSIJOY Cat Sill Window Perch Sturdy Hammock Window Seat with Cushion Bed Cover, Wood & Metal Frame for Large Cats, Easy to",amosijoy,beds_accessories,1.0,False,not_yet_available_in_india,65.1,Category 'beds_accessories' already sold in India; brand 'amosijoy' not seen in today's India gold data - potential white-space opportunity.
2026-07-09,amazon_us,B0DRCY4PY4,"LAFAYI 4 PCS Breakaway Cat Collars with Bell Moons Stars,Kitten Collar and Adjustable with Pendant Glow,Cute Kitty Collar for",lafayi,collars_leashes,1.0,False,not_yet_available_in_india,64.97,Category 'collars_leashes' already sold in India; brand 'lafayi' not seen in today's India gold data - potential white-space opportunity.
2026-07-09,amazon_us,B003YUYFZO,"Vetoquinol Laxatone: Oral Hairball Lubricant Gel for Cats – Tuna-Flavored, 4.25oz",vetoquinol,health_wellness,1.0,True,already_available_in_india,64.97,Brand 'vetoquinol' already tracked in India gold data; global signal may indicate a rising SKU/variant to prioritize.
2026-07-09,amazon_us,B0872J3XV9,"Catstages Nina Ottosson Buggin’ Out Puzzle & Play Cat Puzzle Feeder – Interactive Treat Game for Indoor Cats, Level 2 Slow Fe",catstages,cat_food,1.0,False,not_yet_available_in_india,64.94,Category 'cat_food' already sold in India; brand 'catstages' not seen in today's India gold data - potential white-space opportunity.
2026-07-09,amazon_us,B09XP5Y5WW,CollarDirect Leather Cat Collar with Removable Bell – Safety Elastic Strap (Breakaway Alternative) – Kitten Collar for Small,collardirect,collars_leashes,1.0,False,not_yet_available_in_india,64.94,Category 'collars_leashes' already sold in India; brand 'collardirect' not seen in today's India gold data - potential white-space opportunity.
2026-07-09,amazon_us,B0D3LRT85V,"IMMHABI 400 Count Dog Wipes, Unscented Plant-Based Hypoallergenic Pet Wipes for Paws, Butt, and Anal Gland Care, Cleansing &",immhabi,grooming,1.0,False,not_yet_available_in_india,64.91,Category 'grooming' already sold in India; brand 'immhabi' not seen in today's India gold data - potential white-space opportunity.
2026-07-09,amazon_us,B0066VLPGA,"Zymox Advanced Formula Otic Plus Enzymatic Ear Solution for Dogs and Cats with 1% Hydrocortisone, 1.25oz",zymox,health_wellness,1.0,False,not_yet_available_in_india,64.83,Category 'health_wellness' already sold in India; brand 'zymox' not seen in today's India gold data - potential white-space opportunity.
2026-07-09,amazon_us,B08CWY3TLW,Oxyfresh Premium Pet Dental Care Solution Pet Water Additive: Best Way to Eliminate Bad Dog Breath and Cat Bad Breath - Fight,oxyfresh,health_wellness,1.0,False,not_yet_available_in_india,64.64,Category 'health_wellness' already sold in India; brand 'oxyfresh' not seen in today's India gold data - potential white-space opportunity.
2026-07-09,amazon_us,B00DE7WHLQ,Purina ONE True Instinct With A Blend Of Real Turkey and Venison Dry Dog Food - 7.4 lb. Bag,purina,dog_food,1.0,False,not_yet_available_in_india,64.53,Category 'dog_food' already sold in India; brand 'purina' not seen in today's India gold data - potential white-space opportunity.
2026-07-09,amazon_us,B06W2GR7PL,"Nutrish Indoor Complete Chicken, Lentils & Salmon Recipe Dry Cat Food, 6 lb. Bag, Packaging May Vary (Rachael Ray)",nutrish,cat_food,1.0,False,not_yet_available_in_india,64.53,Category 'cat_food' already sold in India; brand 'nutrish' not seen in today's India gold data - potential white-space opportunity.
2026-07-09,amazon_us,B0CVJ1FNSX,"GoTags Personalized Cat Collars with Tag, Engraved Custom Name and Phone | Breakaway Collar with Safety Buckle and Bell, Adju",gotags,collars_leashes,1.0,False,not_yet_available_in_india,64.49,Category 'collars_leashes' already sold in India; brand 'gotags' not seen in today's India gold data - potential white-space opportunity.
2026-07-09,amazon_us,B09TRC8RM5,"Niubya Foldable Dog Swimming Pool, Collapsible Hard Plastic, Portable Bath Tub for Pets Dogs and Cats, Pet Wading Pool for In",niubya,grooming,1.0,False,not_yet_available_in_india,64.31,Category 'grooming' already sold in India; brand 'niubya' not seen in today's India gold data - potential white-space opportunity.
2026-07-09,amazon_us,B007R1BN6U,"Pupstages Dogwood Dog Chew Toy, Made in the USA – Real-Wood Blend, Natural Flavor & Texture, Moderate Chewers, Small, 5.4""",pupstages,dog_toys,1.0,False,not_yet_available_in_india,64.24,Category 'dog_toys' already sold in India; brand 'pupstages' not seen in today's India gold data - potential white-space opportunity.
2026-07-09,amazon_us,B08Y5RYPTS,"Fida Durable Slip Lead Dog Leash, 6 FT x 1/2"" Heavy Duty Dog Loop Leashes, Comfortable Strong Rope Slip Leash for Large Mediu",fida,collars_leashes,1.0,False,not_yet_available_in_india,64.24,Category 'collars_leashes' already sold in India; brand 'fida' not seen in today's India gold data - potential white-space opportunity.
2026-07-09,amazon_us,B01BMBYKUQ,"IAMS Proactive Health Kitten Dry Cat Food, Healthy Kitten Food Dry Recipe with Real Chicken in Every Bite, 3.5 Lb. Bag",iams,cat_food,1.0,False,not_yet_available_in_india,64.13,Category 'cat_food' already sold in India; brand 'iams' not seen in today's India gold data - potential white-space opportunity.
2026-07-09,amazon_us,B0DRG5G7GJ,"Qbily Pet Hair Remover 2nd Gen (3 Pack) - Reusable Lint Removal Tool for Couch, Carpets, Cat Trees, Car Mats, Furniture, Clot",qbily,grooming,1.0,False,not_yet_available_in_india,63.98,Category 'grooming' already sold in India; brand 'qbily' not seen in today's India gold data - potential white-space opportunity.
2026-07-09,amazon_us,B0037Z6VKS,"Veterinary Formula Flea and Tick Shampoo for Dogs and Cats, 16 oz",veterinary,grooming,1.0,False,not_yet_available_in_india,63.95,Category 'grooming' already sold in India; brand 'veterinary' not seen in today's India gold data - potential white-space opportunity.
2026-07-09,amazon_us,B01MZG54L6,"Kitty City XL Wide Corrugate Cat Scratchers 3 Pieces, Cat Scratching, Cat Scratch Pad, Door Clips, Furniture Protectors from",kitty,beds_accessories,1.0,False,not_yet_available_in_india,63.84,Category 'beds_accessories' already sold in India; brand 'kitty' not seen in today's India gold data - potential white-space opportunity.
2026-07-09,amazon_us,B0DHG69418,"Frienhund Tough Dog Toys for Aggressive Chewers 3 Pack, Indestructible Dog Toys for Large Dogs, Dog Chew Toys, Aggressive Che",frienhund,dog_toys,1.0,False,not_yet_available_in_india,63.77,Category 'dog_toys' already sold in India; brand 'frienhund' not seen in today's India gold data - potential white-space opportunity.
2026-07-09,amazon_us,B0051H45GC,"Baskerville ULTRA Dog Muzzle | Size 5 | Patented Humane Design, Dog can Pant & Drink, Adjustable & Padded, Prevents Biting &",baskerville,collars_leashes,1.0,False,not_yet_available_in_india,63.76,Category 'collars_leashes' already sold in India; brand 'baskerville' not seen in today's India gold data - potential white-space opportunity.
2026-07-09,amazon_us,B07DT83CBV,"6 Pack XL Anti Cat Scratch Furniture Protector - Couch Protector from Cat Claws w/Twist Pins, Clear, Easy-to-Apply Scratching",6,beds_accessories,1.0,False,not_yet_available_in_india,63.65,Category 'beds_accessories' already sold in India; brand '6' not seen in today's India gold data - potential white-space opportunity.
2026-07-09,amazon_us,B0FKTR2SQS,Dental Fresh – Advanced Plaque & Tartar Support Water Additive for Dogs & Cats – Helps Freshen Breath and Clean Teeth Without,dental,health_wellness,1.0,False,not_yet_available_in_india,63.65,Category 'health_wellness' already sold in India; brand 'dental' not seen in today's India gold data - potential white-space opportunity.
2026-07-09,amazon_us,B0D3GDK63Q,"Czpalo Outdoor Elevated Dog Bed for Large Sized Dogs, No-Tool Assembly. | Raised design promotes airflow. Tool-free assembly,",czpalo,beds_accessories,1.0,False,not_yet_available_in_india,63.55,Category 'beds_accessories' already sold in India; brand 'czpalo' not seen in today's India gold data - potential white-space opportunity.
2026-07-09,amazon_us,B07K6JSBRB,"Pet Honesty Chlorhexidine Cat & Dog Seasonal Itch Relief Shampoo, for Allergies, Itching, Skin and Coat Supplement, Helps She",,grooming,1.0,False,not_yet_available_in_india,63.54,Category 'grooming' already sold in India; brand 'unknown' not seen in today's India gold data - potential white-space opportunity.
2026-07-09,amazon_us,B0DHMYK7JM,Cat Harness and Leash for Walking Escape Proof Soft Adjustable Cat Leash Breathable Comfortable Vest Easy to Wear Kitten Harn,cat,collars_leashes,1.0,True,already_available_in_india,63.53,Brand 'cat' already tracked in India gold data; global signal may indicate a rising SKU/variant to prioritize.
2026-07-09,amazon_us,B0DP6D3TRB,"Zakkart 2-Pack Cat Scratching Board, 25.6'' Tall Cardboard L Shape Vertical Cat Scratchers for Indoor Cats, Cat Scratching Po",zakkart,beds_accessories,1.0,False,not_yet_available_in_india,63.41,Category 'beds_accessories' already sold in India; brand 'zakkart' not seen in today's India gold data - potential white-space opportunity.
2026-07-09,amazon_us,B0D2HMV3S6,"FDW | 54"" Cat Tree Tower | Dark Gray | Multi-Level Indoor Activity Center with Sisal Scratching Posts, Condos, Plush Perches,",fdw,beds_accessories,1.0,False,not_yet_available_in_india,63.35,Category 'beds_accessories' already sold in India; brand 'fdw' not seen in today's India gold data - potential white-space opportunity.
2026-07-09,amazon_us,B0002AQMZU,"Vet’s Best Enzymatic Dog Toothpaste – Vet Formulated Dental Gel for Teeth Cleaning, Fresh Breath, Tartar Control, Plaque Remo",vets,health_wellness,1.0,False,not_yet_available_in_india,63.25,Category 'health_wellness' already sold in India; brand 'vets' not seen in today's India gold data - potential white-space opportunity.
2026-07-09,amazon_us,B0DG1X5KHM,"Jkanti Interactive Cat Toys for Indoor Cats,The 3rd Generation Agile Moving Cat Ball with Elastic Mesh Tail,Automatic Kitten",jkanti,cat_toys,1.0,False,not_yet_available_in_india,63.12,Category 'cat_toys' already sold in India; brand 'jkanti' not seen in today's India gold data - potential white-space opportunity.
2026-07-09,amazon_us,B0CG9LCN8B,KSIIA Orthopedic Dog Bed Dog Crate Bed Waterproof for Large Dogs Deluxe Plush Washable Pet Mat with Egg Crate Foam & Removabl,ksiia,beds_accessories,1.0,False,not_yet_available_in_india,63.02,Category 'beds_accessories' already sold in India; brand 'ksiia' not seen in today's India gold data - potential white-space opportunity.
2026-07-09,amazon_us,B06XKJNFXX,"Vet's Best Dog Toothpaste & Dog Toothbrush, Dental Kit, Plaque Remover for Teeth, Whitens Teeth, Freshens Canine Breath, Vete",vets,health_wellness,1.0,False,not_yet_available_in_india,62.96,Category 'health_wellness' already sold in India; brand 'vets' not seen in today's India gold data - potential white-space opportunity.
2026-07-09,amazon_us,B0FB9KWG7D,"TherapetMD 60-Day Cat Calming Diffuser - Cat Pheromone Diffuser for Stress, Pee Spraying, Cat Fighting, Aggression, Excessive",therapetmd,health_wellness,1.0,False,not_yet_available_in_india,62.87,Category 'health_wellness' already sold in India; brand 'therapetmd' not seen in today's India gold data - potential white-space opportunity.
2026-07-09,amazon_us,B00HW5LI9S,"Hill's Science Diet Adult Perfect Weight Dry Cat Food, Chicken, 7 lb. Bag",hills,cat_food,1.0,False,not_yet_available_in_india,62.85,Category 'cat_food' already sold in India; brand 'hills' not seen in today's India gold data - potential white-space opportunity.
2026-07-09,amazon_us,B07MDDXBZM,"Hartz UltraGuard Pro Flea & Tick Collar for Cats and Kittens, 7 Month Flea and Tick Prevention and Protection, 1 Collar",hartz,collars_leashes,1.0,False,not_yet_available_in_india,62.77,Category 'collars_leashes' already sold in India; brand 'hartz' not seen in today's India gold data - potential white-space opportunity.
2026-07-09,amazon_us,B0FCSS92TV,"zulinlong 2 Pack Breakaway Cat Collars with Bells, Reflective Design and Claw Print Design, Safety Buckle Kitten Collars Adju",zulinlong,collars_leashes,1.0,False,not_yet_available_in_india,62.67,Category 'collars_leashes' already sold in India; brand 'zulinlong' not seen in today's India gold data - potential white-space opportunity.
2026-07-09,amazon_us,B07ZPMYYZF,"Best Pet Supplies 8"" x 9"" Large Dog Wipes - Cleaning and Deodorizing for Paws and Coat - Gentle Formula with Lavender Vitamin",best,grooming,1.0,False,not_yet_available_in_india,62.55,Category 'grooming' already sold in India; brand 'best' not seen in today's India gold data - potential white-space opportunity.
2026-07-09,amazon_us,B0851GZZNR,"Herm SPRENGER Ultra-Plus Prong Dog Training Collar, 3.0 mm x 18"" Neck Size, 3.0 mm x 22"" Chain Length, Steel Chrome Plated Do",herm,collars_leashes,1.0,False,not_yet_available_in_india,62.55,Category 'collars_leashes' already sold in India; brand 'herm' not seen in today's India gold data - potential white-space opportunity.
2026-07-09,amazon_us,B0052L9Q1Q,"Nylabone Ring Bone Puppy Chew Toy for Puppies, Soothing Teething Toys for Puppies, Puppy Enrichment Dog Chews, Long Lasting C",nylabone,dog_toys,1.0,False,not_yet_available_in_india,62.37,Category 'dog_toys' already sold in India; brand 'nylabone' not seen in today's India gold data - potential white-space opportunity.
2026-07-09,amazon_us,B0FRNQ5C5H,"Purina Pro Plan Veterinary Supplements Hydra Care Cat Hydration Supplement, Nutrient-Enriched Water for Cat Health and Urinar",purina,health_wellness,1.0,False,not_yet_available_in_india,62.27,Category 'health_wellness' already sold in India; brand 'purina' not seen in today's India gold data - potential white-space opportunity.
2026-07-09,amazon_us,B08CMQWYJP,Baeuppit 2PCS Breakaway Cat Collars with Bell Moons Stars Cute Kitty Adjustable Safe Kitten Collars with Pendant Glow in The,baeuppit,collars_leashes,1.0,False,not_yet_available_in_india,62.21,Category 'collars_leashes' already sold in India; brand 'baeuppit' not seen in today's India gold data - potential white-space opportunity.
2026-07-09,amazon_us,B09Y113PZK,"Annchwool No Pull Dog Harness with Soft Padded Handle,Reflective Strip Escape Proof and Quick Fit to Adjust Dog Harness,Easy",annchwool,collars_leashes,1.0,False,not_yet_available_in_india,62.01,Category 'collars_leashes' already sold in India; brand 'annchwool' not seen in today's India gold data - potential white-space opportunity.
2026-07-09,amazon_us,B008ESY894,Chuckit! Paraflight Flying Disc Dog Toy - Water Floating Flyer - Durable Nylon Construction with Soft Rubber Edges - For Medi,chuckit,dog_toys,1.0,False,not_yet_available_in_india,61.97,Category 'dog_toys' already sold in India; brand 'chuckit' not seen in today's India gold data - potential white-space opportunity.
2026-07-09,amazon_us,B09479CVXY,"Douxo S3 PYO Pads, 3% Chlorhexidine Wipes for Dogs and Cats, Antiseptic Dog Wipes For Bacterial or Yeast Skin Infections, 0.5",douxo,health_wellness,1.0,False,not_yet_available_in_india,61.86,Category 'health_wellness' already sold in India; brand 'douxo' not seen in today's India gold data - potential white-space opportunity.
2026-07-09,amazon_us,B09SKWDHM6,"BRILLIRARE 4 Pack Flea Lice Comb, Stainless Steel Dog Cat Grooming Combs with Rounded Teeth, Double Sided Professional Pet Te",brillirare,grooming,1.0,False,not_yet_available_in_india,61.76,Category 'grooming' already sold in India; brand 'brillirare' not seen in today's India gold data - potential white-space opportunity.
2026-07-09,amazon_us,B07MFYSKCL,"Love's cabin Round Donut Cat and Dog Cushion Bed, 20in Bed for Cats or Small Dogs, Anti-Slip & Water-Resistant Bottom, Super",loves,beds_accessories,1.0,False,not_yet_available_in_india,61.56,Category 'beds_accessories' already sold in India; brand 'loves' not seen in today's India gold data - potential white-space opportunity.
2026-07-09,amazon_us,B07MF5YGT1,"Hill's Science Diet Adult Sensitive Stomach & Skin Wet Dog Food, Turkey & Rice, 12.5 oz. Cans, 12-Pack",hills,dog_food,1.0,False,not_yet_available_in_india,61.54,Category 'dog_food' already sold in India; brand 'hills' not seen in today's India gold data - potential white-space opportunity.
2026-07-09,amazon_us,B07RYB63DC,"SPOT Bam-Bones Plus T Bone – Bamboo Fiber & Nylon Dog Chew Toy for Moderate to Aggressive Chewers, Durable Long Lasting & Non",spot,dog_toys,1.0,False,not_yet_available_in_india,61.27,Category 'dog_toys' already sold in India; brand 'spot' not seen in today's India gold data - potential white-space opportunity.
2026-07-09,amazon_us,B0CC3ZVPRQ,"Vetradent Water Additive, 17 oz",vetradent,health_wellness,1.0,False,not_yet_available_in_india,61.2,Category 'health_wellness' already sold in India; brand 'vetradent' not seen in today's India gold data - potential white-space opportunity.
2026-07-09,amazon_us,B0D69X8CDJ,"Flea Collar for Cats 4 Pack, 32 Months Flea and Tick Prevention for Cats Collar, Waterproof Cat Flea Collar, Natural Cat Flea",flea,collars_leashes,1.0,False,not_yet_available_in_india,61.02,Category 'collars_leashes' already sold in India; brand 'flea' not seen in today's India gold data - potential white-space opportunity.
2026-07-09,amazon_us,B0B2NQV8QV,"INVENHO Rectangle Washable Orthopedic Dog Bed for Small, Medium and Large Dogs, Soft Calming, Sleeping Puppy Bed Durable Pet",invenho,beds_accessories,1.0,False,not_yet_available_in_india,60.98,Category 'beds_accessories' already sold in India; brand 'invenho' not seen in today's India gold data - potential white-space opportunity.
2026-07-09,amazon_us,B07V4SGDDZ,"Yaheetech 63in Large Cat Tree for Heavy Cats up to 22lbs, Anti-Wobble Tower with Condo & Hammock, Space-Saving for Indoor Mul",yaheetech,beds_accessories,1.0,False,not_yet_available_in_india,60.79,Category 'beds_accessories' already sold in India; brand 'yaheetech' not seen in today's India gold data - potential white-space opportunity.
2026-07-09,amazon_us,B0CW23GFSG,BADLANDS RANCH by Katherine Heigl – Superfood Complete Air-Dried Beef Dog Food – High Protein with Superfoods for Daily Welln,badlands,dog_food,1.0,False,not_yet_available_in_india,60.78,Category 'dog_food' already sold in India; brand 'badlands' not seen in today's India gold data - potential white-space opportunity.
2026-07-09,amazon_us,B0BJ6YJXG2,"oneisall Pet Clipper for Cat Matted Hair, Pet Shaver for Cats Quiet Pet Clippers Waterproof Cordless Cat Clippers for Matted",oneisall,grooming,1.0,False,not_yet_available_in_india,60.77,Category 'grooming' already sold in India; brand 'oneisall' not seen in today's India gold data - potential white-space opportunity.
2026-07-09,amazon_us,B0DF5C191L,"Cat Harness and Leash for Walking, Cat Car Harness, Soft Adjustable Vest Harnesses for Cats, Easy Control Breathable Reflecti",cat,collars_leashes,1.0,True,already_available_in_india,60.75,Brand 'cat' already tracked in India gold data; global signal may indicate a rising SKU/variant to prioritize.
2026-07-09,amazon_us,B07L97GQW5,"Taste of the Wild High Prairie Canine Grain-Free Recipe with Roasted Bison and Venison Adult Dry Dog Food, Made with High Pro",taste,dog_food,1.0,False,not_yet_available_in_india,60.57,Category 'dog_food' already sold in India; brand 'taste' not seen in today's India gold data - potential white-space opportunity.
2026-07-09,amazon_us,B01AVHPFDS,"FELIWAY MultiCat 30 Day Cat Calming Plug In Pheromone Diffuser Starter Kit, 48ml - Helps Reduce Conflicts and Signs of Tensio",feliway,health_wellness,1.0,False,not_yet_available_in_india,60.5,Category 'health_wellness' already sold in India; brand 'feliway' not seen in today's India gold data - potential white-space opportunity.
2026-07-09,amazon_us,B0C1HNMSGP,"PetLab Co. Allergy & Immune Probiotics for Dogs, Support Seasonal Allergies, Gut & Digestive Health - Pork Flavor - 30 Soft C",petlab,health_wellness,1.0,False,not_yet_available_in_india,60.39,Category 'health_wellness' already sold in India; brand 'petlab' not seen in today's India gold data - potential white-space opportunity.
2026-07-09,amazon_us,B000PKWKMQ,"Chuckit! Dog Ball Launcher 12M Sport with 12"" Handle Length for Medium 2.5"" Dog Balls For Dogs 20-60 lb, Plastic Pet Fetch Ba",chuckit,dog_toys,1.0,False,not_yet_available_in_india,60.28,Category 'dog_toys' already sold in India; brand 'chuckit' not seen in today's India gold data - potential white-space opportunity.
2026-07-09,amazon_us,B07PMFF7FW,"Native Pet Pumpkin for Dogs - Organic Dog Food Topper Powder - Promotes Firm Stools, Supports Digestive, Bowel Health & Nutri",native,health_wellness,1.0,False,not_yet_available_in_india,60.28,Category 'health_wellness' already sold in India; brand 'native' not seen in today's India gold data - potential white-space opportunity.
2026-07-09,amazon_us,B0B61XR4RF,"Wags & Wiggles Hypoallergenic Dog Wipes for Sensitive Skin, Fragrance-Free Waterless Cleansing Cloths for Paws, Face, and Dog",wags,grooming,1.0,False,not_yet_available_in_india,59.89,Category 'grooming' already sold in India; brand 'wags' not seen in today's India gold data - potential white-space opportunity.
2026-07-09,amazon_us,B01MYW7B8N,"Cesar Small Breed Dry Dog Food for Small Dogs, Filet Mignon Flavor and Spring Vegetables Garnish, 12 lb Bag",cesar,dog_food,1.0,False,not_yet_available_in_india,59.88,Category 'dog_food' already sold in India; brand 'cesar' not seen in today's India gold data - potential white-space opportunity.
2026-07-09,amazon_us,B0BXSPKBQH,"Fashion's Talk Cat Mice Toy 18-Pack Plush Catnip-Filled Mice Toys for Indoor Cats - Realistic Design, 9 Assorted Colors, 2 of",fashions,cat_toys,1.0,False,not_yet_available_in_india,59.51,Category 'cat_toys' already sold in India; brand 'fashions' not seen in today's India gold data - potential white-space opportunity.
2026-07-09,amazon_us,B0000AH9W4,"Outward Hound Hedgehogz Stuffed Dog Toy – Soft Plush Hedgehog, Grunts & Squeaks, Medium, 9"" x 5"" x 6.5""",outward,dog_toys,1.0,False,not_yet_available_in_india,59.0,Category 'dog_toys' already sold in India; brand 'outward' not seen in today's India gold data - potential white-space opportunity.
2026-07-09,amazon_us,B0DT7JLVJB,Voyager Escape-Proof Step-in Lock Cat Harness & 5ft Neoprene-Handle Leash Set All-Weather Mesh with Reflective Stitching for,voyager,collars_leashes,1.0,False,not_yet_available_in_india,58.66,Category 'collars_leashes' already sold in India; brand 'voyager' not seen in today's India gold data - potential white-space opportunity.
2026-07-09,amazon_us,B0D3H1P49N,"Elevated Dog Bed Raised Outdoor Dog Cot for Large Dogs, Installation Requires No Tools, Frame with Washable Cooling Breathabl",elevated,beds_accessories,1.0,False,not_yet_available_in_india,58.63,Category 'beds_accessories' already sold in India; brand 'elevated' not seen in today's India gold data - potential white-space opportunity.
2026-07-09,amazon_us,B0BZNNN7H8,"BFPETHOME Orthopedic Dog Beds for Large Dogs-Waterproof Sofa Dog Bed with Removable Washable Cover, Big Pet Bed with Waterpro",bfpethome,beds_accessories,1.0,False,not_yet_available_in_india,58.62,Category 'beds_accessories' already sold in India; brand 'bfpethome' not seen in today's India gold data - potential white-space opportunity.
2026-07-09,amazon_us,B0018CFNB0,Purina Moist and Meaty Steak Flavor Soft Dog Food Pouches - 36 ct. Pouch,purina,dog_food,1.0,False,not_yet_available_in_india,58.59,Category 'dog_food' already sold in India; brand 'purina' not seen in today's India gold data - potential white-space opportunity.
2026-07-09,amazon_us,B099NVDSF4,"Hartz DuraPlay Ball Squeaky Latex Dog Toy, Neon Green, Neon Pink & Neon Orange, Large 3 Count Pack",hartz,dog_toys,1.0,False,not_yet_available_in_india,58.59,Category 'dog_toys' already sold in India; brand 'hartz' not seen in today's India gold data - potential white-space opportunity.
2026-07-09,amazon_us,B0FKB97HXB,"Potaroma Cat Toys Pack of 2 with 6000mg A+ Organic Catnip, Soft Sisal Material Indoor Kitten Scratching and Kicker Toys, Driv",potaroma,cat_toys,1.0,False,not_yet_available_in_india,58.37,Category 'cat_toys' already sold in India; brand 'potaroma' not seen in today's India gold data - potential white-space opportunity.
2026-07-09,amazon_us,B07WLTF386,"Flea and Tick Collar for Cats - Offers 12-Month Protection, Crafted with Premium Plant Oils, Waterproof, Natural, Safe for Ki",flea,collars_leashes,1.0,False,not_yet_available_in_india,58.32,Category 'collars_leashes' already sold in India; brand 'flea' not seen in today's India gold data - potential white-space opportunity.
2026-07-09,amazon_us,B00CVTRO48,"Burt’s Bees for Pets Tear Free Puppy Shampoo & Conditioner with Buttermilk, 2 in 1 Gentle Dog Shampoo for Puppies, Cleans and",burts,grooming,1.0,False,not_yet_available_in_india,58.3,Category 'grooming' already sold in India; brand 'burts' not seen in today's India gold data - potential white-space opportunity.
2026-07-09,amazon_us,B0CYJFHJX4,"ULTIMATE PET NUTRITION Nutra Complete, 100% Freeze Dried Raw Veterinarian Formulated Dog Food with Antioxidants Prebiotics an",ultimate,dog_food,1.0,False,not_yet_available_in_india,58.25,Category 'dog_food' already sold in India; brand 'ultimate' not seen in today's India gold data - potential white-space opportunity.
2026-07-09,amazon_us,B072J7R8R1,"Cesar Adult Wet Dog Food Steak Lovers Variety Pack with Real Meat, 3.5 oz. Easy Peel Trays, 36 Count (Pack of 1)",cesar,dog_food,1.0,False,not_yet_available_in_india,57.2,Category 'dog_food' already sold in India; brand 'cesar' not seen in today's India gold data - potential white-space opportunity.
2026-07-09,amazon_us,B0DR6ZB775,"Giecooh Cat Collars for Boy Cats, 2 Pack Breakaway Cotton Kitten Collar with Bells and Removable Charms, Cute Dinosaurs Shape",giecooh,collars_leashes,1.0,False,not_yet_available_in_india,57.08,Category 'collars_leashes' already sold in India; brand 'giecooh' not seen in today's India gold data - potential white-space opportunity.
2026-07-09,amazon_us,B07PJFQBGR,"Sofisti-Cat Training Tape, Cat Tape for Furniture, Scratch Deterrent Keep Cats from Scratching Furniture with Our Double -Sid",sofisti-cat,beds_accessories,1.0,False,not_yet_available_in_india,56.72,Category 'beds_accessories' already sold in India; brand 'sofisti-cat' not seen in today's India gold data - potential white-space opportunity.
2026-07-09,amazon_us,B0DG2W9JHV,"6PCS Grooming & Bath Supplies for Dogs, Cats | Dog Washing Gloves | Dog Bath Brush | Dog Shower Brush | Pet Grooming Gloves |",6pcs,grooming,1.0,False,not_yet_available_in_india,56.66,Category 'grooming' already sold in India; brand '6pcs' not seen in today's India gold data - potential white-space opportunity.
2026-07-09,amazon_us,B08S3564FL,"Asvin Small Dog Bed for Small Dogs, Cat Beds for Indoor Cats, Pet Bed for Puppy and Kitty, Extra Soft & Machine Washable with",asvin,beds_accessories,1.0,False,not_yet_available_in_india,56.32,Category 'beds_accessories' already sold in India; brand 'asvin' not seen in today's India gold data - potential white-space opportunity.
2026-07-09,amazon_us,B0DGXJWK9J,"SlowTon No Pull Dog Harness - Heavy Duty Dog Harness and Leash Set for Medium Large Dogs, Reflective Tactical Harness with So",slowton,collars_leashes,1.0,False,not_yet_available_in_india,56.15,Category 'collars_leashes' already sold in India; brand 'slowton' not seen in today's India gold data - potential white-space opportunity.
2026-07-09,amazon_us,B0BML72176,"ANWA 32"" Tall Cat Scratching Posts for Indoor Cats, 3-in-1 Vertical Cat Scratching Post with Plush Toys, Premium Sisal Post f",anwa,beds_accessories,1.0,False,not_yet_available_in_india,55.92,Category 'beds_accessories' already sold in India; brand 'anwa' not seen in today's India gold data - potential white-space opportunity.
2026-07-09,amazon_us,B0FJRNXYP4,"Dgerp Cat Chew Ropes 4Pcs, Cat Toys for Indoor Cats with Refillable Natural Catnip, Safe Teeth Cleaning Chew Toys, Interactiv",dgerp,cat_toys,1.0,False,not_yet_available_in_india,55.86,Category 'cat_toys' already sold in India; brand 'dgerp' not seen in today's India gold data - potential white-space opportunity.
2026-07-09,amazon_us,B0CRQXF25Q,"LEGEND SANDY Tough Dog Toys, Stuffed Chew Large Dog Toys to Keep Them Busy, Interactive Squeaky Tug of War Doggie Toy, Crinkl",legend,dog_toys,1.0,False,not_yet_available_in_india,55.84,Category 'dog_toys' already sold in India; brand 'legend' not seen in today's India gold data - potential white-space opportunity.
2026-07-09,amazon_us,B0CJ9YSS43,WOOF Pupsicle Refill Pops for Calming - Long-Lasting Refills for The Pupsicle Toy to Promote Calm - Calming Dog Treats - Magn,woof,health_wellness,1.0,False,not_yet_available_in_india,55.8,Category 'health_wellness' already sold in India; brand 'woof' not seen in today's India gold data - potential white-space opportunity.
2026-07-09,amazon_us,B09RGKNW38,"INSPECTOR TAIL Dog Cooling Mat, Indoor & Outdoor, Large Self Cooling Pad | No Freeze Needed, Breathable, Washable, Portable C",inspector,beds_accessories,1.0,False,not_yet_available_in_india,55.08,Category 'beds_accessories' already sold in India; brand 'inspector' not seen in today's India gold data - potential white-space opportunity.
2026-07-09,amazon_us,B09PF8NJVS,"Nutrish Real Beef & Pumpkin Recipe Whole Health Blend Premium Paté Wet Dog Food, 13 oz. Can, 12 Count, Packaging May Vary (Ra",nutrish,dog_food,1.0,False,not_yet_available_in_india,53.07,Category 'dog_food' already sold in India; brand 'nutrish' not seen in today's India gold data - potential white-space opportunity.
